solid OpenSCAD_Model
  facet normal 1 -0 0
    outer loop
      vertex 107.5 0 9
      vertex 107.5 165.5 0
      vertex 107.5 165.5 9
    endloop
  endfacet
  facet normal 1 0 0
    outer loop
      vertex 107.5 165.5 0
      vertex 107.5 0 9
      vertex 107.5 0 0
    endloop
  endfacet
  facet normal -0 0 1
    outer loop
      vertex 103.664 83.1221 9
      vertex 103.75 26 9
      vertex 103.75 84 9
    endloop
  endfacet
  facet normal 0 0 1
    outer loop
      vertex 103.664 83.1221 9
      vertex 103.664 26.8779 9
      vertex 103.75 26 9
    endloop
  endfacet
  facet normal -0 0 1
    outer loop
      vertex 103.407 82.2779 9
      vertex 103.664 26.8779 9
      vertex 103.664 83.1221 9
    endloop
  endfacet
  facet normal 0 0 1
    outer loop
      vertex 103.407 82.2779 9
      vertex 103.407 27.7221 9
      vertex 103.664 26.8779 9
    endloop
  endfacet
  facet normal -0 0 1
    outer loop
      vertex 102.992 81.4999 9
      vertex 103.407 27.7221 9
      vertex 103.407 82.2779 9
    endloop
  endfacet
  facet normal 0 0 1
    outer loop
      vertex 102.992 81.4999 9
      vertex 102.992 28.5001 9
      vertex 103.407 27.7221 9
    endloop
  endfacet
  facet normal -0 0 1
    outer loop
      vertex 102.5 80.9009 9
      vertex 102.992 28.5001 9
      vertex 102.992 81.4999 9
    endloop
  endfacet
  facet normal 0 0 1
    outer loop
      vertex 102.992 28.5001 9
      vertex 102.5 80.9009 9
      vertex 102.5 29.0991 9
    endloop
  endfacet
  facet normal 0 0 1
    outer loop
      vertex 107.5 165.5 9
      vertex 103.75 84 9
      vertex 107.5 0 9
    endloop
  endfacet
  facet normal 0 0 1
    outer loop
      vertex 107.5 165.5 9
      vertex 103.664 84.8779 9
      vertex 103.75 84 9
    endloop
  endfacet
  facet normal 0 0 1
    outer loop
      vertex 107.5 165.5 9
      vertex 103.407 85.7221 9
      vertex 103.664 84.8779 9
    endloop
  endfacet
  facet normal 0 0 1
    outer loop
      vertex 107.5 165.5 9
      vertex 102.992 86.5001 9
      vertex 103.407 85.7221 9
    endloop
  endfacet
  facet normal 0 0 1
    outer loop
      vertex 102.5 87.0991 9
      vertex 107.5 165.5 9
      vertex 102.5 160.5 9
    endloop
  endfacet
  facet normal 0 0 1
    outer loop
      vertex 107.5 165.5 9
      vertex 5 160.5 9
      vertex 102.5 160.5 9
    endloop
  endfacet
  facet normal 0 0 1
    outer loop
      vertex 5 160.5 9
      vertex 0 165.5 9
      vertex 5 5 9
    endloop
  endfacet
  facet normal -0 0 1
    outer loop
      vertex 0 165.5 9
      vertex 5 160.5 9
      vertex 107.5 165.5 9
    endloop
  endfacet
  facet normal -0 0 1
    outer loop
      vertex 103.75 26 9
      vertex 107.5 0 9
      vertex 103.75 84 9
    endloop
  endfacet
  facet normal -0 0 1
    outer loop
      vertex 103.664 25.1221 9
      vertex 107.5 0 9
      vertex 103.75 26 9
    endloop
  endfacet
  facet normal -0 0 1
    outer loop
      vertex 103.407 24.2779 9
      vertex 107.5 0 9
      vertex 103.664 25.1221 9
    endloop
  endfacet
  facet normal -0 0 1
    outer loop
      vertex 102.992 23.4999 9
      vertex 107.5 0 9
      vertex 103.407 24.2779 9
    endloop
  endfacet
  facet normal 0 0 1
    outer loop
      vertex 102.5 5 9
      vertex 102.992 23.4999 9
      vertex 102.5 22.9009 9
    endloop
  endfacet
  facet normal 0 0 1
    outer loop
      vertex 102.992 23.4999 9
      vertex 102.5 5 9
      vertex 107.5 0 9
    endloop
  endfacet
  facet normal -0 0 1
    outer loop
      vertex 5 5 9
      vertex 107.5 0 9
      vertex 102.5 5 9
    endloop
  endfacet
  facet normal 0 0 1
    outer loop
      vertex 5 5 9
      vertex 0 0 9
      vertex 107.5 0 9
    endloop
  endfacet
  facet normal 0 0 1
    outer loop
      vertex 0 0 9
      vertex 5 5 9
      vertex 0 165.5 9
    endloop
  endfacet
  facet normal 0 0 1
    outer loop
      vertex 107.5 165.5 9
      vertex 102.5 87.0991 9
      vertex 102.992 86.5001 9
    endloop
  endfacet
  facet normal 0 0 -1
    outer loop
      vertex 90 148 0
      vertex 107.5 0 0
      vertex 90 17 0
    endloop
  endfacet
  facet normal 0 0 -1
    outer loop
      vertex 0 0 0
      vertex 90 17 0
      vertex 107.5 0 0
    endloop
  endfacet
  facet normal -0 0 -1
    outer loop
      vertex 17 17 0
      vertex 0 0 0
      vertex 17 148 0
    endloop
  endfacet
  facet normal -0 0 -1
    outer loop
      vertex 90 17 0
      vertex 0 0 0
      vertex 17 17 0
    endloop
  endfacet
  facet normal 0 0 -1
    outer loop
      vertex 107.5 0 0
      vertex 90 148 0
      vertex 107.5 165.5 0
    endloop
  endfacet
  facet normal 0 0 -1
    outer loop
      vertex 90 148 0
      vertex 67.75 165.5 0
      vertex 107.5 165.5 0
    endloop
  endfacet
  facet normal 0 0 -1
    outer loop
      vertex 63.9233 171.082 0
      vertex 67.75 165.5 0
      vertex 64 170.5 0
    endloop
  endfacet
  facet normal 0 0 -1
    outer loop
      vertex 67.75 165.5 0
      vertex 63.9233 169.918 0
      vertex 64 170.5 0
    endloop
  endfacet
  facet normal 0 0 -1
    outer loop
      vertex 67.75 165.5 0
      vertex 63.6986 169.375 0
      vertex 63.9233 169.918 0
    endloop
  endfacet
  facet normal 0 0 -1
    outer loop
      vertex 67.75 165.5 0
      vertex 63.341 168.909 0
      vertex 63.6986 169.375 0
    endloop
  endfacet
  facet normal 0 0 -1
    outer loop
      vertex 39.75 165.5 0
      vertex 67.75 165.5 0
      vertex 90 148 0
    endloop
  endfacet
  facet normal 0 0 -1
    outer loop
      vertex 67.75 165.5 0
      vertex 62.875 168.551 0
      vertex 63.341 168.909 0
    endloop
  endfacet
  facet normal 0 0 -1
    outer loop
      vertex 67.75 165.5 0
      vertex 62.3323 168.327 0
      vertex 62.875 168.551 0
    endloop
  endfacet
  facet normal 0 0 -1
    outer loop
      vertex 67.75 165.5 0
      vertex 61.75 168.25 0
      vertex 62.3323 168.327 0
    endloop
  endfacet
  facet normal 0 0 -1
    outer loop
      vertex 67.75 165.5 0
      vertex 61.1677 168.327 0
      vertex 61.75 168.25 0
    endloop
  endfacet
  facet normal 0 0 -1
    outer loop
      vertex 67.75 165.5 0
      vertex 39.75 165.5 0
      vertex 61.1677 168.327 0
    endloop
  endfacet
  facet normal 0 0 -1
    outer loop
      vertex 59.5767 169.918 0
      vertex 48 170.5 0
      vertex 59.5 170.5 0
    endloop
  endfacet
  facet normal 0 0 -1
    outer loop
      vertex 47.9233 169.918 0
      vertex 59.5767 169.918 0
      vertex 59.8014 169.375 0
    endloop
  endfacet
  facet normal 0 0 -1
    outer loop
      vertex 47.6986 169.375 0
      vertex 59.8014 169.375 0
      vertex 60.159 168.909 0
    endloop
  endfacet
  facet normal 0 0 -1
    outer loop
      vertex 47.341 168.909 0
      vertex 60.159 168.909 0
      vertex 60.625 168.551 0
    endloop
  endfacet
  facet normal 0 -0 -1
    outer loop
      vertex 46.3323 168.327 0
      vertex 61.1677 168.327 0
      vertex 39.75 165.5 0
    endloop
  endfacet
  facet normal 0 0 -1
    outer loop
      vertex 59.5767 169.918 0
      vertex 47.9233 169.918 0
      vertex 48 170.5 0
    endloop
  endfacet
  facet normal 0 0 -1
    outer loop
      vertex 59.8014 169.375 0
      vertex 47.6986 169.375 0
      vertex 47.9233 169.918 0
    endloop
  endfacet
  facet normal 0 0 -1
    outer loop
      vertex 60.159 168.909 0
      vertex 47.341 168.909 0
      vertex 47.6986 169.375 0
    endloop
  endfacet
  facet normal 0 0 -1
    outer loop
      vertex 60.625 168.551 0
      vertex 46.875 168.551 0
      vertex 47.341 168.909 0
    endloop
  endfacet
  facet normal -0 0 -1
    outer loop
      vertex 60.625 168.551 0
      vertex 46.3323 168.327 0
      vertex 46.875 168.551 0
    endloop
  endfacet
  facet normal 0 0 -1
    outer loop
      vertex 61.1677 168.327 0
      vertex 46.3323 168.327 0
      vertex 60.625 168.551 0
    endloop
  endfacet
  facet normal 0 0 -1
    outer loop
      vertex 46.3323 168.327 0
      vertex 39.75 165.5 0
      vertex 45.75 168.25 0
    endloop
  endfacet
  facet normal -0 0 -1
    outer loop
      vertex 45.75 168.25 0
      vertex 39.75 165.5 0
      vertex 45.1677 168.327 0
    endloop
  endfacet
  facet normal -0 0 -1
    outer loop
      vertex 43.5767 169.918 0
      vertex 39.75 165.5 0
      vertex 43.5 170.5 0
    endloop
  endfacet
  facet normal -0 0 -1
    outer loop
      vertex 43.8014 169.375 0
      vertex 39.75 165.5 0
      vertex 43.5767 169.918 0
    endloop
  endfacet
  facet normal -0 0 -1
    outer loop
      vertex 44.159 168.909 0
      vertex 39.75 165.5 0
      vertex 43.8014 169.375 0
    endloop
  endfacet
  facet normal -0 0 -1
    outer loop
      vertex 44.625 168.551 0
      vertex 39.75 165.5 0
      vertex 44.159 168.909 0
    endloop
  endfacet
  facet normal -0 0 -1
    outer loop
      vertex 45.1677 168.327 0
      vertex 39.75 165.5 0
      vertex 44.625 168.551 0
    endloop
  endfacet
  facet normal 0 0 -1
    outer loop
      vertex 17 148 0
      vertex 39.75 165.5 0
      vertex 90 148 0
    endloop
  endfacet
  facet normal 0 0 -1
    outer loop
      vertex 17 148 0
      vertex 0 165.5 0
      vertex 39.75 165.5 0
    endloop
  endfacet
  facet normal 0 0 -1
    outer loop
      vertex 0 165.5 0
      vertex 17 148 0
      vertex 0 0 0
    endloop
  endfacet
  facet normal 0 0 -1
    outer loop
      vertex 67.75 165.5 0
      vertex 63.9233 171.082 0
      vertex 67.75 180.5 0
    endloop
  endfacet
  facet normal 0 0 -1
    outer loop
      vertex 63.6986 171.625 0
      vertex 67.75 180.5 0
      vertex 63.9233 171.082 0
    endloop
  endfacet
  facet normal 0 0 -1
    outer loop
      vertex 63.341 172.091 0
      vertex 67.75 180.5 0
      vertex 63.6986 171.625 0
    endloop
  endfacet
  facet normal 0 0 -1
    outer loop
      vertex 62.875 172.449 0
      vertex 67.75 180.5 0
      vertex 63.341 172.091 0
    endloop
  endfacet
  facet normal 0 0 -1
    outer loop
      vertex 62.3323 172.673 0
      vertex 67.75 180.5 0
      vertex 62.875 172.449 0
    endloop
  endfacet
  facet normal 0 0 -1
    outer loop
      vertex 61.75 172.75 0
      vertex 67.75 180.5 0
      vertex 62.3323 172.673 0
    endloop
  endfacet
  facet normal 0 0 -1
    outer loop
      vertex 61.1677 172.673 0
      vertex 67.75 180.5 0
      vertex 61.75 172.75 0
    endloop
  endfacet
  facet normal 0 0 -1
    outer loop
      vertex 60.625 172.449 0
      vertex 67.75 180.5 0
      vertex 61.1677 172.673 0
    endloop
  endfacet
  facet normal 0 0 -1
    outer loop
      vertex 46.875 172.449 0
      vertex 60.625 172.449 0
      vertex 60.159 172.091 0
    endloop
  endfacet
  facet normal 0 0 -1
    outer loop
      vertex 48 170.5 0
      vertex 59.5767 171.082 0
      vertex 59.5 170.5 0
    endloop
  endfacet
  facet normal 0 0 -1
    outer loop
      vertex 47.9233 171.082 0
      vertex 59.5767 171.082 0
      vertex 48 170.5 0
    endloop
  endfacet
  facet normal 0 0 -1
    outer loop
      vertex 59.5767 171.082 0
      vertex 47.9233 171.082 0
      vertex 59.8014 171.625 0
    endloop
  endfacet
  facet normal 0 0 -1
    outer loop
      vertex 47.6986 171.625 0
      vertex 59.8014 171.625 0
      vertex 47.9233 171.082 0
    endloop
  endfacet
  facet normal 0 0 -1
    outer loop
      vertex 59.8014 171.625 0
      vertex 47.6986 171.625 0
      vertex 60.159 172.091 0
    endloop
  endfacet
  facet normal 0 0 -1
    outer loop
      vertex 47.341 172.091 0
      vertex 60.159 172.091 0
      vertex 47.6986 171.625 0
    endloop
  endfacet
  facet normal 0 0 -1
    outer loop
      vertex 46.875 172.449 0
      vertex 60.159 172.091 0
      vertex 47.341 172.091 0
    endloop
  endfacet
  facet normal 0 0 -1
    outer loop
      vertex 60.625 172.449 0
      vertex 46.875 172.449 0
      vertex 67.75 180.5 0
    endloop
  endfacet
  facet normal 0 0 -1
    outer loop
      vertex 39.75 180.5 0
      vertex 46.875 172.449 0
      vertex 46.3323 172.673 0
    endloop
  endfacet
  facet normal 0 0 -1
    outer loop
      vertex 39.75 180.5 0
      vertex 46.3323 172.673 0
      vertex 45.75 172.75 0
    endloop
  endfacet
  facet normal 0 0 -1
    outer loop
      vertex 39.75 180.5 0
      vertex 45.75 172.75 0
      vertex 45.1677 172.673 0
    endloop
  endfacet
  facet normal 0 0 -1
    outer loop
      vertex 39.75 165.5 0
      vertex 43.5767 171.082 0
      vertex 43.5 170.5 0
    endloop
  endfacet
  facet normal 0 0 -1
    outer loop
      vertex 39.75 180.5 0
      vertex 43.5767 171.082 0
      vertex 39.75 165.5 0
    endloop
  endfacet
  facet normal 0 0 -1
    outer loop
      vertex 46.875 172.449 0
      vertex 39.75 180.5 0
      vertex 67.75 180.5 0
    endloop
  endfacet
  facet normal 0 0 -1
    outer loop
      vertex 44.625 172.449 0
      vertex 39.75 180.5 0
      vertex 45.1677 172.673 0
    endloop
  endfacet
  facet normal 0 0 -1
    outer loop
      vertex 44.159 172.091 0
      vertex 39.75 180.5 0
      vertex 44.625 172.449 0
    endloop
  endfacet
  facet normal 0 0 -1
    outer loop
      vertex 43.8014 171.625 0
      vertex 39.75 180.5 0
      vertex 44.159 172.091 0
    endloop
  endfacet
  facet normal 0 0 -1
    outer loop
      vertex 43.5767 171.082 0
      vertex 39.75 180.5 0
      vertex 43.8014 171.625 0
    endloop
  endfacet
  facet normal -1 0 0
    outer loop
      vertex 0 0 0
      vertex 0 165.5 9
      vertex 0 165.5 0
    endloop
  endfacet
  facet normal -1 -0 0
    outer loop
      vertex 0 165.5 9
      vertex 0 0 0
      vertex 0 0 9
    endloop
  endfacet
  facet normal 0 1 0
    outer loop
      vertex 107.5 165.5 9
      vertex 67.75 165.5 5
      vertex 0 165.5 9
    endloop
  endfacet
  facet normal 0 1 -0
    outer loop
      vertex 107.5 165.5 0
      vertex 67.75 165.5 5
      vertex 107.5 165.5 9
    endloop
  endfacet
  facet normal 0 1 0
    outer loop
      vertex 67.75 165.5 5
      vertex 107.5 165.5 0
      vertex 67.75 165.5 0
    endloop
  endfacet
  facet normal 0 1 -0
    outer loop
      vertex 39.75 165.5 5
      vertex 0 165.5 9
      vertex 67.75 165.5 5
    endloop
  endfacet
  facet normal 0 1 0
    outer loop
      vertex 0 165.5 0
      vertex 39.75 165.5 5
      vertex 39.75 165.5 0
    endloop
  endfacet
  facet normal 0 1 0
    outer loop
      vertex 39.75 165.5 5
      vertex 0 165.5 0
      vertex 0 165.5 9
    endloop
  endfacet
  facet normal 0 -1 0
    outer loop
      vertex 0 0 0
      vertex 107.5 0 9
      vertex 0 0 9
    endloop
  endfacet
  facet normal 0 -1 -0
    outer loop
      vertex 107.5 0 9
      vertex 0 0 0
      vertex 107.5 0 0
    endloop
  endfacet
  facet normal 1 -0 0
    outer loop
      vertex 67.75 165.5 5
      vertex 67.75 180.5 0
      vertex 67.75 180.5 5
    endloop
  endfacet
  facet normal 1 0 0
    outer loop
      vertex 67.75 180.5 0
      vertex 67.75 165.5 5
      vertex 67.75 165.5 0
    endloop
  endfacet
  facet normal -0 0 1
    outer loop
      vertex 63.9233 171.082 5
      vertex 67.75 165.5 5
      vertex 67.75 180.5 5
    endloop
  endfacet
  facet normal 0 0 1
    outer loop
      vertex 67.75 165.5 5
      vertex 63.9233 171.082 5
      vertex 64 170.5 5
    endloop
  endfacet
  facet normal 0 0 1
    outer loop
      vertex 67.75 180.5 5
      vertex 63.6986 171.625 5
      vertex 63.9233 171.082 5
    endloop
  endfacet
  facet normal 0 0 1
    outer loop
      vertex 67.75 180.5 5
      vertex 63.341 172.091 5
      vertex 63.6986 171.625 5
    endloop
  endfacet
  facet normal 0 0 1
    outer loop
      vertex 67.75 180.5 5
      vertex 62.875 172.449 5
      vertex 63.341 172.091 5
    endloop
  endfacet
  facet normal 0 0 1
    outer loop
      vertex 67.75 180.5 5
      vertex 62.3323 172.673 5
      vertex 62.875 172.449 5
    endloop
  endfacet
  facet normal 0 0 1
    outer loop
      vertex 67.75 180.5 5
      vertex 61.75 172.75 5
      vertex 62.3323 172.673 5
    endloop
  endfacet
  facet normal 0 0 1
    outer loop
      vertex 67.75 180.5 5
      vertex 61.1677 172.673 5
      vertex 61.75 172.75 5
    endloop
  endfacet
  facet normal 0 0 1
    outer loop
      vertex 67.75 180.5 5
      vertex 60.625 172.449 5
      vertex 61.1677 172.673 5
    endloop
  endfacet
  facet normal 0 0 1
    outer loop
      vertex 46.875 172.449 5
      vertex 60.625 172.449 5
      vertex 67.75 180.5 5
    endloop
  endfacet
  facet normal 0 0 1
    outer loop
      vertex 59.5767 171.082 5
      vertex 48 170.5 5
      vertex 59.5 170.5 5
    endloop
  endfacet
  facet normal 0 0 1
    outer loop
      vertex 47.9233 171.082 5
      vertex 59.5767 171.082 5
      vertex 59.8014 171.625 5
    endloop
  endfacet
  facet normal 0 0 1
    outer loop
      vertex 47.6986 171.625 5
      vertex 59.8014 171.625 5
      vertex 60.159 172.091 5
    endloop
  endfacet
  facet normal 0 0 1
    outer loop
      vertex 60.625 172.449 5
      vertex 46.875 172.449 5
      vertex 60.159 172.091 5
    endloop
  endfacet
  facet normal 0 0 1
    outer loop
      vertex 59.5767 171.082 5
      vertex 47.9233 171.082 5
      vertex 48 170.5 5
    endloop
  endfacet
  facet normal 0 0 1
    outer loop
      vertex 59.8014 171.625 5
      vertex 47.6986 171.625 5
      vertex 47.9233 171.082 5
    endloop
  endfacet
  facet normal 0 0 1
    outer loop
      vertex 60.159 172.091 5
      vertex 47.341 172.091 5
      vertex 47.6986 171.625 5
    endloop
  endfacet
  facet normal 0 0 1
    outer loop
      vertex 60.159 172.091 5
      vertex 46.875 172.449 5
      vertex 47.341 172.091 5
    endloop
  endfacet
  facet normal -0 0 1
    outer loop
      vertex 39.75 180.5 5
      vertex 46.875 172.449 5
      vertex 67.75 180.5 5
    endloop
  endfacet
  facet normal 0 0 1
    outer loop
      vertex 46.875 172.449 5
      vertex 39.75 180.5 5
      vertex 46.3323 172.673 5
    endloop
  endfacet
  facet normal 0 0 1
    outer loop
      vertex 46.3323 172.673 5
      vertex 39.75 180.5 5
      vertex 45.75 172.75 5
    endloop
  endfacet
  facet normal 0 0 1
    outer loop
      vertex 39.75 165.5 5
      vertex 43.5767 171.082 5
      vertex 39.75 180.5 5
    endloop
  endfacet
  facet normal 0 0 1
    outer loop
      vertex 43.8014 171.625 5
      vertex 39.75 180.5 5
      vertex 43.5767 171.082 5
    endloop
  endfacet
  facet normal 0 0 1
    outer loop
      vertex 44.159 172.091 5
      vertex 39.75 180.5 5
      vertex 43.8014 171.625 5
    endloop
  endfacet
  facet normal 0 0 1
    outer loop
      vertex 44.625 172.449 5
      vertex 39.75 180.5 5
      vertex 44.159 172.091 5
    endloop
  endfacet
  facet normal 0 0 1
    outer loop
      vertex 45.1677 172.673 5
      vertex 39.75 180.5 5
      vertex 44.625 172.449 5
    endloop
  endfacet
  facet normal 0 0 1
    outer loop
      vertex 45.75 172.75 5
      vertex 39.75 180.5 5
      vertex 45.1677 172.673 5
    endloop
  endfacet
  facet normal -0 0 1
    outer loop
      vertex 63.9233 169.918 5
      vertex 67.75 165.5 5
      vertex 64 170.5 5
    endloop
  endfacet
  facet normal -0 0 1
    outer loop
      vertex 63.6986 169.375 5
      vertex 67.75 165.5 5
      vertex 63.9233 169.918 5
    endloop
  endfacet
  facet normal -0 0 1
    outer loop
      vertex 63.341 168.909 5
      vertex 67.75 165.5 5
      vertex 63.6986 169.375 5
    endloop
  endfacet
  facet normal -0 0 1
    outer loop
      vertex 62.875 168.551 5
      vertex 67.75 165.5 5
      vertex 63.341 168.909 5
    endloop
  endfacet
  facet normal -0 0 1
    outer loop
      vertex 62.3323 168.327 5
      vertex 67.75 165.5 5
      vertex 62.875 168.551 5
    endloop
  endfacet
  facet normal -0 0 1
    outer loop
      vertex 61.75 168.25 5
      vertex 67.75 165.5 5
      vertex 62.3323 168.327 5
    endloop
  endfacet
  facet normal 0 0 1
    outer loop
      vertex 61.1677 168.327 5
      vertex 67.75 165.5 5
      vertex 61.75 168.25 5
    endloop
  endfacet
  facet normal 0 0 1
    outer loop
      vertex 46.3323 168.327 5
      vertex 61.1677 168.327 5
      vertex 60.625 168.551 5
    endloop
  endfacet
  facet normal -0 0 1
    outer loop
      vertex 48 170.5 5
      vertex 59.5767 169.918 5
      vertex 59.5 170.5 5
    endloop
  endfacet
  facet normal 0 0 1
    outer loop
      vertex 47.9233 169.918 5
      vertex 59.5767 169.918 5
      vertex 48 170.5 5
    endloop
  endfacet
  facet normal 0 0 1
    outer loop
      vertex 59.5767 169.918 5
      vertex 47.9233 169.918 5
      vertex 59.8014 169.375 5
    endloop
  endfacet
  facet normal 0 0 1
    outer loop
      vertex 47.6986 169.375 5
      vertex 59.8014 169.375 5
      vertex 47.9233 169.918 5
    endloop
  endfacet
  facet normal 0 0 1
    outer loop
      vertex 59.8014 169.375 5
      vertex 47.6986 169.375 5
      vertex 60.159 168.909 5
    endloop
  endfacet
  facet normal 0 0 1
    outer loop
      vertex 47.341 168.909 5
      vertex 60.159 168.909 5
      vertex 47.6986 169.375 5
    endloop
  endfacet
  facet normal 0 0 1
    outer loop
      vertex 60.159 168.909 5
      vertex 47.341 168.909 5
      vertex 60.625 168.551 5
    endloop
  endfacet
  facet normal 0 0 1
    outer loop
      vertex 46.875 168.551 5
      vertex 60.625 168.551 5
      vertex 47.341 168.909 5
    endloop
  endfacet
  facet normal 0 0 1
    outer loop
      vertex 46.3323 168.327 5
      vertex 60.625 168.551 5
      vertex 46.875 168.551 5
    endloop
  endfacet
  facet normal 0 0 1
    outer loop
      vertex 61.1677 168.327 5
      vertex 46.3323 168.327 5
      vertex 67.75 165.5 5
    endloop
  endfacet
  facet normal 0 0 1
    outer loop
      vertex 39.75 165.5 5
      vertex 46.3323 168.327 5
      vertex 45.75 168.25 5
    endloop
  endfacet
  facet normal 0 0 1
    outer loop
      vertex 43.5767 171.082 5
      vertex 39.75 165.5 5
      vertex 43.5 170.5 5
    endloop
  endfacet
  facet normal 0 0 1
    outer loop
      vertex 46.3323 168.327 5
      vertex 39.75 165.5 5
      vertex 67.75 165.5 5
    endloop
  endfacet
  facet normal 0 0 1
    outer loop
      vertex 45.1677 168.327 5
      vertex 39.75 165.5 5
      vertex 45.75 168.25 5
    endloop
  endfacet
  facet normal 0 0 1
    outer loop
      vertex 44.625 168.551 5
      vertex 39.75 165.5 5
      vertex 45.1677 168.327 5
    endloop
  endfacet
  facet normal 0 0 1
    outer loop
      vertex 44.159 168.909 5
      vertex 39.75 165.5 5
      vertex 44.625 168.551 5
    endloop
  endfacet
  facet normal 0 0 1
    outer loop
      vertex 43.8014 169.375 5
      vertex 39.75 165.5 5
      vertex 44.159 168.909 5
    endloop
  endfacet
  facet normal 0 0 1
    outer loop
      vertex 43.5767 169.918 5
      vertex 39.75 165.5 5
      vertex 43.8014 169.375 5
    endloop
  endfacet
  facet normal 0 0 1
    outer loop
      vertex 43.5 170.5 5
      vertex 39.75 165.5 5
      vertex 43.5767 169.918 5
    endloop
  endfacet
  facet normal -1 0 0
    outer loop
      vertex 39.75 165.5 0
      vertex 39.75 180.5 5
      vertex 39.75 180.5 0
    endloop
  endfacet
  facet normal -1 -0 0
    outer loop
      vertex 39.75 180.5 5
      vertex 39.75 165.5 0
      vertex 39.75 165.5 5
    endloop
  endfacet
  facet normal 0 1 -0
    outer loop
      vertex 67.75 180.5 0
      vertex 39.75 180.5 5
      vertex 67.75 180.5 5
    endloop
  endfacet
  facet normal 0 1 0
    outer loop
      vertex 39.75 180.5 5
      vertex 67.75 180.5 0
      vertex 39.75 180.5 0
    endloop
  endfacet
  facet normal -0.131093 0.99137 0
    outer loop
      vertex 46.3323 168.327 0
      vertex 45.75 168.25 5
      vertex 46.3323 168.327 5
    endloop
  endfacet
  facet normal -0.131093 0.99137 0
    outer loop
      vertex 45.75 168.25 5
      vertex 46.3323 168.327 0
      vertex 45.75 168.25 0
    endloop
  endfacet
  facet normal -0.924011 -0.382367 0
    outer loop
      vertex 47.9233 171.082 0
      vertex 47.6986 171.625 5
      vertex 47.6986 171.625 0
    endloop
  endfacet
  facet normal -0.924011 -0.382367 0
    outer loop
      vertex 47.6986 171.625 5
      vertex 47.9233 171.082 0
      vertex 47.9233 171.082 5
    endloop
  endfacet
  facet normal -0.991428 -0.130657 0
    outer loop
      vertex 48 170.5 0
      vertex 47.9233 171.082 5
      vertex 47.9233 171.082 0
    endloop
  endfacet
  facet normal -0.991428 -0.130657 0
    outer loop
      vertex 47.9233 171.082 5
      vertex 48 170.5 0
      vertex 48 170.5 5
    endloop
  endfacet
  facet normal -0.924011 0.382367 0
    outer loop
      vertex 47.6986 169.375 0
      vertex 47.9233 169.918 5
      vertex 47.9233 169.918 0
    endloop
  endfacet
  facet normal -0.924011 0.382367 0
    outer loop
      vertex 47.9233 169.918 5
      vertex 47.6986 169.375 0
      vertex 47.6986 169.375 5
    endloop
  endfacet
  facet normal 0.991428 0.130657 0
    outer loop
      vertex 43.5767 169.918 5
      vertex 43.5 170.5 0
      vertex 43.5 170.5 5
    endloop
  endfacet
  facet normal 0.991428 0.130657 0
    outer loop
      vertex 43.5 170.5 0
      vertex 43.5767 169.918 5
      vertex 43.5767 169.918 0
    endloop
  endfacet
  facet normal -0.381529 0.924357 0
    outer loop
      vertex 46.875 168.551 0
      vertex 46.3323 168.327 5
      vertex 46.875 168.551 5
    endloop
  endfacet
  facet normal -0.381529 0.924357 0
    outer loop
      vertex 46.3323 168.327 5
      vertex 46.875 168.551 0
      vertex 46.3323 168.327 0
    endloop
  endfacet
  facet normal 0.793332 -0.608789 0
    outer loop
      vertex 43.8014 171.625 5
      vertex 44.159 172.091 0
      vertex 44.159 172.091 5
    endloop
  endfacet
  facet normal 0.793332 -0.608789 0
    outer loop
      vertex 44.159 172.091 0
      vertex 43.8014 171.625 5
      vertex 43.8014 171.625 0
    endloop
  endfacet
  facet normal -0.609217 0.793003 0
    outer loop
      vertex 47.341 168.909 0
      vertex 46.875 168.551 5
      vertex 47.341 168.909 5
    endloop
  endfacet
  facet normal -0.609217 0.793003 0
    outer loop
      vertex 46.875 168.551 5
      vertex 47.341 168.909 0
      vertex 46.875 168.551 0
    endloop
  endfacet
  facet normal 0.924011 0.382367 0
    outer loop
      vertex 43.8014 169.375 5
      vertex 43.5767 169.918 0
      vertex 43.5767 169.918 5
    endloop
  endfacet
  facet normal 0.924011 0.382367 0
    outer loop
      vertex 43.5767 169.918 0
      vertex 43.8014 169.375 5
      vertex 43.8014 169.375 0
    endloop
  endfacet
  facet normal 0.131093 0.99137 -0
    outer loop
      vertex 45.75 168.25 0
      vertex 45.1677 168.327 5
      vertex 45.75 168.25 5
    endloop
  endfacet
  facet normal 0.131093 0.99137 0
    outer loop
      vertex 45.1677 168.327 5
      vertex 45.75 168.25 0
      vertex 45.1677 168.327 0
    endloop
  endfacet
  facet normal -0.609217 -0.793003 0
    outer loop
      vertex 46.875 172.449 0
      vertex 47.341 172.091 5
      vertex 46.875 172.449 5
    endloop
  endfacet
  facet normal -0.609217 -0.793003 -0
    outer loop
      vertex 47.341 172.091 5
      vertex 46.875 172.449 0
      vertex 47.341 172.091 0
    endloop
  endfacet
  facet normal 0.131093 -0.99137 0
    outer loop
      vertex 45.1677 172.673 0
      vertex 45.75 172.75 5
      vertex 45.1677 172.673 5
    endloop
  endfacet
  facet normal 0.131093 -0.99137 0
    outer loop
      vertex 45.75 172.75 5
      vertex 45.1677 172.673 0
      vertex 45.75 172.75 0
    endloop
  endfacet
  facet normal -0.381529 -0.924357 0
    outer loop
      vertex 46.3323 172.673 0
      vertex 46.875 172.449 5
      vertex 46.3323 172.673 5
    endloop
  endfacet
  facet normal -0.381529 -0.924357 -0
    outer loop
      vertex 46.875 172.449 5
      vertex 46.3323 172.673 0
      vertex 46.875 172.449 0
    endloop
  endfacet
  facet normal 0.609217 -0.793003 0
    outer loop
      vertex 44.159 172.091 0
      vertex 44.625 172.449 5
      vertex 44.159 172.091 5
    endloop
  endfacet
  facet normal 0.609217 -0.793003 0
    outer loop
      vertex 44.625 172.449 5
      vertex 44.159 172.091 0
      vertex 44.625 172.449 0
    endloop
  endfacet
  facet normal -0.991428 0.130657 0
    outer loop
      vertex 47.9233 169.918 0
      vertex 48 170.5 5
      vertex 48 170.5 0
    endloop
  endfacet
  facet normal -0.991428 0.130657 0
    outer loop
      vertex 48 170.5 5
      vertex 47.9233 169.918 0
      vertex 47.9233 169.918 5
    endloop
  endfacet
  facet normal 0.991428 -0.130657 0
    outer loop
      vertex 43.5 170.5 5
      vertex 43.5767 171.082 0
      vertex 43.5767 171.082 5
    endloop
  endfacet
  facet normal 0.991428 -0.130657 0
    outer loop
      vertex 43.5767 171.082 0
      vertex 43.5 170.5 5
      vertex 43.5 170.5 0
    endloop
  endfacet
  facet normal 0.381529 -0.924357 0
    outer loop
      vertex 44.625 172.449 0
      vertex 45.1677 172.673 5
      vertex 44.625 172.449 5
    endloop
  endfacet
  facet normal 0.381529 -0.924357 0
    outer loop
      vertex 45.1677 172.673 5
      vertex 44.625 172.449 0
      vertex 45.1677 172.673 0
    endloop
  endfacet
  facet normal 0.793332 0.608789 0
    outer loop
      vertex 44.159 168.909 5
      vertex 43.8014 169.375 0
      vertex 43.8014 169.375 5
    endloop
  endfacet
  facet normal 0.793332 0.608789 0
    outer loop
      vertex 43.8014 169.375 0
      vertex 44.159 168.909 5
      vertex 44.159 168.909 0
    endloop
  endfacet
  facet normal 0.609217 0.793003 -0
    outer loop
      vertex 44.625 168.551 0
      vertex 44.159 168.909 5
      vertex 44.625 168.551 5
    endloop
  endfacet
  facet normal 0.609217 0.793003 0
    outer loop
      vertex 44.159 168.909 5
      vertex 44.625 168.551 0
      vertex 44.159 168.909 0
    endloop
  endfacet
  facet normal -0.793332 0.608789 0
    outer loop
      vertex 47.341 168.909 0
      vertex 47.6986 169.375 5
      vertex 47.6986 169.375 0
    endloop
  endfacet
  facet normal -0.793332 0.608789 0
    outer loop
      vertex 47.6986 169.375 5
      vertex 47.341 168.909 0
      vertex 47.341 168.909 5
    endloop
  endfacet
  facet normal -0.131093 -0.99137 0
    outer loop
      vertex 45.75 172.75 0
      vertex 46.3323 172.673 5
      vertex 45.75 172.75 5
    endloop
  endfacet
  facet normal -0.131093 -0.99137 -0
    outer loop
      vertex 46.3323 172.673 5
      vertex 45.75 172.75 0
      vertex 46.3323 172.673 0
    endloop
  endfacet
  facet normal -0.793332 -0.608789 0
    outer loop
      vertex 47.6986 171.625 0
      vertex 47.341 172.091 5
      vertex 47.341 172.091 0
    endloop
  endfacet
  facet normal -0.793332 -0.608789 0
    outer loop
      vertex 47.341 172.091 5
      vertex 47.6986 171.625 0
      vertex 47.6986 171.625 5
    endloop
  endfacet
  facet normal 0.381529 0.924357 -0
    outer loop
      vertex 45.1677 168.327 0
      vertex 44.625 168.551 5
      vertex 45.1677 168.327 5
    endloop
  endfacet
  facet normal 0.381529 0.924357 0
    outer loop
      vertex 44.625 168.551 5
      vertex 45.1677 168.327 0
      vertex 44.625 168.551 0
    endloop
  endfacet
  facet normal 0.924011 -0.382367 0
    outer loop
      vertex 43.5767 171.082 5
      vertex 43.8014 171.625 0
      vertex 43.8014 171.625 5
    endloop
  endfacet
  facet normal 0.924011 -0.382367 0
    outer loop
      vertex 43.8014 171.625 0
      vertex 43.5767 171.082 5
      vertex 43.5767 171.082 0
    endloop
  endfacet
  facet normal -0.131093 0.99137 0
    outer loop
      vertex 62.3323 168.327 0
      vertex 61.75 168.25 5
      vertex 62.3323 168.327 5
    endloop
  endfacet
  facet normal -0.131093 0.99137 0
    outer loop
      vertex 61.75 168.25 5
      vertex 62.3323 168.327 0
      vertex 61.75 168.25 0
    endloop
  endfacet
  facet normal -0.924011 -0.382367 0
    outer loop
      vertex 63.9233 171.082 0
      vertex 63.6986 171.625 5
      vertex 63.6986 171.625 0
    endloop
  endfacet
  facet normal -0.924011 -0.382367 0
    outer loop
      vertex 63.6986 171.625 5
      vertex 63.9233 171.082 0
      vertex 63.9233 171.082 5
    endloop
  endfacet
  facet normal -0.991428 -0.130657 0
    outer loop
      vertex 64 170.5 0
      vertex 63.9233 171.082 5
      vertex 63.9233 171.082 0
    endloop
  endfacet
  facet normal -0.991428 -0.130657 0
    outer loop
      vertex 63.9233 171.082 5
      vertex 64 170.5 0
      vertex 64 170.5 5
    endloop
  endfacet
  facet normal -0.924011 0.382367 0
    outer loop
      vertex 63.6986 169.375 0
      vertex 63.9233 169.918 5
      vertex 63.9233 169.918 0
    endloop
  endfacet
  facet normal -0.924011 0.382367 0
    outer loop
      vertex 63.9233 169.918 5
      vertex 63.6986 169.375 0
      vertex 63.6986 169.375 5
    endloop
  endfacet
  facet normal 0.991428 0.130657 0
    outer loop
      vertex 59.5767 169.918 5
      vertex 59.5 170.5 0
      vertex 59.5 170.5 5
    endloop
  endfacet
  facet normal 0.991428 0.130657 0
    outer loop
      vertex 59.5 170.5 0
      vertex 59.5767 169.918 5
      vertex 59.5767 169.918 0
    endloop
  endfacet
  facet normal -0.381529 0.924357 0
    outer loop
      vertex 62.875 168.551 0
      vertex 62.3323 168.327 5
      vertex 62.875 168.551 5
    endloop
  endfacet
  facet normal -0.381529 0.924357 0
    outer loop
      vertex 62.3323 168.327 5
      vertex 62.875 168.551 0
      vertex 62.3323 168.327 0
    endloop
  endfacet
  facet normal 0.793332 -0.608789 0
    outer loop
      vertex 59.8014 171.625 5
      vertex 60.159 172.091 0
      vertex 60.159 172.091 5
    endloop
  endfacet
  facet normal 0.793332 -0.608789 0
    outer loop
      vertex 60.159 172.091 0
      vertex 59.8014 171.625 5
      vertex 59.8014 171.625 0
    endloop
  endfacet
  facet normal -0.609217 0.793003 0
    outer loop
      vertex 63.341 168.909 0
      vertex 62.875 168.551 5
      vertex 63.341 168.909 5
    endloop
  endfacet
  facet normal -0.609217 0.793003 0
    outer loop
      vertex 62.875 168.551 5
      vertex 63.341 168.909 0
      vertex 62.875 168.551 0
    endloop
  endfacet
  facet normal 0.924011 0.382367 0
    outer loop
      vertex 59.8014 169.375 5
      vertex 59.5767 169.918 0
      vertex 59.5767 169.918 5
    endloop
  endfacet
  facet normal 0.924011 0.382367 0
    outer loop
      vertex 59.5767 169.918 0
      vertex 59.8014 169.375 5
      vertex 59.8014 169.375 0
    endloop
  endfacet
  facet normal 0.131093 0.99137 -0
    outer loop
      vertex 61.75 168.25 0
      vertex 61.1677 168.327 5
      vertex 61.75 168.25 5
    endloop
  endfacet
  facet normal 0.131093 0.99137 0
    outer loop
      vertex 61.1677 168.327 5
      vertex 61.75 168.25 0
      vertex 61.1677 168.327 0
    endloop
  endfacet
  facet normal -0.609217 -0.793003 0
    outer loop
      vertex 62.875 172.449 0
      vertex 63.341 172.091 5
      vertex 62.875 172.449 5
    endloop
  endfacet
  facet normal -0.609217 -0.793003 -0
    outer loop
      vertex 63.341 172.091 5
      vertex 62.875 172.449 0
      vertex 63.341 172.091 0
    endloop
  endfacet
  facet normal 0.131093 -0.99137 0
    outer loop
      vertex 61.1677 172.673 0
      vertex 61.75 172.75 5
      vertex 61.1677 172.673 5
    endloop
  endfacet
  facet normal 0.131093 -0.99137 0
    outer loop
      vertex 61.75 172.75 5
      vertex 61.1677 172.673 0
      vertex 61.75 172.75 0
    endloop
  endfacet
  facet normal -0.381529 -0.924357 0
    outer loop
      vertex 62.3323 172.673 0
      vertex 62.875 172.449 5
      vertex 62.3323 172.673 5
    endloop
  endfacet
  facet normal -0.381529 -0.924357 -0
    outer loop
      vertex 62.875 172.449 5
      vertex 62.3323 172.673 0
      vertex 62.875 172.449 0
    endloop
  endfacet
  facet normal 0.609217 -0.793003 0
    outer loop
      vertex 60.159 172.091 0
      vertex 60.625 172.449 5
      vertex 60.159 172.091 5
    endloop
  endfacet
  facet normal 0.609217 -0.793003 0
    outer loop
      vertex 60.625 172.449 5
      vertex 60.159 172.091 0
      vertex 60.625 172.449 0
    endloop
  endfacet
  facet normal -0.991428 0.130657 0
    outer loop
      vertex 63.9233 169.918 0
      vertex 64 170.5 5
      vertex 64 170.5 0
    endloop
  endfacet
  facet normal -0.991428 0.130657 0
    outer loop
      vertex 64 170.5 5
      vertex 63.9233 169.918 0
      vertex 63.9233 169.918 5
    endloop
  endfacet
  facet normal 0.991428 -0.130657 0
    outer loop
      vertex 59.5 170.5 5
      vertex 59.5767 171.082 0
      vertex 59.5767 171.082 5
    endloop
  endfacet
  facet normal 0.991428 -0.130657 0
    outer loop
      vertex 59.5767 171.082 0
      vertex 59.5 170.5 5
      vertex 59.5 170.5 0
    endloop
  endfacet
  facet normal 0.381529 -0.924357 0
    outer loop
      vertex 60.625 172.449 0
      vertex 61.1677 172.673 5
      vertex 60.625 172.449 5
    endloop
  endfacet
  facet normal 0.381529 -0.924357 0
    outer loop
      vertex 61.1677 172.673 5
      vertex 60.625 172.449 0
      vertex 61.1677 172.673 0
    endloop
  endfacet
  facet normal 0.793332 0.608789 0
    outer loop
      vertex 60.159 168.909 5
      vertex 59.8014 169.375 0
      vertex 59.8014 169.375 5
    endloop
  endfacet
  facet normal 0.793332 0.608789 0
    outer loop
      vertex 59.8014 169.375 0
      vertex 60.159 168.909 5
      vertex 60.159 168.909 0
    endloop
  endfacet
  facet normal 0.609217 0.793003 -0
    outer loop
      vertex 60.625 168.551 0
      vertex 60.159 168.909 5
      vertex 60.625 168.551 5
    endloop
  endfacet
  facet normal 0.609217 0.793003 0
    outer loop
      vertex 60.159 168.909 5
      vertex 60.625 168.551 0
      vertex 60.159 168.909 0
    endloop
  endfacet
  facet normal -0.793332 0.608789 0
    outer loop
      vertex 63.341 168.909 0
      vertex 63.6986 169.375 5
      vertex 63.6986 169.375 0
    endloop
  endfacet
  facet normal -0.793332 0.608789 0
    outer loop
      vertex 63.6986 169.375 5
      vertex 63.341 168.909 0
      vertex 63.341 168.909 5
    endloop
  endfacet
  facet normal -0.793332 -0.608789 0
    outer loop
      vertex 63.6986 171.625 0
      vertex 63.341 172.091 5
      vertex 63.341 172.091 0
    endloop
  endfacet
  facet normal -0.793332 -0.608789 0
    outer loop
      vertex 63.341 172.091 5
      vertex 63.6986 171.625 0
      vertex 63.6986 171.625 5
    endloop
  endfacet
  facet normal -0.131093 -0.99137 0
    outer loop
      vertex 61.75 172.75 0
      vertex 62.3323 172.673 5
      vertex 61.75 172.75 5
    endloop
  endfacet
  facet normal -0.131093 -0.99137 -0
    outer loop
      vertex 62.3323 172.673 5
      vertex 61.75 172.75 0
      vertex 62.3323 172.673 0
    endloop
  endfacet
  facet normal 0.381529 0.924357 -0
    outer loop
      vertex 61.1677 168.327 0
      vertex 60.625 168.551 5
      vertex 61.1677 168.327 5
    endloop
  endfacet
  facet normal 0.381529 0.924357 0
    outer loop
      vertex 60.625 168.551 5
      vertex 61.1677 168.327 0
      vertex 60.625 168.551 0
    endloop
  endfacet
  facet normal 0.924011 -0.382367 0
    outer loop
      vertex 59.5767 171.082 5
      vertex 59.8014 171.625 0
      vertex 59.8014 171.625 5
    endloop
  endfacet
  facet normal 0.924011 -0.382367 0
    outer loop
      vertex 59.8014 171.625 0
      vertex 59.5767 171.082 5
      vertex 59.5767 171.082 0
    endloop
  endfacet
  facet normal -1 0 0
    outer loop
      vertex 102.5 87.0991 5
      vertex 102.5 160.5 9
      vertex 102.5 160.5 5
    endloop
  endfacet
  facet normal -1 -0 0
    outer loop
      vertex 102.5 160.5 9
      vertex 102.5 87.0991 5
      vertex 102.5 87.0991 9
    endloop
  endfacet
  facet normal -1 0 0
    outer loop
      vertex 102.5 5 5
      vertex 102.5 22.9009 9
      vertex 102.5 22.9009 5
    endloop
  endfacet
  facet normal -1 -0 0
    outer loop
      vertex 102.5 22.9009 9
      vertex 102.5 5 5
      vertex 102.5 5 9
    endloop
  endfacet
  facet normal -1 0 0
    outer loop
      vertex 102.5 29.0991 5
      vertex 102.5 80.9009 9
      vertex 102.5 80.9009 5
    endloop
  endfacet
  facet normal -1 -0 0
    outer loop
      vertex 102.5 80.9009 9
      vertex 102.5 29.0991 5
      vertex 102.5 29.0991 9
    endloop
  endfacet
  facet normal 0 0 1
    outer loop
      vertex 102.5 160.5 5
      vertex 102.432 87.182 5
      vertex 102.5 87.0991 5
    endloop
  endfacet
  facet normal 0 0 1
    outer loop
      vertex 102.5 160.5 5
      vertex 101.75 87.7416 5
      vertex 102.432 87.182 5
    endloop
  endfacet
  facet normal -0 0 1
    outer loop
      vertex 90 148 5
      vertex 101.75 87.7416 5
      vertex 102.5 160.5 5
    endloop
  endfacet
  facet normal 0 0 1
    outer loop
      vertex 101.75 87.7416 5
      vertex 90 148 5
      vertex 100.972 88.1575 5
    endloop
  endfacet
  facet normal 0 0 1
    outer loop
      vertex 100.972 88.1575 5
      vertex 90 148 5
      vertex 100.128 88.4135 5
    endloop
  endfacet
  facet normal 0 0 1
    outer loop
      vertex 100.128 88.4135 5
      vertex 90 148 5
      vertex 99.25 88.5 5
    endloop
  endfacet
  facet normal 0 0 1
    outer loop
      vertex 99.25 88.5 5
      vertex 90 148 5
      vertex 98.3721 88.4135 5
    endloop
  endfacet
  facet normal 0 0 1
    outer loop
      vertex 98.3721 88.4135 5
      vertex 90 148 5
      vertex 97.5279 88.1575 5
    endloop
  endfacet
  facet normal 0 0 1
    outer loop
      vertex 97.5279 88.1575 5
      vertex 90 148 5
      vertex 96.7499 87.7416 5
    endloop
  endfacet
  facet normal 0 0 1
    outer loop
      vertex 96.7499 87.7416 5
      vertex 90 148 5
      vertex 96.068 87.182 5
    endloop
  endfacet
  facet normal 0 0 1
    outer loop
      vertex 96.068 87.182 5
      vertex 90 148 5
      vertex 95.5084 86.5001 5
    endloop
  endfacet
  facet normal 0 0 1
    outer loop
      vertex 95.5084 86.5001 5
      vertex 90 148 5
      vertex 95.0925 85.7221 5
    endloop
  endfacet
  facet normal 0 0 1
    outer loop
      vertex 90 17 5
      vertex 94.75 84 5
      vertex 90 148 5
    endloop
  endfacet
  facet normal 0 0 1
    outer loop
      vertex 94.8365 84.8779 5
      vertex 90 148 5
      vertex 94.75 84 5
    endloop
  endfacet
  facet normal 0 0 1
    outer loop
      vertex 95.0925 85.7221 5
      vertex 90 148 5
      vertex 94.8365 84.8779 5
    endloop
  endfacet
  facet normal -0 0 1
    outer loop
      vertex 5 160.5 5
      vertex 90 148 5
      vertex 102.5 160.5 5
    endloop
  endfacet
  facet normal 0 0 1
    outer loop
      vertex 5 5 5
      vertex 17 148 5
      vertex 5 160.5 5
    endloop
  endfacet
  facet normal 0 0 1
    outer loop
      vertex 90 148 5
      vertex 5 160.5 5
      vertex 17 148 5
    endloop
  endfacet
  facet normal -0 0 1
    outer loop
      vertex 102.432 80.818 5
      vertex 102.5 29.0991 5
      vertex 102.5 80.9009 5
    endloop
  endfacet
  facet normal 0 0 1
    outer loop
      vertex 102.432 80.818 5
      vertex 102.432 29.182 5
      vertex 102.5 29.0991 5
    endloop
  endfacet
  facet normal -0 0 1
    outer loop
      vertex 101.75 80.2584 5
      vertex 102.432 29.182 5
      vertex 102.432 80.818 5
    endloop
  endfacet
  facet normal 0 0 1
    outer loop
      vertex 101.75 80.2584 5
      vertex 101.75 29.7416 5
      vertex 102.432 29.182 5
    endloop
  endfacet
  facet normal -0 0 1
    outer loop
      vertex 100.972 79.8425 5
      vertex 101.75 29.7416 5
      vertex 101.75 80.2584 5
    endloop
  endfacet
  facet normal 0 0 1
    outer loop
      vertex 100.972 79.8425 5
      vertex 100.972 30.1575 5
      vertex 101.75 29.7416 5
    endloop
  endfacet
  facet normal -0 0 1
    outer loop
      vertex 100.128 79.5865 5
      vertex 100.972 30.1575 5
      vertex 100.972 79.8425 5
    endloop
  endfacet
  facet normal 0 0 1
    outer loop
      vertex 100.128 79.5865 5
      vertex 100.128 30.4135 5
      vertex 100.972 30.1575 5
    endloop
  endfacet
  facet normal -0 0 1
    outer loop
      vertex 99.25 79.5 5
      vertex 100.128 30.4135 5
      vertex 100.128 79.5865 5
    endloop
  endfacet
  facet normal 0 0 1
    outer loop
      vertex 99.25 79.5 5
      vertex 99.25 30.5 5
      vertex 100.128 30.4135 5
    endloop
  endfacet
  facet normal 0 0 1
    outer loop
      vertex 98.3721 79.5865 5
      vertex 99.25 30.5 5
      vertex 99.25 79.5 5
    endloop
  endfacet
  facet normal 0 0 1
    outer loop
      vertex 98.3721 79.5865 5
      vertex 98.3721 30.4135 5
      vertex 99.25 30.5 5
    endloop
  endfacet
  facet normal 0 0 1
    outer loop
      vertex 97.5279 79.8425 5
      vertex 98.3721 30.4135 5
      vertex 98.3721 79.5865 5
    endloop
  endfacet
  facet normal 0 0 1
    outer loop
      vertex 97.5279 79.8425 5
      vertex 97.5279 30.1575 5
      vertex 98.3721 30.4135 5
    endloop
  endfacet
  facet normal 0 0 1
    outer loop
      vertex 96.7499 80.2584 5
      vertex 97.5279 30.1575 5
      vertex 97.5279 79.8425 5
    endloop
  endfacet
  facet normal 0 0 1
    outer loop
      vertex 96.7499 80.2584 5
      vertex 96.7499 29.7416 5
      vertex 97.5279 30.1575 5
    endloop
  endfacet
  facet normal 0 0 1
    outer loop
      vertex 96.068 80.818 5
      vertex 96.7499 29.7416 5
      vertex 96.7499 80.2584 5
    endloop
  endfacet
  facet normal 0 0 1
    outer loop
      vertex 96.068 80.818 5
      vertex 96.068 29.182 5
      vertex 96.7499 29.7416 5
    endloop
  endfacet
  facet normal 0 0 1
    outer loop
      vertex 95.5084 81.4999 5
      vertex 96.068 29.182 5
      vertex 96.068 80.818 5
    endloop
  endfacet
  facet normal 0 0 1
    outer loop
      vertex 95.5084 81.4999 5
      vertex 95.5084 28.5001 5
      vertex 96.068 29.182 5
    endloop
  endfacet
  facet normal 0 0 1
    outer loop
      vertex 95.0925 82.2779 5
      vertex 95.5084 28.5001 5
      vertex 95.5084 81.4999 5
    endloop
  endfacet
  facet normal 0 0 1
    outer loop
      vertex 95.0925 82.2779 5
      vertex 95.0925 27.7221 5
      vertex 95.5084 28.5001 5
    endloop
  endfacet
  facet normal 0 0 1
    outer loop
      vertex 94.8365 83.1221 5
      vertex 95.0925 27.7221 5
      vertex 95.0925 82.2779 5
    endloop
  endfacet
  facet normal 0 0 1
    outer loop
      vertex 94.8365 83.1221 5
      vertex 94.8365 26.8779 5
      vertex 95.0925 27.7221 5
    endloop
  endfacet
  facet normal 0 0 1
    outer loop
      vertex 94.75 84 5
      vertex 94.8365 26.8779 5
      vertex 94.8365 83.1221 5
    endloop
  endfacet
  facet normal 0 0 1
    outer loop
      vertex 94.8365 26.8779 5
      vertex 94.75 84 5
      vertex 94.75 26 5
    endloop
  endfacet
  facet normal -0 0 1
    outer loop
      vertex 102.432 22.818 5
      vertex 102.5 5 5
      vertex 102.5 22.9009 5
    endloop
  endfacet
  facet normal -0 0 1
    outer loop
      vertex 101.75 22.2584 5
      vertex 102.5 5 5
      vertex 102.432 22.818 5
    endloop
  endfacet
  facet normal -0 0 1
    outer loop
      vertex 100.972 21.8425 5
      vertex 102.5 5 5
      vertex 101.75 22.2584 5
    endloop
  endfacet
  facet normal -0 0 1
    outer loop
      vertex 100.128 21.5865 5
      vertex 102.5 5 5
      vertex 100.972 21.8425 5
    endloop
  endfacet
  facet normal -0 0 1
    outer loop
      vertex 99.25 21.5 5
      vertex 102.5 5 5
      vertex 100.128 21.5865 5
    endloop
  endfacet
  facet normal 0 0 1
    outer loop
      vertex 98.3721 21.5865 5
      vertex 102.5 5 5
      vertex 99.25 21.5 5
    endloop
  endfacet
  facet normal 0 0 1
    outer loop
      vertex 90 17 5
      vertex 98.3721 21.5865 5
      vertex 97.5279 21.8425 5
    endloop
  endfacet
  facet normal 0 0 1
    outer loop
      vertex 90 17 5
      vertex 97.5279 21.8425 5
      vertex 96.7499 22.2584 5
    endloop
  endfacet
  facet normal 0 0 1
    outer loop
      vertex 90 17 5
      vertex 96.7499 22.2584 5
      vertex 96.068 22.818 5
    endloop
  endfacet
  facet normal 0 0 1
    outer loop
      vertex 90 17 5
      vertex 96.068 22.818 5
      vertex 95.5084 23.4999 5
    endloop
  endfacet
  facet normal 0 0 1
    outer loop
      vertex 90 17 5
      vertex 95.5084 23.4999 5
      vertex 95.0925 24.2779 5
    endloop
  endfacet
  facet normal 0 0 1
    outer loop
      vertex 94.75 84 5
      vertex 90 17 5
      vertex 94.75 26 5
    endloop
  endfacet
  facet normal 0 0 1
    outer loop
      vertex 90 17 5
      vertex 94.8365 25.1221 5
      vertex 94.75 26 5
    endloop
  endfacet
  facet normal 0 0 1
    outer loop
      vertex 90 17 5
      vertex 95.0925 24.2779 5
      vertex 94.8365 25.1221 5
    endloop
  endfacet
  facet normal 0 0 1
    outer loop
      vertex 98.3721 21.5865 5
      vertex 90 17 5
      vertex 102.5 5 5
    endloop
  endfacet
  facet normal 0 0 1
    outer loop
      vertex 5 5 5
      vertex 90 17 5
      vertex 17 17 5
    endloop
  endfacet
  facet normal 0 0 1
    outer loop
      vertex 90 17 5
      vertex 5 5 5
      vertex 102.5 5 5
    endloop
  endfacet
  facet normal 0 0 1
    outer loop
      vertex 17 148 5
      vertex 5 5 5
      vertex 17 17 5
    endloop
  endfacet
  facet normal 0 0 1
    outer loop
      vertex 100.935 26.2219 5
      vertex 100.935 25.7781 5
      vertex 100.95 26 5
    endloop
  endfacet
  facet normal 0 0 1
    outer loop
      vertex 100.892 26.44 5
      vertex 100.935 25.7781 5
      vertex 100.935 26.2219 5
    endloop
  endfacet
  facet normal 0 0 1
    outer loop
      vertex 100.892 26.44 5
      vertex 100.892 25.56 5
      vertex 100.935 25.7781 5
    endloop
  endfacet
  facet normal 0 0 1
    outer loop
      vertex 100.821 26.6506 5
      vertex 100.892 25.56 5
      vertex 100.892 26.44 5
    endloop
  endfacet
  facet normal 0 0 1
    outer loop
      vertex 100.821 26.6506 5
      vertex 100.821 25.3494 5
      vertex 100.892 25.56 5
    endloop
  endfacet
  facet normal 0 0 1
    outer loop
      vertex 100.722 26.85 5
      vertex 100.821 25.3494 5
      vertex 100.821 26.6506 5
    endloop
  endfacet
  facet normal 0 0 1
    outer loop
      vertex 100.722 26.85 5
      vertex 100.722 25.15 5
      vertex 100.821 25.3494 5
    endloop
  endfacet
  facet normal 0 0 1
    outer loop
      vertex 100.599 27.0349 5
      vertex 100.722 25.15 5
      vertex 100.722 26.85 5
    endloop
  endfacet
  facet normal 0 0 1
    outer loop
      vertex 100.599 27.0349 5
      vertex 100.599 24.9651 5
      vertex 100.722 25.15 5
    endloop
  endfacet
  facet normal 0 0 1
    outer loop
      vertex 100.452 27.2021 5
      vertex 100.599 24.9651 5
      vertex 100.599 27.0349 5
    endloop
  endfacet
  facet normal 0 0 1
    outer loop
      vertex 100.452 27.2021 5
      vertex 100.452 24.7979 5
      vertex 100.599 24.9651 5
    endloop
  endfacet
  facet normal 0 0 1
    outer loop
      vertex 100.285 27.3487 5
      vertex 100.452 24.7979 5
      vertex 100.452 27.2021 5
    endloop
  endfacet
  facet normal 0 0 1
    outer loop
      vertex 100.285 27.3487 5
      vertex 100.285 24.6513 5
      vertex 100.452 24.7979 5
    endloop
  endfacet
  facet normal 0 0 1
    outer loop
      vertex 100.1 27.4722 5
      vertex 100.285 24.6513 5
      vertex 100.285 27.3487 5
    endloop
  endfacet
  facet normal 0 0 1
    outer loop
      vertex 100.1 27.4722 5
      vertex 100.1 24.5278 5
      vertex 100.285 24.6513 5
    endloop
  endfacet
  facet normal 0 0 1
    outer loop
      vertex 99.9006 27.5706 5
      vertex 100.1 24.5278 5
      vertex 100.1 27.4722 5
    endloop
  endfacet
  facet normal 0 0 1
    outer loop
      vertex 99.9006 27.5706 5
      vertex 99.9006 24.4294 5
      vertex 100.1 24.5278 5
    endloop
  endfacet
  facet normal 0 0 1
    outer loop
      vertex 99.69 27.6421 5
      vertex 99.9006 24.4294 5
      vertex 99.9006 27.5706 5
    endloop
  endfacet
  facet normal 0 0 1
    outer loop
      vertex 99.69 27.6421 5
      vertex 99.69 24.3579 5
      vertex 99.9006 24.4294 5
    endloop
  endfacet
  facet normal 0 0 1
    outer loop
      vertex 99.4719 27.6855 5
      vertex 99.69 24.3579 5
      vertex 99.69 27.6421 5
    endloop
  endfacet
  facet normal 0 0 1
    outer loop
      vertex 99.4719 27.6855 5
      vertex 99.4719 24.3145 5
      vertex 99.69 24.3579 5
    endloop
  endfacet
  facet normal 0 0 1
    outer loop
      vertex 99.25 27.7 5
      vertex 99.4719 24.3145 5
      vertex 99.4719 27.6855 5
    endloop
  endfacet
  facet normal 0 0 1
    outer loop
      vertex 99.25 27.7 5
      vertex 99.25 24.3 5
      vertex 99.4719 24.3145 5
    endloop
  endfacet
  facet normal -0 0 1
    outer loop
      vertex 99.0281 27.6855 5
      vertex 99.25 24.3 5
      vertex 99.25 27.7 5
    endloop
  endfacet
  facet normal 0 0 1
    outer loop
      vertex 99.0281 27.6855 5
      vertex 99.0281 24.3145 5
      vertex 99.25 24.3 5
    endloop
  endfacet
  facet normal -0 0 1
    outer loop
      vertex 98.81 27.6421 5
      vertex 99.0281 24.3145 5
      vertex 99.0281 27.6855 5
    endloop
  endfacet
  facet normal 0 0 1
    outer loop
      vertex 98.81 27.6421 5
      vertex 98.81 24.3579 5
      vertex 99.0281 24.3145 5
    endloop
  endfacet
  facet normal -0 0 1
    outer loop
      vertex 98.5994 27.5706 5
      vertex 98.81 24.3579 5
      vertex 98.81 27.6421 5
    endloop
  endfacet
  facet normal 0 0 1
    outer loop
      vertex 98.5994 27.5706 5
      vertex 98.5994 24.4294 5
      vertex 98.81 24.3579 5
    endloop
  endfacet
  facet normal -0 0 1
    outer loop
      vertex 98.4 27.4722 5
      vertex 98.5994 24.4294 5
      vertex 98.5994 27.5706 5
    endloop
  endfacet
  facet normal 0 0 1
    outer loop
      vertex 98.4 27.4722 5
      vertex 98.4 24.5278 5
      vertex 98.5994 24.4294 5
    endloop
  endfacet
  facet normal -0 0 1
    outer loop
      vertex 98.2151 27.3487 5
      vertex 98.4 24.5278 5
      vertex 98.4 27.4722 5
    endloop
  endfacet
  facet normal 0 0 1
    outer loop
      vertex 98.2151 27.3487 5
      vertex 98.2151 24.6513 5
      vertex 98.4 24.5278 5
    endloop
  endfacet
  facet normal -0 0 1
    outer loop
      vertex 98.0479 27.2021 5
      vertex 98.2151 24.6513 5
      vertex 98.2151 27.3487 5
    endloop
  endfacet
  facet normal 0 0 1
    outer loop
      vertex 98.0479 27.2021 5
      vertex 98.0479 24.7979 5
      vertex 98.2151 24.6513 5
    endloop
  endfacet
  facet normal -0 0 1
    outer loop
      vertex 97.9013 27.0349 5
      vertex 98.0479 24.7979 5
      vertex 98.0479 27.2021 5
    endloop
  endfacet
  facet normal 0 0 1
    outer loop
      vertex 97.9013 27.0349 5
      vertex 97.9013 24.9651 5
      vertex 98.0479 24.7979 5
    endloop
  endfacet
  facet normal -0 0 1
    outer loop
      vertex 97.7778 26.85 5
      vertex 97.9013 24.9651 5
      vertex 97.9013 27.0349 5
    endloop
  endfacet
  facet normal 0 0 1
    outer loop
      vertex 97.7778 26.85 5
      vertex 97.7778 25.15 5
      vertex 97.9013 24.9651 5
    endloop
  endfacet
  facet normal -0 0 1
    outer loop
      vertex 97.6794 26.6506 5
      vertex 97.7778 25.15 5
      vertex 97.7778 26.85 5
    endloop
  endfacet
  facet normal 0 0 1
    outer loop
      vertex 97.6794 26.6506 5
      vertex 97.6794 25.3494 5
      vertex 97.7778 25.15 5
    endloop
  endfacet
  facet normal -0 0 1
    outer loop
      vertex 97.6079 26.44 5
      vertex 97.6794 25.3494 5
      vertex 97.6794 26.6506 5
    endloop
  endfacet
  facet normal 0 0 1
    outer loop
      vertex 97.6079 26.44 5
      vertex 97.6079 25.56 5
      vertex 97.6794 25.3494 5
    endloop
  endfacet
  facet normal -0 0 1
    outer loop
      vertex 97.5645 26.2219 5
      vertex 97.6079 25.56 5
      vertex 97.6079 26.44 5
    endloop
  endfacet
  facet normal 0 0 1
    outer loop
      vertex 97.5645 26.2219 5
      vertex 97.5645 25.7781 5
      vertex 97.6079 25.56 5
    endloop
  endfacet
  facet normal 0 -0 1
    outer loop
      vertex 97.5645 25.7781 5
      vertex 97.5645 26.2219 5
      vertex 97.55 26 5
    endloop
  endfacet
  facet normal 0 0 1
    outer loop
      vertex 100.935 84.2219 5
      vertex 100.935 83.7781 5
      vertex 100.95 84 5
    endloop
  endfacet
  facet normal 0 0 1
    outer loop
      vertex 100.892 84.44 5
      vertex 100.935 83.7781 5
      vertex 100.935 84.2219 5
    endloop
  endfacet
  facet normal 0 0 1
    outer loop
      vertex 100.892 84.44 5
      vertex 100.892 83.56 5
      vertex 100.935 83.7781 5
    endloop
  endfacet
  facet normal 0 0 1
    outer loop
      vertex 100.821 84.6506 5
      vertex 100.892 83.56 5
      vertex 100.892 84.44 5
    endloop
  endfacet
  facet normal 0 0 1
    outer loop
      vertex 100.821 84.6506 5
      vertex 100.821 83.3494 5
      vertex 100.892 83.56 5
    endloop
  endfacet
  facet normal 0 0 1
    outer loop
      vertex 100.722 84.85 5
      vertex 100.821 83.3494 5
      vertex 100.821 84.6506 5
    endloop
  endfacet
  facet normal 0 0 1
    outer loop
      vertex 100.722 84.85 5
      vertex 100.722 83.15 5
      vertex 100.821 83.3494 5
    endloop
  endfacet
  facet normal 0 0 1
    outer loop
      vertex 100.599 85.0349 5
      vertex 100.722 83.15 5
      vertex 100.722 84.85 5
    endloop
  endfacet
  facet normal 0 0 1
    outer loop
      vertex 100.599 85.0349 5
      vertex 100.599 82.9651 5
      vertex 100.722 83.15 5
    endloop
  endfacet
  facet normal 0 0 1
    outer loop
      vertex 100.452 85.2021 5
      vertex 100.599 82.9651 5
      vertex 100.599 85.0349 5
    endloop
  endfacet
  facet normal 0 0 1
    outer loop
      vertex 100.452 85.2021 5
      vertex 100.452 82.7979 5
      vertex 100.599 82.9651 5
    endloop
  endfacet
  facet normal 0 0 1
    outer loop
      vertex 100.285 85.3487 5
      vertex 100.452 82.7979 5
      vertex 100.452 85.2021 5
    endloop
  endfacet
  facet normal 0 0 1
    outer loop
      vertex 100.285 85.3487 5
      vertex 100.285 82.6513 5
      vertex 100.452 82.7979 5
    endloop
  endfacet
  facet normal 0 0 1
    outer loop
      vertex 100.1 85.4722 5
      vertex 100.285 82.6513 5
      vertex 100.285 85.3487 5
    endloop
  endfacet
  facet normal 0 0 1
    outer loop
      vertex 100.1 85.4722 5
      vertex 100.1 82.5278 5
      vertex 100.285 82.6513 5
    endloop
  endfacet
  facet normal 0 0 1
    outer loop
      vertex 99.9006 85.5706 5
      vertex 100.1 82.5278 5
      vertex 100.1 85.4722 5
    endloop
  endfacet
  facet normal 0 0 1
    outer loop
      vertex 99.9006 85.5706 5
      vertex 99.9006 82.4294 5
      vertex 100.1 82.5278 5
    endloop
  endfacet
  facet normal 0 0 1
    outer loop
      vertex 99.69 85.6421 5
      vertex 99.9006 82.4294 5
      vertex 99.9006 85.5706 5
    endloop
  endfacet
  facet normal 0 0 1
    outer loop
      vertex 99.69 85.6421 5
      vertex 99.69 82.3579 5
      vertex 99.9006 82.4294 5
    endloop
  endfacet
  facet normal 0 0 1
    outer loop
      vertex 99.4719 85.6855 5
      vertex 99.69 82.3579 5
      vertex 99.69 85.6421 5
    endloop
  endfacet
  facet normal 0 0 1
    outer loop
      vertex 99.4719 85.6855 5
      vertex 99.4719 82.3145 5
      vertex 99.69 82.3579 5
    endloop
  endfacet
  facet normal 0 0 1
    outer loop
      vertex 99.25 85.7 5
      vertex 99.4719 82.3145 5
      vertex 99.4719 85.6855 5
    endloop
  endfacet
  facet normal 0 0 1
    outer loop
      vertex 99.25 85.7 5
      vertex 99.25 82.3 5
      vertex 99.4719 82.3145 5
    endloop
  endfacet
  facet normal -0 0 1
    outer loop
      vertex 99.0281 85.6855 5
      vertex 99.25 82.3 5
      vertex 99.25 85.7 5
    endloop
  endfacet
  facet normal 0 0 1
    outer loop
      vertex 99.0281 85.6855 5
      vertex 99.0281 82.3145 5
      vertex 99.25 82.3 5
    endloop
  endfacet
  facet normal -0 0 1
    outer loop
      vertex 98.81 85.6421 5
      vertex 99.0281 82.3145 5
      vertex 99.0281 85.6855 5
    endloop
  endfacet
  facet normal 0 0 1
    outer loop
      vertex 98.81 85.6421 5
      vertex 98.81 82.3579 5
      vertex 99.0281 82.3145 5
    endloop
  endfacet
  facet normal -0 0 1
    outer loop
      vertex 98.5994 85.5706 5
      vertex 98.81 82.3579 5
      vertex 98.81 85.6421 5
    endloop
  endfacet
  facet normal 0 0 1
    outer loop
      vertex 98.5994 85.5706 5
      vertex 98.5994 82.4294 5
      vertex 98.81 82.3579 5
    endloop
  endfacet
  facet normal -0 0 1
    outer loop
      vertex 98.4 85.4722 5
      vertex 98.5994 82.4294 5
      vertex 98.5994 85.5706 5
    endloop
  endfacet
  facet normal 0 0 1
    outer loop
      vertex 98.4 85.4722 5
      vertex 98.4 82.5278 5
      vertex 98.5994 82.4294 5
    endloop
  endfacet
  facet normal -0 0 1
    outer loop
      vertex 98.2151 85.3487 5
      vertex 98.4 82.5278 5
      vertex 98.4 85.4722 5
    endloop
  endfacet
  facet normal 0 0 1
    outer loop
      vertex 98.2151 85.3487 5
      vertex 98.2151 82.6513 5
      vertex 98.4 82.5278 5
    endloop
  endfacet
  facet normal -0 0 1
    outer loop
      vertex 98.0479 85.2021 5
      vertex 98.2151 82.6513 5
      vertex 98.2151 85.3487 5
    endloop
  endfacet
  facet normal 0 0 1
    outer loop
      vertex 98.0479 85.2021 5
      vertex 98.0479 82.7979 5
      vertex 98.2151 82.6513 5
    endloop
  endfacet
  facet normal -0 0 1
    outer loop
      vertex 97.9013 85.0349 5
      vertex 98.0479 82.7979 5
      vertex 98.0479 85.2021 5
    endloop
  endfacet
  facet normal 0 0 1
    outer loop
      vertex 97.9013 85.0349 5
      vertex 97.9013 82.9651 5
      vertex 98.0479 82.7979 5
    endloop
  endfacet
  facet normal -0 0 1
    outer loop
      vertex 97.7778 84.85 5
      vertex 97.9013 82.9651 5
      vertex 97.9013 85.0349 5
    endloop
  endfacet
  facet normal 0 0 1
    outer loop
      vertex 97.7778 84.85 5
      vertex 97.7778 83.15 5
      vertex 97.9013 82.9651 5
    endloop
  endfacet
  facet normal -0 0 1
    outer loop
      vertex 97.6794 84.6506 5
      vertex 97.7778 83.15 5
      vertex 97.7778 84.85 5
    endloop
  endfacet
  facet normal 0 0 1
    outer loop
      vertex 97.6794 84.6506 5
      vertex 97.6794 83.3494 5
      vertex 97.7778 83.15 5
    endloop
  endfacet
  facet normal -0 0 1
    outer loop
      vertex 97.6079 84.44 5
      vertex 97.6794 83.3494 5
      vertex 97.6794 84.6506 5
    endloop
  endfacet
  facet normal 0 0 1
    outer loop
      vertex 97.6079 84.44 5
      vertex 97.6079 83.56 5
      vertex 97.6794 83.3494 5
    endloop
  endfacet
  facet normal -0 0 1
    outer loop
      vertex 97.5645 84.2219 5
      vertex 97.6079 83.56 5
      vertex 97.6079 84.44 5
    endloop
  endfacet
  facet normal 0 0 1
    outer loop
      vertex 97.5645 84.2219 5
      vertex 97.5645 83.7781 5
      vertex 97.6079 83.56 5
    endloop
  endfacet
  facet normal 0 -0 1
    outer loop
      vertex 97.5645 83.7781 5
      vertex 97.5645 84.2219 5
      vertex 97.55 84 5
    endloop
  endfacet
  facet normal 1 -0 0
    outer loop
      vertex 5 5 9
      vertex 5 160.5 5
      vertex 5 160.5 9
    endloop
  endfacet
  facet normal 1 0 0
    outer loop
      vertex 5 160.5 5
      vertex 5 5 9
      vertex 5 5 5
    endloop
  endfacet
  facet normal 0 -1 0
    outer loop
      vertex 5 160.5 5
      vertex 102.5 160.5 9
      vertex 5 160.5 9
    endloop
  endfacet
  facet normal 0 -1 -0
    outer loop
      vertex 102.5 160.5 9
      vertex 5 160.5 5
      vertex 102.5 160.5 5
    endloop
  endfacet
  facet normal 0 1 -0
    outer loop
      vertex 102.5 5 5
      vertex 5 5 9
      vertex 102.5 5 9
    endloop
  endfacet
  facet normal 0 1 0
    outer loop
      vertex 5 5 9
      vertex 102.5 5 5
      vertex 5 5 5
    endloop
  endfacet
  facet normal -1 0 0
    outer loop
      vertex 90 17 0
      vertex 90 148 5
      vertex 90 148 0
    endloop
  endfacet
  facet normal -1 -0 0
    outer loop
      vertex 90 148 5
      vertex 90 17 0
      vertex 90 17 5
    endloop
  endfacet
  facet normal 1 -0 0
    outer loop
      vertex 17 17 5
      vertex 17 148 0
      vertex 17 148 5
    endloop
  endfacet
  facet normal 1 0 0
    outer loop
      vertex 17 148 0
      vertex 17 17 5
      vertex 17 17 0
    endloop
  endfacet
  facet normal 0 -1 0
    outer loop
      vertex 17 148 0
      vertex 90 148 5
      vertex 17 148 5
    endloop
  endfacet
  facet normal 0 -1 -0
    outer loop
      vertex 90 148 5
      vertex 17 148 0
      vertex 90 148 0
    endloop
  endfacet
  facet normal 0 1 -0
    outer loop
      vertex 90 17 0
      vertex 17 17 5
      vertex 90 17 5
    endloop
  endfacet
  facet normal 0 1 0
    outer loop
      vertex 17 17 5
      vertex 90 17 0
      vertex 17 17 0
    endloop
  endfacet
  facet normal -0.471441 0.881898 0
    outer loop
      vertex 97.5279 30.1575 5
      vertex 96.7499 29.7416 15
      vertex 97.5279 30.1575 15
    endloop
  endfacet
  facet normal -0.471441 0.881898 0
    outer loop
      vertex 96.7499 29.7416 15
      vertex 97.5279 30.1575 5
      vertex 96.7499 29.7416 5
    endloop
  endfacet
  facet normal -0.881898 0.471441 0
    outer loop
      vertex 95.0925 27.7221 5
      vertex 95.5084 28.5001 15
      vertex 95.5084 28.5001 5
    endloop
  endfacet
  facet normal -0.881898 0.471441 0
    outer loop
      vertex 95.5084 28.5001 15
      vertex 95.0925 27.7221 5
      vertex 95.0925 27.7221 15
    endloop
  endfacet
  facet normal 0.290259 -0.956948 0
    outer loop
      vertex 100.128 21.5865 5
      vertex 100.972 21.8425 15
      vertex 100.128 21.5865 15
    endloop
  endfacet
  facet normal 0.290259 -0.956948 0
    outer loop
      vertex 100.972 21.8425 15
      vertex 100.128 21.5865 5
      vertex 100.972 21.8425 5
    endloop
  endfacet
  facet normal 0.995236 0.0974944 0
    outer loop
      vertex 103.75 26 15
      vertex 103.664 26.8779 9
      vertex 103.664 26.8779 15
    endloop
  endfacet
  facet normal 0.995236 0.0974944 0
    outer loop
      vertex 103.664 26.8779 9
      vertex 103.75 26 15
      vertex 103.75 26 9
    endloop
  endfacet
  facet normal 0.772749 -0.634712 0
    outer loop
      vertex 102.992 23.4999 15
      vertex 102.5 22.9009 9
      vertex 102.992 23.4999 9
    endloop
  endfacet
  facet normal 0.7728 -0.63465 -1.03508e-05
    outer loop
      vertex 102.432 22.818 15
      vertex 102.5 22.9009 9
      vertex 102.992 23.4999 15
    endloop
  endfacet
  facet normal 0.773167 -0.634202 0
    outer loop
      vertex 102.432 22.818 5
      vertex 102.5 22.9009 9
      vertex 102.432 22.818 15
    endloop
  endfacet
  facet normal 0.773167 -0.634202 0
    outer loop
      vertex 102.5 22.9009 9
      vertex 102.432 22.818 5
      vertex 102.5 22.9009 5
    endloop
  endfacet
  facet normal 0.995236 -0.0974944 0
    outer loop
      vertex 103.664 25.1221 15
      vertex 103.75 26 9
      vertex 103.75 26 15
    endloop
  endfacet
  facet normal 0.995236 -0.0974944 0
    outer loop
      vertex 103.75 26 9
      vertex 103.664 25.1221 15
      vertex 103.664 25.1221 9
    endloop
  endfacet
  facet normal 0.634324 -0.773068 0
    outer loop
      vertex 101.75 22.2584 5
      vertex 102.432 22.818 15
      vertex 101.75 22.2584 15
    endloop
  endfacet
  facet normal 0.634324 -0.773068 0
    outer loop
      vertex 102.432 22.818 15
      vertex 101.75 22.2584 5
      vertex 102.432 22.818 5
    endloop
  endfacet
  facet normal 0.0980447 -0.995182 0
    outer loop
      vertex 99.25 21.5 5
      vertex 100.128 21.5865 15
      vertex 99.25 21.5 15
    endloop
  endfacet
  facet normal 0.0980447 -0.995182 0
    outer loop
      vertex 100.128 21.5865 15
      vertex 99.25 21.5 5
      vertex 100.128 21.5865 5
    endloop
  endfacet
  facet normal -0.471441 -0.881898 0
    outer loop
      vertex 96.7499 22.2584 5
      vertex 97.5279 21.8425 15
      vertex 96.7499 22.2584 15
    endloop
  endfacet
  facet normal -0.471441 -0.881898 -0
    outer loop
      vertex 97.5279 21.8425 15
      vertex 96.7499 22.2584 5
      vertex 97.5279 21.8425 5
    endloop
  endfacet
  facet normal 0.956652 0.291234 0
    outer loop
      vertex 103.664 26.8779 15
      vertex 103.407 27.7221 9
      vertex 103.407 27.7221 15
    endloop
  endfacet
  facet normal 0.956652 0.291234 0
    outer loop
      vertex 103.407 27.7221 9
      vertex 103.664 26.8779 15
      vertex 103.664 26.8779 9
    endloop
  endfacet
  facet normal 0.0980447 0.995182 -0
    outer loop
      vertex 100.128 30.4135 5
      vertex 99.25 30.5 15
      vertex 100.128 30.4135 15
    endloop
  endfacet
  facet normal 0.0980447 0.995182 0
    outer loop
      vertex 99.25 30.5 15
      vertex 100.128 30.4135 5
      vertex 99.25 30.5 5
    endloop
  endfacet
  facet normal -0.995181 0.0980558 0
    outer loop
      vertex 94.75 26 5
      vertex 94.8365 26.8779 15
      vertex 94.8365 26.8779 5
    endloop
  endfacet
  facet normal -0.995181 0.0980558 0
    outer loop
      vertex 94.8365 26.8779 15
      vertex 94.75 26 5
      vertex 94.75 26 15
    endloop
  endfacet
  facet normal 0.471441 0.881898 -0
    outer loop
      vertex 101.75 29.7416 5
      vertex 100.972 30.1575 15
      vertex 101.75 29.7416 15
    endloop
  endfacet
  facet normal 0.471441 0.881898 0
    outer loop
      vertex 100.972 30.1575 15
      vertex 101.75 29.7416 5
      vertex 100.972 30.1575 5
    endloop
  endfacet
  facet normal -0.634379 -0.773022 0
    outer loop
      vertex 96.068 22.818 5
      vertex 96.7499 22.2584 15
      vertex 96.068 22.818 15
    endloop
  endfacet
  facet normal -0.634379 -0.773022 -0
    outer loop
      vertex 96.7499 22.2584 15
      vertex 96.068 22.818 5
      vertex 96.7499 22.2584 5
    endloop
  endfacet
  facet normal -0.0980558 0.995181 0
    outer loop
      vertex 99.25 30.5 5
      vertex 98.3721 30.4135 15
      vertex 99.25 30.5 15
    endloop
  endfacet
  facet normal -0.0980558 0.995181 0
    outer loop
      vertex 98.3721 30.4135 15
      vertex 99.25 30.5 5
      vertex 98.3721 30.4135 5
    endloop
  endfacet
  facet normal -0.995181 -0.0980558 0
    outer loop
      vertex 94.8365 25.1221 5
      vertex 94.75 26 15
      vertex 94.75 26 5
    endloop
  endfacet
  facet normal -0.995181 -0.0980558 0
    outer loop
      vertex 94.75 26 15
      vertex 94.8365 25.1221 5
      vertex 94.8365 25.1221 15
    endloop
  endfacet
  facet normal -0.290196 -0.956967 0
    outer loop
      vertex 97.5279 21.8425 5
      vertex 98.3721 21.5865 15
      vertex 97.5279 21.8425 15
    endloop
  endfacet
  facet normal -0.290196 -0.956967 -0
    outer loop
      vertex 98.3721 21.5865 15
      vertex 97.5279 21.8425 5
      vertex 98.3721 21.5865 5
    endloop
  endfacet
  facet normal 0.882322 -0.470647 0
    outer loop
      vertex 102.992 23.4999 15
      vertex 103.407 24.2779 9
      vertex 103.407 24.2779 15
    endloop
  endfacet
  facet normal 0.882322 -0.470647 0
    outer loop
      vertex 103.407 24.2779 9
      vertex 102.992 23.4999 15
      vertex 102.992 23.4999 9
    endloop
  endfacet
  facet normal -0.290196 0.956967 0
    outer loop
      vertex 98.3721 30.4135 5
      vertex 97.5279 30.1575 15
      vertex 98.3721 30.4135 15
    endloop
  endfacet
  facet normal -0.290196 0.956967 0
    outer loop
      vertex 97.5279 30.1575 15
      vertex 98.3721 30.4135 5
      vertex 97.5279 30.1575 5
    endloop
  endfacet
  facet normal 0.290259 0.956948 -0
    outer loop
      vertex 100.972 30.1575 5
      vertex 100.128 30.4135 15
      vertex 100.972 30.1575 15
    endloop
  endfacet
  facet normal 0.290259 0.956948 0
    outer loop
      vertex 100.128 30.4135 15
      vertex 100.972 30.1575 5
      vertex 100.128 30.4135 5
    endloop
  endfacet
  facet normal 0.773167 0.634202 0
    outer loop
      vertex 102.432 29.182 15
      vertex 102.5 29.0991 9
      vertex 102.432 29.182 5
    endloop
  endfacet
  facet normal 0.7728 0.63465 -1.03508e-05
    outer loop
      vertex 102.992 28.5001 15
      vertex 102.5 29.0991 9
      vertex 102.432 29.182 15
    endloop
  endfacet
  facet normal 0.772749 0.634712 0
    outer loop
      vertex 102.5 29.0991 9
      vertex 102.992 28.5001 15
      vertex 102.992 28.5001 9
    endloop
  endfacet
  facet normal 0.773167 0.634202 0
    outer loop
      vertex 102.432 29.182 5
      vertex 102.5 29.0991 9
      vertex 102.5 29.0991 5
    endloop
  endfacet
  facet normal 0.471441 -0.881898 0
    outer loop
      vertex 100.972 21.8425 5
      vertex 101.75 22.2584 15
      vertex 100.972 21.8425 15
    endloop
  endfacet
  facet normal 0.471441 -0.881898 0
    outer loop
      vertex 101.75 22.2584 15
      vertex 100.972 21.8425 5
      vertex 101.75 22.2584 5
    endloop
  endfacet
  facet normal 0.634324 0.773068 -0
    outer loop
      vertex 102.432 29.182 5
      vertex 101.75 29.7416 15
      vertex 102.432 29.182 15
    endloop
  endfacet
  facet normal 0.634324 0.773068 0
    outer loop
      vertex 101.75 29.7416 15
      vertex 102.432 29.182 5
      vertex 101.75 29.7416 5
    endloop
  endfacet
  facet normal 0.882322 0.470647 0
    outer loop
      vertex 103.407 27.7221 15
      vertex 102.992 28.5001 9
      vertex 102.992 28.5001 15
    endloop
  endfacet
  facet normal 0.882322 0.470647 0
    outer loop
      vertex 102.992 28.5001 9
      vertex 103.407 27.7221 15
      vertex 103.407 27.7221 9
    endloop
  endfacet
  facet normal 0.956652 -0.291234 0
    outer loop
      vertex 103.407 24.2779 15
      vertex 103.664 25.1221 9
      vertex 103.664 25.1221 15
    endloop
  endfacet
  facet normal 0.956652 -0.291234 0
    outer loop
      vertex 103.664 25.1221 9
      vertex 103.407 24.2779 15
      vertex 103.407 24.2779 9
    endloop
  endfacet
  facet normal -0.634379 0.773022 0
    outer loop
      vertex 96.7499 29.7416 5
      vertex 96.068 29.182 15
      vertex 96.7499 29.7416 15
    endloop
  endfacet
  facet normal -0.634379 0.773022 0
    outer loop
      vertex 96.068 29.182 15
      vertex 96.7499 29.7416 5
      vertex 96.068 29.182 5
    endloop
  endfacet
  facet normal -0.956967 0.290196 0
    outer loop
      vertex 94.8365 26.8779 5
      vertex 95.0925 27.7221 15
      vertex 95.0925 27.7221 5
    endloop
  endfacet
  facet normal -0.956967 0.290196 0
    outer loop
      vertex 95.0925 27.7221 15
      vertex 94.8365 26.8779 5
      vertex 94.8365 26.8779 15
    endloop
  endfacet
  facet normal -0.773022 0.634379 0
    outer loop
      vertex 95.5084 28.5001 5
      vertex 96.068 29.182 15
      vertex 96.068 29.182 5
    endloop
  endfacet
  facet normal -0.773022 0.634379 0
    outer loop
      vertex 96.068 29.182 15
      vertex 95.5084 28.5001 5
      vertex 95.5084 28.5001 15
    endloop
  endfacet
  facet normal -0.881898 -0.471441 0
    outer loop
      vertex 95.5084 23.4999 5
      vertex 95.0925 24.2779 15
      vertex 95.0925 24.2779 5
    endloop
  endfacet
  facet normal -0.881898 -0.471441 0
    outer loop
      vertex 95.0925 24.2779 15
      vertex 95.5084 23.4999 5
      vertex 95.5084 23.4999 15
    endloop
  endfacet
  facet normal -0.773022 -0.634379 0
    outer loop
      vertex 96.068 22.818 5
      vertex 95.5084 23.4999 15
      vertex 95.5084 23.4999 5
    endloop
  endfacet
  facet normal -0.773022 -0.634379 0
    outer loop
      vertex 95.5084 23.4999 15
      vertex 96.068 22.818 5
      vertex 96.068 22.818 15
    endloop
  endfacet
  facet normal -0.956967 -0.290196 0
    outer loop
      vertex 95.0925 24.2779 5
      vertex 94.8365 25.1221 15
      vertex 94.8365 25.1221 5
    endloop
  endfacet
  facet normal -0.956967 -0.290196 0
    outer loop
      vertex 94.8365 25.1221 15
      vertex 95.0925 24.2779 5
      vertex 95.0925 24.2779 15
    endloop
  endfacet
  facet normal -0.0980558 -0.995181 0
    outer loop
      vertex 98.3721 21.5865 5
      vertex 99.25 21.5 15
      vertex 98.3721 21.5865 15
    endloop
  endfacet
  facet normal -0.0980558 -0.995181 -0
    outer loop
      vertex 99.25 21.5 15
      vertex 98.3721 21.5865 5
      vertex 99.25 21.5 5
    endloop
  endfacet
  facet normal 0 0 1
    outer loop
      vertex 102.829 26 15
      vertex 103.75 26 15
      vertex 103.664 26.8779 15
    endloop
  endfacet
  facet normal 0 0 1
    outer loop
      vertex 102.829 26 15
      vertex 103.664 26.8779 15
      vertex 103.407 27.7221 15
    endloop
  endfacet
  facet normal 0 0 1
    outer loop
      vertex 103.75 26 15
      vertex 102.829 26 15
      vertex 103.664 25.1221 15
    endloop
  endfacet
  facet normal 0 0 1
    outer loop
      vertex 102.829 26 15
      vertex 103.407 27.7221 15
      vertex 102.992 28.5001 15
    endloop
  endfacet
  facet normal 0 0 1
    outer loop
      vertex 103.664 25.1221 15
      vertex 102.829 26 15
      vertex 103.407 24.2779 15
    endloop
  endfacet
  facet normal 0 0 1
    outer loop
      vertex 103.407 24.2779 15
      vertex 102.829 26 15
      vertex 102.992 23.4999 15
    endloop
  endfacet
  facet normal -0 0 1
    outer loop
      vertex 101.04 29.0999 15
      vertex 102.992 28.5001 15
      vertex 102.432 29.182 15
    endloop
  endfacet
  facet normal 0 0 1
    outer loop
      vertex 101.04 29.0999 15
      vertex 102.432 29.182 15
      vertex 101.75 29.7416 15
    endloop
  endfacet
  facet normal 0 0 1
    outer loop
      vertex 102.992 28.5001 15
      vertex 101.04 29.0999 15
      vertex 102.829 26 15
    endloop
  endfacet
  facet normal 0 0 1
    outer loop
      vertex 100.972 30.1575 15
      vertex 101.04 29.0999 15
      vertex 101.75 29.7416 15
    endloop
  endfacet
  facet normal 0 0 1
    outer loop
      vertex 100.128 30.4135 15
      vertex 101.04 29.0999 15
      vertex 100.972 30.1575 15
    endloop
  endfacet
  facet normal 0 0 1
    outer loop
      vertex 99.25 30.5 15
      vertex 101.04 29.0999 15
      vertex 100.128 30.4135 15
    endloop
  endfacet
  facet normal 0 0 1
    outer loop
      vertex 97.4603 29.0999 15
      vertex 99.25 30.5 15
      vertex 98.3721 30.4135 15
    endloop
  endfacet
  facet normal 0 0 1
    outer loop
      vertex 97.4603 29.0999 15
      vertex 98.3721 30.4135 15
      vertex 97.5279 30.1575 15
    endloop
  endfacet
  facet normal 0 0 1
    outer loop
      vertex 99.25 30.5 15
      vertex 97.4603 29.0999 15
      vertex 101.04 29.0999 15
    endloop
  endfacet
  facet normal -0 0 1
    outer loop
      vertex 96.7499 29.7416 15
      vertex 97.4603 29.0999 15
      vertex 97.5279 30.1575 15
    endloop
  endfacet
  facet normal -0 0 1
    outer loop
      vertex 96.068 29.182 15
      vertex 97.4603 29.0999 15
      vertex 96.7499 29.7416 15
    endloop
  endfacet
  facet normal 0 0 1
    outer loop
      vertex 95.5084 28.5001 15
      vertex 97.4603 29.0999 15
      vertex 96.068 29.182 15
    endloop
  endfacet
  facet normal 0 0 1
    outer loop
      vertex 97.4603 29.0999 15
      vertex 95.5084 28.5001 15
      vertex 95.6705 26 15
    endloop
  endfacet
  facet normal 0 0 1
    outer loop
      vertex 101.04 22.9001 15
      vertex 102.992 23.4999 15
      vertex 102.829 26 15
    endloop
  endfacet
  facet normal 0 0 1
    outer loop
      vertex 102.992 23.4999 15
      vertex 101.04 22.9001 15
      vertex 102.432 22.818 15
    endloop
  endfacet
  facet normal 0 0 1
    outer loop
      vertex 102.432 22.818 15
      vertex 101.04 22.9001 15
      vertex 101.75 22.2584 15
    endloop
  endfacet
  facet normal 0 0 1
    outer loop
      vertex 101.04 22.9001 15
      vertex 100.972 21.8425 15
      vertex 101.75 22.2584 15
    endloop
  endfacet
  facet normal 0 0 1
    outer loop
      vertex 101.04 22.9001 15
      vertex 100.128 21.5865 15
      vertex 100.972 21.8425 15
    endloop
  endfacet
  facet normal 0 0 1
    outer loop
      vertex 101.04 22.9001 15
      vertex 99.25 21.5 15
      vertex 100.128 21.5865 15
    endloop
  endfacet
  facet normal -0 0 1
    outer loop
      vertex 97.4603 22.9001 15
      vertex 99.25 21.5 15
      vertex 101.04 22.9001 15
    endloop
  endfacet
  facet normal 0 0 1
    outer loop
      vertex 99.25 21.5 15
      vertex 97.4603 22.9001 15
      vertex 98.3721 21.5865 15
    endloop
  endfacet
  facet normal 0 0 1
    outer loop
      vertex 98.3721 21.5865 15
      vertex 97.4603 22.9001 15
      vertex 97.5279 21.8425 15
    endloop
  endfacet
  facet normal 0 0 1
    outer loop
      vertex 97.4603 22.9001 15
      vertex 96.7499 22.2584 15
      vertex 97.5279 21.8425 15
    endloop
  endfacet
  facet normal 0 0 1
    outer loop
      vertex 97.4603 22.9001 15
      vertex 96.068 22.818 15
      vertex 96.7499 22.2584 15
    endloop
  endfacet
  facet normal -0 0 1
    outer loop
      vertex 95.5084 23.4999 15
      vertex 97.4603 22.9001 15
      vertex 95.6705 26 15
    endloop
  endfacet
  facet normal 0 0 1
    outer loop
      vertex 97.4603 22.9001 15
      vertex 95.5084 23.4999 15
      vertex 96.068 22.818 15
    endloop
  endfacet
  facet normal -0 0 1
    outer loop
      vertex 95.0925 27.7221 15
      vertex 95.6705 26 15
      vertex 95.5084 28.5001 15
    endloop
  endfacet
  facet normal -0 0 1
    outer loop
      vertex 94.8365 26.8779 15
      vertex 95.6705 26 15
      vertex 95.0925 27.7221 15
    endloop
  endfacet
  facet normal 0 0 1
    outer loop
      vertex 95.6705 26 15
      vertex 95.0925 24.2779 15
      vertex 95.5084 23.4999 15
    endloop
  endfacet
  facet normal 0 0 1
    outer loop
      vertex 94.75 26 15
      vertex 95.6705 26 15
      vertex 94.8365 26.8779 15
    endloop
  endfacet
  facet normal 0 0 1
    outer loop
      vertex 95.6705 26 15
      vertex 94.8365 25.1221 15
      vertex 95.0925 24.2779 15
    endloop
  endfacet
  facet normal 0 0 1
    outer loop
      vertex 95.6705 26 15
      vertex 94.75 26 15
      vertex 94.8365 25.1221 15
    endloop
  endfacet
  facet normal 0 1 -0
    outer loop
      vertex 101.04 22.9001 12
      vertex 97.4603 22.9001 15
      vertex 101.04 22.9001 15
    endloop
  endfacet
  facet normal 0 1 0
    outer loop
      vertex 97.4603 22.9001 15
      vertex 101.04 22.9001 12
      vertex 97.4603 22.9001 12
    endloop
  endfacet
  facet normal -0.866113 0.499847 0
    outer loop
      vertex 101.04 22.9001 12
      vertex 102.829 26 15
      vertex 102.829 26 12
    endloop
  endfacet
  facet normal -0.866113 0.499847 0
    outer loop
      vertex 102.829 26 15
      vertex 101.04 22.9001 12
      vertex 101.04 22.9001 15
    endloop
  endfacet
  facet normal 0 -1 0
    outer loop
      vertex 97.4603 29.0999 12
      vertex 101.04 29.0999 15
      vertex 97.4603 29.0999 15
    endloop
  endfacet
  facet normal 0 -1 -0
    outer loop
      vertex 101.04 29.0999 15
      vertex 97.4603 29.0999 12
      vertex 101.04 29.0999 12
    endloop
  endfacet
  facet normal -0.866113 -0.499847 0
    outer loop
      vertex 102.829 26 12
      vertex 101.04 29.0999 15
      vertex 101.04 29.0999 12
    endloop
  endfacet
  facet normal -0.866113 -0.499847 0
    outer loop
      vertex 101.04 29.0999 15
      vertex 102.829 26 12
      vertex 102.829 26 15
    endloop
  endfacet
  facet normal 0.866017 -0.500015 0
    outer loop
      vertex 95.6705 26 15
      vertex 97.4603 29.0999 12
      vertex 97.4603 29.0999 15
    endloop
  endfacet
  facet normal 0.866017 -0.500015 0
    outer loop
      vertex 97.4603 29.0999 12
      vertex 95.6705 26 15
      vertex 95.6705 26 12
    endloop
  endfacet
  facet normal 0.866017 0.500015 0
    outer loop
      vertex 97.4603 22.9001 15
      vertex 95.6705 26 12
      vertex 95.6705 26 15
    endloop
  endfacet
  facet normal 0.866017 0.500015 0
    outer loop
      vertex 95.6705 26 12
      vertex 97.4603 22.9001 15
      vertex 97.4603 22.9001 12
    endloop
  endfacet
  facet normal -0 0 1
    outer loop
      vertex 100.722 26.85 12
      vertex 102.829 26 12
      vertex 101.04 29.0999 12
    endloop
  endfacet
  facet normal 0 0 1
    outer loop
      vertex 100.935 25.7781 12
      vertex 102.829 26 12
      vertex 100.95 26 12
    endloop
  endfacet
  facet normal 0 0 1
    outer loop
      vertex 102.829 26 12
      vertex 100.935 26.2219 12
      vertex 100.95 26 12
    endloop
  endfacet
  facet normal 0 0 1
    outer loop
      vertex 102.829 26 12
      vertex 100.892 26.44 12
      vertex 100.935 26.2219 12
    endloop
  endfacet
  facet normal 0 0 1
    outer loop
      vertex 102.829 26 12
      vertex 100.821 26.6506 12
      vertex 100.892 26.44 12
    endloop
  endfacet
  facet normal 0 0 1
    outer loop
      vertex 102.829 26 12
      vertex 100.722 26.85 12
      vertex 100.821 26.6506 12
    endloop
  endfacet
  facet normal 0 0 1
    outer loop
      vertex 101.04 29.0999 12
      vertex 100.599 27.0349 12
      vertex 100.722 26.85 12
    endloop
  endfacet
  facet normal 0 0 1
    outer loop
      vertex 101.04 29.0999 12
      vertex 100.452 27.2021 12
      vertex 100.599 27.0349 12
    endloop
  endfacet
  facet normal 0 0 1
    outer loop
      vertex 101.04 29.0999 12
      vertex 100.285 27.3487 12
      vertex 100.452 27.2021 12
    endloop
  endfacet
  facet normal 0 0 1
    outer loop
      vertex 101.04 29.0999 12
      vertex 100.1 27.4722 12
      vertex 100.285 27.3487 12
    endloop
  endfacet
  facet normal 0 0 1
    outer loop
      vertex 101.04 29.0999 12
      vertex 99.9006 27.5706 12
      vertex 100.1 27.4722 12
    endloop
  endfacet
  facet normal 0 0 1
    outer loop
      vertex 101.04 29.0999 12
      vertex 99.69 27.6421 12
      vertex 99.9006 27.5706 12
    endloop
  endfacet
  facet normal 0 0 1
    outer loop
      vertex 101.04 29.0999 12
      vertex 99.4719 27.6855 12
      vertex 99.69 27.6421 12
    endloop
  endfacet
  facet normal 0 0 1
    outer loop
      vertex 101.04 29.0999 12
      vertex 99.25 27.7 12
      vertex 99.4719 27.6855 12
    endloop
  endfacet
  facet normal -0 0 1
    outer loop
      vertex 97.4603 29.0999 12
      vertex 99.25 27.7 12
      vertex 101.04 29.0999 12
    endloop
  endfacet
  facet normal 0 0 1
    outer loop
      vertex 99.25 27.7 12
      vertex 97.4603 29.0999 12
      vertex 99.0281 27.6855 12
    endloop
  endfacet
  facet normal 0 0 1
    outer loop
      vertex 99.0281 27.6855 12
      vertex 97.4603 29.0999 12
      vertex 98.81 27.6421 12
    endloop
  endfacet
  facet normal 0 0 1
    outer loop
      vertex 98.81 27.6421 12
      vertex 97.4603 29.0999 12
      vertex 98.5994 27.5706 12
    endloop
  endfacet
  facet normal 0 0 1
    outer loop
      vertex 97.6079 26.44 12
      vertex 95.6705 26 12
      vertex 97.5645 26.2219 12
    endloop
  endfacet
  facet normal 0 0 1
    outer loop
      vertex 97.6794 26.6506 12
      vertex 95.6705 26 12
      vertex 97.6079 26.44 12
    endloop
  endfacet
  facet normal 0 0 1
    outer loop
      vertex 97.7778 26.85 12
      vertex 95.6705 26 12
      vertex 97.6794 26.6506 12
    endloop
  endfacet
  facet normal 0 0 1
    outer loop
      vertex 95.6705 26 12
      vertex 97.7778 26.85 12
      vertex 97.4603 29.0999 12
    endloop
  endfacet
  facet normal 0 0 1
    outer loop
      vertex 97.9013 27.0349 12
      vertex 97.4603 29.0999 12
      vertex 97.7778 26.85 12
    endloop
  endfacet
  facet normal 0 0 1
    outer loop
      vertex 98.0479 27.2021 12
      vertex 97.4603 29.0999 12
      vertex 97.9013 27.0349 12
    endloop
  endfacet
  facet normal 0 0 1
    outer loop
      vertex 98.2151 27.3487 12
      vertex 97.4603 29.0999 12
      vertex 98.0479 27.2021 12
    endloop
  endfacet
  facet normal 0 0 1
    outer loop
      vertex 98.4 27.4722 12
      vertex 97.4603 29.0999 12
      vertex 98.2151 27.3487 12
    endloop
  endfacet
  facet normal 0 0 1
    outer loop
      vertex 98.5994 27.5706 12
      vertex 97.4603 29.0999 12
      vertex 98.4 27.4722 12
    endloop
  endfacet
  facet normal 0 0 1
    outer loop
      vertex 100.892 25.56 12
      vertex 102.829 26 12
      vertex 100.935 25.7781 12
    endloop
  endfacet
  facet normal 0 0 1
    outer loop
      vertex 100.821 25.3494 12
      vertex 102.829 26 12
      vertex 100.892 25.56 12
    endloop
  endfacet
  facet normal 0 0 1
    outer loop
      vertex 100.722 25.15 12
      vertex 102.829 26 12
      vertex 100.821 25.3494 12
    endloop
  endfacet
  facet normal 0 0 1
    outer loop
      vertex 102.829 26 12
      vertex 100.722 25.15 12
      vertex 101.04 22.9001 12
    endloop
  endfacet
  facet normal -0 0 1
    outer loop
      vertex 100.599 24.9651 12
      vertex 101.04 22.9001 12
      vertex 100.722 25.15 12
    endloop
  endfacet
  facet normal -0 0 1
    outer loop
      vertex 100.452 24.7979 12
      vertex 101.04 22.9001 12
      vertex 100.599 24.9651 12
    endloop
  endfacet
  facet normal -0 0 1
    outer loop
      vertex 100.285 24.6513 12
      vertex 101.04 22.9001 12
      vertex 100.452 24.7979 12
    endloop
  endfacet
  facet normal -0 0 1
    outer loop
      vertex 100.1 24.5278 12
      vertex 101.04 22.9001 12
      vertex 100.285 24.6513 12
    endloop
  endfacet
  facet normal -0 0 1
    outer loop
      vertex 99.9006 24.4294 12
      vertex 101.04 22.9001 12
      vertex 100.1 24.5278 12
    endloop
  endfacet
  facet normal -0 0 1
    outer loop
      vertex 99.69 24.3579 12
      vertex 101.04 22.9001 12
      vertex 99.9006 24.4294 12
    endloop
  endfacet
  facet normal -0 0 1
    outer loop
      vertex 99.4719 24.3145 12
      vertex 101.04 22.9001 12
      vertex 99.69 24.3579 12
    endloop
  endfacet
  facet normal -0 0 1
    outer loop
      vertex 99.25 24.3 12
      vertex 101.04 22.9001 12
      vertex 99.4719 24.3145 12
    endloop
  endfacet
  facet normal 0 0 1
    outer loop
      vertex 97.4603 22.9001 12
      vertex 99.25 24.3 12
      vertex 99.0281 24.3145 12
    endloop
  endfacet
  facet normal 0 0 1
    outer loop
      vertex 97.4603 22.9001 12
      vertex 99.0281 24.3145 12
      vertex 98.81 24.3579 12
    endloop
  endfacet
  facet normal 0 0 1
    outer loop
      vertex 97.4603 22.9001 12
      vertex 98.81 24.3579 12
      vertex 98.5994 24.4294 12
    endloop
  endfacet
  facet normal 0 0 1
    outer loop
      vertex 97.4603 22.9001 12
      vertex 98.5994 24.4294 12
      vertex 98.4 24.5278 12
    endloop
  endfacet
  facet normal 0 0 1
    outer loop
      vertex 99.25 24.3 12
      vertex 97.4603 22.9001 12
      vertex 101.04 22.9001 12
    endloop
  endfacet
  facet normal 0 0 1
    outer loop
      vertex 98.2151 24.6513 12
      vertex 97.4603 22.9001 12
      vertex 98.4 24.5278 12
    endloop
  endfacet
  facet normal 0 0 1
    outer loop
      vertex 98.0479 24.7979 12
      vertex 97.4603 22.9001 12
      vertex 98.2151 24.6513 12
    endloop
  endfacet
  facet normal 0 0 1
    outer loop
      vertex 97.9013 24.9651 12
      vertex 97.4603 22.9001 12
      vertex 98.0479 24.7979 12
    endloop
  endfacet
  facet normal 0 0 1
    outer loop
      vertex 97.7778 25.15 12
      vertex 97.4603 22.9001 12
      vertex 97.9013 24.9651 12
    endloop
  endfacet
  facet normal 0 0 1
    outer loop
      vertex 95.6705 26 12
      vertex 97.7778 25.15 12
      vertex 97.6794 25.3494 12
    endloop
  endfacet
  facet normal 0 0 1
    outer loop
      vertex 95.6705 26 12
      vertex 97.6794 25.3494 12
      vertex 97.6079 25.56 12
    endloop
  endfacet
  facet normal 0 0 1
    outer loop
      vertex 95.6705 26 12
      vertex 97.6079 25.56 12
      vertex 97.5645 25.7781 12
    endloop
  endfacet
  facet normal -0 0 1
    outer loop
      vertex 95.6705 26 12
      vertex 97.5645 25.7781 12
      vertex 97.55 26 12
    endloop
  endfacet
  facet normal 0 0 1
    outer loop
      vertex 97.5645 26.2219 12
      vertex 95.6705 26 12
      vertex 97.55 26 12
    endloop
  endfacet
  facet normal 0 0 1
    outer loop
      vertex 97.7778 25.15 12
      vertex 95.6705 26 12
      vertex 97.4603 22.9001 12
    endloop
  endfacet
  facet normal -0.981113 -0.193434 0
    outer loop
      vertex 100.935 26.2219 5
      vertex 100.892 26.44 12
      vertex 100.892 26.44 5
    endloop
  endfacet
  facet normal -0.981113 -0.193434 0
    outer loop
      vertex 100.892 26.44 12
      vertex 100.935 26.2219 5
      vertex 100.935 26.2219 12
    endloop
  endfacet
  facet normal -0.997723 -0.0674441 0
    outer loop
      vertex 100.95 26 5
      vertex 100.935 26.2219 12
      vertex 100.935 26.2219 5
    endloop
  endfacet
  facet normal -0.997723 -0.0674441 0
    outer loop
      vertex 100.935 26.2219 12
      vertex 100.95 26 5
      vertex 100.95 26 12
    endloop
  endfacet
  facet normal -0.0652057 0.997872 0
    outer loop
      vertex 99.4719 24.3145 5
      vertex 99.25 24.3 12
      vertex 99.4719 24.3145 12
    endloop
  endfacet
  facet normal -0.0652057 0.997872 0
    outer loop
      vertex 99.25 24.3 12
      vertex 99.4719 24.3145 5
      vertex 99.25 24.3 5
    endloop
  endfacet
  facet normal 0.659268 -0.751908 0
    outer loop
      vertex 98.0479 27.2021 5
      vertex 98.2151 27.3487 12
      vertex 98.0479 27.2021 12
    endloop
  endfacet
  facet normal 0.659268 -0.751908 0
    outer loop
      vertex 98.2151 27.3487 12
      vertex 98.0479 27.2021 5
      vertex 98.2151 27.3487 5
    endloop
  endfacet
  facet normal 0.831566 0.555426 0
    outer loop
      vertex 97.9013 24.9651 12
      vertex 97.7778 25.15 5
      vertex 97.7778 25.15 12
    endloop
  endfacet
  facet normal 0.831566 0.555426 0
    outer loop
      vertex 97.7778 25.15 5
      vertex 97.9013 24.9651 12
      vertex 97.9013 24.9651 5
    endloop
  endfacet
  facet normal 0.195165 0.98077 -0
    outer loop
      vertex 99.0281 24.3145 5
      vertex 98.81 24.3579 12
      vertex 99.0281 24.3145 12
    endloop
  endfacet
  facet normal 0.195165 0.98077 0
    outer loop
      vertex 98.81 24.3579 12
      vertex 99.0281 24.3145 5
      vertex 98.81 24.3579 5
    endloop
  endfacet
  facet normal -0.659714 -0.751516 0
    outer loop
      vertex 100.285 27.3487 5
      vertex 100.452 27.2021 12
      vertex 100.285 27.3487 12
    endloop
  endfacet
  facet normal -0.659714 -0.751516 -0
    outer loop
      vertex 100.452 27.2021 12
      vertex 100.285 27.3487 5
      vertex 100.452 27.2021 5
    endloop
  endfacet
  facet normal -0.947598 0.319466 0
    outer loop
      vertex 100.821 25.3494 5
      vertex 100.892 25.56 12
      vertex 100.892 25.56 5
    endloop
  endfacet
  facet normal -0.947598 0.319466 0
    outer loop
      vertex 100.892 25.56 12
      vertex 100.821 25.3494 5
      vertex 100.821 25.3494 12
    endloop
  endfacet
  facet normal -0.751016 0.660284 0
    outer loop
      vertex 100.452 24.7979 5
      vertex 100.599 24.9651 12
      vertex 100.599 24.9651 5
    endloop
  endfacet
  facet normal -0.751016 0.660284 0
    outer loop
      vertex 100.599 24.9651 12
      vertex 100.452 24.7979 5
      vertex 100.452 24.7979 12
    endloop
  endfacet
  facet normal -0.751016 -0.660284 0
    outer loop
      vertex 100.599 27.0349 5
      vertex 100.452 27.2021 12
      vertex 100.452 27.2021 5
    endloop
  endfacet
  facet normal -0.751016 -0.660284 0
    outer loop
      vertex 100.452 27.2021 12
      vertex 100.599 27.0349 5
      vertex 100.599 27.0349 12
    endloop
  endfacet
  facet normal 0.946915 0.321484 0
    outer loop
      vertex 97.6794 25.3494 12
      vertex 97.6079 25.56 5
      vertex 97.6079 25.56 12
    endloop
  endfacet
  facet normal 0.946915 0.321484 0
    outer loop
      vertex 97.6079 25.56 5
      vertex 97.6794 25.3494 12
      vertex 97.6794 25.3494 5
    endloop
  endfacet
  facet normal -0.321484 0.946915 0
    outer loop
      vertex 99.9006 24.4294 5
      vertex 99.69 24.3579 12
      vertex 99.9006 24.4294 12
    endloop
  endfacet
  facet normal -0.321484 0.946915 0
    outer loop
      vertex 99.69 24.3579 12
      vertex 99.9006 24.4294 5
      vertex 99.69 24.3579 5
    endloop
  endfacet
  facet normal 0.0652057 0.997872 -0
    outer loop
      vertex 99.25 24.3 5
      vertex 99.0281 24.3145 12
      vertex 99.25 24.3 12
    endloop
  endfacet
  facet normal 0.0652057 0.997872 0
    outer loop
      vertex 99.0281 24.3145 12
      vertex 99.25 24.3 5
      vertex 99.0281 24.3145 5
    endloop
  endfacet
  facet normal 0.321484 -0.946915 0
    outer loop
      vertex 98.5994 27.5706 5
      vertex 98.81 27.6421 12
      vertex 98.5994 27.5706 12
    endloop
  endfacet
  facet normal 0.321484 -0.946915 0
    outer loop
      vertex 98.81 27.6421 12
      vertex 98.5994 27.5706 5
      vertex 98.81 27.6421 5
    endloop
  endfacet
  facet normal 0.751908 -0.659268 0
    outer loop
      vertex 97.9013 27.0349 12
      vertex 98.0479 27.2021 5
      vertex 98.0479 27.2021 12
    endloop
  endfacet
  facet normal 0.751908 -0.659268 0
    outer loop
      vertex 98.0479 27.2021 5
      vertex 97.9013 27.0349 12
      vertex 97.9013 27.0349 5
    endloop
  endfacet
  facet normal 0.44253 0.896754 -0
    outer loop
      vertex 98.5994 24.4294 5
      vertex 98.4 24.5278 12
      vertex 98.5994 24.4294 12
    endloop
  endfacet
  facet normal 0.44253 0.896754 0
    outer loop
      vertex 98.4 24.5278 12
      vertex 98.5994 24.4294 5
      vertex 98.4 24.5278 5
    endloop
  endfacet
  facet normal 0.0652057 -0.997872 0
    outer loop
      vertex 99.0281 27.6855 5
      vertex 99.25 27.7 12
      vertex 99.0281 27.6855 12
    endloop
  endfacet
  facet normal 0.0652057 -0.997872 0
    outer loop
      vertex 99.25 27.7 12
      vertex 99.0281 27.6855 5
      vertex 99.25 27.7 5
    endloop
  endfacet
  facet normal -0.895681 0.444696 0
    outer loop
      vertex 100.722 25.15 5
      vertex 100.821 25.3494 12
      vertex 100.821 25.3494 5
    endloop
  endfacet
  facet normal -0.895681 0.444696 0
    outer loop
      vertex 100.821 25.3494 12
      vertex 100.722 25.15 5
      vertex 100.722 25.15 12
    endloop
  endfacet
  facet normal -0.555219 0.831704 0
    outer loop
      vertex 100.285 24.6513 5
      vertex 100.1 24.5278 12
      vertex 100.285 24.6513 12
    endloop
  endfacet
  facet normal -0.555219 0.831704 0
    outer loop
      vertex 100.1 24.5278 12
      vertex 100.285 24.6513 5
      vertex 100.1 24.5278 5
    endloop
  endfacet
  facet normal 0.98077 0.195165 0
    outer loop
      vertex 97.6079 25.56 12
      vertex 97.5645 25.7781 5
      vertex 97.5645 25.7781 12
    endloop
  endfacet
  facet normal 0.98077 0.195165 0
    outer loop
      vertex 97.5645 25.7781 5
      vertex 97.6079 25.56 12
      vertex 97.6079 25.56 5
    endloop
  endfacet
  facet normal 0.751908 0.659268 0
    outer loop
      vertex 98.0479 24.7979 12
      vertex 97.9013 24.9651 5
      vertex 97.9013 24.9651 12
    endloop
  endfacet
  facet normal 0.751908 0.659268 0
    outer loop
      vertex 97.9013 24.9651 5
      vertex 98.0479 24.7979 12
      vertex 98.0479 24.7979 5
    endloop
  endfacet
  facet normal -0.195165 -0.98077 0
    outer loop
      vertex 99.4719 27.6855 5
      vertex 99.69 27.6421 12
      vertex 99.4719 27.6855 12
    endloop
  endfacet
  facet normal -0.195165 -0.98077 -0
    outer loop
      vertex 99.69 27.6421 12
      vertex 99.4719 27.6855 5
      vertex 99.69 27.6421 5
    endloop
  endfacet
  facet normal -0.832604 -0.553869 0
    outer loop
      vertex 100.722 26.85 5
      vertex 100.599 27.0349 12
      vertex 100.599 27.0349 5
    endloop
  endfacet
  facet normal -0.832604 -0.553869 0
    outer loop
      vertex 100.599 27.0349 12
      vertex 100.722 26.85 5
      vertex 100.722 26.85 12
    endloop
  endfacet
  facet normal -0.997723 0.0674441 0
    outer loop
      vertex 100.935 25.7781 5
      vertex 100.95 26 12
      vertex 100.95 26 5
    endloop
  endfacet
  facet normal -0.997723 0.0674441 0
    outer loop
      vertex 100.95 26 12
      vertex 100.935 25.7781 5
      vertex 100.935 25.7781 12
    endloop
  endfacet
  facet normal -0.321484 -0.946915 0
    outer loop
      vertex 99.69 27.6421 5
      vertex 99.9006 27.5706 12
      vertex 99.69 27.6421 12
    endloop
  endfacet
  facet normal -0.321484 -0.946915 -0
    outer loop
      vertex 99.9006 27.5706 12
      vertex 99.69 27.6421 5
      vertex 99.9006 27.5706 5
    endloop
  endfacet
  facet normal -0.555219 -0.831704 0
    outer loop
      vertex 100.1 27.4722 5
      vertex 100.285 27.3487 12
      vertex 100.1 27.4722 12
    endloop
  endfacet
  facet normal -0.555219 -0.831704 -0
    outer loop
      vertex 100.285 27.3487 12
      vertex 100.1 27.4722 5
      vertex 100.285 27.3487 5
    endloop
  endfacet
  facet normal 0.195165 -0.98077 0
    outer loop
      vertex 98.81 27.6421 5
      vertex 99.0281 27.6855 12
      vertex 98.81 27.6421 12
    endloop
  endfacet
  facet normal 0.195165 -0.98077 0
    outer loop
      vertex 99.0281 27.6855 12
      vertex 98.81 27.6421 5
      vertex 99.0281 27.6855 5
    endloop
  endfacet
  facet normal -0.659714 0.751516 0
    outer loop
      vertex 100.452 24.7979 5
      vertex 100.285 24.6513 12
      vertex 100.452 24.7979 12
    endloop
  endfacet
  facet normal -0.659714 0.751516 0
    outer loop
      vertex 100.285 24.6513 12
      vertex 100.452 24.7979 5
      vertex 100.285 24.6513 5
    endloop
  endfacet
  facet normal 0.896754 -0.44253 0
    outer loop
      vertex 97.6794 26.6506 12
      vertex 97.7778 26.85 5
      vertex 97.7778 26.85 12
    endloop
  endfacet
  facet normal 0.896754 -0.44253 0
    outer loop
      vertex 97.7778 26.85 5
      vertex 97.6794 26.6506 12
      vertex 97.6794 26.6506 5
    endloop
  endfacet
  facet normal -0.981113 0.193434 0
    outer loop
      vertex 100.892 25.56 5
      vertex 100.935 25.7781 12
      vertex 100.935 25.7781 5
    endloop
  endfacet
  facet normal -0.981113 0.193434 0
    outer loop
      vertex 100.935 25.7781 12
      vertex 100.892 25.56 5
      vertex 100.892 25.56 12
    endloop
  endfacet
  facet normal -0.195165 0.98077 0
    outer loop
      vertex 99.69 24.3579 5
      vertex 99.4719 24.3145 12
      vertex 99.69 24.3579 12
    endloop
  endfacet
  facet normal -0.195165 0.98077 0
    outer loop
      vertex 99.4719 24.3145 12
      vertex 99.69 24.3579 5
      vertex 99.4719 24.3145 5
    endloop
  endfacet
  facet normal 0.659268 0.751908 -0
    outer loop
      vertex 98.2151 24.6513 5
      vertex 98.0479 24.7979 12
      vertex 98.2151 24.6513 12
    endloop
  endfacet
  facet normal 0.659268 0.751908 0
    outer loop
      vertex 98.0479 24.7979 12
      vertex 98.2151 24.6513 5
      vertex 98.0479 24.7979 5
    endloop
  endfacet
  facet normal -0.0652057 -0.997872 0
    outer loop
      vertex 99.25 27.7 5
      vertex 99.4719 27.6855 12
      vertex 99.25 27.7 12
    endloop
  endfacet
  facet normal -0.0652057 -0.997872 -0
    outer loop
      vertex 99.4719 27.6855 12
      vertex 99.25 27.7 5
      vertex 99.4719 27.6855 5
    endloop
  endfacet
  facet normal -0.44253 -0.896754 0
    outer loop
      vertex 99.9006 27.5706 5
      vertex 100.1 27.4722 12
      vertex 99.9006 27.5706 12
    endloop
  endfacet
  facet normal -0.44253 -0.896754 -0
    outer loop
      vertex 100.1 27.4722 12
      vertex 99.9006 27.5706 5
      vertex 100.1 27.4722 5
    endloop
  endfacet
  facet normal -0.832604 0.553869 0
    outer loop
      vertex 100.599 24.9651 5
      vertex 100.722 25.15 12
      vertex 100.722 25.15 5
    endloop
  endfacet
  facet normal -0.832604 0.553869 0
    outer loop
      vertex 100.722 25.15 12
      vertex 100.599 24.9651 5
      vertex 100.599 24.9651 12
    endloop
  endfacet
  facet normal 0.997872 0.0652057 0
    outer loop
      vertex 97.5645 25.7781 12
      vertex 97.55 26 5
      vertex 97.55 26 12
    endloop
  endfacet
  facet normal 0.997872 0.0652057 0
    outer loop
      vertex 97.55 26 5
      vertex 97.5645 25.7781 12
      vertex 97.5645 25.7781 5
    endloop
  endfacet
  facet normal -0.44253 0.896754 0
    outer loop
      vertex 100.1 24.5278 5
      vertex 99.9006 24.4294 12
      vertex 100.1 24.5278 12
    endloop
  endfacet
  facet normal -0.44253 0.896754 0
    outer loop
      vertex 99.9006 24.4294 12
      vertex 100.1 24.5278 5
      vertex 99.9006 24.4294 5
    endloop
  endfacet
  facet normal 0.98077 -0.195165 0
    outer loop
      vertex 97.5645 26.2219 12
      vertex 97.6079 26.44 5
      vertex 97.6079 26.44 12
    endloop
  endfacet
  facet normal 0.98077 -0.195165 0
    outer loop
      vertex 97.6079 26.44 5
      vertex 97.5645 26.2219 12
      vertex 97.5645 26.2219 5
    endloop
  endfacet
  facet normal 0.896754 0.44253 0
    outer loop
      vertex 97.7778 25.15 12
      vertex 97.6794 25.3494 5
      vertex 97.6794 25.3494 12
    endloop
  endfacet
  facet normal 0.896754 0.44253 0
    outer loop
      vertex 97.6794 25.3494 5
      vertex 97.7778 25.15 12
      vertex 97.7778 25.15 5
    endloop
  endfacet
  facet normal 0.946915 -0.321484 0
    outer loop
      vertex 97.6079 26.44 12
      vertex 97.6794 26.6506 5
      vertex 97.6794 26.6506 12
    endloop
  endfacet
  facet normal 0.946915 -0.321484 0
    outer loop
      vertex 97.6794 26.6506 5
      vertex 97.6079 26.44 12
      vertex 97.6079 26.44 5
    endloop
  endfacet
  facet normal -0.895681 -0.444696 0
    outer loop
      vertex 100.821 26.6506 5
      vertex 100.722 26.85 12
      vertex 100.722 26.85 5
    endloop
  endfacet
  facet normal -0.895681 -0.444696 0
    outer loop
      vertex 100.722 26.85 12
      vertex 100.821 26.6506 5
      vertex 100.821 26.6506 12
    endloop
  endfacet
  facet normal -0.947598 -0.319466 0
    outer loop
      vertex 100.892 26.44 5
      vertex 100.821 26.6506 12
      vertex 100.821 26.6506 5
    endloop
  endfacet
  facet normal -0.947598 -0.319466 0
    outer loop
      vertex 100.821 26.6506 12
      vertex 100.892 26.44 5
      vertex 100.892 26.44 12
    endloop
  endfacet
  facet normal 0.997872 -0.0652057 0
    outer loop
      vertex 97.55 26 12
      vertex 97.5645 26.2219 5
      vertex 97.5645 26.2219 12
    endloop
  endfacet
  facet normal 0.997872 -0.0652057 0
    outer loop
      vertex 97.5645 26.2219 5
      vertex 97.55 26 12
      vertex 97.55 26 5
    endloop
  endfacet
  facet normal 0.321484 0.946915 -0
    outer loop
      vertex 98.81 24.3579 5
      vertex 98.5994 24.4294 12
      vertex 98.81 24.3579 12
    endloop
  endfacet
  facet normal 0.321484 0.946915 0
    outer loop
      vertex 98.5994 24.4294 12
      vertex 98.81 24.3579 5
      vertex 98.5994 24.4294 5
    endloop
  endfacet
  facet normal 0.44253 -0.896754 0
    outer loop
      vertex 98.4 27.4722 5
      vertex 98.5994 27.5706 12
      vertex 98.4 27.4722 12
    endloop
  endfacet
  facet normal 0.44253 -0.896754 0
    outer loop
      vertex 98.5994 27.5706 12
      vertex 98.4 27.4722 5
      vertex 98.5994 27.5706 5
    endloop
  endfacet
  facet normal 0.555426 -0.831566 0
    outer loop
      vertex 98.2151 27.3487 5
      vertex 98.4 27.4722 12
      vertex 98.2151 27.3487 12
    endloop
  endfacet
  facet normal 0.555426 -0.831566 0
    outer loop
      vertex 98.4 27.4722 12
      vertex 98.2151 27.3487 5
      vertex 98.4 27.4722 5
    endloop
  endfacet
  facet normal 0.831566 -0.555426 0
    outer loop
      vertex 97.7778 26.85 12
      vertex 97.9013 27.0349 5
      vertex 97.9013 27.0349 12
    endloop
  endfacet
  facet normal 0.831566 -0.555426 0
    outer loop
      vertex 97.9013 27.0349 5
      vertex 97.7778 26.85 12
      vertex 97.7778 26.85 5
    endloop
  endfacet
  facet normal 0.555426 0.831566 -0
    outer loop
      vertex 98.4 24.5278 5
      vertex 98.2151 24.6513 12
      vertex 98.4 24.5278 12
    endloop
  endfacet
  facet normal 0.555426 0.831566 0
    outer loop
      vertex 98.2151 24.6513 12
      vertex 98.4 24.5278 5
      vertex 98.2151 24.6513 5
    endloop
  endfacet
  facet normal -0.471441 0.881898 0
    outer loop
      vertex 97.5279 88.1575 5
      vertex 96.7499 87.7416 15
      vertex 97.5279 88.1575 15
    endloop
  endfacet
  facet normal -0.471441 0.881898 0
    outer loop
      vertex 96.7499 87.7416 15
      vertex 97.5279 88.1575 5
      vertex 96.7499 87.7416 5
    endloop
  endfacet
  facet normal -0.881898 0.471441 0
    outer loop
      vertex 95.0925 85.7221 5
      vertex 95.5084 86.5001 15
      vertex 95.5084 86.5001 5
    endloop
  endfacet
  facet normal -0.881898 0.471441 0
    outer loop
      vertex 95.5084 86.5001 15
      vertex 95.0925 85.7221 5
      vertex 95.0925 85.7221 15
    endloop
  endfacet
  facet normal 0.290259 -0.956948 0
    outer loop
      vertex 100.128 79.5865 5
      vertex 100.972 79.8425 15
      vertex 100.128 79.5865 15
    endloop
  endfacet
  facet normal 0.290259 -0.956948 0
    outer loop
      vertex 100.972 79.8425 15
      vertex 100.128 79.5865 5
      vertex 100.972 79.8425 5
    endloop
  endfacet
  facet normal 0.995236 0.0974944 0
    outer loop
      vertex 103.75 84 15
      vertex 103.664 84.8779 9
      vertex 103.664 84.8779 15
    endloop
  endfacet
  facet normal 0.995236 0.0974944 0
    outer loop
      vertex 103.664 84.8779 9
      vertex 103.75 84 15
      vertex 103.75 84 9
    endloop
  endfacet
  facet normal 0.772749 -0.634712 0
    outer loop
      vertex 102.992 81.4999 15
      vertex 102.5 80.9009 9
      vertex 102.992 81.4999 9
    endloop
  endfacet
  facet normal 0.7728 -0.63465 -1.03508e-05
    outer loop
      vertex 102.432 80.818 15
      vertex 102.5 80.9009 9
      vertex 102.992 81.4999 15
    endloop
  endfacet
  facet normal 0.773167 -0.634202 0
    outer loop
      vertex 102.432 80.818 5
      vertex 102.5 80.9009 9
      vertex 102.432 80.818 15
    endloop
  endfacet
  facet normal 0.773167 -0.634202 0
    outer loop
      vertex 102.5 80.9009 9
      vertex 102.432 80.818 5
      vertex 102.5 80.9009 5
    endloop
  endfacet
  facet normal 0.995236 -0.0974944 0
    outer loop
      vertex 103.664 83.1221 15
      vertex 103.75 84 9
      vertex 103.75 84 15
    endloop
  endfacet
  facet normal 0.995236 -0.0974944 0
    outer loop
      vertex 103.75 84 9
      vertex 103.664 83.1221 15
      vertex 103.664 83.1221 9
    endloop
  endfacet
  facet normal 0.634324 -0.773068 0
    outer loop
      vertex 101.75 80.2584 5
      vertex 102.432 80.818 15
      vertex 101.75 80.2584 15
    endloop
  endfacet
  facet normal 0.634324 -0.773068 0
    outer loop
      vertex 102.432 80.818 15
      vertex 101.75 80.2584 5
      vertex 102.432 80.818 5
    endloop
  endfacet
  facet normal 0.0980447 -0.995182 0
    outer loop
      vertex 99.25 79.5 5
      vertex 100.128 79.5865 15
      vertex 99.25 79.5 15
    endloop
  endfacet
  facet normal 0.0980447 -0.995182 0
    outer loop
      vertex 100.128 79.5865 15
      vertex 99.25 79.5 5
      vertex 100.128 79.5865 5
    endloop
  endfacet
  facet normal -0.471441 -0.881898 0
    outer loop
      vertex 96.7499 80.2584 5
      vertex 97.5279 79.8425 15
      vertex 96.7499 80.2584 15
    endloop
  endfacet
  facet normal -0.471441 -0.881898 -0
    outer loop
      vertex 97.5279 79.8425 15
      vertex 96.7499 80.2584 5
      vertex 97.5279 79.8425 5
    endloop
  endfacet
  facet normal 0.956652 0.291234 0
    outer loop
      vertex 103.664 84.8779 15
      vertex 103.407 85.7221 9
      vertex 103.407 85.7221 15
    endloop
  endfacet
  facet normal 0.956652 0.291234 0
    outer loop
      vertex 103.407 85.7221 9
      vertex 103.664 84.8779 15
      vertex 103.664 84.8779 9
    endloop
  endfacet
  facet normal 0.0980447 0.995182 -0
    outer loop
      vertex 100.128 88.4135 5
      vertex 99.25 88.5 15
      vertex 100.128 88.4135 15
    endloop
  endfacet
  facet normal 0.0980447 0.995182 0
    outer loop
      vertex 99.25 88.5 15
      vertex 100.128 88.4135 5
      vertex 99.25 88.5 5
    endloop
  endfacet
  facet normal -0.995181 0.0980558 0
    outer loop
      vertex 94.75 84 5
      vertex 94.8365 84.8779 15
      vertex 94.8365 84.8779 5
    endloop
  endfacet
  facet normal -0.995181 0.0980558 0
    outer loop
      vertex 94.8365 84.8779 15
      vertex 94.75 84 5
      vertex 94.75 84 15
    endloop
  endfacet
  facet normal 0.471441 0.881898 -0
    outer loop
      vertex 101.75 87.7416 5
      vertex 100.972 88.1575 15
      vertex 101.75 87.7416 15
    endloop
  endfacet
  facet normal 0.471441 0.881898 0
    outer loop
      vertex 100.972 88.1575 15
      vertex 101.75 87.7416 5
      vertex 100.972 88.1575 5
    endloop
  endfacet
  facet normal -0.634379 -0.773022 0
    outer loop
      vertex 96.068 80.818 5
      vertex 96.7499 80.2584 15
      vertex 96.068 80.818 15
    endloop
  endfacet
  facet normal -0.634379 -0.773022 -0
    outer loop
      vertex 96.7499 80.2584 15
      vertex 96.068 80.818 5
      vertex 96.7499 80.2584 5
    endloop
  endfacet
  facet normal -0.0980558 0.995181 0
    outer loop
      vertex 99.25 88.5 5
      vertex 98.3721 88.4135 15
      vertex 99.25 88.5 15
    endloop
  endfacet
  facet normal -0.0980558 0.995181 0
    outer loop
      vertex 98.3721 88.4135 15
      vertex 99.25 88.5 5
      vertex 98.3721 88.4135 5
    endloop
  endfacet
  facet normal -0.995181 -0.0980558 0
    outer loop
      vertex 94.8365 83.1221 5
      vertex 94.75 84 15
      vertex 94.75 84 5
    endloop
  endfacet
  facet normal -0.995181 -0.0980558 0
    outer loop
      vertex 94.75 84 15
      vertex 94.8365 83.1221 5
      vertex 94.8365 83.1221 15
    endloop
  endfacet
  facet normal -0.290196 -0.956967 0
    outer loop
      vertex 97.5279 79.8425 5
      vertex 98.3721 79.5865 15
      vertex 97.5279 79.8425 15
    endloop
  endfacet
  facet normal -0.290196 -0.956967 -0
    outer loop
      vertex 98.3721 79.5865 15
      vertex 97.5279 79.8425 5
      vertex 98.3721 79.5865 5
    endloop
  endfacet
  facet normal 0.882322 -0.470647 0
    outer loop
      vertex 102.992 81.4999 15
      vertex 103.407 82.2779 9
      vertex 103.407 82.2779 15
    endloop
  endfacet
  facet normal 0.882322 -0.470647 0
    outer loop
      vertex 103.407 82.2779 9
      vertex 102.992 81.4999 15
      vertex 102.992 81.4999 9
    endloop
  endfacet
  facet normal -0.290196 0.956967 0
    outer loop
      vertex 98.3721 88.4135 5
      vertex 97.5279 88.1575 15
      vertex 98.3721 88.4135 15
    endloop
  endfacet
  facet normal -0.290196 0.956967 0
    outer loop
      vertex 97.5279 88.1575 15
      vertex 98.3721 88.4135 5
      vertex 97.5279 88.1575 5
    endloop
  endfacet
  facet normal 0.290259 0.956948 -0
    outer loop
      vertex 100.972 88.1575 5
      vertex 100.128 88.4135 15
      vertex 100.972 88.1575 15
    endloop
  endfacet
  facet normal 0.290259 0.956948 0
    outer loop
      vertex 100.128 88.4135 15
      vertex 100.972 88.1575 5
      vertex 100.128 88.4135 5
    endloop
  endfacet
  facet normal 0.773167 0.634202 0
    outer loop
      vertex 102.432 87.182 15
      vertex 102.5 87.0991 9
      vertex 102.432 87.182 5
    endloop
  endfacet
  facet normal 0.7728 0.63465 -1.03508e-05
    outer loop
      vertex 102.992 86.5001 15
      vertex 102.5 87.0991 9
      vertex 102.432 87.182 15
    endloop
  endfacet
  facet normal 0.772749 0.634712 0
    outer loop
      vertex 102.5 87.0991 9
      vertex 102.992 86.5001 15
      vertex 102.992 86.5001 9
    endloop
  endfacet
  facet normal 0.773167 0.634202 0
    outer loop
      vertex 102.432 87.182 5
      vertex 102.5 87.0991 9
      vertex 102.5 87.0991 5
    endloop
  endfacet
  facet normal 0.471441 -0.881898 0
    outer loop
      vertex 100.972 79.8425 5
      vertex 101.75 80.2584 15
      vertex 100.972 79.8425 15
    endloop
  endfacet
  facet normal 0.471441 -0.881898 0
    outer loop
      vertex 101.75 80.2584 15
      vertex 100.972 79.8425 5
      vertex 101.75 80.2584 5
    endloop
  endfacet
  facet normal 0.634324 0.773068 -0
    outer loop
      vertex 102.432 87.182 5
      vertex 101.75 87.7416 15
      vertex 102.432 87.182 15
    endloop
  endfacet
  facet normal 0.634324 0.773068 0
    outer loop
      vertex 101.75 87.7416 15
      vertex 102.432 87.182 5
      vertex 101.75 87.7416 5
    endloop
  endfacet
  facet normal 0.882322 0.470647 0
    outer loop
      vertex 103.407 85.7221 15
      vertex 102.992 86.5001 9
      vertex 102.992 86.5001 15
    endloop
  endfacet
  facet normal 0.882322 0.470647 0
    outer loop
      vertex 102.992 86.5001 9
      vertex 103.407 85.7221 15
      vertex 103.407 85.7221 9
    endloop
  endfacet
  facet normal 0.956652 -0.291234 0
    outer loop
      vertex 103.407 82.2779 15
      vertex 103.664 83.1221 9
      vertex 103.664 83.1221 15
    endloop
  endfacet
  facet normal 0.956652 -0.291234 0
    outer loop
      vertex 103.664 83.1221 9
      vertex 103.407 82.2779 15
      vertex 103.407 82.2779 9
    endloop
  endfacet
  facet normal -0.634379 0.773022 0
    outer loop
      vertex 96.7499 87.7416 5
      vertex 96.068 87.182 15
      vertex 96.7499 87.7416 15
    endloop
  endfacet
  facet normal -0.634379 0.773022 0
    outer loop
      vertex 96.068 87.182 15
      vertex 96.7499 87.7416 5
      vertex 96.068 87.182 5
    endloop
  endfacet
  facet normal -0.956967 0.290196 0
    outer loop
      vertex 94.8365 84.8779 5
      vertex 95.0925 85.7221 15
      vertex 95.0925 85.7221 5
    endloop
  endfacet
  facet normal -0.956967 0.290196 0
    outer loop
      vertex 95.0925 85.7221 15
      vertex 94.8365 84.8779 5
      vertex 94.8365 84.8779 15
    endloop
  endfacet
  facet normal -0.773022 0.634379 0
    outer loop
      vertex 95.5084 86.5001 5
      vertex 96.068 87.182 15
      vertex 96.068 87.182 5
    endloop
  endfacet
  facet normal -0.773022 0.634379 0
    outer loop
      vertex 96.068 87.182 15
      vertex 95.5084 86.5001 5
      vertex 95.5084 86.5001 15
    endloop
  endfacet
  facet normal -0.881898 -0.471441 0
    outer loop
      vertex 95.5084 81.4999 5
      vertex 95.0925 82.2779 15
      vertex 95.0925 82.2779 5
    endloop
  endfacet
  facet normal -0.881898 -0.471441 0
    outer loop
      vertex 95.0925 82.2779 15
      vertex 95.5084 81.4999 5
      vertex 95.5084 81.4999 15
    endloop
  endfacet
  facet normal -0.773022 -0.634379 0
    outer loop
      vertex 96.068 80.818 5
      vertex 95.5084 81.4999 15
      vertex 95.5084 81.4999 5
    endloop
  endfacet
  facet normal -0.773022 -0.634379 0
    outer loop
      vertex 95.5084 81.4999 15
      vertex 96.068 80.818 5
      vertex 96.068 80.818 15
    endloop
  endfacet
  facet normal -0.956967 -0.290196 0
    outer loop
      vertex 95.0925 82.2779 5
      vertex 94.8365 83.1221 15
      vertex 94.8365 83.1221 5
    endloop
  endfacet
  facet normal -0.956967 -0.290196 0
    outer loop
      vertex 94.8365 83.1221 15
      vertex 95.0925 82.2779 5
      vertex 95.0925 82.2779 15
    endloop
  endfacet
  facet normal -0.0980558 -0.995181 0
    outer loop
      vertex 98.3721 79.5865 5
      vertex 99.25 79.5 15
      vertex 98.3721 79.5865 15
    endloop
  endfacet
  facet normal -0.0980558 -0.995181 -0
    outer loop
      vertex 99.25 79.5 15
      vertex 98.3721 79.5865 5
      vertex 99.25 79.5 5
    endloop
  endfacet
  facet normal 0 0 1
    outer loop
      vertex 102.829 84 15
      vertex 103.75 84 15
      vertex 103.664 84.8779 15
    endloop
  endfacet
  facet normal 0 0 1
    outer loop
      vertex 102.829 84 15
      vertex 103.664 84.8779 15
      vertex 103.407 85.7221 15
    endloop
  endfacet
  facet normal 0 0 1
    outer loop
      vertex 103.75 84 15
      vertex 102.829 84 15
      vertex 103.664 83.1221 15
    endloop
  endfacet
  facet normal 0 0 1
    outer loop
      vertex 102.829 84 15
      vertex 103.407 85.7221 15
      vertex 102.992 86.5001 15
    endloop
  endfacet
  facet normal 0 0 1
    outer loop
      vertex 103.664 83.1221 15
      vertex 102.829 84 15
      vertex 103.407 82.2779 15
    endloop
  endfacet
  facet normal 0 0 1
    outer loop
      vertex 103.407 82.2779 15
      vertex 102.829 84 15
      vertex 102.992 81.4999 15
    endloop
  endfacet
  facet normal -0 0 1
    outer loop
      vertex 101.04 87.0999 15
      vertex 102.992 86.5001 15
      vertex 102.432 87.182 15
    endloop
  endfacet
  facet normal 0 0 1
    outer loop
      vertex 101.04 87.0999 15
      vertex 102.432 87.182 15
      vertex 101.75 87.7416 15
    endloop
  endfacet
  facet normal 0 0 1
    outer loop
      vertex 102.992 86.5001 15
      vertex 101.04 87.0999 15
      vertex 102.829 84 15
    endloop
  endfacet
  facet normal 0 0 1
    outer loop
      vertex 100.972 88.1575 15
      vertex 101.04 87.0999 15
      vertex 101.75 87.7416 15
    endloop
  endfacet
  facet normal 0 0 1
    outer loop
      vertex 100.128 88.4135 15
      vertex 101.04 87.0999 15
      vertex 100.972 88.1575 15
    endloop
  endfacet
  facet normal 0 0 1
    outer loop
      vertex 99.25 88.5 15
      vertex 101.04 87.0999 15
      vertex 100.128 88.4135 15
    endloop
  endfacet
  facet normal 0 0 1
    outer loop
      vertex 97.4603 87.0999 15
      vertex 99.25 88.5 15
      vertex 98.3721 88.4135 15
    endloop
  endfacet
  facet normal 0 0 1
    outer loop
      vertex 97.4603 87.0999 15
      vertex 98.3721 88.4135 15
      vertex 97.5279 88.1575 15
    endloop
  endfacet
  facet normal 0 0 1
    outer loop
      vertex 99.25 88.5 15
      vertex 97.4603 87.0999 15
      vertex 101.04 87.0999 15
    endloop
  endfacet
  facet normal -0 0 1
    outer loop
      vertex 96.7499 87.7416 15
      vertex 97.4603 87.0999 15
      vertex 97.5279 88.1575 15
    endloop
  endfacet
  facet normal -0 0 1
    outer loop
      vertex 96.068 87.182 15
      vertex 97.4603 87.0999 15
      vertex 96.7499 87.7416 15
    endloop
  endfacet
  facet normal 0 0 1
    outer loop
      vertex 95.5084 86.5001 15
      vertex 97.4603 87.0999 15
      vertex 96.068 87.182 15
    endloop
  endfacet
  facet normal 0 0 1
    outer loop
      vertex 97.4603 87.0999 15
      vertex 95.5084 86.5001 15
      vertex 95.6705 84 15
    endloop
  endfacet
  facet normal 0 0 1
    outer loop
      vertex 101.04 80.9001 15
      vertex 102.992 81.4999 15
      vertex 102.829 84 15
    endloop
  endfacet
  facet normal 0 0 1
    outer loop
      vertex 102.992 81.4999 15
      vertex 101.04 80.9001 15
      vertex 102.432 80.818 15
    endloop
  endfacet
  facet normal 0 0 1
    outer loop
      vertex 102.432 80.818 15
      vertex 101.04 80.9001 15
      vertex 101.75 80.2584 15
    endloop
  endfacet
  facet normal 0 0 1
    outer loop
      vertex 101.04 80.9001 15
      vertex 100.972 79.8425 15
      vertex 101.75 80.2584 15
    endloop
  endfacet
  facet normal 0 0 1
    outer loop
      vertex 101.04 80.9001 15
      vertex 100.128 79.5865 15
      vertex 100.972 79.8425 15
    endloop
  endfacet
  facet normal 0 0 1
    outer loop
      vertex 101.04 80.9001 15
      vertex 99.25 79.5 15
      vertex 100.128 79.5865 15
    endloop
  endfacet
  facet normal -0 0 1
    outer loop
      vertex 97.4603 80.9001 15
      vertex 99.25 79.5 15
      vertex 101.04 80.9001 15
    endloop
  endfacet
  facet normal 0 0 1
    outer loop
      vertex 99.25 79.5 15
      vertex 97.4603 80.9001 15
      vertex 98.3721 79.5865 15
    endloop
  endfacet
  facet normal 0 0 1
    outer loop
      vertex 98.3721 79.5865 15
      vertex 97.4603 80.9001 15
      vertex 97.5279 79.8425 15
    endloop
  endfacet
  facet normal 0 0 1
    outer loop
      vertex 97.4603 80.9001 15
      vertex 96.7499 80.2584 15
      vertex 97.5279 79.8425 15
    endloop
  endfacet
  facet normal 0 0 1
    outer loop
      vertex 97.4603 80.9001 15
      vertex 96.068 80.818 15
      vertex 96.7499 80.2584 15
    endloop
  endfacet
  facet normal -0 0 1
    outer loop
      vertex 95.5084 81.4999 15
      vertex 97.4603 80.9001 15
      vertex 95.6705 84 15
    endloop
  endfacet
  facet normal 0 0 1
    outer loop
      vertex 97.4603 80.9001 15
      vertex 95.5084 81.4999 15
      vertex 96.068 80.818 15
    endloop
  endfacet
  facet normal -0 0 1
    outer loop
      vertex 95.0925 85.7221 15
      vertex 95.6705 84 15
      vertex 95.5084 86.5001 15
    endloop
  endfacet
  facet normal -0 0 1
    outer loop
      vertex 94.8365 84.8779 15
      vertex 95.6705 84 15
      vertex 95.0925 85.7221 15
    endloop
  endfacet
  facet normal 0 0 1
    outer loop
      vertex 95.6705 84 15
      vertex 95.0925 82.2779 15
      vertex 95.5084 81.4999 15
    endloop
  endfacet
  facet normal 0 0 1
    outer loop
      vertex 94.75 84 15
      vertex 95.6705 84 15
      vertex 94.8365 84.8779 15
    endloop
  endfacet
  facet normal 0 0 1
    outer loop
      vertex 95.6705 84 15
      vertex 94.8365 83.1221 15
      vertex 95.0925 82.2779 15
    endloop
  endfacet
  facet normal 0 0 1
    outer loop
      vertex 95.6705 84 15
      vertex 94.75 84 15
      vertex 94.8365 83.1221 15
    endloop
  endfacet
  facet normal 0 1 -0
    outer loop
      vertex 101.04 80.9001 12
      vertex 97.4603 80.9001 15
      vertex 101.04 80.9001 15
    endloop
  endfacet
  facet normal 0 1 0
    outer loop
      vertex 97.4603 80.9001 15
      vertex 101.04 80.9001 12
      vertex 97.4603 80.9001 12
    endloop
  endfacet
  facet normal -0.866113 0.499847 0
    outer loop
      vertex 101.04 80.9001 12
      vertex 102.829 84 15
      vertex 102.829 84 12
    endloop
  endfacet
  facet normal -0.866113 0.499847 0
    outer loop
      vertex 102.829 84 15
      vertex 101.04 80.9001 12
      vertex 101.04 80.9001 15
    endloop
  endfacet
  facet normal 0 -1 0
    outer loop
      vertex 97.4603 87.0999 12
      vertex 101.04 87.0999 15
      vertex 97.4603 87.0999 15
    endloop
  endfacet
  facet normal 0 -1 -0
    outer loop
      vertex 101.04 87.0999 15
      vertex 97.4603 87.0999 12
      vertex 101.04 87.0999 12
    endloop
  endfacet
  facet normal -0.866113 -0.499847 0
    outer loop
      vertex 102.829 84 12
      vertex 101.04 87.0999 15
      vertex 101.04 87.0999 12
    endloop
  endfacet
  facet normal -0.866113 -0.499847 0
    outer loop
      vertex 101.04 87.0999 15
      vertex 102.829 84 12
      vertex 102.829 84 15
    endloop
  endfacet
  facet normal 0.866017 -0.500015 0
    outer loop
      vertex 95.6705 84 15
      vertex 97.4603 87.0999 12
      vertex 97.4603 87.0999 15
    endloop
  endfacet
  facet normal 0.866017 -0.500015 0
    outer loop
      vertex 97.4603 87.0999 12
      vertex 95.6705 84 15
      vertex 95.6705 84 12
    endloop
  endfacet
  facet normal 0.866017 0.500015 0
    outer loop
      vertex 97.4603 80.9001 15
      vertex 95.6705 84 12
      vertex 95.6705 84 15
    endloop
  endfacet
  facet normal 0.866017 0.500015 0
    outer loop
      vertex 95.6705 84 12
      vertex 97.4603 80.9001 15
      vertex 97.4603 80.9001 12
    endloop
  endfacet
  facet normal -0 0 1
    outer loop
      vertex 100.722 84.85 12
      vertex 102.829 84 12
      vertex 101.04 87.0999 12
    endloop
  endfacet
  facet normal 0 0 1
    outer loop
      vertex 100.935 83.7781 12
      vertex 102.829 84 12
      vertex 100.95 84 12
    endloop
  endfacet
  facet normal 0 0 1
    outer loop
      vertex 102.829 84 12
      vertex 100.935 84.2219 12
      vertex 100.95 84 12
    endloop
  endfacet
  facet normal 0 0 1
    outer loop
      vertex 102.829 84 12
      vertex 100.892 84.44 12
      vertex 100.935 84.2219 12
    endloop
  endfacet
  facet normal 0 0 1
    outer loop
      vertex 102.829 84 12
      vertex 100.821 84.6506 12
      vertex 100.892 84.44 12
    endloop
  endfacet
  facet normal 0 0 1
    outer loop
      vertex 102.829 84 12
      vertex 100.722 84.85 12
      vertex 100.821 84.6506 12
    endloop
  endfacet
  facet normal 0 0 1
    outer loop
      vertex 101.04 87.0999 12
      vertex 100.599 85.0349 12
      vertex 100.722 84.85 12
    endloop
  endfacet
  facet normal 0 0 1
    outer loop
      vertex 101.04 87.0999 12
      vertex 100.452 85.2021 12
      vertex 100.599 85.0349 12
    endloop
  endfacet
  facet normal 0 0 1
    outer loop
      vertex 101.04 87.0999 12
      vertex 100.285 85.3487 12
      vertex 100.452 85.2021 12
    endloop
  endfacet
  facet normal 0 0 1
    outer loop
      vertex 101.04 87.0999 12
      vertex 100.1 85.4722 12
      vertex 100.285 85.3487 12
    endloop
  endfacet
  facet normal 0 0 1
    outer loop
      vertex 101.04 87.0999 12
      vertex 99.9006 85.5706 12
      vertex 100.1 85.4722 12
    endloop
  endfacet
  facet normal 0 0 1
    outer loop
      vertex 101.04 87.0999 12
      vertex 99.69 85.6421 12
      vertex 99.9006 85.5706 12
    endloop
  endfacet
  facet normal 0 0 1
    outer loop
      vertex 101.04 87.0999 12
      vertex 99.4719 85.6855 12
      vertex 99.69 85.6421 12
    endloop
  endfacet
  facet normal 0 0 1
    outer loop
      vertex 101.04 87.0999 12
      vertex 99.25 85.7 12
      vertex 99.4719 85.6855 12
    endloop
  endfacet
  facet normal -0 0 1
    outer loop
      vertex 97.4603 87.0999 12
      vertex 99.25 85.7 12
      vertex 101.04 87.0999 12
    endloop
  endfacet
  facet normal 0 0 1
    outer loop
      vertex 99.25 85.7 12
      vertex 97.4603 87.0999 12
      vertex 99.0281 85.6855 12
    endloop
  endfacet
  facet normal 0 0 1
    outer loop
      vertex 99.0281 85.6855 12
      vertex 97.4603 87.0999 12
      vertex 98.81 85.6421 12
    endloop
  endfacet
  facet normal 0 0 1
    outer loop
      vertex 98.81 85.6421 12
      vertex 97.4603 87.0999 12
      vertex 98.5994 85.5706 12
    endloop
  endfacet
  facet normal 0 0 1
    outer loop
      vertex 97.6079 84.44 12
      vertex 95.6705 84 12
      vertex 97.5645 84.2219 12
    endloop
  endfacet
  facet normal 0 0 1
    outer loop
      vertex 97.6794 84.6506 12
      vertex 95.6705 84 12
      vertex 97.6079 84.44 12
    endloop
  endfacet
  facet normal 0 0 1
    outer loop
      vertex 97.7778 84.85 12
      vertex 95.6705 84 12
      vertex 97.6794 84.6506 12
    endloop
  endfacet
  facet normal 0 0 1
    outer loop
      vertex 95.6705 84 12
      vertex 97.7778 84.85 12
      vertex 97.4603 87.0999 12
    endloop
  endfacet
  facet normal 0 0 1
    outer loop
      vertex 97.9013 85.0349 12
      vertex 97.4603 87.0999 12
      vertex 97.7778 84.85 12
    endloop
  endfacet
  facet normal 0 0 1
    outer loop
      vertex 98.0479 85.2021 12
      vertex 97.4603 87.0999 12
      vertex 97.9013 85.0349 12
    endloop
  endfacet
  facet normal 0 0 1
    outer loop
      vertex 98.2151 85.3487 12
      vertex 97.4603 87.0999 12
      vertex 98.0479 85.2021 12
    endloop
  endfacet
  facet normal 0 0 1
    outer loop
      vertex 98.4 85.4722 12
      vertex 97.4603 87.0999 12
      vertex 98.2151 85.3487 12
    endloop
  endfacet
  facet normal 0 0 1
    outer loop
      vertex 98.5994 85.5706 12
      vertex 97.4603 87.0999 12
      vertex 98.4 85.4722 12
    endloop
  endfacet
  facet normal 0 0 1
    outer loop
      vertex 100.892 83.56 12
      vertex 102.829 84 12
      vertex 100.935 83.7781 12
    endloop
  endfacet
  facet normal 0 0 1
    outer loop
      vertex 100.821 83.3494 12
      vertex 102.829 84 12
      vertex 100.892 83.56 12
    endloop
  endfacet
  facet normal 0 0 1
    outer loop
      vertex 100.722 83.15 12
      vertex 102.829 84 12
      vertex 100.821 83.3494 12
    endloop
  endfacet
  facet normal 0 0 1
    outer loop
      vertex 102.829 84 12
      vertex 100.722 83.15 12
      vertex 101.04 80.9001 12
    endloop
  endfacet
  facet normal -0 0 1
    outer loop
      vertex 100.599 82.9651 12
      vertex 101.04 80.9001 12
      vertex 100.722 83.15 12
    endloop
  endfacet
  facet normal -0 0 1
    outer loop
      vertex 100.452 82.7979 12
      vertex 101.04 80.9001 12
      vertex 100.599 82.9651 12
    endloop
  endfacet
  facet normal -0 0 1
    outer loop
      vertex 100.285 82.6513 12
      vertex 101.04 80.9001 12
      vertex 100.452 82.7979 12
    endloop
  endfacet
  facet normal -0 0 1
    outer loop
      vertex 100.1 82.5278 12
      vertex 101.04 80.9001 12
      vertex 100.285 82.6513 12
    endloop
  endfacet
  facet normal -0 0 1
    outer loop
      vertex 99.9006 82.4294 12
      vertex 101.04 80.9001 12
      vertex 100.1 82.5278 12
    endloop
  endfacet
  facet normal -0 0 1
    outer loop
      vertex 99.69 82.3579 12
      vertex 101.04 80.9001 12
      vertex 99.9006 82.4294 12
    endloop
  endfacet
  facet normal -0 0 1
    outer loop
      vertex 99.4719 82.3145 12
      vertex 101.04 80.9001 12
      vertex 99.69 82.3579 12
    endloop
  endfacet
  facet normal -0 0 1
    outer loop
      vertex 99.25 82.3 12
      vertex 101.04 80.9001 12
      vertex 99.4719 82.3145 12
    endloop
  endfacet
  facet normal 0 0 1
    outer loop
      vertex 97.4603 80.9001 12
      vertex 99.25 82.3 12
      vertex 99.0281 82.3145 12
    endloop
  endfacet
  facet normal 0 0 1
    outer loop
      vertex 97.4603 80.9001 12
      vertex 99.0281 82.3145 12
      vertex 98.81 82.3579 12
    endloop
  endfacet
  facet normal 0 0 1
    outer loop
      vertex 97.4603 80.9001 12
      vertex 98.81 82.3579 12
      vertex 98.5994 82.4294 12
    endloop
  endfacet
  facet normal 0 0 1
    outer loop
      vertex 97.4603 80.9001 12
      vertex 98.5994 82.4294 12
      vertex 98.4 82.5278 12
    endloop
  endfacet
  facet normal 0 0 1
    outer loop
      vertex 99.25 82.3 12
      vertex 97.4603 80.9001 12
      vertex 101.04 80.9001 12
    endloop
  endfacet
  facet normal 0 0 1
    outer loop
      vertex 98.2151 82.6513 12
      vertex 97.4603 80.9001 12
      vertex 98.4 82.5278 12
    endloop
  endfacet
  facet normal 0 0 1
    outer loop
      vertex 98.0479 82.7979 12
      vertex 97.4603 80.9001 12
      vertex 98.2151 82.6513 12
    endloop
  endfacet
  facet normal 0 0 1
    outer loop
      vertex 97.9013 82.9651 12
      vertex 97.4603 80.9001 12
      vertex 98.0479 82.7979 12
    endloop
  endfacet
  facet normal 0 0 1
    outer loop
      vertex 97.7778 83.15 12
      vertex 97.4603 80.9001 12
      vertex 97.9013 82.9651 12
    endloop
  endfacet
  facet normal 0 0 1
    outer loop
      vertex 95.6705 84 12
      vertex 97.7778 83.15 12
      vertex 97.6794 83.3494 12
    endloop
  endfacet
  facet normal 0 0 1
    outer loop
      vertex 95.6705 84 12
      vertex 97.6794 83.3494 12
      vertex 97.6079 83.56 12
    endloop
  endfacet
  facet normal 0 0 1
    outer loop
      vertex 95.6705 84 12
      vertex 97.6079 83.56 12
      vertex 97.5645 83.7781 12
    endloop
  endfacet
  facet normal -0 0 1
    outer loop
      vertex 95.6705 84 12
      vertex 97.5645 83.7781 12
      vertex 97.55 84 12
    endloop
  endfacet
  facet normal 0 0 1
    outer loop
      vertex 97.5645 84.2219 12
      vertex 95.6705 84 12
      vertex 97.55 84 12
    endloop
  endfacet
  facet normal 0 0 1
    outer loop
      vertex 97.7778 83.15 12
      vertex 95.6705 84 12
      vertex 97.4603 80.9001 12
    endloop
  endfacet
  facet normal -0.981113 -0.193434 0
    outer loop
      vertex 100.935 84.2219 5
      vertex 100.892 84.44 12
      vertex 100.892 84.44 5
    endloop
  endfacet
  facet normal -0.981113 -0.193434 0
    outer loop
      vertex 100.892 84.44 12
      vertex 100.935 84.2219 5
      vertex 100.935 84.2219 12
    endloop
  endfacet
  facet normal -0.997723 -0.0674441 0
    outer loop
      vertex 100.95 84 5
      vertex 100.935 84.2219 12
      vertex 100.935 84.2219 5
    endloop
  endfacet
  facet normal -0.997723 -0.0674441 0
    outer loop
      vertex 100.935 84.2219 12
      vertex 100.95 84 5
      vertex 100.95 84 12
    endloop
  endfacet
  facet normal -0.0652057 0.997872 0
    outer loop
      vertex 99.4719 82.3145 5
      vertex 99.25 82.3 12
      vertex 99.4719 82.3145 12
    endloop
  endfacet
  facet normal -0.0652057 0.997872 0
    outer loop
      vertex 99.25 82.3 12
      vertex 99.4719 82.3145 5
      vertex 99.25 82.3 5
    endloop
  endfacet
  facet normal 0.659268 -0.751908 0
    outer loop
      vertex 98.0479 85.2021 5
      vertex 98.2151 85.3487 12
      vertex 98.0479 85.2021 12
    endloop
  endfacet
  facet normal 0.659268 -0.751908 0
    outer loop
      vertex 98.2151 85.3487 12
      vertex 98.0479 85.2021 5
      vertex 98.2151 85.3487 5
    endloop
  endfacet
  facet normal 0.831566 0.555426 0
    outer loop
      vertex 97.9013 82.9651 12
      vertex 97.7778 83.15 5
      vertex 97.7778 83.15 12
    endloop
  endfacet
  facet normal 0.831566 0.555426 0
    outer loop
      vertex 97.7778 83.15 5
      vertex 97.9013 82.9651 12
      vertex 97.9013 82.9651 5
    endloop
  endfacet
  facet normal 0.195165 0.98077 -0
    outer loop
      vertex 99.0281 82.3145 5
      vertex 98.81 82.3579 12
      vertex 99.0281 82.3145 12
    endloop
  endfacet
  facet normal 0.195165 0.98077 0
    outer loop
      vertex 98.81 82.3579 12
      vertex 99.0281 82.3145 5
      vertex 98.81 82.3579 5
    endloop
  endfacet
  facet normal -0.659714 -0.751516 0
    outer loop
      vertex 100.285 85.3487 5
      vertex 100.452 85.2021 12
      vertex 100.285 85.3487 12
    endloop
  endfacet
  facet normal -0.659714 -0.751516 -0
    outer loop
      vertex 100.452 85.2021 12
      vertex 100.285 85.3487 5
      vertex 100.452 85.2021 5
    endloop
  endfacet
  facet normal -0.947598 0.319466 0
    outer loop
      vertex 100.821 83.3494 5
      vertex 100.892 83.56 12
      vertex 100.892 83.56 5
    endloop
  endfacet
  facet normal -0.947598 0.319466 0
    outer loop
      vertex 100.892 83.56 12
      vertex 100.821 83.3494 5
      vertex 100.821 83.3494 12
    endloop
  endfacet
  facet normal -0.751016 0.660284 0
    outer loop
      vertex 100.452 82.7979 5
      vertex 100.599 82.9651 12
      vertex 100.599 82.9651 5
    endloop
  endfacet
  facet normal -0.751016 0.660284 0
    outer loop
      vertex 100.599 82.9651 12
      vertex 100.452 82.7979 5
      vertex 100.452 82.7979 12
    endloop
  endfacet
  facet normal -0.751016 -0.660284 0
    outer loop
      vertex 100.599 85.0349 5
      vertex 100.452 85.2021 12
      vertex 100.452 85.2021 5
    endloop
  endfacet
  facet normal -0.751016 -0.660284 0
    outer loop
      vertex 100.452 85.2021 12
      vertex 100.599 85.0349 5
      vertex 100.599 85.0349 12
    endloop
  endfacet
  facet normal 0.946915 0.321484 0
    outer loop
      vertex 97.6794 83.3494 12
      vertex 97.6079 83.56 5
      vertex 97.6079 83.56 12
    endloop
  endfacet
  facet normal 0.946915 0.321484 0
    outer loop
      vertex 97.6079 83.56 5
      vertex 97.6794 83.3494 12
      vertex 97.6794 83.3494 5
    endloop
  endfacet
  facet normal -0.321484 0.946915 0
    outer loop
      vertex 99.9006 82.4294 5
      vertex 99.69 82.3579 12
      vertex 99.9006 82.4294 12
    endloop
  endfacet
  facet normal -0.321484 0.946915 0
    outer loop
      vertex 99.69 82.3579 12
      vertex 99.9006 82.4294 5
      vertex 99.69 82.3579 5
    endloop
  endfacet
  facet normal 0.0652057 0.997872 -0
    outer loop
      vertex 99.25 82.3 5
      vertex 99.0281 82.3145 12
      vertex 99.25 82.3 12
    endloop
  endfacet
  facet normal 0.0652057 0.997872 0
    outer loop
      vertex 99.0281 82.3145 12
      vertex 99.25 82.3 5
      vertex 99.0281 82.3145 5
    endloop
  endfacet
  facet normal 0.321484 -0.946915 0
    outer loop
      vertex 98.5994 85.5706 5
      vertex 98.81 85.6421 12
      vertex 98.5994 85.5706 12
    endloop
  endfacet
  facet normal 0.321484 -0.946915 0
    outer loop
      vertex 98.81 85.6421 12
      vertex 98.5994 85.5706 5
      vertex 98.81 85.6421 5
    endloop
  endfacet
  facet normal 0.751908 -0.659268 0
    outer loop
      vertex 97.9013 85.0349 12
      vertex 98.0479 85.2021 5
      vertex 98.0479 85.2021 12
    endloop
  endfacet
  facet normal 0.751908 -0.659268 0
    outer loop
      vertex 98.0479 85.2021 5
      vertex 97.9013 85.0349 12
      vertex 97.9013 85.0349 5
    endloop
  endfacet
  facet normal 0.44253 0.896754 -0
    outer loop
      vertex 98.5994 82.4294 5
      vertex 98.4 82.5278 12
      vertex 98.5994 82.4294 12
    endloop
  endfacet
  facet normal 0.44253 0.896754 0
    outer loop
      vertex 98.4 82.5278 12
      vertex 98.5994 82.4294 5
      vertex 98.4 82.5278 5
    endloop
  endfacet
  facet normal 0.0652057 -0.997872 0
    outer loop
      vertex 99.0281 85.6855 5
      vertex 99.25 85.7 12
      vertex 99.0281 85.6855 12
    endloop
  endfacet
  facet normal 0.0652057 -0.997872 0
    outer loop
      vertex 99.25 85.7 12
      vertex 99.0281 85.6855 5
      vertex 99.25 85.7 5
    endloop
  endfacet
  facet normal -0.895681 0.444696 0
    outer loop
      vertex 100.722 83.15 5
      vertex 100.821 83.3494 12
      vertex 100.821 83.3494 5
    endloop
  endfacet
  facet normal -0.895681 0.444696 0
    outer loop
      vertex 100.821 83.3494 12
      vertex 100.722 83.15 5
      vertex 100.722 83.15 12
    endloop
  endfacet
  facet normal -0.555219 0.831704 0
    outer loop
      vertex 100.285 82.6513 5
      vertex 100.1 82.5278 12
      vertex 100.285 82.6513 12
    endloop
  endfacet
  facet normal -0.555219 0.831704 0
    outer loop
      vertex 100.1 82.5278 12
      vertex 100.285 82.6513 5
      vertex 100.1 82.5278 5
    endloop
  endfacet
  facet normal 0.98077 0.195165 0
    outer loop
      vertex 97.6079 83.56 12
      vertex 97.5645 83.7781 5
      vertex 97.5645 83.7781 12
    endloop
  endfacet
  facet normal 0.98077 0.195165 0
    outer loop
      vertex 97.5645 83.7781 5
      vertex 97.6079 83.56 12
      vertex 97.6079 83.56 5
    endloop
  endfacet
  facet normal 0.751908 0.659268 0
    outer loop
      vertex 98.0479 82.7979 12
      vertex 97.9013 82.9651 5
      vertex 97.9013 82.9651 12
    endloop
  endfacet
  facet normal 0.751908 0.659268 0
    outer loop
      vertex 97.9013 82.9651 5
      vertex 98.0479 82.7979 12
      vertex 98.0479 82.7979 5
    endloop
  endfacet
  facet normal -0.195165 -0.98077 0
    outer loop
      vertex 99.4719 85.6855 5
      vertex 99.69 85.6421 12
      vertex 99.4719 85.6855 12
    endloop
  endfacet
  facet normal -0.195165 -0.98077 -0
    outer loop
      vertex 99.69 85.6421 12
      vertex 99.4719 85.6855 5
      vertex 99.69 85.6421 5
    endloop
  endfacet
  facet normal -0.832604 -0.553869 0
    outer loop
      vertex 100.722 84.85 5
      vertex 100.599 85.0349 12
      vertex 100.599 85.0349 5
    endloop
  endfacet
  facet normal -0.832604 -0.553869 0
    outer loop
      vertex 100.599 85.0349 12
      vertex 100.722 84.85 5
      vertex 100.722 84.85 12
    endloop
  endfacet
  facet normal -0.997723 0.0674441 0
    outer loop
      vertex 100.935 83.7781 5
      vertex 100.95 84 12
      vertex 100.95 84 5
    endloop
  endfacet
  facet normal -0.997723 0.0674441 0
    outer loop
      vertex 100.95 84 12
      vertex 100.935 83.7781 5
      vertex 100.935 83.7781 12
    endloop
  endfacet
  facet normal -0.321484 -0.946915 0
    outer loop
      vertex 99.69 85.6421 5
      vertex 99.9006 85.5706 12
      vertex 99.69 85.6421 12
    endloop
  endfacet
  facet normal -0.321484 -0.946915 -0
    outer loop
      vertex 99.9006 85.5706 12
      vertex 99.69 85.6421 5
      vertex 99.9006 85.5706 5
    endloop
  endfacet
  facet normal -0.555219 -0.831704 0
    outer loop
      vertex 100.1 85.4722 5
      vertex 100.285 85.3487 12
      vertex 100.1 85.4722 12
    endloop
  endfacet
  facet normal -0.555219 -0.831704 -0
    outer loop
      vertex 100.285 85.3487 12
      vertex 100.1 85.4722 5
      vertex 100.285 85.3487 5
    endloop
  endfacet
  facet normal 0.195165 -0.98077 0
    outer loop
      vertex 98.81 85.6421 5
      vertex 99.0281 85.6855 12
      vertex 98.81 85.6421 12
    endloop
  endfacet
  facet normal 0.195165 -0.98077 0
    outer loop
      vertex 99.0281 85.6855 12
      vertex 98.81 85.6421 5
      vertex 99.0281 85.6855 5
    endloop
  endfacet
  facet normal -0.659714 0.751516 0
    outer loop
      vertex 100.452 82.7979 5
      vertex 100.285 82.6513 12
      vertex 100.452 82.7979 12
    endloop
  endfacet
  facet normal -0.659714 0.751516 0
    outer loop
      vertex 100.285 82.6513 12
      vertex 100.452 82.7979 5
      vertex 100.285 82.6513 5
    endloop
  endfacet
  facet normal 0.896754 -0.44253 0
    outer loop
      vertex 97.6794 84.6506 12
      vertex 97.7778 84.85 5
      vertex 97.7778 84.85 12
    endloop
  endfacet
  facet normal 0.896754 -0.44253 0
    outer loop
      vertex 97.7778 84.85 5
      vertex 97.6794 84.6506 12
      vertex 97.6794 84.6506 5
    endloop
  endfacet
  facet normal -0.981113 0.193434 0
    outer loop
      vertex 100.892 83.56 5
      vertex 100.935 83.7781 12
      vertex 100.935 83.7781 5
    endloop
  endfacet
  facet normal -0.981113 0.193434 0
    outer loop
      vertex 100.935 83.7781 12
      vertex 100.892 83.56 5
      vertex 100.892 83.56 12
    endloop
  endfacet
  facet normal -0.195165 0.98077 0
    outer loop
      vertex 99.69 82.3579 5
      vertex 99.4719 82.3145 12
      vertex 99.69 82.3579 12
    endloop
  endfacet
  facet normal -0.195165 0.98077 0
    outer loop
      vertex 99.4719 82.3145 12
      vertex 99.69 82.3579 5
      vertex 99.4719 82.3145 5
    endloop
  endfacet
  facet normal 0.659268 0.751908 -0
    outer loop
      vertex 98.2151 82.6513 5
      vertex 98.0479 82.7979 12
      vertex 98.2151 82.6513 12
    endloop
  endfacet
  facet normal 0.659268 0.751908 0
    outer loop
      vertex 98.0479 82.7979 12
      vertex 98.2151 82.6513 5
      vertex 98.0479 82.7979 5
    endloop
  endfacet
  facet normal -0.0652057 -0.997872 0
    outer loop
      vertex 99.25 85.7 5
      vertex 99.4719 85.6855 12
      vertex 99.25 85.7 12
    endloop
  endfacet
  facet normal -0.0652057 -0.997872 -0
    outer loop
      vertex 99.4719 85.6855 12
      vertex 99.25 85.7 5
      vertex 99.4719 85.6855 5
    endloop
  endfacet
  facet normal -0.44253 -0.896754 0
    outer loop
      vertex 99.9006 85.5706 5
      vertex 100.1 85.4722 12
      vertex 99.9006 85.5706 12
    endloop
  endfacet
  facet normal -0.44253 -0.896754 -0
    outer loop
      vertex 100.1 85.4722 12
      vertex 99.9006 85.5706 5
      vertex 100.1 85.4722 5
    endloop
  endfacet
  facet normal -0.832604 0.553869 0
    outer loop
      vertex 100.599 82.9651 5
      vertex 100.722 83.15 12
      vertex 100.722 83.15 5
    endloop
  endfacet
  facet normal -0.832604 0.553869 0
    outer loop
      vertex 100.722 83.15 12
      vertex 100.599 82.9651 5
      vertex 100.599 82.9651 12
    endloop
  endfacet
  facet normal 0.997872 0.0652057 0
    outer loop
      vertex 97.5645 83.7781 12
      vertex 97.55 84 5
      vertex 97.55 84 12
    endloop
  endfacet
  facet normal 0.997872 0.0652057 0
    outer loop
      vertex 97.55 84 5
      vertex 97.5645 83.7781 12
      vertex 97.5645 83.7781 5
    endloop
  endfacet
  facet normal -0.44253 0.896754 0
    outer loop
      vertex 100.1 82.5278 5
      vertex 99.9006 82.4294 12
      vertex 100.1 82.5278 12
    endloop
  endfacet
  facet normal -0.44253 0.896754 0
    outer loop
      vertex 99.9006 82.4294 12
      vertex 100.1 82.5278 5
      vertex 99.9006 82.4294 5
    endloop
  endfacet
  facet normal 0.98077 -0.195165 0
    outer loop
      vertex 97.5645 84.2219 12
      vertex 97.6079 84.44 5
      vertex 97.6079 84.44 12
    endloop
  endfacet
  facet normal 0.98077 -0.195165 0
    outer loop
      vertex 97.6079 84.44 5
      vertex 97.5645 84.2219 12
      vertex 97.5645 84.2219 5
    endloop
  endfacet
  facet normal 0.896754 0.44253 0
    outer loop
      vertex 97.7778 83.15 12
      vertex 97.6794 83.3494 5
      vertex 97.6794 83.3494 12
    endloop
  endfacet
  facet normal 0.896754 0.44253 0
    outer loop
      vertex 97.6794 83.3494 5
      vertex 97.7778 83.15 12
      vertex 97.7778 83.15 5
    endloop
  endfacet
  facet normal 0.946915 -0.321484 0
    outer loop
      vertex 97.6079 84.44 12
      vertex 97.6794 84.6506 5
      vertex 97.6794 84.6506 12
    endloop
  endfacet
  facet normal 0.946915 -0.321484 0
    outer loop
      vertex 97.6794 84.6506 5
      vertex 97.6079 84.44 12
      vertex 97.6079 84.44 5
    endloop
  endfacet
  facet normal -0.895681 -0.444696 0
    outer loop
      vertex 100.821 84.6506 5
      vertex 100.722 84.85 12
      vertex 100.722 84.85 5
    endloop
  endfacet
  facet normal -0.895681 -0.444696 0
    outer loop
      vertex 100.722 84.85 12
      vertex 100.821 84.6506 5
      vertex 100.821 84.6506 12
    endloop
  endfacet
  facet normal -0.947598 -0.319466 0
    outer loop
      vertex 100.892 84.44 5
      vertex 100.821 84.6506 12
      vertex 100.821 84.6506 5
    endloop
  endfacet
  facet normal -0.947598 -0.319466 0
    outer loop
      vertex 100.821 84.6506 12
      vertex 100.892 84.44 5
      vertex 100.892 84.44 12
    endloop
  endfacet
  facet normal 0.997872 -0.0652057 0
    outer loop
      vertex 97.55 84 12
      vertex 97.5645 84.2219 5
      vertex 97.5645 84.2219 12
    endloop
  endfacet
  facet normal 0.997872 -0.0652057 0
    outer loop
      vertex 97.5645 84.2219 5
      vertex 97.55 84 12
      vertex 97.55 84 5
    endloop
  endfacet
  facet normal 0.321484 0.946915 -0
    outer loop
      vertex 98.81 82.3579 5
      vertex 98.5994 82.4294 12
      vertex 98.81 82.3579 12
    endloop
  endfacet
  facet normal 0.321484 0.946915 0
    outer loop
      vertex 98.5994 82.4294 12
      vertex 98.81 82.3579 5
      vertex 98.5994 82.4294 5
    endloop
  endfacet
  facet normal 0.44253 -0.896754 0
    outer loop
      vertex 98.4 85.4722 5
      vertex 98.5994 85.5706 12
      vertex 98.4 85.4722 12
    endloop
  endfacet
  facet normal 0.44253 -0.896754 0
    outer loop
      vertex 98.5994 85.5706 12
      vertex 98.4 85.4722 5
      vertex 98.5994 85.5706 5
    endloop
  endfacet
  facet normal 0.555426 -0.831566 0
    outer loop
      vertex 98.2151 85.3487 5
      vertex 98.4 85.4722 12
      vertex 98.2151 85.3487 12
    endloop
  endfacet
  facet normal 0.555426 -0.831566 0
    outer loop
      vertex 98.4 85.4722 12
      vertex 98.2151 85.3487 5
      vertex 98.4 85.4722 5
    endloop
  endfacet
  facet normal 0.831566 -0.555426 0
    outer loop
      vertex 97.7778 84.85 12
      vertex 97.9013 85.0349 5
      vertex 97.9013 85.0349 12
    endloop
  endfacet
  facet normal 0.831566 -0.555426 0
    outer loop
      vertex 97.9013 85.0349 5
      vertex 97.7778 84.85 12
      vertex 97.7778 84.85 5
    endloop
  endfacet
  facet normal 0.555426 0.831566 -0
    outer loop
      vertex 98.4 82.5278 5
      vertex 98.2151 82.6513 12
      vertex 98.4 82.5278 12
    endloop
  endfacet
  facet normal 0.555426 0.831566 0
    outer loop
      vertex 98.2151 82.6513 12
      vertex 98.4 82.5278 5
      vertex 98.2151 82.6513 5
    endloop
  endfacet
endsolid OpenSCAD_Model
