solid OpenSCAD_Model
  facet normal 1 0 0
    outer loop
      vertex 12.5 0 12
      vertex 12.5 -8.3 6
      vertex 12.5 0 0
    endloop
  endfacet
  facet normal 1 0 0
    outer loop
      vertex 12.5 0 12
      vertex 12.5 -8.35793 6.43999
      vertex 12.5 -8.3 6
    endloop
  endfacet
  facet normal 1 0 0
    outer loop
      vertex 12.5 0 12
      vertex 12.5 -8.52776 6.85
      vertex 12.5 -8.35793 6.43999
    endloop
  endfacet
  facet normal 1 0 0
    outer loop
      vertex 12.5 0 12
      vertex 12.5 -8.79792 7.20208
      vertex 12.5 -8.52776 6.85
    endloop
  endfacet
  facet normal 1 0 0
    outer loop
      vertex 12.5 0 12
      vertex 12.5 -9.15 7.47224
      vertex 12.5 -8.79792 7.20208
    endloop
  endfacet
  facet normal 1 0 0
    outer loop
      vertex 12.5 0 12
      vertex 12.5 -9.56001 7.64207
      vertex 12.5 -9.15 7.47224
    endloop
  endfacet
  facet normal 1 0 0
    outer loop
      vertex 12.5 0 12
      vertex 12.5 -10 7.7
      vertex 12.5 -9.56001 7.64207
    endloop
  endfacet
  facet normal 1 0 0
    outer loop
      vertex 12.5 0 12
      vertex 12.5 -10.44 7.64207
      vertex 12.5 -10 7.7
    endloop
  endfacet
  facet normal 1 0 0
    outer loop
      vertex 12.5 -19.56 7.64207
      vertex 12.5 -10.44 7.64207
      vertex 12.5 0 12
    endloop
  endfacet
  facet normal 1 0 0
    outer loop
      vertex 12.5 -11.6421 6.43999
      vertex 12.5 -18.3 6
      vertex 12.5 -11.7 6
    endloop
  endfacet
  facet normal 1 0 0
    outer loop
      vertex 12.5 -18.3579 6.43999
      vertex 12.5 -11.6421 6.43999
      vertex 12.5 -11.4722 6.85
    endloop
  endfacet
  facet normal 1 0 0
    outer loop
      vertex 12.5 -18.5278 6.85
      vertex 12.5 -11.4722 6.85
      vertex 12.5 -11.2021 7.20208
    endloop
  endfacet
  facet normal 1 0 0
    outer loop
      vertex 12.5 -18.7979 7.20208
      vertex 12.5 -11.2021 7.20208
      vertex 12.5 -10.85 7.47224
    endloop
  endfacet
  facet normal 1 0 0
    outer loop
      vertex 12.5 -10.44 7.64207
      vertex 12.5 -19.56 7.64207
      vertex 12.5 -10.85 7.47224
    endloop
  endfacet
  facet normal 1 0 0
    outer loop
      vertex 12.5 -11.6421 6.43999
      vertex 12.5 -18.3579 6.43999
      vertex 12.5 -18.3 6
    endloop
  endfacet
  facet normal 1 0 0
    outer loop
      vertex 12.5 -11.4722 6.85
      vertex 12.5 -18.5278 6.85
      vertex 12.5 -18.3579 6.43999
    endloop
  endfacet
  facet normal 1 0 0
    outer loop
      vertex 12.5 -11.2021 7.20208
      vertex 12.5 -18.7979 7.20208
      vertex 12.5 -18.5278 6.85
    endloop
  endfacet
  facet normal 1 0 0
    outer loop
      vertex 12.5 -10.85 7.47224
      vertex 12.5 -19.15 7.47224
      vertex 12.5 -18.7979 7.20208
    endloop
  endfacet
  facet normal 1 0 0
    outer loop
      vertex 12.5 -10.85 7.47224
      vertex 12.5 -19.56 7.64207
      vertex 12.5 -19.15 7.47224
    endloop
  endfacet
  facet normal 1 0 0
    outer loop
      vertex 12.5 0 12
      vertex 12.5 -20 7.7
      vertex 12.5 -19.56 7.64207
    endloop
  endfacet
  facet normal 1 0 0
    outer loop
      vertex 12.5 -30 7.7
      vertex 12.5 -20 7.7
      vertex 12.5 0 12
    endloop
  endfacet
  facet normal 1 0 0
    outer loop
      vertex 12.5 -21.6421 6.43999
      vertex 12.5 -28.3 6
      vertex 12.5 -21.7 6
    endloop
  endfacet
  facet normal 1 0 0
    outer loop
      vertex 12.5 -28.3579 6.43999
      vertex 12.5 -21.6421 6.43999
      vertex 12.5 -21.4722 6.85
    endloop
  endfacet
  facet normal 1 0 0
    outer loop
      vertex 12.5 -28.5278 6.85
      vertex 12.5 -21.4722 6.85
      vertex 12.5 -21.2021 7.20208
    endloop
  endfacet
  facet normal 1 0 0
    outer loop
      vertex 12.5 -28.7979 7.20208
      vertex 12.5 -21.2021 7.20208
      vertex 12.5 -20.85 7.47224
    endloop
  endfacet
  facet normal 1 0 0
    outer loop
      vertex 12.5 -29.15 7.47224
      vertex 12.5 -20.85 7.47224
      vertex 12.5 -20.44 7.64207
    endloop
  endfacet
  facet normal 1 0 0
    outer loop
      vertex 12.5 -20 7.7
      vertex 12.5 -30 7.7
      vertex 12.5 -20.44 7.64207
    endloop
  endfacet
  facet normal 1 0 0
    outer loop
      vertex 12.5 -21.6421 6.43999
      vertex 12.5 -28.3579 6.43999
      vertex 12.5 -28.3 6
    endloop
  endfacet
  facet normal 1 0 0
    outer loop
      vertex 12.5 -21.4722 6.85
      vertex 12.5 -28.5278 6.85
      vertex 12.5 -28.3579 6.43999
    endloop
  endfacet
  facet normal 1 0 0
    outer loop
      vertex 12.5 -21.2021 7.20208
      vertex 12.5 -28.7979 7.20208
      vertex 12.5 -28.5278 6.85
    endloop
  endfacet
  facet normal 1 0 0
    outer loop
      vertex 12.5 -20.85 7.47224
      vertex 12.5 -29.15 7.47224
      vertex 12.5 -28.7979 7.20208
    endloop
  endfacet
  facet normal 1 0 0
    outer loop
      vertex 12.5 -20.44 7.64207
      vertex 12.5 -29.56 7.64207
      vertex 12.5 -29.15 7.47224
    endloop
  endfacet
  facet normal 1 0 0
    outer loop
      vertex 12.5 -20.44 7.64207
      vertex 12.5 -30 7.7
      vertex 12.5 -29.56 7.64207
    endloop
  endfacet
  facet normal 1 0 0
    outer loop
      vertex 12.5 -40 7.7
      vertex 12.5 -30 7.7
      vertex 12.5 0 12
    endloop
  endfacet
  facet normal 1 0 0
    outer loop
      vertex 12.5 -31.6421 6.43999
      vertex 12.5 -38.3 6
      vertex 12.5 -31.7 6
    endloop
  endfacet
  facet normal 1 0 0
    outer loop
      vertex 12.5 -38.3579 6.43999
      vertex 12.5 -31.6421 6.43999
      vertex 12.5 -31.4722 6.85
    endloop
  endfacet
  facet normal 1 0 0
    outer loop
      vertex 12.5 -38.5278 6.85
      vertex 12.5 -31.4722 6.85
      vertex 12.5 -31.2021 7.20208
    endloop
  endfacet
  facet normal 1 0 0
    outer loop
      vertex 12.5 -38.7979 7.20208
      vertex 12.5 -31.2021 7.20208
      vertex 12.5 -30.85 7.47224
    endloop
  endfacet
  facet normal 1 0 0
    outer loop
      vertex 12.5 -39.15 7.47224
      vertex 12.5 -30.85 7.47224
      vertex 12.5 -30.44 7.64207
    endloop
  endfacet
  facet normal 1 0 0
    outer loop
      vertex 12.5 -31.6421 6.43999
      vertex 12.5 -38.3579 6.43999
      vertex 12.5 -38.3 6
    endloop
  endfacet
  facet normal 1 0 0
    outer loop
      vertex 12.5 -31.4722 6.85
      vertex 12.5 -38.5278 6.85
      vertex 12.5 -38.3579 6.43999
    endloop
  endfacet
  facet normal 1 0 0
    outer loop
      vertex 12.5 -30 7.7
      vertex 12.5 -40 7.7
      vertex 12.5 -30.44 7.64207
    endloop
  endfacet
  facet normal 1 0 0
    outer loop
      vertex 12.5 -31.2021 7.20208
      vertex 12.5 -38.7979 7.20208
      vertex 12.5 -38.5278 6.85
    endloop
  endfacet
  facet normal 1 0 0
    outer loop
      vertex 12.5 -30.85 7.47224
      vertex 12.5 -39.15 7.47224
      vertex 12.5 -38.7979 7.20208
    endloop
  endfacet
  facet normal 1 0 0
    outer loop
      vertex 12.5 -30.44 7.64207
      vertex 12.5 -39.56 7.64207
      vertex 12.5 -39.15 7.47224
    endloop
  endfacet
  facet normal 1 0 0
    outer loop
      vertex 12.5 -30.44 7.64207
      vertex 12.5 -40 7.7
      vertex 12.5 -39.56 7.64207
    endloop
  endfacet
  facet normal 1 0 0
    outer loop
      vertex 12.5 -41.6421 6.43999
      vertex 12.5 -48.3 6
      vertex 12.5 -41.7 6
    endloop
  endfacet
  facet normal 1 0 0
    outer loop
      vertex 12.5 -48.3579 6.43999
      vertex 12.5 -41.6421 6.43999
      vertex 12.5 -41.4722 6.85
    endloop
  endfacet
  facet normal 1 0 0
    outer loop
      vertex 12.5 -48.5278 6.85
      vertex 12.5 -41.4722 6.85
      vertex 12.5 -41.2021 7.20208
    endloop
  endfacet
  facet normal 1 0 0
    outer loop
      vertex 12.5 -48.7979 7.20208
      vertex 12.5 -41.2021 7.20208
      vertex 12.5 -40.85 7.47224
    endloop
  endfacet
  facet normal 1 0 0
    outer loop
      vertex 12.5 -49.15 7.47224
      vertex 12.5 -40.85 7.47224
      vertex 12.5 -40.44 7.64207
    endloop
  endfacet
  facet normal 1 0 0
    outer loop
      vertex 12.5 -41.6421 6.43999
      vertex 12.5 -48.3579 6.43999
      vertex 12.5 -48.3 6
    endloop
  endfacet
  facet normal 1 0 0
    outer loop
      vertex 12.5 -41.4722 6.85
      vertex 12.5 -48.5278 6.85
      vertex 12.5 -48.3579 6.43999
    endloop
  endfacet
  facet normal 1 0 0
    outer loop
      vertex 12.5 -49.56 7.64207
      vertex 12.5 -40.44 7.64207
      vertex 12.5 -40 7.7
    endloop
  endfacet
  facet normal 1 -0 0
    outer loop
      vertex 12.5 -80 12
      vertex 12.5 -40 7.7
      vertex 12.5 0 12
    endloop
  endfacet
  facet normal 1 0 0
    outer loop
      vertex 12.5 -41.2021 7.20208
      vertex 12.5 -48.7979 7.20208
      vertex 12.5 -48.5278 6.85
    endloop
  endfacet
  facet normal 1 0 0
    outer loop
      vertex 12.5 -40.85 7.47224
      vertex 12.5 -49.15 7.47224
      vertex 12.5 -48.7979 7.20208
    endloop
  endfacet
  facet normal 1 0 0
    outer loop
      vertex 12.5 -40.44 7.64207
      vertex 12.5 -49.56 7.64207
      vertex 12.5 -49.15 7.47224
    endloop
  endfacet
  facet normal 1 0 0
    outer loop
      vertex 12.5 -40 7.7
      vertex 12.5 -50 7.7
      vertex 12.5 -49.56 7.64207
    endloop
  endfacet
  facet normal 1 0 0
    outer loop
      vertex 12.5 -51.6421 6.43999
      vertex 12.5 -58.3 6
      vertex 12.5 -51.7 6
    endloop
  endfacet
  facet normal 1 0 0
    outer loop
      vertex 12.5 -58.3579 6.43999
      vertex 12.5 -51.6421 6.43999
      vertex 12.5 -51.4722 6.85
    endloop
  endfacet
  facet normal 1 0 0
    outer loop
      vertex 12.5 -58.5278 6.85
      vertex 12.5 -51.4722 6.85
      vertex 12.5 -51.2021 7.20208
    endloop
  endfacet
  facet normal 1 0 0
    outer loop
      vertex 12.5 -58.7979 7.20208
      vertex 12.5 -51.2021 7.20208
      vertex 12.5 -50.85 7.47224
    endloop
  endfacet
  facet normal 1 0 0
    outer loop
      vertex 12.5 -59.15 7.47224
      vertex 12.5 -50.85 7.47224
      vertex 12.5 -50.44 7.64207
    endloop
  endfacet
  facet normal 1 0 0
    outer loop
      vertex 12.5 -51.6421 6.43999
      vertex 12.5 -58.3579 6.43999
      vertex 12.5 -58.3 6
    endloop
  endfacet
  facet normal 1 0 0
    outer loop
      vertex 12.5 -51.4722 6.85
      vertex 12.5 -58.5278 6.85
      vertex 12.5 -58.3579 6.43999
    endloop
  endfacet
  facet normal 1 0 0
    outer loop
      vertex 12.5 -59.56 7.64207
      vertex 12.5 -50.44 7.64207
      vertex 12.5 -50 7.7
    endloop
  endfacet
  facet normal 1 0 0
    outer loop
      vertex 12.5 -51.2021 7.20208
      vertex 12.5 -58.7979 7.20208
      vertex 12.5 -58.5278 6.85
    endloop
  endfacet
  facet normal 1 0 0
    outer loop
      vertex 12.5 -40 7.7
      vertex 12.5 -80 12
      vertex 12.5 -50 7.7
    endloop
  endfacet
  facet normal 1 0 0
    outer loop
      vertex 12.5 -50.85 7.47224
      vertex 12.5 -59.15 7.47224
      vertex 12.5 -58.7979 7.20208
    endloop
  endfacet
  facet normal 1 0 0
    outer loop
      vertex 12.5 -50.44 7.64207
      vertex 12.5 -59.56 7.64207
      vertex 12.5 -59.15 7.47224
    endloop
  endfacet
  facet normal 1 0 0
    outer loop
      vertex 12.5 -50 7.7
      vertex 12.5 -60 7.7
      vertex 12.5 -59.56 7.64207
    endloop
  endfacet
  facet normal 1 0 0
    outer loop
      vertex 12.5 -61.6421 6.43999
      vertex 12.5 -68.3 6
      vertex 12.5 -61.7 6
    endloop
  endfacet
  facet normal 1 0 0
    outer loop
      vertex 12.5 -68.3579 6.43999
      vertex 12.5 -61.6421 6.43999
      vertex 12.5 -61.4722 6.85
    endloop
  endfacet
  facet normal 1 0 0
    outer loop
      vertex 12.5 -68.5278 6.85
      vertex 12.5 -61.4722 6.85
      vertex 12.5 -61.2021 7.20208
    endloop
  endfacet
  facet normal 1 0 0
    outer loop
      vertex 12.5 -68.7979 7.20208
      vertex 12.5 -61.2021 7.20208
      vertex 12.5 -60.85 7.47224
    endloop
  endfacet
  facet normal 1 0 0
    outer loop
      vertex 12.5 -69.15 7.47224
      vertex 12.5 -60.85 7.47224
      vertex 12.5 -60.44 7.64207
    endloop
  endfacet
  facet normal 1 0 0
    outer loop
      vertex 12.5 -61.6421 6.43999
      vertex 12.5 -68.3579 6.43999
      vertex 12.5 -68.3 6
    endloop
  endfacet
  facet normal 1 0 0
    outer loop
      vertex 12.5 -61.4722 6.85
      vertex 12.5 -68.5278 6.85
      vertex 12.5 -68.3579 6.43999
    endloop
  endfacet
  facet normal 1 0 0
    outer loop
      vertex 12.5 -80 12
      vertex 12.5 -60.44 7.64207
      vertex 12.5 -60 7.7
    endloop
  endfacet
  facet normal 1 0 0
    outer loop
      vertex 12.5 -61.2021 7.20208
      vertex 12.5 -68.7979 7.20208
      vertex 12.5 -68.5278 6.85
    endloop
  endfacet
  facet normal 1 0 0
    outer loop
      vertex 12.5 -50 7.7
      vertex 12.5 -80 12
      vertex 12.5 -60 7.7
    endloop
  endfacet
  facet normal 1 0 0
    outer loop
      vertex 12.5 -60.85 7.47224
      vertex 12.5 -69.15 7.47224
      vertex 12.5 -68.7979 7.20208
    endloop
  endfacet
  facet normal 1 0 0
    outer loop
      vertex 12.5 -60.44 7.64207
      vertex 12.5 -69.56 7.64207
      vertex 12.5 -69.15 7.47224
    endloop
  endfacet
  facet normal 1 0 0
    outer loop
      vertex 12.5 -60.44 7.64207
      vertex 12.5 -80 12
      vertex 12.5 -69.56 7.64207
    endloop
  endfacet
  facet normal 1 0 0
    outer loop
      vertex 12.5 -71.6421 6.43999
      vertex 12.5 -78.3 6
      vertex 12.5 -71.7 6
    endloop
  endfacet
  facet normal 1 0 0
    outer loop
      vertex 12.5 -78.3579 6.43999
      vertex 12.5 -71.6421 6.43999
      vertex 12.5 -71.4722 6.85
    endloop
  endfacet
  facet normal 1 0 0
    outer loop
      vertex 12.5 -78.5278 6.85
      vertex 12.5 -71.4722 6.85
      vertex 12.5 -71.2021 7.20208
    endloop
  endfacet
  facet normal 1 0 0
    outer loop
      vertex 12.5 -80 12
      vertex 12.5 -71.2021 7.20208
      vertex 12.5 -70.85 7.47224
    endloop
  endfacet
  facet normal 1 0 0
    outer loop
      vertex 12.5 -80 12
      vertex 12.5 -70.85 7.47224
      vertex 12.5 -70.44 7.64207
    endloop
  endfacet
  facet normal 1 0 0
    outer loop
      vertex 12.5 -71.6421 6.43999
      vertex 12.5 -78.3579 6.43999
      vertex 12.5 -78.3 6
    endloop
  endfacet
  facet normal 1 0 0
    outer loop
      vertex 12.5 -71.4722 6.85
      vertex 12.5 -78.5278 6.85
      vertex 12.5 -78.3579 6.43999
    endloop
  endfacet
  facet normal 1 0 0
    outer loop
      vertex 12.5 -80 12
      vertex 12.5 -70.44 7.64207
      vertex 12.5 -70 7.7
    endloop
  endfacet
  facet normal 1 0 0
    outer loop
      vertex 12.5 -71.2021 7.20208
      vertex 12.5 -78.7979 7.20208
      vertex 12.5 -78.5278 6.85
    endloop
  endfacet
  facet normal 1 0 0
    outer loop
      vertex 12.5 -69.56 7.64207
      vertex 12.5 -80 12
      vertex 12.5 -70 7.7
    endloop
  endfacet
  facet normal 1 0 0
    outer loop
      vertex 12.5 -71.2021 7.20208
      vertex 12.5 -80 12
      vertex 12.5 -78.7979 7.20208
    endloop
  endfacet
  facet normal 1 0 0
    outer loop
      vertex 12.5 -78.7979 7.20208
      vertex 12.5 -80 12
      vertex 12.5 -79.15 7.47224
    endloop
  endfacet
  facet normal 1 0 0
    outer loop
      vertex 12.5 -79.15 7.47224
      vertex 12.5 -80 12
      vertex 12.5 -79.56 7.64207
    endloop
  endfacet
  facet normal 1 0 0
    outer loop
      vertex 12.5 -79.56 7.64207
      vertex 12.5 -80 12
      vertex 12.5 -80 7.7
    endloop
  endfacet
  facet normal 1 -0 0
    outer loop
      vertex 12.5 -8.35793 5.56001
      vertex 12.5 0 0
      vertex 12.5 -8.3 6
    endloop
  endfacet
  facet normal 1 -0 0
    outer loop
      vertex 12.5 -8.52776 5.15
      vertex 12.5 0 0
      vertex 12.5 -8.35793 5.56001
    endloop
  endfacet
  facet normal 1 -0 0
    outer loop
      vertex 12.5 -8.79792 4.79792
      vertex 12.5 0 0
      vertex 12.5 -8.52776 5.15
    endloop
  endfacet
  facet normal 1 -0 0
    outer loop
      vertex 12.5 -9.15 4.52776
      vertex 12.5 0 0
      vertex 12.5 -8.79792 4.79792
    endloop
  endfacet
  facet normal 1 -0 0
    outer loop
      vertex 12.5 -9.56001 4.35793
      vertex 12.5 0 0
      vertex 12.5 -9.15 4.52776
    endloop
  endfacet
  facet normal 1 -0 0
    outer loop
      vertex 12.5 -10 4.3
      vertex 12.5 0 0
      vertex 12.5 -9.56001 4.35793
    endloop
  endfacet
  facet normal 1 0 0
    outer loop
      vertex 12.5 -10.44 4.35793
      vertex 12.5 0 0
      vertex 12.5 -10 4.3
    endloop
  endfacet
  facet normal 1 0 0
    outer loop
      vertex 12.5 -19.56 4.35793
      vertex 12.5 -10.44 4.35793
      vertex 12.5 -10.85 4.52776
    endloop
  endfacet
  facet normal 1 -0 0
    outer loop
      vertex 12.5 -18.3 6
      vertex 12.5 -11.6421 5.56001
      vertex 12.5 -11.7 6
    endloop
  endfacet
  facet normal 1 0 0
    outer loop
      vertex 12.5 -18.3579 5.56001
      vertex 12.5 -11.6421 5.56001
      vertex 12.5 -18.3 6
    endloop
  endfacet
  facet normal 1 0 0
    outer loop
      vertex 12.5 -11.6421 5.56001
      vertex 12.5 -18.3579 5.56001
      vertex 12.5 -11.4722 5.15
    endloop
  endfacet
  facet normal 1 0 0
    outer loop
      vertex 12.5 -18.5278 5.15
      vertex 12.5 -11.4722 5.15
      vertex 12.5 -18.3579 5.56001
    endloop
  endfacet
  facet normal 1 0 0
    outer loop
      vertex 12.5 -11.4722 5.15
      vertex 12.5 -18.5278 5.15
      vertex 12.5 -11.2021 4.79792
    endloop
  endfacet
  facet normal 1 0 0
    outer loop
      vertex 12.5 -18.7979 4.79792
      vertex 12.5 -11.2021 4.79792
      vertex 12.5 -18.5278 5.15
    endloop
  endfacet
  facet normal 1 0 0
    outer loop
      vertex 12.5 -11.2021 4.79792
      vertex 12.5 -18.7979 4.79792
      vertex 12.5 -10.85 4.52776
    endloop
  endfacet
  facet normal 1 0 0
    outer loop
      vertex 12.5 -19.15 4.52776
      vertex 12.5 -10.85 4.52776
      vertex 12.5 -18.7979 4.79792
    endloop
  endfacet
  facet normal 1 0 0
    outer loop
      vertex 12.5 -19.56 4.35793
      vertex 12.5 -10.85 4.52776
      vertex 12.5 -19.15 4.52776
    endloop
  endfacet
  facet normal 1 0 0
    outer loop
      vertex 12.5 -10.44 4.35793
      vertex 12.5 -19.56 4.35793
      vertex 12.5 0 0
    endloop
  endfacet
  facet normal 1 -0 0
    outer loop
      vertex 12.5 -20 4.3
      vertex 12.5 0 0
      vertex 12.5 -19.56 4.35793
    endloop
  endfacet
  facet normal 1 0 0
    outer loop
      vertex 12.5 -30 4.3
      vertex 12.5 -20 4.3
      vertex 12.5 -20.44 4.35793
    endloop
  endfacet
  facet normal 1 -0 0
    outer loop
      vertex 12.5 -28.3 6
      vertex 12.5 -21.6421 5.56001
      vertex 12.5 -21.7 6
    endloop
  endfacet
  facet normal 1 0 0
    outer loop
      vertex 12.5 -28.3579 5.56001
      vertex 12.5 -21.6421 5.56001
      vertex 12.5 -28.3 6
    endloop
  endfacet
  facet normal 1 0 0
    outer loop
      vertex 12.5 -21.6421 5.56001
      vertex 12.5 -28.3579 5.56001
      vertex 12.5 -21.4722 5.15
    endloop
  endfacet
  facet normal 1 0 0
    outer loop
      vertex 12.5 -28.5278 5.15
      vertex 12.5 -21.4722 5.15
      vertex 12.5 -28.3579 5.56001
    endloop
  endfacet
  facet normal 1 0 0
    outer loop
      vertex 12.5 -21.4722 5.15
      vertex 12.5 -28.5278 5.15
      vertex 12.5 -21.2021 4.79792
    endloop
  endfacet
  facet normal 1 0 0
    outer loop
      vertex 12.5 -28.7979 4.79792
      vertex 12.5 -21.2021 4.79792
      vertex 12.5 -28.5278 5.15
    endloop
  endfacet
  facet normal 1 0 0
    outer loop
      vertex 12.5 -21.2021 4.79792
      vertex 12.5 -28.7979 4.79792
      vertex 12.5 -20.85 4.52776
    endloop
  endfacet
  facet normal 1 0 0
    outer loop
      vertex 12.5 -29.15 4.52776
      vertex 12.5 -20.85 4.52776
      vertex 12.5 -28.7979 4.79792
    endloop
  endfacet
  facet normal 1 0 0
    outer loop
      vertex 12.5 -20.85 4.52776
      vertex 12.5 -29.15 4.52776
      vertex 12.5 -20.44 4.35793
    endloop
  endfacet
  facet normal 1 0 0
    outer loop
      vertex 12.5 -29.56 4.35793
      vertex 12.5 -20.44 4.35793
      vertex 12.5 -29.15 4.52776
    endloop
  endfacet
  facet normal 1 0 0
    outer loop
      vertex 12.5 -30 4.3
      vertex 12.5 -20.44 4.35793
      vertex 12.5 -29.56 4.35793
    endloop
  endfacet
  facet normal 1 0 0
    outer loop
      vertex 12.5 -20 4.3
      vertex 12.5 -30 4.3
      vertex 12.5 0 0
    endloop
  endfacet
  facet normal 1 0 0
    outer loop
      vertex 12.5 -40 4.3
      vertex 12.5 -30 4.3
      vertex 12.5 -30.44 4.35793
    endloop
  endfacet
  facet normal 1 -0 0
    outer loop
      vertex 12.5 -38.3 6
      vertex 12.5 -31.6421 5.56001
      vertex 12.5 -31.7 6
    endloop
  endfacet
  facet normal 1 0 0
    outer loop
      vertex 12.5 -38.3579 5.56001
      vertex 12.5 -31.6421 5.56001
      vertex 12.5 -38.3 6
    endloop
  endfacet
  facet normal 1 0 0
    outer loop
      vertex 12.5 -31.6421 5.56001
      vertex 12.5 -38.3579 5.56001
      vertex 12.5 -31.4722 5.15
    endloop
  endfacet
  facet normal 1 0 0
    outer loop
      vertex 12.5 -38.5278 5.15
      vertex 12.5 -31.4722 5.15
      vertex 12.5 -38.3579 5.56001
    endloop
  endfacet
  facet normal 1 0 0
    outer loop
      vertex 12.5 -31.4722 5.15
      vertex 12.5 -38.5278 5.15
      vertex 12.5 -31.2021 4.79792
    endloop
  endfacet
  facet normal 1 0 0
    outer loop
      vertex 12.5 -38.7979 4.79792
      vertex 12.5 -31.2021 4.79792
      vertex 12.5 -38.5278 5.15
    endloop
  endfacet
  facet normal 1 0 0
    outer loop
      vertex 12.5 -31.2021 4.79792
      vertex 12.5 -38.7979 4.79792
      vertex 12.5 -30.85 4.52776
    endloop
  endfacet
  facet normal 1 0 0
    outer loop
      vertex 12.5 -39.15 4.52776
      vertex 12.5 -30.85 4.52776
      vertex 12.5 -38.7979 4.79792
    endloop
  endfacet
  facet normal 1 0 0
    outer loop
      vertex 12.5 -30.85 4.52776
      vertex 12.5 -39.15 4.52776
      vertex 12.5 -30.44 4.35793
    endloop
  endfacet
  facet normal 1 0 0
    outer loop
      vertex 12.5 -39.56 4.35793
      vertex 12.5 -30.44 4.35793
      vertex 12.5 -39.15 4.52776
    endloop
  endfacet
  facet normal 1 0 0
    outer loop
      vertex 12.5 -40 4.3
      vertex 12.5 -30.44 4.35793
      vertex 12.5 -39.56 4.35793
    endloop
  endfacet
  facet normal 1 0 0
    outer loop
      vertex 12.5 -30 4.3
      vertex 12.5 -40 4.3
      vertex 12.5 0 0
    endloop
  endfacet
  facet normal 1 -0 0
    outer loop
      vertex 12.5 -48.3 6
      vertex 12.5 -41.6421 5.56001
      vertex 12.5 -41.7 6
    endloop
  endfacet
  facet normal 1 0 0
    outer loop
      vertex 12.5 -48.3579 5.56001
      vertex 12.5 -41.6421 5.56001
      vertex 12.5 -48.3 6
    endloop
  endfacet
  facet normal 1 0 0
    outer loop
      vertex 12.5 -41.6421 5.56001
      vertex 12.5 -48.3579 5.56001
      vertex 12.5 -41.4722 5.15
    endloop
  endfacet
  facet normal 1 0 0
    outer loop
      vertex 12.5 -48.5278 5.15
      vertex 12.5 -41.4722 5.15
      vertex 12.5 -48.3579 5.56001
    endloop
  endfacet
  facet normal 1 0 0
    outer loop
      vertex 12.5 -41.4722 5.15
      vertex 12.5 -48.5278 5.15
      vertex 12.5 -41.2021 4.79792
    endloop
  endfacet
  facet normal 1 0 0
    outer loop
      vertex 12.5 -48.7979 4.79792
      vertex 12.5 -41.2021 4.79792
      vertex 12.5 -48.5278 5.15
    endloop
  endfacet
  facet normal 1 0 0
    outer loop
      vertex 12.5 -41.2021 4.79792
      vertex 12.5 -48.7979 4.79792
      vertex 12.5 -40.85 4.52776
    endloop
  endfacet
  facet normal 1 0 0
    outer loop
      vertex 12.5 -49.15 4.52776
      vertex 12.5 -40.85 4.52776
      vertex 12.5 -48.7979 4.79792
    endloop
  endfacet
  facet normal 1 0 0
    outer loop
      vertex 12.5 -40.85 4.52776
      vertex 12.5 -49.15 4.52776
      vertex 12.5 -40.44 4.35793
    endloop
  endfacet
  facet normal 1 0 0
    outer loop
      vertex 12.5 -49.56 4.35793
      vertex 12.5 -40.44 4.35793
      vertex 12.5 -49.15 4.52776
    endloop
  endfacet
  facet normal 1 0 0
    outer loop
      vertex 12.5 -40.44 4.35793
      vertex 12.5 -49.56 4.35793
      vertex 12.5 -40 4.3
    endloop
  endfacet
  facet normal 1 0 0
    outer loop
      vertex 12.5 -50 4.3
      vertex 12.5 -40 4.3
      vertex 12.5 -49.56 4.35793
    endloop
  endfacet
  facet normal 1 0 0
    outer loop
      vertex 12.5 -80 0
      vertex 12.5 -40 4.3
      vertex 12.5 -50 4.3
    endloop
  endfacet
  facet normal 1 -0 0
    outer loop
      vertex 12.5 -58.3 6
      vertex 12.5 -51.6421 5.56001
      vertex 12.5 -51.7 6
    endloop
  endfacet
  facet normal 1 0 0
    outer loop
      vertex 12.5 -58.3579 5.56001
      vertex 12.5 -51.6421 5.56001
      vertex 12.5 -58.3 6
    endloop
  endfacet
  facet normal 1 0 0
    outer loop
      vertex 12.5 -51.6421 5.56001
      vertex 12.5 -58.3579 5.56001
      vertex 12.5 -51.4722 5.15
    endloop
  endfacet
  facet normal 1 0 0
    outer loop
      vertex 12.5 -58.5278 5.15
      vertex 12.5 -51.4722 5.15
      vertex 12.5 -58.3579 5.56001
    endloop
  endfacet
  facet normal 1 0 0
    outer loop
      vertex 12.5 -51.4722 5.15
      vertex 12.5 -58.5278 5.15
      vertex 12.5 -51.2021 4.79792
    endloop
  endfacet
  facet normal 1 0 0
    outer loop
      vertex 12.5 -58.7979 4.79792
      vertex 12.5 -51.2021 4.79792
      vertex 12.5 -58.5278 5.15
    endloop
  endfacet
  facet normal 1 0 0
    outer loop
      vertex 12.5 -51.2021 4.79792
      vertex 12.5 -58.7979 4.79792
      vertex 12.5 -50.85 4.52776
    endloop
  endfacet
  facet normal 1 0 0
    outer loop
      vertex 12.5 -59.15 4.52776
      vertex 12.5 -50.85 4.52776
      vertex 12.5 -58.7979 4.79792
    endloop
  endfacet
  facet normal 1 0 0
    outer loop
      vertex 12.5 -50.85 4.52776
      vertex 12.5 -59.15 4.52776
      vertex 12.5 -50.44 4.35793
    endloop
  endfacet
  facet normal 1 0 0
    outer loop
      vertex 12.5 -59.56 4.35793
      vertex 12.5 -50.44 4.35793
      vertex 12.5 -59.15 4.52776
    endloop
  endfacet
  facet normal 1 0 0
    outer loop
      vertex 12.5 -50.44 4.35793
      vertex 12.5 -59.56 4.35793
      vertex 12.5 -50 4.3
    endloop
  endfacet
  facet normal 1 0 0
    outer loop
      vertex 12.5 -60 4.3
      vertex 12.5 -50 4.3
      vertex 12.5 -59.56 4.35793
    endloop
  endfacet
  facet normal 1 0 0
    outer loop
      vertex 12.5 -80 0
      vertex 12.5 -50 4.3
      vertex 12.5 -60 4.3
    endloop
  endfacet
  facet normal 1 -0 0
    outer loop
      vertex 12.5 -68.3 6
      vertex 12.5 -61.6421 5.56001
      vertex 12.5 -61.7 6
    endloop
  endfacet
  facet normal 1 0 0
    outer loop
      vertex 12.5 -68.3579 5.56001
      vertex 12.5 -61.6421 5.56001
      vertex 12.5 -68.3 6
    endloop
  endfacet
  facet normal 1 0 0
    outer loop
      vertex 12.5 -61.6421 5.56001
      vertex 12.5 -68.3579 5.56001
      vertex 12.5 -61.4722 5.15
    endloop
  endfacet
  facet normal 1 0 0
    outer loop
      vertex 12.5 -68.5278 5.15
      vertex 12.5 -61.4722 5.15
      vertex 12.5 -68.3579 5.56001
    endloop
  endfacet
  facet normal 1 0 0
    outer loop
      vertex 12.5 -61.4722 5.15
      vertex 12.5 -68.5278 5.15
      vertex 12.5 -61.2021 4.79792
    endloop
  endfacet
  facet normal 1 0 0
    outer loop
      vertex 12.5 -68.7979 4.79792
      vertex 12.5 -61.2021 4.79792
      vertex 12.5 -68.5278 5.15
    endloop
  endfacet
  facet normal 1 0 0
    outer loop
      vertex 12.5 -61.2021 4.79792
      vertex 12.5 -68.7979 4.79792
      vertex 12.5 -60.85 4.52776
    endloop
  endfacet
  facet normal 1 0 0
    outer loop
      vertex 12.5 -69.15 4.52776
      vertex 12.5 -60.85 4.52776
      vertex 12.5 -68.7979 4.79792
    endloop
  endfacet
  facet normal 1 0 0
    outer loop
      vertex 12.5 -60.85 4.52776
      vertex 12.5 -69.15 4.52776
      vertex 12.5 -60.44 4.35793
    endloop
  endfacet
  facet normal 1 0 0
    outer loop
      vertex 12.5 -69.56 4.35793
      vertex 12.5 -60.44 4.35793
      vertex 12.5 -69.15 4.52776
    endloop
  endfacet
  facet normal 1 0 0
    outer loop
      vertex 12.5 -80 0
      vertex 12.5 -60.44 4.35793
      vertex 12.5 -69.56 4.35793
    endloop
  endfacet
  facet normal 1 0 0
    outer loop
      vertex 12.5 -60.44 4.35793
      vertex 12.5 -80 0
      vertex 12.5 -60 4.3
    endloop
  endfacet
  facet normal 1 0 0
    outer loop
      vertex 12.5 -80 0
      vertex 12.5 -69.56 4.35793
      vertex 12.5 -70 4.3
    endloop
  endfacet
  facet normal 1 -0 0
    outer loop
      vertex 12.5 -78.3 6
      vertex 12.5 -71.6421 5.56001
      vertex 12.5 -71.7 6
    endloop
  endfacet
  facet normal 1 0 0
    outer loop
      vertex 12.5 -78.3579 5.56001
      vertex 12.5 -71.6421 5.56001
      vertex 12.5 -78.3 6
    endloop
  endfacet
  facet normal 1 0 0
    outer loop
      vertex 12.5 -71.6421 5.56001
      vertex 12.5 -78.3579 5.56001
      vertex 12.5 -71.4722 5.15
    endloop
  endfacet
  facet normal 1 0 0
    outer loop
      vertex 12.5 -78.5278 5.15
      vertex 12.5 -71.4722 5.15
      vertex 12.5 -78.3579 5.56001
    endloop
  endfacet
  facet normal 1 0 0
    outer loop
      vertex 12.5 -71.4722 5.15
      vertex 12.5 -78.5278 5.15
      vertex 12.5 -71.2021 4.79792
    endloop
  endfacet
  facet normal 1 0 0
    outer loop
      vertex 12.5 -78.7979 4.79792
      vertex 12.5 -71.2021 4.79792
      vertex 12.5 -78.5278 5.15
    endloop
  endfacet
  facet normal 1 0 0
    outer loop
      vertex 12.5 -80 0
      vertex 12.5 -71.2021 4.79792
      vertex 12.5 -78.7979 4.79792
    endloop
  endfacet
  facet normal 1 0 0
    outer loop
      vertex 12.5 -71.2021 4.79792
      vertex 12.5 -80 0
      vertex 12.5 -70.85 4.52776
    endloop
  endfacet
  facet normal 1 0 0
    outer loop
      vertex 12.5 -70.85 4.52776
      vertex 12.5 -80 0
      vertex 12.5 -70.44 4.35793
    endloop
  endfacet
  facet normal 1 0 0
    outer loop
      vertex 12.5 -70.44 4.35793
      vertex 12.5 -80 0
      vertex 12.5 -70 4.3
    endloop
  endfacet
  facet normal 1 0 0
    outer loop
      vertex 12.5 -80 0
      vertex 12.5 -78.7979 4.79792
      vertex 12.5 -79.15 4.52776
    endloop
  endfacet
  facet normal 1 0 0
    outer loop
      vertex 12.5 -80 0
      vertex 12.5 -79.15 4.52776
      vertex 12.5 -79.56 4.35793
    endloop
  endfacet
  facet normal 1 0 0
    outer loop
      vertex 12.5 -80 0
      vertex 12.5 -79.56 4.35793
      vertex 12.5 -80 4.3
    endloop
  endfacet
  facet normal 1 0 0
    outer loop
      vertex 12.5 -40 4.3
      vertex 12.5 -80 0
      vertex 12.5 0 0
    endloop
  endfacet
  facet normal 0 0 1
    outer loop
      vertex 0 -70 12
      vertex 12.5 0 12
      vertex 0 0 12
    endloop
  endfacet
  facet normal 0 0 1
    outer loop
      vertex 12.5 0 12
      vertex 0 -70 12
      vertex 12.5 -80 12
    endloop
  endfacet
  facet normal 0 0 1
    outer loop
      vertex 0 -70 12
      vertex 0 -80 12
      vertex 12.5 -80 12
    endloop
  endfacet
  facet normal -0 0 1
    outer loop
      vertex -12.5 -70 12
      vertex 0 -80 12
      vertex 0 -70 12
    endloop
  endfacet
  facet normal 0 0 1
    outer loop
      vertex -12.5 -150 12
      vertex 0 -80 12
      vertex -12.5 -70 12
    endloop
  endfacet
  facet normal 0 0 1
    outer loop
      vertex 0 -80 12
      vertex -12.5 -150 12
      vertex 0 -150 12
    endloop
  endfacet
  facet normal 0 0 -1
    outer loop
      vertex 0 -70 0
      vertex 12.5 -80 0
      vertex 0 -80 0
    endloop
  endfacet
  facet normal 0 0 -1
    outer loop
      vertex 12.5 -80 0
      vertex 0 -70 0
      vertex 12.5 0 0
    endloop
  endfacet
  facet normal -0 0 -1
    outer loop
      vertex 12.5 0 0
      vertex 0 -70 0
      vertex 0 0 0
    endloop
  endfacet
  facet normal 0 0 -1
    outer loop
      vertex -12.5 -150 0
      vertex 0 -80 0
      vertex 0 -150 0
    endloop
  endfacet
  facet normal 0 0 -1
    outer loop
      vertex -12.5 -70 0
      vertex 0 -80 0
      vertex -12.5 -150 0
    endloop
  endfacet
  facet normal 0 0 -1
    outer loop
      vertex 0 -80 0
      vertex -12.5 -70 0
      vertex 0 -70 0
    endloop
  endfacet
  facet normal -1 0 0
    outer loop
      vertex 0 0 0
      vertex 0 -8.3 6
      vertex 0 0 12
    endloop
  endfacet
  facet normal -1 0 0
    outer loop
      vertex 0 0 0
      vertex 0 -8.35793 5.56001
      vertex 0 -8.3 6
    endloop
  endfacet
  facet normal -1 0 0
    outer loop
      vertex 0 0 0
      vertex 0 -8.52776 5.15
      vertex 0 -8.35793 5.56001
    endloop
  endfacet
  facet normal -1 0 0
    outer loop
      vertex 0 0 0
      vertex 0 -8.79792 4.79792
      vertex 0 -8.52776 5.15
    endloop
  endfacet
  facet normal -1 0 0
    outer loop
      vertex 0 0 0
      vertex 0 -9.15 4.52776
      vertex 0 -8.79792 4.79792
    endloop
  endfacet
  facet normal -1 0 0
    outer loop
      vertex 0 0 0
      vertex 0 -9.56001 4.35793
      vertex 0 -9.15 4.52776
    endloop
  endfacet
  facet normal -1 0 0
    outer loop
      vertex 0 0 0
      vertex 0 -10 4.3
      vertex 0 -9.56001 4.35793
    endloop
  endfacet
  facet normal -1 0 0
    outer loop
      vertex 0 0 0
      vertex 0 -10.44 4.35793
      vertex 0 -10 4.3
    endloop
  endfacet
  facet normal -1 0 0
    outer loop
      vertex 0 -19.56 4.35793
      vertex 0 -10.44 4.35793
      vertex 0 0 0
    endloop
  endfacet
  facet normal -1 0 0
    outer loop
      vertex 0 -11.6421 5.56001
      vertex 0 -18.3 6
      vertex 0 -11.7 6
    endloop
  endfacet
  facet normal -1 0 0
    outer loop
      vertex 0 -18.3579 5.56001
      vertex 0 -11.6421 5.56001
      vertex 0 -11.4722 5.15
    endloop
  endfacet
  facet normal -1 0 0
    outer loop
      vertex 0 -18.5278 5.15
      vertex 0 -11.4722 5.15
      vertex 0 -11.2021 4.79792
    endloop
  endfacet
  facet normal -1 0 0
    outer loop
      vertex 0 -18.7979 4.79792
      vertex 0 -11.2021 4.79792
      vertex 0 -10.85 4.52776
    endloop
  endfacet
  facet normal -1 0 0
    outer loop
      vertex 0 -10.44 4.35793
      vertex 0 -19.56 4.35793
      vertex 0 -10.85 4.52776
    endloop
  endfacet
  facet normal -1 0 0
    outer loop
      vertex 0 -11.6421 5.56001
      vertex 0 -18.3579 5.56001
      vertex 0 -18.3 6
    endloop
  endfacet
  facet normal -1 0 0
    outer loop
      vertex 0 -11.4722 5.15
      vertex 0 -18.5278 5.15
      vertex 0 -18.3579 5.56001
    endloop
  endfacet
  facet normal -1 0 0
    outer loop
      vertex 0 -11.2021 4.79792
      vertex 0 -18.7979 4.79792
      vertex 0 -18.5278 5.15
    endloop
  endfacet
  facet normal -1 0 0
    outer loop
      vertex 0 -10.85 4.52776
      vertex 0 -19.15 4.52776
      vertex 0 -18.7979 4.79792
    endloop
  endfacet
  facet normal -1 -0 0
    outer loop
      vertex 0 -10.85 4.52776
      vertex 0 -19.56 4.35793
      vertex 0 -19.15 4.52776
    endloop
  endfacet
  facet normal -1 0 0
    outer loop
      vertex 0 0 0
      vertex 0 -20 4.3
      vertex 0 -19.56 4.35793
    endloop
  endfacet
  facet normal -1 0 0
    outer loop
      vertex 0 -30 4.3
      vertex 0 -20 4.3
      vertex 0 0 0
    endloop
  endfacet
  facet normal -1 0 0
    outer loop
      vertex 0 -21.6421 5.56001
      vertex 0 -28.3 6
      vertex 0 -21.7 6
    endloop
  endfacet
  facet normal -1 0 0
    outer loop
      vertex 0 -28.3579 5.56001
      vertex 0 -21.6421 5.56001
      vertex 0 -21.4722 5.15
    endloop
  endfacet
  facet normal -1 0 0
    outer loop
      vertex 0 -28.5278 5.15
      vertex 0 -21.4722 5.15
      vertex 0 -21.2021 4.79792
    endloop
  endfacet
  facet normal -1 0 0
    outer loop
      vertex 0 -28.7979 4.79792
      vertex 0 -21.2021 4.79792
      vertex 0 -20.85 4.52776
    endloop
  endfacet
  facet normal -1 0 0
    outer loop
      vertex 0 -29.15 4.52776
      vertex 0 -20.85 4.52776
      vertex 0 -20.44 4.35793
    endloop
  endfacet
  facet normal -1 0 0
    outer loop
      vertex 0 -20 4.3
      vertex 0 -30 4.3
      vertex 0 -20.44 4.35793
    endloop
  endfacet
  facet normal -1 0 0
    outer loop
      vertex 0 -21.6421 5.56001
      vertex 0 -28.3579 5.56001
      vertex 0 -28.3 6
    endloop
  endfacet
  facet normal -1 0 0
    outer loop
      vertex 0 -21.4722 5.15
      vertex 0 -28.5278 5.15
      vertex 0 -28.3579 5.56001
    endloop
  endfacet
  facet normal -1 0 0
    outer loop
      vertex 0 -21.2021 4.79792
      vertex 0 -28.7979 4.79792
      vertex 0 -28.5278 5.15
    endloop
  endfacet
  facet normal -1 0 0
    outer loop
      vertex 0 -20.85 4.52776
      vertex 0 -29.15 4.52776
      vertex 0 -28.7979 4.79792
    endloop
  endfacet
  facet normal -1 0 0
    outer loop
      vertex 0 -20.44 4.35793
      vertex 0 -29.56 4.35793
      vertex 0 -29.15 4.52776
    endloop
  endfacet
  facet normal -1 -0 0
    outer loop
      vertex 0 -20.44 4.35793
      vertex 0 -30 4.3
      vertex 0 -29.56 4.35793
    endloop
  endfacet
  facet normal -1 0 0
    outer loop
      vertex 0 -40 4.3
      vertex 0 -30 4.3
      vertex 0 0 0
    endloop
  endfacet
  facet normal -1 0 0
    outer loop
      vertex 0 -31.6421 5.56001
      vertex 0 -38.3 6
      vertex 0 -31.7 6
    endloop
  endfacet
  facet normal -1 0 0
    outer loop
      vertex 0 -38.3579 5.56001
      vertex 0 -31.6421 5.56001
      vertex 0 -31.4722 5.15
    endloop
  endfacet
  facet normal -1 0 0
    outer loop
      vertex 0 -38.5278 5.15
      vertex 0 -31.4722 5.15
      vertex 0 -31.2021 4.79792
    endloop
  endfacet
  facet normal -1 0 0
    outer loop
      vertex 0 -38.7979 4.79792
      vertex 0 -31.2021 4.79792
      vertex 0 -30.85 4.52776
    endloop
  endfacet
  facet normal -1 0 0
    outer loop
      vertex 0 -39.15 4.52776
      vertex 0 -30.85 4.52776
      vertex 0 -30.44 4.35793
    endloop
  endfacet
  facet normal -1 0 0
    outer loop
      vertex 0 -31.6421 5.56001
      vertex 0 -38.3579 5.56001
      vertex 0 -38.3 6
    endloop
  endfacet
  facet normal -1 0 0
    outer loop
      vertex 0 -31.4722 5.15
      vertex 0 -38.5278 5.15
      vertex 0 -38.3579 5.56001
    endloop
  endfacet
  facet normal -1 0 0
    outer loop
      vertex 0 -30 4.3
      vertex 0 -40 4.3
      vertex 0 -30.44 4.35793
    endloop
  endfacet
  facet normal -1 0 0
    outer loop
      vertex 0 -31.2021 4.79792
      vertex 0 -38.7979 4.79792
      vertex 0 -38.5278 5.15
    endloop
  endfacet
  facet normal -1 0 0
    outer loop
      vertex 0 -30.85 4.52776
      vertex 0 -39.15 4.52776
      vertex 0 -38.7979 4.79792
    endloop
  endfacet
  facet normal -1 0 0
    outer loop
      vertex 0 -30.44 4.35793
      vertex 0 -39.56 4.35793
      vertex 0 -39.15 4.52776
    endloop
  endfacet
  facet normal -1 -0 0
    outer loop
      vertex 0 -30.44 4.35793
      vertex 0 -40 4.3
      vertex 0 -39.56 4.35793
    endloop
  endfacet
  facet normal -1 0 0
    outer loop
      vertex 0 -41.6421 5.56001
      vertex 0 -48.3 6
      vertex 0 -41.7 6
    endloop
  endfacet
  facet normal -1 0 0
    outer loop
      vertex 0 -48.3579 5.56001
      vertex 0 -41.6421 5.56001
      vertex 0 -41.4722 5.15
    endloop
  endfacet
  facet normal -1 0 0
    outer loop
      vertex 0 -48.5278 5.15
      vertex 0 -41.4722 5.15
      vertex 0 -41.2021 4.79792
    endloop
  endfacet
  facet normal -1 0 0
    outer loop
      vertex 0 -48.7979 4.79792
      vertex 0 -41.2021 4.79792
      vertex 0 -40.85 4.52776
    endloop
  endfacet
  facet normal -1 0 0
    outer loop
      vertex 0 -49.15 4.52776
      vertex 0 -40.85 4.52776
      vertex 0 -40.44 4.35793
    endloop
  endfacet
  facet normal -1 0 0
    outer loop
      vertex 0 -41.6421 5.56001
      vertex 0 -48.3579 5.56001
      vertex 0 -48.3 6
    endloop
  endfacet
  facet normal -1 0 0
    outer loop
      vertex 0 -41.4722 5.15
      vertex 0 -48.5278 5.15
      vertex 0 -48.3579 5.56001
    endloop
  endfacet
  facet normal -1 0 0
    outer loop
      vertex 0 -49.56 4.35793
      vertex 0 -40.44 4.35793
      vertex 0 -40 4.3
    endloop
  endfacet
  facet normal -1 0 0
    outer loop
      vertex 0 -70 0
      vertex 0 -40 4.3
      vertex 0 0 0
    endloop
  endfacet
  facet normal -1 0 0
    outer loop
      vertex 0 -41.2021 4.79792
      vertex 0 -48.7979 4.79792
      vertex 0 -48.5278 5.15
    endloop
  endfacet
  facet normal -1 0 0
    outer loop
      vertex 0 -40.85 4.52776
      vertex 0 -49.15 4.52776
      vertex 0 -48.7979 4.79792
    endloop
  endfacet
  facet normal -1 0 0
    outer loop
      vertex 0 -40.44 4.35793
      vertex 0 -49.56 4.35793
      vertex 0 -49.15 4.52776
    endloop
  endfacet
  facet normal -1 0 0
    outer loop
      vertex 0 -40 4.3
      vertex 0 -50 4.3
      vertex 0 -49.56 4.35793
    endloop
  endfacet
  facet normal -1 0 0
    outer loop
      vertex 0 -51.6421 5.56001
      vertex 0 -58.3 6
      vertex 0 -51.7 6
    endloop
  endfacet
  facet normal -1 0 0
    outer loop
      vertex 0 -58.3579 5.56001
      vertex 0 -51.6421 5.56001
      vertex 0 -51.4722 5.15
    endloop
  endfacet
  facet normal -1 0 0
    outer loop
      vertex 0 -58.5278 5.15
      vertex 0 -51.4722 5.15
      vertex 0 -51.2021 4.79792
    endloop
  endfacet
  facet normal -1 0 0
    outer loop
      vertex 0 -58.7979 4.79792
      vertex 0 -51.2021 4.79792
      vertex 0 -50.85 4.52776
    endloop
  endfacet
  facet normal -1 0 0
    outer loop
      vertex 0 -59.15 4.52776
      vertex 0 -50.85 4.52776
      vertex 0 -50.44 4.35793
    endloop
  endfacet
  facet normal -1 0 0
    outer loop
      vertex 0 -51.6421 5.56001
      vertex 0 -58.3579 5.56001
      vertex 0 -58.3 6
    endloop
  endfacet
  facet normal -1 0 0
    outer loop
      vertex 0 -51.4722 5.15
      vertex 0 -58.5278 5.15
      vertex 0 -58.3579 5.56001
    endloop
  endfacet
  facet normal -1 0 0
    outer loop
      vertex 0 -70 0
      vertex 0 -50.44 4.35793
      vertex 0 -50 4.3
    endloop
  endfacet
  facet normal -1 0 0
    outer loop
      vertex 0 -51.2021 4.79792
      vertex 0 -58.7979 4.79792
      vertex 0 -58.5278 5.15
    endloop
  endfacet
  facet normal -1 -0 0
    outer loop
      vertex 0 -40 4.3
      vertex 0 -70 0
      vertex 0 -50 4.3
    endloop
  endfacet
  facet normal -1 0 0
    outer loop
      vertex 0 -50.85 4.52776
      vertex 0 -59.15 4.52776
      vertex 0 -58.7979 4.79792
    endloop
  endfacet
  facet normal -1 0 0
    outer loop
      vertex 0 -50.44 4.35793
      vertex 0 -59.56 4.35793
      vertex 0 -59.15 4.52776
    endloop
  endfacet
  facet normal -1 -0 0
    outer loop
      vertex 0 -50.44 4.35793
      vertex 0 -70 0
      vertex 0 -59.56 4.35793
    endloop
  endfacet
  facet normal -1 0 0
    outer loop
      vertex 0 -61.6421 5.56001
      vertex 0 -68.3 6
      vertex 0 -61.7 6
    endloop
  endfacet
  facet normal -1 0 0
    outer loop
      vertex 0 -68.3579 5.56001
      vertex 0 -61.6421 5.56001
      vertex 0 -61.4722 5.15
    endloop
  endfacet
  facet normal -1 0 0
    outer loop
      vertex 0 -68.5278 5.15
      vertex 0 -61.4722 5.15
      vertex 0 -61.2021 4.79792
    endloop
  endfacet
  facet normal -1 0 0
    outer loop
      vertex 0 -70 0
      vertex 0 -61.2021 4.79792
      vertex 0 -60.85 4.52776
    endloop
  endfacet
  facet normal -1 0 0
    outer loop
      vertex 0 -70 0
      vertex 0 -60.85 4.52776
      vertex 0 -60.44 4.35793
    endloop
  endfacet
  facet normal -1 0 0
    outer loop
      vertex 0 -61.6421 5.56001
      vertex 0 -68.3579 5.56001
      vertex 0 -68.3 6
    endloop
  endfacet
  facet normal -1 0 0
    outer loop
      vertex 0 -61.4722 5.15
      vertex 0 -68.5278 5.15
      vertex 0 -68.3579 5.56001
    endloop
  endfacet
  facet normal -1 0 0
    outer loop
      vertex 0 -70 0
      vertex 0 -60.44 4.35793
      vertex 0 -60 4.3
    endloop
  endfacet
  facet normal -1 0 0
    outer loop
      vertex 0 -61.2021 4.79792
      vertex 0 -68.7979 4.79792
      vertex 0 -68.5278 5.15
    endloop
  endfacet
  facet normal -1 0 0
    outer loop
      vertex 0 -59.56 4.35793
      vertex 0 -70 0
      vertex 0 -60 4.3
    endloop
  endfacet
  facet normal -1 -0 0
    outer loop
      vertex 0 -61.2021 4.79792
      vertex 0 -70 0
      vertex 0 -68.7979 4.79792
    endloop
  endfacet
  facet normal -1 0 0
    outer loop
      vertex 0 -68.7979 4.79792
      vertex 0 -70 0
      vertex 0 -69.15 4.52776
    endloop
  endfacet
  facet normal -1 0 0
    outer loop
      vertex 0 -69.15 4.52776
      vertex 0 -70 0
      vertex 0 -69.56 4.35793
    endloop
  endfacet
  facet normal -1 0 0
    outer loop
      vertex 0 -69.56 4.35793
      vertex 0 -70 0
      vertex 0 -70 4.3
    endloop
  endfacet
  facet normal -1 0 0
    outer loop
      vertex 0 -8.35793 6.43999
      vertex 0 0 12
      vertex 0 -8.3 6
    endloop
  endfacet
  facet normal -1 0 0
    outer loop
      vertex 0 -8.52776 6.85
      vertex 0 0 12
      vertex 0 -8.35793 6.43999
    endloop
  endfacet
  facet normal -1 0 0
    outer loop
      vertex 0 -8.79792 7.20208
      vertex 0 0 12
      vertex 0 -8.52776 6.85
    endloop
  endfacet
  facet normal -1 0 0
    outer loop
      vertex 0 -9.15 7.47224
      vertex 0 0 12
      vertex 0 -8.79792 7.20208
    endloop
  endfacet
  facet normal -1 0 0
    outer loop
      vertex 0 -9.56001 7.64207
      vertex 0 0 12
      vertex 0 -9.15 7.47224
    endloop
  endfacet
  facet normal -1 0 0
    outer loop
      vertex 0 -10 7.7
      vertex 0 0 12
      vertex 0 -9.56001 7.64207
    endloop
  endfacet
  facet normal -1 0 0
    outer loop
      vertex 0 -10.44 7.64207
      vertex 0 0 12
      vertex 0 -10 7.7
    endloop
  endfacet
  facet normal -1 0 0
    outer loop
      vertex 0 -19.56 7.64207
      vertex 0 -10.44 7.64207
      vertex 0 -10.85 7.47224
    endloop
  endfacet
  facet normal -1 0 0
    outer loop
      vertex 0 -18.3 6
      vertex 0 -11.6421 6.43999
      vertex 0 -11.7 6
    endloop
  endfacet
  facet normal -1 0 0
    outer loop
      vertex 0 -18.3579 6.43999
      vertex 0 -11.6421 6.43999
      vertex 0 -18.3 6
    endloop
  endfacet
  facet normal -1 0 0
    outer loop
      vertex 0 -11.6421 6.43999
      vertex 0 -18.3579 6.43999
      vertex 0 -11.4722 6.85
    endloop
  endfacet
  facet normal -1 0 0
    outer loop
      vertex 0 -18.5278 6.85
      vertex 0 -11.4722 6.85
      vertex 0 -18.3579 6.43999
    endloop
  endfacet
  facet normal -1 0 0
    outer loop
      vertex 0 -11.4722 6.85
      vertex 0 -18.5278 6.85
      vertex 0 -11.2021 7.20208
    endloop
  endfacet
  facet normal -1 0 0
    outer loop
      vertex 0 -18.7979 7.20208
      vertex 0 -11.2021 7.20208
      vertex 0 -18.5278 6.85
    endloop
  endfacet
  facet normal -1 0 0
    outer loop
      vertex 0 -11.2021 7.20208
      vertex 0 -18.7979 7.20208
      vertex 0 -10.85 7.47224
    endloop
  endfacet
  facet normal -1 0 0
    outer loop
      vertex 0 -19.15 7.47224
      vertex 0 -10.85 7.47224
      vertex 0 -18.7979 7.20208
    endloop
  endfacet
  facet normal -1 0 0
    outer loop
      vertex 0 -19.56 7.64207
      vertex 0 -10.85 7.47224
      vertex 0 -19.15 7.47224
    endloop
  endfacet
  facet normal -1 0 0
    outer loop
      vertex 0 -10.44 7.64207
      vertex 0 -19.56 7.64207
      vertex 0 0 12
    endloop
  endfacet
  facet normal -1 0 0
    outer loop
      vertex 0 -20 7.7
      vertex 0 0 12
      vertex 0 -19.56 7.64207
    endloop
  endfacet
  facet normal -1 0 0
    outer loop
      vertex 0 -30 7.7
      vertex 0 -20 7.7
      vertex 0 -20.44 7.64207
    endloop
  endfacet
  facet normal -1 0 0
    outer loop
      vertex 0 -28.3 6
      vertex 0 -21.6421 6.43999
      vertex 0 -21.7 6
    endloop
  endfacet
  facet normal -1 0 0
    outer loop
      vertex 0 -28.3579 6.43999
      vertex 0 -21.6421 6.43999
      vertex 0 -28.3 6
    endloop
  endfacet
  facet normal -1 0 0
    outer loop
      vertex 0 -21.6421 6.43999
      vertex 0 -28.3579 6.43999
      vertex 0 -21.4722 6.85
    endloop
  endfacet
  facet normal -1 0 0
    outer loop
      vertex 0 -28.5278 6.85
      vertex 0 -21.4722 6.85
      vertex 0 -28.3579 6.43999
    endloop
  endfacet
  facet normal -1 0 0
    outer loop
      vertex 0 -21.4722 6.85
      vertex 0 -28.5278 6.85
      vertex 0 -21.2021 7.20208
    endloop
  endfacet
  facet normal -1 0 0
    outer loop
      vertex 0 -28.7979 7.20208
      vertex 0 -21.2021 7.20208
      vertex 0 -28.5278 6.85
    endloop
  endfacet
  facet normal -1 0 0
    outer loop
      vertex 0 -21.2021 7.20208
      vertex 0 -28.7979 7.20208
      vertex 0 -20.85 7.47224
    endloop
  endfacet
  facet normal -1 0 0
    outer loop
      vertex 0 -29.15 7.47224
      vertex 0 -20.85 7.47224
      vertex 0 -28.7979 7.20208
    endloop
  endfacet
  facet normal -1 0 0
    outer loop
      vertex 0 -20.85 7.47224
      vertex 0 -29.15 7.47224
      vertex 0 -20.44 7.64207
    endloop
  endfacet
  facet normal -1 0 0
    outer loop
      vertex 0 -29.56 7.64207
      vertex 0 -20.44 7.64207
      vertex 0 -29.15 7.47224
    endloop
  endfacet
  facet normal -1 0 0
    outer loop
      vertex 0 -30 7.7
      vertex 0 -20.44 7.64207
      vertex 0 -29.56 7.64207
    endloop
  endfacet
  facet normal -1 0 0
    outer loop
      vertex 0 -20 7.7
      vertex 0 -30 7.7
      vertex 0 0 12
    endloop
  endfacet
  facet normal -1 0 0
    outer loop
      vertex 0 -40 7.7
      vertex 0 -30 7.7
      vertex 0 -30.44 7.64207
    endloop
  endfacet
  facet normal -1 0 0
    outer loop
      vertex 0 -38.3 6
      vertex 0 -31.6421 6.43999
      vertex 0 -31.7 6
    endloop
  endfacet
  facet normal -1 0 0
    outer loop
      vertex 0 -38.3579 6.43999
      vertex 0 -31.6421 6.43999
      vertex 0 -38.3 6
    endloop
  endfacet
  facet normal -1 0 0
    outer loop
      vertex 0 -31.6421 6.43999
      vertex 0 -38.3579 6.43999
      vertex 0 -31.4722 6.85
    endloop
  endfacet
  facet normal -1 0 0
    outer loop
      vertex 0 -38.5278 6.85
      vertex 0 -31.4722 6.85
      vertex 0 -38.3579 6.43999
    endloop
  endfacet
  facet normal -1 0 0
    outer loop
      vertex 0 -31.4722 6.85
      vertex 0 -38.5278 6.85
      vertex 0 -31.2021 7.20208
    endloop
  endfacet
  facet normal -1 0 0
    outer loop
      vertex 0 -38.7979 7.20208
      vertex 0 -31.2021 7.20208
      vertex 0 -38.5278 6.85
    endloop
  endfacet
  facet normal -1 0 0
    outer loop
      vertex 0 -31.2021 7.20208
      vertex 0 -38.7979 7.20208
      vertex 0 -30.85 7.47224
    endloop
  endfacet
  facet normal -1 0 0
    outer loop
      vertex 0 -39.15 7.47224
      vertex 0 -30.85 7.47224
      vertex 0 -38.7979 7.20208
    endloop
  endfacet
  facet normal -1 0 0
    outer loop
      vertex 0 -30.85 7.47224
      vertex 0 -39.15 7.47224
      vertex 0 -30.44 7.64207
    endloop
  endfacet
  facet normal -1 0 0
    outer loop
      vertex 0 -39.56 7.64207
      vertex 0 -30.44 7.64207
      vertex 0 -39.15 7.47224
    endloop
  endfacet
  facet normal -1 0 0
    outer loop
      vertex 0 -40 7.7
      vertex 0 -30.44 7.64207
      vertex 0 -39.56 7.64207
    endloop
  endfacet
  facet normal -1 0 0
    outer loop
      vertex 0 -30 7.7
      vertex 0 -40 7.7
      vertex 0 0 12
    endloop
  endfacet
  facet normal -1 0 0
    outer loop
      vertex 0 -48.3 6
      vertex 0 -41.6421 6.43999
      vertex 0 -41.7 6
    endloop
  endfacet
  facet normal -1 0 0
    outer loop
      vertex 0 -48.3579 6.43999
      vertex 0 -41.6421 6.43999
      vertex 0 -48.3 6
    endloop
  endfacet
  facet normal -1 0 0
    outer loop
      vertex 0 -41.6421 6.43999
      vertex 0 -48.3579 6.43999
      vertex 0 -41.4722 6.85
    endloop
  endfacet
  facet normal -1 0 0
    outer loop
      vertex 0 -48.5278 6.85
      vertex 0 -41.4722 6.85
      vertex 0 -48.3579 6.43999
    endloop
  endfacet
  facet normal -1 0 0
    outer loop
      vertex 0 -41.4722 6.85
      vertex 0 -48.5278 6.85
      vertex 0 -41.2021 7.20208
    endloop
  endfacet
  facet normal -1 0 0
    outer loop
      vertex 0 -48.7979 7.20208
      vertex 0 -41.2021 7.20208
      vertex 0 -48.5278 6.85
    endloop
  endfacet
  facet normal -1 0 0
    outer loop
      vertex 0 -41.2021 7.20208
      vertex 0 -48.7979 7.20208
      vertex 0 -40.85 7.47224
    endloop
  endfacet
  facet normal -1 0 0
    outer loop
      vertex 0 -49.15 7.47224
      vertex 0 -40.85 7.47224
      vertex 0 -48.7979 7.20208
    endloop
  endfacet
  facet normal -1 0 0
    outer loop
      vertex 0 -40.85 7.47224
      vertex 0 -49.15 7.47224
      vertex 0 -40.44 7.64207
    endloop
  endfacet
  facet normal -1 0 0
    outer loop
      vertex 0 -49.56 7.64207
      vertex 0 -40.44 7.64207
      vertex 0 -49.15 7.47224
    endloop
  endfacet
  facet normal -1 0 0
    outer loop
      vertex 0 -40.44 7.64207
      vertex 0 -49.56 7.64207
      vertex 0 -40 7.7
    endloop
  endfacet
  facet normal -1 0 0
    outer loop
      vertex 0 -50 7.7
      vertex 0 -40 7.7
      vertex 0 -49.56 7.64207
    endloop
  endfacet
  facet normal -1 0 0
    outer loop
      vertex 0 -70 12
      vertex 0 -40 7.7
      vertex 0 -50 7.7
    endloop
  endfacet
  facet normal -1 0 0
    outer loop
      vertex 0 -58.3 6
      vertex 0 -51.6421 6.43999
      vertex 0 -51.7 6
    endloop
  endfacet
  facet normal -1 0 0
    outer loop
      vertex 0 -58.3579 6.43999
      vertex 0 -51.6421 6.43999
      vertex 0 -58.3 6
    endloop
  endfacet
  facet normal -1 0 0
    outer loop
      vertex 0 -51.6421 6.43999
      vertex 0 -58.3579 6.43999
      vertex 0 -51.4722 6.85
    endloop
  endfacet
  facet normal -1 0 0
    outer loop
      vertex 0 -58.5278 6.85
      vertex 0 -51.4722 6.85
      vertex 0 -58.3579 6.43999
    endloop
  endfacet
  facet normal -1 0 0
    outer loop
      vertex 0 -51.4722 6.85
      vertex 0 -58.5278 6.85
      vertex 0 -51.2021 7.20208
    endloop
  endfacet
  facet normal -1 0 0
    outer loop
      vertex 0 -58.7979 7.20208
      vertex 0 -51.2021 7.20208
      vertex 0 -58.5278 6.85
    endloop
  endfacet
  facet normal -1 0 0
    outer loop
      vertex 0 -51.2021 7.20208
      vertex 0 -58.7979 7.20208
      vertex 0 -50.85 7.47224
    endloop
  endfacet
  facet normal -1 0 0
    outer loop
      vertex 0 -59.15 7.47224
      vertex 0 -50.85 7.47224
      vertex 0 -58.7979 7.20208
    endloop
  endfacet
  facet normal -1 0 0
    outer loop
      vertex 0 -50.85 7.47224
      vertex 0 -59.15 7.47224
      vertex 0 -50.44 7.64207
    endloop
  endfacet
  facet normal -1 0 0
    outer loop
      vertex 0 -59.56 7.64207
      vertex 0 -50.44 7.64207
      vertex 0 -59.15 7.47224
    endloop
  endfacet
  facet normal -1 0 0
    outer loop
      vertex 0 -70 12
      vertex 0 -50.44 7.64207
      vertex 0 -59.56 7.64207
    endloop
  endfacet
  facet normal -1 0 0
    outer loop
      vertex 0 -50.44 7.64207
      vertex 0 -70 12
      vertex 0 -50 7.7
    endloop
  endfacet
  facet normal -1 0 0
    outer loop
      vertex 0 -70 12
      vertex 0 -59.56 7.64207
      vertex 0 -60 7.7
    endloop
  endfacet
  facet normal -1 0 0
    outer loop
      vertex 0 -68.3 6
      vertex 0 -61.6421 6.43999
      vertex 0 -61.7 6
    endloop
  endfacet
  facet normal -1 0 0
    outer loop
      vertex 0 -68.3579 6.43999
      vertex 0 -61.6421 6.43999
      vertex 0 -68.3 6
    endloop
  endfacet
  facet normal -1 0 0
    outer loop
      vertex 0 -61.6421 6.43999
      vertex 0 -68.3579 6.43999
      vertex 0 -61.4722 6.85
    endloop
  endfacet
  facet normal -1 0 0
    outer loop
      vertex 0 -68.5278 6.85
      vertex 0 -61.4722 6.85
      vertex 0 -68.3579 6.43999
    endloop
  endfacet
  facet normal -1 0 0
    outer loop
      vertex 0 -61.4722 6.85
      vertex 0 -68.5278 6.85
      vertex 0 -61.2021 7.20208
    endloop
  endfacet
  facet normal -1 0 0
    outer loop
      vertex 0 -68.7979 7.20208
      vertex 0 -61.2021 7.20208
      vertex 0 -68.5278 6.85
    endloop
  endfacet
  facet normal -1 0 0
    outer loop
      vertex 0 -70 12
      vertex 0 -61.2021 7.20208
      vertex 0 -68.7979 7.20208
    endloop
  endfacet
  facet normal -1 0 0
    outer loop
      vertex 0 -61.2021 7.20208
      vertex 0 -70 12
      vertex 0 -60.85 7.47224
    endloop
  endfacet
  facet normal -1 0 0
    outer loop
      vertex 0 -60.85 7.47224
      vertex 0 -70 12
      vertex 0 -60.44 7.64207
    endloop
  endfacet
  facet normal -1 0 0
    outer loop
      vertex 0 -60.44 7.64207
      vertex 0 -70 12
      vertex 0 -60 7.7
    endloop
  endfacet
  facet normal -1 0 0
    outer loop
      vertex 0 -70 12
      vertex 0 -68.7979 7.20208
      vertex 0 -69.15 7.47224
    endloop
  endfacet
  facet normal -1 0 0
    outer loop
      vertex 0 -70 12
      vertex 0 -69.15 7.47224
      vertex 0 -69.56 7.64207
    endloop
  endfacet
  facet normal -1 0 0
    outer loop
      vertex 0 -70 12
      vertex 0 -69.56 7.64207
      vertex 0 -70 7.7
    endloop
  endfacet
  facet normal -1 0 0
    outer loop
      vertex 0 -40 7.7
      vertex 0 -70 12
      vertex 0 0 12
    endloop
  endfacet
  facet normal 1 0 0
    outer loop
      vertex 0 -80 12
      vertex 0 -80.44 7.64207
      vertex 0 -80 7.7
    endloop
  endfacet
  facet normal 1 0 0
    outer loop
      vertex 0 -80 12
      vertex 0 -80.85 7.47224
      vertex 0 -80.44 7.64207
    endloop
  endfacet
  facet normal 1 0 0
    outer loop
      vertex 0 -80 12
      vertex 0 -81.2021 7.20208
      vertex 0 -80.85 7.47224
    endloop
  endfacet
  facet normal 1 0 0
    outer loop
      vertex 0 -88.7979 7.20208
      vertex 0 -81.2021 7.20208
      vertex 0 -80 12
    endloop
  endfacet
  facet normal 1 0 0
    outer loop
      vertex 0 -81.2021 7.20208
      vertex 0 -88.7979 7.20208
      vertex 0 -81.4722 6.85
    endloop
  endfacet
  facet normal 1 0 0
    outer loop
      vertex 0 -81.6421 6.43999
      vertex 0 -88.3 6
      vertex 0 -81.7 6
    endloop
  endfacet
  facet normal 1 0 -0
    outer loop
      vertex 0 -88.5278 6.85
      vertex 0 -81.4722 6.85
      vertex 0 -88.7979 7.20208
    endloop
  endfacet
  facet normal 1 0 0
    outer loop
      vertex 0 -81.6421 6.43999
      vertex 0 -88.3579 6.43999
      vertex 0 -88.3 6
    endloop
  endfacet
  facet normal 1 0 0
    outer loop
      vertex 0 -81.6421 6.43999
      vertex 0 -88.5278 6.85
      vertex 0 -88.3579 6.43999
    endloop
  endfacet
  facet normal 1 0 0
    outer loop
      vertex 0 -81.4722 6.85
      vertex 0 -88.5278 6.85
      vertex 0 -81.6421 6.43999
    endloop
  endfacet
  facet normal 1 0 0
    outer loop
      vertex 0 -80 12
      vertex 0 -89.15 7.47224
      vertex 0 -88.7979 7.20208
    endloop
  endfacet
  facet normal 1 0 0
    outer loop
      vertex 0 -80 12
      vertex 0 -89.56 7.64207
      vertex 0 -89.15 7.47224
    endloop
  endfacet
  facet normal 1 0 0
    outer loop
      vertex 0 -80 12
      vertex 0 -90 7.7
      vertex 0 -89.56 7.64207
    endloop
  endfacet
  facet normal 1 0 0
    outer loop
      vertex 0 -80 12
      vertex 0 -90.44 7.64207
      vertex 0 -90 7.7
    endloop
  endfacet
  facet normal 1 0 0
    outer loop
      vertex 0 -99.56 7.64207
      vertex 0 -90.44 7.64207
      vertex 0 -80 12
    endloop
  endfacet
  facet normal 1 0 0
    outer loop
      vertex 0 -91.6421 6.43999
      vertex 0 -98.3 6
      vertex 0 -91.7 6
    endloop
  endfacet
  facet normal 1 0 0
    outer loop
      vertex 0 -98.3579 6.43999
      vertex 0 -91.6421 6.43999
      vertex 0 -91.4722 6.85
    endloop
  endfacet
  facet normal 1 0 0
    outer loop
      vertex 0 -98.5278 6.85
      vertex 0 -91.4722 6.85
      vertex 0 -91.2021 7.20208
    endloop
  endfacet
  facet normal 1 0 0
    outer loop
      vertex 0 -98.7979 7.20208
      vertex 0 -91.2021 7.20208
      vertex 0 -90.85 7.47224
    endloop
  endfacet
  facet normal 1 0 0
    outer loop
      vertex 0 -90.44 7.64207
      vertex 0 -99.56 7.64207
      vertex 0 -90.85 7.47224
    endloop
  endfacet
  facet normal 1 0 0
    outer loop
      vertex 0 -91.6421 6.43999
      vertex 0 -98.3579 6.43999
      vertex 0 -98.3 6
    endloop
  endfacet
  facet normal 1 0 0
    outer loop
      vertex 0 -91.4722 6.85
      vertex 0 -98.5278 6.85
      vertex 0 -98.3579 6.43999
    endloop
  endfacet
  facet normal 1 0 0
    outer loop
      vertex 0 -91.2021 7.20208
      vertex 0 -98.7979 7.20208
      vertex 0 -98.5278 6.85
    endloop
  endfacet
  facet normal 1 0 0
    outer loop
      vertex 0 -90.85 7.47224
      vertex 0 -99.15 7.47224
      vertex 0 -98.7979 7.20208
    endloop
  endfacet
  facet normal 1 0 0
    outer loop
      vertex 0 -90.85 7.47224
      vertex 0 -99.56 7.64207
      vertex 0 -99.15 7.47224
    endloop
  endfacet
  facet normal 1 0 0
    outer loop
      vertex 0 -80 12
      vertex 0 -100 7.7
      vertex 0 -99.56 7.64207
    endloop
  endfacet
  facet normal 1 0 0
    outer loop
      vertex 0 -110 7.7
      vertex 0 -100 7.7
      vertex 0 -80 12
    endloop
  endfacet
  facet normal 1 0 0
    outer loop
      vertex 0 -101.642 6.43999
      vertex 0 -108.3 6
      vertex 0 -101.7 6
    endloop
  endfacet
  facet normal 1 0 0
    outer loop
      vertex 0 -108.358 6.43999
      vertex 0 -101.642 6.43999
      vertex 0 -101.472 6.85
    endloop
  endfacet
  facet normal 1 0 0
    outer loop
      vertex 0 -108.528 6.85
      vertex 0 -101.472 6.85
      vertex 0 -101.202 7.20208
    endloop
  endfacet
  facet normal 1 0 0
    outer loop
      vertex 0 -108.798 7.20208
      vertex 0 -101.202 7.20208
      vertex 0 -100.85 7.47224
    endloop
  endfacet
  facet normal 1 0 0
    outer loop
      vertex 0 -109.15 7.47224
      vertex 0 -100.85 7.47224
      vertex 0 -100.44 7.64207
    endloop
  endfacet
  facet normal 1 0 0
    outer loop
      vertex 0 -100 7.7
      vertex 0 -110 7.7
      vertex 0 -100.44 7.64207
    endloop
  endfacet
  facet normal 1 0 0
    outer loop
      vertex 0 -101.642 6.43999
      vertex 0 -108.358 6.43999
      vertex 0 -108.3 6
    endloop
  endfacet
  facet normal 1 0 0
    outer loop
      vertex 0 -101.472 6.85
      vertex 0 -108.528 6.85
      vertex 0 -108.358 6.43999
    endloop
  endfacet
  facet normal 1 0 0
    outer loop
      vertex 0 -101.202 7.20208
      vertex 0 -108.798 7.20208
      vertex 0 -108.528 6.85
    endloop
  endfacet
  facet normal 1 0 0
    outer loop
      vertex 0 -100.85 7.47224
      vertex 0 -109.15 7.47224
      vertex 0 -108.798 7.20208
    endloop
  endfacet
  facet normal 1 0 0
    outer loop
      vertex 0 -100.44 7.64207
      vertex 0 -109.56 7.64207
      vertex 0 -109.15 7.47224
    endloop
  endfacet
  facet normal 1 0 0
    outer loop
      vertex 0 -100.44 7.64207
      vertex 0 -110 7.7
      vertex 0 -109.56 7.64207
    endloop
  endfacet
  facet normal 1 0 0
    outer loop
      vertex 0 -120 7.7
      vertex 0 -110 7.7
      vertex 0 -80 12
    endloop
  endfacet
  facet normal 1 0 0
    outer loop
      vertex 0 -111.642 6.43999
      vertex 0 -118.3 6
      vertex 0 -111.7 6
    endloop
  endfacet
  facet normal 1 0 0
    outer loop
      vertex 0 -118.358 6.43999
      vertex 0 -111.642 6.43999
      vertex 0 -111.472 6.85
    endloop
  endfacet
  facet normal 1 0 0
    outer loop
      vertex 0 -118.528 6.85
      vertex 0 -111.472 6.85
      vertex 0 -111.202 7.20208
    endloop
  endfacet
  facet normal 1 0 0
    outer loop
      vertex 0 -118.798 7.20208
      vertex 0 -111.202 7.20208
      vertex 0 -110.85 7.47224
    endloop
  endfacet
  facet normal 1 0 0
    outer loop
      vertex 0 -119.15 7.47224
      vertex 0 -110.85 7.47224
      vertex 0 -110.44 7.64207
    endloop
  endfacet
  facet normal 1 0 0
    outer loop
      vertex 0 -111.642 6.43999
      vertex 0 -118.358 6.43999
      vertex 0 -118.3 6
    endloop
  endfacet
  facet normal 1 0 0
    outer loop
      vertex 0 -111.472 6.85
      vertex 0 -118.528 6.85
      vertex 0 -118.358 6.43999
    endloop
  endfacet
  facet normal 1 0 0
    outer loop
      vertex 0 -110 7.7
      vertex 0 -120 7.7
      vertex 0 -110.44 7.64207
    endloop
  endfacet
  facet normal 1 0 0
    outer loop
      vertex 0 -111.202 7.20208
      vertex 0 -118.798 7.20208
      vertex 0 -118.528 6.85
    endloop
  endfacet
  facet normal 1 0 0
    outer loop
      vertex 0 -110.85 7.47224
      vertex 0 -119.15 7.47224
      vertex 0 -118.798 7.20208
    endloop
  endfacet
  facet normal 1 0 0
    outer loop
      vertex 0 -110.44 7.64207
      vertex 0 -119.56 7.64207
      vertex 0 -119.15 7.47224
    endloop
  endfacet
  facet normal 1 0 0
    outer loop
      vertex 0 -110.44 7.64207
      vertex 0 -120 7.7
      vertex 0 -119.56 7.64207
    endloop
  endfacet
  facet normal 1 0 0
    outer loop
      vertex 0 -121.642 6.43999
      vertex 0 -128.3 6
      vertex 0 -121.7 6
    endloop
  endfacet
  facet normal 1 0 0
    outer loop
      vertex 0 -128.358 6.43999
      vertex 0 -121.642 6.43999
      vertex 0 -121.472 6.85
    endloop
  endfacet
  facet normal 1 0 0
    outer loop
      vertex 0 -128.528 6.85
      vertex 0 -121.472 6.85
      vertex 0 -121.202 7.20208
    endloop
  endfacet
  facet normal 1 0 0
    outer loop
      vertex 0 -128.798 7.20208
      vertex 0 -121.202 7.20208
      vertex 0 -120.85 7.47224
    endloop
  endfacet
  facet normal 1 0 0
    outer loop
      vertex 0 -129.15 7.47224
      vertex 0 -120.85 7.47224
      vertex 0 -120.44 7.64207
    endloop
  endfacet
  facet normal 1 0 0
    outer loop
      vertex 0 -121.642 6.43999
      vertex 0 -128.358 6.43999
      vertex 0 -128.3 6
    endloop
  endfacet
  facet normal 1 0 0
    outer loop
      vertex 0 -121.472 6.85
      vertex 0 -128.528 6.85
      vertex 0 -128.358 6.43999
    endloop
  endfacet
  facet normal 1 0 0
    outer loop
      vertex 0 -129.56 7.64207
      vertex 0 -120.44 7.64207
      vertex 0 -120 7.7
    endloop
  endfacet
  facet normal 1 -0 0
    outer loop
      vertex 0 -150 12
      vertex 0 -120 7.7
      vertex 0 -80 12
    endloop
  endfacet
  facet normal 1 0 0
    outer loop
      vertex 0 -121.202 7.20208
      vertex 0 -128.798 7.20208
      vertex 0 -128.528 6.85
    endloop
  endfacet
  facet normal 1 0 0
    outer loop
      vertex 0 -120.85 7.47224
      vertex 0 -129.15 7.47224
      vertex 0 -128.798 7.20208
    endloop
  endfacet
  facet normal 1 0 0
    outer loop
      vertex 0 -120.44 7.64207
      vertex 0 -129.56 7.64207
      vertex 0 -129.15 7.47224
    endloop
  endfacet
  facet normal 1 0 0
    outer loop
      vertex 0 -120 7.7
      vertex 0 -130 7.7
      vertex 0 -129.56 7.64207
    endloop
  endfacet
  facet normal 1 0 0
    outer loop
      vertex 0 -131.642 6.43999
      vertex 0 -138.3 6
      vertex 0 -131.7 6
    endloop
  endfacet
  facet normal 1 0 0
    outer loop
      vertex 0 -138.358 6.43999
      vertex 0 -131.642 6.43999
      vertex 0 -131.472 6.85
    endloop
  endfacet
  facet normal 1 0 0
    outer loop
      vertex 0 -138.528 6.85
      vertex 0 -131.472 6.85
      vertex 0 -131.202 7.20208
    endloop
  endfacet
  facet normal 1 0 0
    outer loop
      vertex 0 -138.798 7.20208
      vertex 0 -131.202 7.20208
      vertex 0 -130.85 7.47224
    endloop
  endfacet
  facet normal 1 0 0
    outer loop
      vertex 0 -139.15 7.47224
      vertex 0 -130.85 7.47224
      vertex 0 -130.44 7.64207
    endloop
  endfacet
  facet normal 1 0 0
    outer loop
      vertex 0 -131.642 6.43999
      vertex 0 -138.358 6.43999
      vertex 0 -138.3 6
    endloop
  endfacet
  facet normal 1 0 0
    outer loop
      vertex 0 -131.472 6.85
      vertex 0 -138.528 6.85
      vertex 0 -138.358 6.43999
    endloop
  endfacet
  facet normal 1 0 0
    outer loop
      vertex 0 -150 12
      vertex 0 -130.44 7.64207
      vertex 0 -130 7.7
    endloop
  endfacet
  facet normal 1 0 0
    outer loop
      vertex 0 -131.202 7.20208
      vertex 0 -138.798 7.20208
      vertex 0 -138.528 6.85
    endloop
  endfacet
  facet normal 1 0 0
    outer loop
      vertex 0 -120 7.7
      vertex 0 -150 12
      vertex 0 -130 7.7
    endloop
  endfacet
  facet normal 1 0 0
    outer loop
      vertex 0 -130.85 7.47224
      vertex 0 -139.15 7.47224
      vertex 0 -138.798 7.20208
    endloop
  endfacet
  facet normal 1 0 0
    outer loop
      vertex 0 -130.44 7.64207
      vertex 0 -139.56 7.64207
      vertex 0 -139.15 7.47224
    endloop
  endfacet
  facet normal 1 0 0
    outer loop
      vertex 0 -130.44 7.64207
      vertex 0 -150 12
      vertex 0 -139.56 7.64207
    endloop
  endfacet
  facet normal 1 0 0
    outer loop
      vertex 0 -141.642 6.43999
      vertex 0 -150 12
      vertex 0 -141.7 6
    endloop
  endfacet
  facet normal 1 0 0
    outer loop
      vertex 0 -141.472 6.85
      vertex 0 -150 12
      vertex 0 -141.642 6.43999
    endloop
  endfacet
  facet normal 1 0 0
    outer loop
      vertex 0 -141.202 7.20208
      vertex 0 -150 12
      vertex 0 -141.472 6.85
    endloop
  endfacet
  facet normal 1 0 0
    outer loop
      vertex 0 -140.85 7.47224
      vertex 0 -150 12
      vertex 0 -141.202 7.20208
    endloop
  endfacet
  facet normal 1 0 0
    outer loop
      vertex 0 -140.44 7.64207
      vertex 0 -150 12
      vertex 0 -140.85 7.47224
    endloop
  endfacet
  facet normal 1 0 0
    outer loop
      vertex 0 -140 7.7
      vertex 0 -150 12
      vertex 0 -140.44 7.64207
    endloop
  endfacet
  facet normal 1 0 0
    outer loop
      vertex 0 -139.56 7.64207
      vertex 0 -150 12
      vertex 0 -140 7.7
    endloop
  endfacet
  facet normal 1 0 0
    outer loop
      vertex 0 -80.44 4.35793
      vertex 0 -80 0
      vertex 0 -80 4.3
    endloop
  endfacet
  facet normal 1 0 0
    outer loop
      vertex 0 -80.85 4.52776
      vertex 0 -80 0
      vertex 0 -80.44 4.35793
    endloop
  endfacet
  facet normal 1 0 0
    outer loop
      vertex 0 -81.2021 4.79792
      vertex 0 -80 0
      vertex 0 -80.85 4.52776
    endloop
  endfacet
  facet normal 1 0 0
    outer loop
      vertex 0 -88.7979 4.79792
      vertex 0 -81.2021 4.79792
      vertex 0 -81.4722 5.15
    endloop
  endfacet
  facet normal 1 0 0
    outer loop
      vertex 0 -88.5278 5.15
      vertex 0 -81.4722 5.15
      vertex 0 -81.6421 5.56001
    endloop
  endfacet
  facet normal 1 -0 0
    outer loop
      vertex 0 -88.3 6
      vertex 0 -81.6421 5.56001
      vertex 0 -81.7 6
    endloop
  endfacet
  facet normal 1 0 0
    outer loop
      vertex 0 -88.3579 5.56001
      vertex 0 -81.6421 5.56001
      vertex 0 -88.3 6
    endloop
  endfacet
  facet normal 1 0 0
    outer loop
      vertex 0 -88.5278 5.15
      vertex 0 -81.6421 5.56001
      vertex 0 -88.3579 5.56001
    endloop
  endfacet
  facet normal 1 0 0
    outer loop
      vertex 0 -81.4722 5.15
      vertex 0 -88.5278 5.15
      vertex 0 -88.7979 4.79792
    endloop
  endfacet
  facet normal 1 0 0
    outer loop
      vertex 0 -81.2021 4.79792
      vertex 0 -88.7979 4.79792
      vertex 0 -80 0
    endloop
  endfacet
  facet normal 1 -0 0
    outer loop
      vertex 0 -89.15 4.52776
      vertex 0 -80 0
      vertex 0 -88.7979 4.79792
    endloop
  endfacet
  facet normal 1 -0 0
    outer loop
      vertex 0 -89.56 4.35793
      vertex 0 -80 0
      vertex 0 -89.15 4.52776
    endloop
  endfacet
  facet normal 1 -0 0
    outer loop
      vertex 0 -90 4.3
      vertex 0 -80 0
      vertex 0 -89.56 4.35793
    endloop
  endfacet
  facet normal 1 0 0
    outer loop
      vertex 0 -90.44 4.35793
      vertex 0 -80 0
      vertex 0 -90 4.3
    endloop
  endfacet
  facet normal 1 0 0
    outer loop
      vertex 0 -99.56 4.35793
      vertex 0 -90.44 4.35793
      vertex 0 -90.85 4.52776
    endloop
  endfacet
  facet normal 1 -0 0
    outer loop
      vertex 0 -98.3 6
      vertex 0 -91.6421 5.56001
      vertex 0 -91.7 6
    endloop
  endfacet
  facet normal 1 0 0
    outer loop
      vertex 0 -98.3579 5.56001
      vertex 0 -91.6421 5.56001
      vertex 0 -98.3 6
    endloop
  endfacet
  facet normal 1 0 0
    outer loop
      vertex 0 -91.6421 5.56001
      vertex 0 -98.3579 5.56001
      vertex 0 -91.4722 5.15
    endloop
  endfacet
  facet normal 1 0 0
    outer loop
      vertex 0 -98.5278 5.15
      vertex 0 -91.4722 5.15
      vertex 0 -98.3579 5.56001
    endloop
  endfacet
  facet normal 1 0 0
    outer loop
      vertex 0 -91.4722 5.15
      vertex 0 -98.5278 5.15
      vertex 0 -91.2021 4.79792
    endloop
  endfacet
  facet normal 1 0 0
    outer loop
      vertex 0 -98.7979 4.79792
      vertex 0 -91.2021 4.79792
      vertex 0 -98.5278 5.15
    endloop
  endfacet
  facet normal 1 0 0
    outer loop
      vertex 0 -91.2021 4.79792
      vertex 0 -98.7979 4.79792
      vertex 0 -90.85 4.52776
    endloop
  endfacet
  facet normal 1 0 0
    outer loop
      vertex 0 -99.15 4.52776
      vertex 0 -90.85 4.52776
      vertex 0 -98.7979 4.79792
    endloop
  endfacet
  facet normal 1 0 0
    outer loop
      vertex 0 -99.56 4.35793
      vertex 0 -90.85 4.52776
      vertex 0 -99.15 4.52776
    endloop
  endfacet
  facet normal 1 0 0
    outer loop
      vertex 0 -90.44 4.35793
      vertex 0 -99.56 4.35793
      vertex 0 -80 0
    endloop
  endfacet
  facet normal 1 -0 0
    outer loop
      vertex 0 -100 4.3
      vertex 0 -80 0
      vertex 0 -99.56 4.35793
    endloop
  endfacet
  facet normal 1 0 0
    outer loop
      vertex 0 -110 4.3
      vertex 0 -100 4.3
      vertex 0 -100.44 4.35793
    endloop
  endfacet
  facet normal 1 -0 0
    outer loop
      vertex 0 -108.3 6
      vertex 0 -101.642 5.56001
      vertex 0 -101.7 6
    endloop
  endfacet
  facet normal 1 0 0
    outer loop
      vertex 0 -108.358 5.56001
      vertex 0 -101.642 5.56001
      vertex 0 -108.3 6
    endloop
  endfacet
  facet normal 1 0 0
    outer loop
      vertex 0 -101.642 5.56001
      vertex 0 -108.358 5.56001
      vertex 0 -101.472 5.15
    endloop
  endfacet
  facet normal 1 0 0
    outer loop
      vertex 0 -108.528 5.15
      vertex 0 -101.472 5.15
      vertex 0 -108.358 5.56001
    endloop
  endfacet
  facet normal 1 0 0
    outer loop
      vertex 0 -101.472 5.15
      vertex 0 -108.528 5.15
      vertex 0 -101.202 4.79792
    endloop
  endfacet
  facet normal 1 0 0
    outer loop
      vertex 0 -108.798 4.79792
      vertex 0 -101.202 4.79792
      vertex 0 -108.528 5.15
    endloop
  endfacet
  facet normal 1 0 0
    outer loop
      vertex 0 -101.202 4.79792
      vertex 0 -108.798 4.79792
      vertex 0 -100.85 4.52776
    endloop
  endfacet
  facet normal 1 0 0
    outer loop
      vertex 0 -109.15 4.52776
      vertex 0 -100.85 4.52776
      vertex 0 -108.798 4.79792
    endloop
  endfacet
  facet normal 1 0 0
    outer loop
      vertex 0 -100.85 4.52776
      vertex 0 -109.15 4.52776
      vertex 0 -100.44 4.35793
    endloop
  endfacet
  facet normal 1 0 0
    outer loop
      vertex 0 -109.56 4.35793
      vertex 0 -100.44 4.35793
      vertex 0 -109.15 4.52776
    endloop
  endfacet
  facet normal 1 0 0
    outer loop
      vertex 0 -110 4.3
      vertex 0 -100.44 4.35793
      vertex 0 -109.56 4.35793
    endloop
  endfacet
  facet normal 1 0 0
    outer loop
      vertex 0 -100 4.3
      vertex 0 -110 4.3
      vertex 0 -80 0
    endloop
  endfacet
  facet normal 1 0 0
    outer loop
      vertex 0 -120 4.3
      vertex 0 -110 4.3
      vertex 0 -110.44 4.35793
    endloop
  endfacet
  facet normal 1 -0 0
    outer loop
      vertex 0 -118.3 6
      vertex 0 -111.642 5.56001
      vertex 0 -111.7 6
    endloop
  endfacet
  facet normal 1 0 0
    outer loop
      vertex 0 -118.358 5.56001
      vertex 0 -111.642 5.56001
      vertex 0 -118.3 6
    endloop
  endfacet
  facet normal 1 0 0
    outer loop
      vertex 0 -111.642 5.56001
      vertex 0 -118.358 5.56001
      vertex 0 -111.472 5.15
    endloop
  endfacet
  facet normal 1 0 0
    outer loop
      vertex 0 -118.528 5.15
      vertex 0 -111.472 5.15
      vertex 0 -118.358 5.56001
    endloop
  endfacet
  facet normal 1 0 0
    outer loop
      vertex 0 -111.472 5.15
      vertex 0 -118.528 5.15
      vertex 0 -111.202 4.79792
    endloop
  endfacet
  facet normal 1 0 0
    outer loop
      vertex 0 -118.798 4.79792
      vertex 0 -111.202 4.79792
      vertex 0 -118.528 5.15
    endloop
  endfacet
  facet normal 1 0 0
    outer loop
      vertex 0 -111.202 4.79792
      vertex 0 -118.798 4.79792
      vertex 0 -110.85 4.52776
    endloop
  endfacet
  facet normal 1 0 0
    outer loop
      vertex 0 -119.15 4.52776
      vertex 0 -110.85 4.52776
      vertex 0 -118.798 4.79792
    endloop
  endfacet
  facet normal 1 0 0
    outer loop
      vertex 0 -110.85 4.52776
      vertex 0 -119.15 4.52776
      vertex 0 -110.44 4.35793
    endloop
  endfacet
  facet normal 1 0 0
    outer loop
      vertex 0 -119.56 4.35793
      vertex 0 -110.44 4.35793
      vertex 0 -119.15 4.52776
    endloop
  endfacet
  facet normal 1 0 0
    outer loop
      vertex 0 -120 4.3
      vertex 0 -110.44 4.35793
      vertex 0 -119.56 4.35793
    endloop
  endfacet
  facet normal 1 0 0
    outer loop
      vertex 0 -110 4.3
      vertex 0 -120 4.3
      vertex 0 -80 0
    endloop
  endfacet
  facet normal 1 -0 0
    outer loop
      vertex 0 -128.3 6
      vertex 0 -121.642 5.56001
      vertex 0 -121.7 6
    endloop
  endfacet
  facet normal 1 0 0
    outer loop
      vertex 0 -128.358 5.56001
      vertex 0 -121.642 5.56001
      vertex 0 -128.3 6
    endloop
  endfacet
  facet normal 1 0 0
    outer loop
      vertex 0 -121.642 5.56001
      vertex 0 -128.358 5.56001
      vertex 0 -121.472 5.15
    endloop
  endfacet
  facet normal 1 0 0
    outer loop
      vertex 0 -128.528 5.15
      vertex 0 -121.472 5.15
      vertex 0 -128.358 5.56001
    endloop
  endfacet
  facet normal 1 0 0
    outer loop
      vertex 0 -121.472 5.15
      vertex 0 -128.528 5.15
      vertex 0 -121.202 4.79792
    endloop
  endfacet
  facet normal 1 0 0
    outer loop
      vertex 0 -128.798 4.79792
      vertex 0 -121.202 4.79792
      vertex 0 -128.528 5.15
    endloop
  endfacet
  facet normal 1 0 0
    outer loop
      vertex 0 -121.202 4.79792
      vertex 0 -128.798 4.79792
      vertex 0 -120.85 4.52776
    endloop
  endfacet
  facet normal 1 0 0
    outer loop
      vertex 0 -129.15 4.52776
      vertex 0 -120.85 4.52776
      vertex 0 -128.798 4.79792
    endloop
  endfacet
  facet normal 1 0 0
    outer loop
      vertex 0 -120.85 4.52776
      vertex 0 -129.15 4.52776
      vertex 0 -120.44 4.35793
    endloop
  endfacet
  facet normal 1 0 0
    outer loop
      vertex 0 -129.56 4.35793
      vertex 0 -120.44 4.35793
      vertex 0 -129.15 4.52776
    endloop
  endfacet
  facet normal 1 0 0
    outer loop
      vertex 0 -120.44 4.35793
      vertex 0 -129.56 4.35793
      vertex 0 -120 4.3
    endloop
  endfacet
  facet normal 1 0 0
    outer loop
      vertex 0 -130 4.3
      vertex 0 -120 4.3
      vertex 0 -129.56 4.35793
    endloop
  endfacet
  facet normal 1 0 0
    outer loop
      vertex 0 -150 0
      vertex 0 -120 4.3
      vertex 0 -130 4.3
    endloop
  endfacet
  facet normal 1 -0 0
    outer loop
      vertex 0 -138.3 6
      vertex 0 -131.642 5.56001
      vertex 0 -131.7 6
    endloop
  endfacet
  facet normal 1 0 0
    outer loop
      vertex 0 -138.358 5.56001
      vertex 0 -131.642 5.56001
      vertex 0 -138.3 6
    endloop
  endfacet
  facet normal 1 0 0
    outer loop
      vertex 0 -131.642 5.56001
      vertex 0 -138.358 5.56001
      vertex 0 -131.472 5.15
    endloop
  endfacet
  facet normal 1 0 0
    outer loop
      vertex 0 -138.528 5.15
      vertex 0 -131.472 5.15
      vertex 0 -138.358 5.56001
    endloop
  endfacet
  facet normal 1 0 0
    outer loop
      vertex 0 -131.472 5.15
      vertex 0 -138.528 5.15
      vertex 0 -131.202 4.79792
    endloop
  endfacet
  facet normal 1 0 0
    outer loop
      vertex 0 -138.798 4.79792
      vertex 0 -131.202 4.79792
      vertex 0 -138.528 5.15
    endloop
  endfacet
  facet normal 1 0 0
    outer loop
      vertex 0 -131.202 4.79792
      vertex 0 -138.798 4.79792
      vertex 0 -130.85 4.52776
    endloop
  endfacet
  facet normal 1 0 0
    outer loop
      vertex 0 -139.15 4.52776
      vertex 0 -130.85 4.52776
      vertex 0 -138.798 4.79792
    endloop
  endfacet
  facet normal 1 0 0
    outer loop
      vertex 0 -130.85 4.52776
      vertex 0 -139.15 4.52776
      vertex 0 -130.44 4.35793
    endloop
  endfacet
  facet normal 1 0 0
    outer loop
      vertex 0 -139.56 4.35793
      vertex 0 -130.44 4.35793
      vertex 0 -139.15 4.52776
    endloop
  endfacet
  facet normal 1 0 0
    outer loop
      vertex 0 -150 0
      vertex 0 -130.44 4.35793
      vertex 0 -139.56 4.35793
    endloop
  endfacet
  facet normal 1 0 0
    outer loop
      vertex 0 -130.44 4.35793
      vertex 0 -150 0
      vertex 0 -130 4.3
    endloop
  endfacet
  facet normal 1 0 0
    outer loop
      vertex 0 -150 0
      vertex 0 -139.56 4.35793
      vertex 0 -140 4.3
    endloop
  endfacet
  facet normal 1 0 0
    outer loop
      vertex 0 -150 0
      vertex 0 -141.7 6
      vertex 0 -150 12
    endloop
  endfacet
  facet normal 1 0 0
    outer loop
      vertex 0 -141.7 6
      vertex 0 -150 0
      vertex 0 -141.642 5.56001
    endloop
  endfacet
  facet normal 1 0 0
    outer loop
      vertex 0 -141.642 5.56001
      vertex 0 -150 0
      vertex 0 -141.472 5.15
    endloop
  endfacet
  facet normal 1 0 0
    outer loop
      vertex 0 -120 4.3
      vertex 0 -150 0
      vertex 0 -80 0
    endloop
  endfacet
  facet normal 1 0 0
    outer loop
      vertex 0 -140.44 4.35793
      vertex 0 -150 0
      vertex 0 -140 4.3
    endloop
  endfacet
  facet normal 1 0 0
    outer loop
      vertex 0 -140.85 4.52776
      vertex 0 -150 0
      vertex 0 -140.44 4.35793
    endloop
  endfacet
  facet normal 1 0 0
    outer loop
      vertex 0 -141.202 4.79792
      vertex 0 -150 0
      vertex 0 -140.85 4.52776
    endloop
  endfacet
  facet normal 1 0 0
    outer loop
      vertex 0 -141.472 5.15
      vertex 0 -150 0
      vertex 0 -141.202 4.79792
    endloop
  endfacet
  facet normal 0 1 -0
    outer loop
      vertex 12.5 0 0
      vertex 0 0 12
      vertex 12.5 0 12
    endloop
  endfacet
  facet normal 0 1 0
    outer loop
      vertex 0 0 12
      vertex 12.5 0 0
      vertex 0 0 0
    endloop
  endfacet
  facet normal 0 -1 0
    outer loop
      vertex 0 -80 7.7
      vertex 12.5 -80 12
      vertex 0 -80 12
    endloop
  endfacet
  facet normal 0 -1 -0
    outer loop
      vertex 12.5 -80 12
      vertex 0 -80 7.7
      vertex 12.5 -80 7.7
    endloop
  endfacet
  facet normal 0 -1 0
    outer loop
      vertex 0 -80 0
      vertex 12.5 -80 4.3
      vertex 0 -80 4.3
    endloop
  endfacet
  facet normal 0 -1 -0
    outer loop
      vertex 12.5 -80 4.3
      vertex 0 -80 0
      vertex 12.5 -80 0
    endloop
  endfacet
  facet normal -1 0 0
    outer loop
      vertex -12.5 -70 0
      vertex -12.5 -70.44 4.35793
      vertex -12.5 -70 4.3
    endloop
  endfacet
  facet normal -1 0 0
    outer loop
      vertex -12.5 -70 0
      vertex -12.5 -70.85 4.52776
      vertex -12.5 -70.44 4.35793
    endloop
  endfacet
  facet normal -1 0 0
    outer loop
      vertex -12.5 -70 0
      vertex -12.5 -71.2021 4.79792
      vertex -12.5 -70.85 4.52776
    endloop
  endfacet
  facet normal -1 0 0
    outer loop
      vertex -12.5 -78.7979 4.79792
      vertex -12.5 -71.2021 4.79792
      vertex -12.5 -70 0
    endloop
  endfacet
  facet normal -1 0 0
    outer loop
      vertex -12.5 -71.2021 4.79792
      vertex -12.5 -78.7979 4.79792
      vertex -12.5 -71.4722 5.15
    endloop
  endfacet
  facet normal -1 0 0
    outer loop
      vertex -12.5 -71.6421 5.56001
      vertex -12.5 -78.3 6
      vertex -12.5 -71.7 6
    endloop
  endfacet
  facet normal -1 0 -0
    outer loop
      vertex -12.5 -78.5278 5.15
      vertex -12.5 -71.4722 5.15
      vertex -12.5 -78.7979 4.79792
    endloop
  endfacet
  facet normal -1 0 0
    outer loop
      vertex -12.5 -71.6421 5.56001
      vertex -12.5 -78.3579 5.56001
      vertex -12.5 -78.3 6
    endloop
  endfacet
  facet normal -1 -0 0
    outer loop
      vertex -12.5 -71.6421 5.56001
      vertex -12.5 -78.5278 5.15
      vertex -12.5 -78.3579 5.56001
    endloop
  endfacet
  facet normal -1 0 0
    outer loop
      vertex -12.5 -71.4722 5.15
      vertex -12.5 -78.5278 5.15
      vertex -12.5 -71.6421 5.56001
    endloop
  endfacet
  facet normal -1 0 0
    outer loop
      vertex -12.5 -70 0
      vertex -12.5 -79.15 4.52776
      vertex -12.5 -78.7979 4.79792
    endloop
  endfacet
  facet normal -1 0 0
    outer loop
      vertex -12.5 -70 0
      vertex -12.5 -79.56 4.35793
      vertex -12.5 -79.15 4.52776
    endloop
  endfacet
  facet normal -1 0 0
    outer loop
      vertex -12.5 -70 0
      vertex -12.5 -80 4.3
      vertex -12.5 -79.56 4.35793
    endloop
  endfacet
  facet normal -1 0 0
    outer loop
      vertex -12.5 -70 0
      vertex -12.5 -80.44 4.35793
      vertex -12.5 -80 4.3
    endloop
  endfacet
  facet normal -1 0 0
    outer loop
      vertex -12.5 -89.56 4.35793
      vertex -12.5 -80.44 4.35793
      vertex -12.5 -70 0
    endloop
  endfacet
  facet normal -1 0 0
    outer loop
      vertex -12.5 -81.6421 5.56001
      vertex -12.5 -88.3 6
      vertex -12.5 -81.7 6
    endloop
  endfacet
  facet normal -1 0 0
    outer loop
      vertex -12.5 -88.3579 5.56001
      vertex -12.5 -81.6421 5.56001
      vertex -12.5 -81.4722 5.15
    endloop
  endfacet
  facet normal -1 0 0
    outer loop
      vertex -12.5 -88.5278 5.15
      vertex -12.5 -81.4722 5.15
      vertex -12.5 -81.2021 4.79792
    endloop
  endfacet
  facet normal -1 0 0
    outer loop
      vertex -12.5 -88.7979 4.79792
      vertex -12.5 -81.2021 4.79792
      vertex -12.5 -80.85 4.52776
    endloop
  endfacet
  facet normal -1 0 0
    outer loop
      vertex -12.5 -80.44 4.35793
      vertex -12.5 -89.56 4.35793
      vertex -12.5 -80.85 4.52776
    endloop
  endfacet
  facet normal -1 0 0
    outer loop
      vertex -12.5 -81.6421 5.56001
      vertex -12.5 -88.3579 5.56001
      vertex -12.5 -88.3 6
    endloop
  endfacet
  facet normal -1 0 0
    outer loop
      vertex -12.5 -81.4722 5.15
      vertex -12.5 -88.5278 5.15
      vertex -12.5 -88.3579 5.56001
    endloop
  endfacet
  facet normal -1 0 0
    outer loop
      vertex -12.5 -81.2021 4.79792
      vertex -12.5 -88.7979 4.79792
      vertex -12.5 -88.5278 5.15
    endloop
  endfacet
  facet normal -1 0 0
    outer loop
      vertex -12.5 -80.85 4.52776
      vertex -12.5 -89.15 4.52776
      vertex -12.5 -88.7979 4.79792
    endloop
  endfacet
  facet normal -1 -0 0
    outer loop
      vertex -12.5 -80.85 4.52776
      vertex -12.5 -89.56 4.35793
      vertex -12.5 -89.15 4.52776
    endloop
  endfacet
  facet normal -1 0 0
    outer loop
      vertex -12.5 -70 0
      vertex -12.5 -90 4.3
      vertex -12.5 -89.56 4.35793
    endloop
  endfacet
  facet normal -1 0 0
    outer loop
      vertex -12.5 -100 4.3
      vertex -12.5 -90 4.3
      vertex -12.5 -70 0
    endloop
  endfacet
  facet normal -1 0 0
    outer loop
      vertex -12.5 -91.6421 5.56001
      vertex -12.5 -98.3 6
      vertex -12.5 -91.7 6
    endloop
  endfacet
  facet normal -1 0 0
    outer loop
      vertex -12.5 -98.3579 5.56001
      vertex -12.5 -91.6421 5.56001
      vertex -12.5 -91.4722 5.15
    endloop
  endfacet
  facet normal -1 0 0
    outer loop
      vertex -12.5 -98.5278 5.15
      vertex -12.5 -91.4722 5.15
      vertex -12.5 -91.2021 4.79792
    endloop
  endfacet
  facet normal -1 0 0
    outer loop
      vertex -12.5 -98.7979 4.79792
      vertex -12.5 -91.2021 4.79792
      vertex -12.5 -90.85 4.52776
    endloop
  endfacet
  facet normal -1 0 0
    outer loop
      vertex -12.5 -99.15 4.52776
      vertex -12.5 -90.85 4.52776
      vertex -12.5 -90.44 4.35793
    endloop
  endfacet
  facet normal -1 0 0
    outer loop
      vertex -12.5 -90 4.3
      vertex -12.5 -100 4.3
      vertex -12.5 -90.44 4.35793
    endloop
  endfacet
  facet normal -1 0 0
    outer loop
      vertex -12.5 -91.6421 5.56001
      vertex -12.5 -98.3579 5.56001
      vertex -12.5 -98.3 6
    endloop
  endfacet
  facet normal -1 0 0
    outer loop
      vertex -12.5 -91.4722 5.15
      vertex -12.5 -98.5278 5.15
      vertex -12.5 -98.3579 5.56001
    endloop
  endfacet
  facet normal -1 0 0
    outer loop
      vertex -12.5 -91.2021 4.79792
      vertex -12.5 -98.7979 4.79792
      vertex -12.5 -98.5278 5.15
    endloop
  endfacet
  facet normal -1 0 0
    outer loop
      vertex -12.5 -90.85 4.52776
      vertex -12.5 -99.15 4.52776
      vertex -12.5 -98.7979 4.79792
    endloop
  endfacet
  facet normal -1 0 0
    outer loop
      vertex -12.5 -90.44 4.35793
      vertex -12.5 -99.56 4.35793
      vertex -12.5 -99.15 4.52776
    endloop
  endfacet
  facet normal -1 -0 0
    outer loop
      vertex -12.5 -90.44 4.35793
      vertex -12.5 -100 4.3
      vertex -12.5 -99.56 4.35793
    endloop
  endfacet
  facet normal -1 0 0
    outer loop
      vertex -12.5 -110 4.3
      vertex -12.5 -100 4.3
      vertex -12.5 -70 0
    endloop
  endfacet
  facet normal -1 0 0
    outer loop
      vertex -12.5 -101.642 5.56001
      vertex -12.5 -108.3 6
      vertex -12.5 -101.7 6
    endloop
  endfacet
  facet normal -1 0 0
    outer loop
      vertex -12.5 -108.358 5.56001
      vertex -12.5 -101.642 5.56001
      vertex -12.5 -101.472 5.15
    endloop
  endfacet
  facet normal -1 0 0
    outer loop
      vertex -12.5 -108.528 5.15
      vertex -12.5 -101.472 5.15
      vertex -12.5 -101.202 4.79792
    endloop
  endfacet
  facet normal -1 0 0
    outer loop
      vertex -12.5 -108.798 4.79792
      vertex -12.5 -101.202 4.79792
      vertex -12.5 -100.85 4.52776
    endloop
  endfacet
  facet normal -1 0 0
    outer loop
      vertex -12.5 -109.15 4.52776
      vertex -12.5 -100.85 4.52776
      vertex -12.5 -100.44 4.35793
    endloop
  endfacet
  facet normal -1 0 0
    outer loop
      vertex -12.5 -101.642 5.56001
      vertex -12.5 -108.358 5.56001
      vertex -12.5 -108.3 6
    endloop
  endfacet
  facet normal -1 0 0
    outer loop
      vertex -12.5 -101.472 5.15
      vertex -12.5 -108.528 5.15
      vertex -12.5 -108.358 5.56001
    endloop
  endfacet
  facet normal -1 0 0
    outer loop
      vertex -12.5 -100 4.3
      vertex -12.5 -110 4.3
      vertex -12.5 -100.44 4.35793
    endloop
  endfacet
  facet normal -1 0 0
    outer loop
      vertex -12.5 -101.202 4.79792
      vertex -12.5 -108.798 4.79792
      vertex -12.5 -108.528 5.15
    endloop
  endfacet
  facet normal -1 0 0
    outer loop
      vertex -12.5 -100.85 4.52776
      vertex -12.5 -109.15 4.52776
      vertex -12.5 -108.798 4.79792
    endloop
  endfacet
  facet normal -1 0 0
    outer loop
      vertex -12.5 -100.44 4.35793
      vertex -12.5 -109.56 4.35793
      vertex -12.5 -109.15 4.52776
    endloop
  endfacet
  facet normal -1 -0 0
    outer loop
      vertex -12.5 -100.44 4.35793
      vertex -12.5 -110 4.3
      vertex -12.5 -109.56 4.35793
    endloop
  endfacet
  facet normal -1 0 0
    outer loop
      vertex -12.5 -111.642 5.56001
      vertex -12.5 -118.3 6
      vertex -12.5 -111.7 6
    endloop
  endfacet
  facet normal -1 0 0
    outer loop
      vertex -12.5 -118.358 5.56001
      vertex -12.5 -111.642 5.56001
      vertex -12.5 -111.472 5.15
    endloop
  endfacet
  facet normal -1 0 0
    outer loop
      vertex -12.5 -118.528 5.15
      vertex -12.5 -111.472 5.15
      vertex -12.5 -111.202 4.79792
    endloop
  endfacet
  facet normal -1 0 0
    outer loop
      vertex -12.5 -118.798 4.79792
      vertex -12.5 -111.202 4.79792
      vertex -12.5 -110.85 4.52776
    endloop
  endfacet
  facet normal -1 0 0
    outer loop
      vertex -12.5 -119.15 4.52776
      vertex -12.5 -110.85 4.52776
      vertex -12.5 -110.44 4.35793
    endloop
  endfacet
  facet normal -1 0 0
    outer loop
      vertex -12.5 -111.642 5.56001
      vertex -12.5 -118.358 5.56001
      vertex -12.5 -118.3 6
    endloop
  endfacet
  facet normal -1 0 0
    outer loop
      vertex -12.5 -111.472 5.15
      vertex -12.5 -118.528 5.15
      vertex -12.5 -118.358 5.56001
    endloop
  endfacet
  facet normal -1 0 0
    outer loop
      vertex -12.5 -119.56 4.35793
      vertex -12.5 -110.44 4.35793
      vertex -12.5 -110 4.3
    endloop
  endfacet
  facet normal -1 0 0
    outer loop
      vertex -12.5 -150 0
      vertex -12.5 -110 4.3
      vertex -12.5 -70 0
    endloop
  endfacet
  facet normal -1 0 0
    outer loop
      vertex -12.5 -111.202 4.79792
      vertex -12.5 -118.798 4.79792
      vertex -12.5 -118.528 5.15
    endloop
  endfacet
  facet normal -1 0 0
    outer loop
      vertex -12.5 -110.85 4.52776
      vertex -12.5 -119.15 4.52776
      vertex -12.5 -118.798 4.79792
    endloop
  endfacet
  facet normal -1 0 0
    outer loop
      vertex -12.5 -110.44 4.35793
      vertex -12.5 -119.56 4.35793
      vertex -12.5 -119.15 4.52776
    endloop
  endfacet
  facet normal -1 0 0
    outer loop
      vertex -12.5 -110 4.3
      vertex -12.5 -120 4.3
      vertex -12.5 -119.56 4.35793
    endloop
  endfacet
  facet normal -1 0 0
    outer loop
      vertex -12.5 -121.642 5.56001
      vertex -12.5 -128.3 6
      vertex -12.5 -121.7 6
    endloop
  endfacet
  facet normal -1 0 0
    outer loop
      vertex -12.5 -128.358 5.56001
      vertex -12.5 -121.642 5.56001
      vertex -12.5 -121.472 5.15
    endloop
  endfacet
  facet normal -1 0 0
    outer loop
      vertex -12.5 -128.528 5.15
      vertex -12.5 -121.472 5.15
      vertex -12.5 -121.202 4.79792
    endloop
  endfacet
  facet normal -1 0 0
    outer loop
      vertex -12.5 -128.798 4.79792
      vertex -12.5 -121.202 4.79792
      vertex -12.5 -120.85 4.52776
    endloop
  endfacet
  facet normal -1 0 0
    outer loop
      vertex -12.5 -129.15 4.52776
      vertex -12.5 -120.85 4.52776
      vertex -12.5 -120.44 4.35793
    endloop
  endfacet
  facet normal -1 0 0
    outer loop
      vertex -12.5 -121.642 5.56001
      vertex -12.5 -128.358 5.56001
      vertex -12.5 -128.3 6
    endloop
  endfacet
  facet normal -1 0 0
    outer loop
      vertex -12.5 -121.472 5.15
      vertex -12.5 -128.528 5.15
      vertex -12.5 -128.358 5.56001
    endloop
  endfacet
  facet normal -1 0 0
    outer loop
      vertex -12.5 -129.56 4.35793
      vertex -12.5 -120.44 4.35793
      vertex -12.5 -120 4.3
    endloop
  endfacet
  facet normal -1 0 0
    outer loop
      vertex -12.5 -121.202 4.79792
      vertex -12.5 -128.798 4.79792
      vertex -12.5 -128.528 5.15
    endloop
  endfacet
  facet normal -1 -0 0
    outer loop
      vertex -12.5 -110 4.3
      vertex -12.5 -150 0
      vertex -12.5 -120 4.3
    endloop
  endfacet
  facet normal -1 0 0
    outer loop
      vertex -12.5 -120.85 4.52776
      vertex -12.5 -129.15 4.52776
      vertex -12.5 -128.798 4.79792
    endloop
  endfacet
  facet normal -1 0 0
    outer loop
      vertex -12.5 -120.44 4.35793
      vertex -12.5 -129.56 4.35793
      vertex -12.5 -129.15 4.52776
    endloop
  endfacet
  facet normal -1 0 0
    outer loop
      vertex -12.5 -120 4.3
      vertex -12.5 -130 4.3
      vertex -12.5 -129.56 4.35793
    endloop
  endfacet
  facet normal -1 0 0
    outer loop
      vertex -12.5 -131.642 5.56001
      vertex -12.5 -138.3 6
      vertex -12.5 -131.7 6
    endloop
  endfacet
  facet normal -1 0 0
    outer loop
      vertex -12.5 -138.358 5.56001
      vertex -12.5 -131.642 5.56001
      vertex -12.5 -131.472 5.15
    endloop
  endfacet
  facet normal -1 0 0
    outer loop
      vertex -12.5 -138.528 5.15
      vertex -12.5 -131.472 5.15
      vertex -12.5 -131.202 4.79792
    endloop
  endfacet
  facet normal -1 0 0
    outer loop
      vertex -12.5 -138.798 4.79792
      vertex -12.5 -131.202 4.79792
      vertex -12.5 -130.85 4.52776
    endloop
  endfacet
  facet normal -1 0 0
    outer loop
      vertex -12.5 -139.15 4.52776
      vertex -12.5 -130.85 4.52776
      vertex -12.5 -130.44 4.35793
    endloop
  endfacet
  facet normal -1 0 0
    outer loop
      vertex -12.5 -131.642 5.56001
      vertex -12.5 -138.358 5.56001
      vertex -12.5 -138.3 6
    endloop
  endfacet
  facet normal -1 0 0
    outer loop
      vertex -12.5 -131.472 5.15
      vertex -12.5 -138.528 5.15
      vertex -12.5 -138.358 5.56001
    endloop
  endfacet
  facet normal -1 0 0
    outer loop
      vertex -12.5 -150 0
      vertex -12.5 -130.44 4.35793
      vertex -12.5 -130 4.3
    endloop
  endfacet
  facet normal -1 0 0
    outer loop
      vertex -12.5 -131.202 4.79792
      vertex -12.5 -138.798 4.79792
      vertex -12.5 -138.528 5.15
    endloop
  endfacet
  facet normal -1 -0 0
    outer loop
      vertex -12.5 -120 4.3
      vertex -12.5 -150 0
      vertex -12.5 -130 4.3
    endloop
  endfacet
  facet normal -1 0 0
    outer loop
      vertex -12.5 -130.85 4.52776
      vertex -12.5 -139.15 4.52776
      vertex -12.5 -138.798 4.79792
    endloop
  endfacet
  facet normal -1 0 0
    outer loop
      vertex -12.5 -130.44 4.35793
      vertex -12.5 -139.56 4.35793
      vertex -12.5 -139.15 4.52776
    endloop
  endfacet
  facet normal -1 -0 0
    outer loop
      vertex -12.5 -130.44 4.35793
      vertex -12.5 -150 0
      vertex -12.5 -139.56 4.35793
    endloop
  endfacet
  facet normal -1 -0 0
    outer loop
      vertex -12.5 -141.642 5.56001
      vertex -12.5 -150 0
      vertex -12.5 -141.7 6
    endloop
  endfacet
  facet normal -1 -0 0
    outer loop
      vertex -12.5 -141.472 5.15
      vertex -12.5 -150 0
      vertex -12.5 -141.642 5.56001
    endloop
  endfacet
  facet normal -1 -0 0
    outer loop
      vertex -12.5 -141.202 4.79792
      vertex -12.5 -150 0
      vertex -12.5 -141.472 5.15
    endloop
  endfacet
  facet normal -1 -0 0
    outer loop
      vertex -12.5 -140.85 4.52776
      vertex -12.5 -150 0
      vertex -12.5 -141.202 4.79792
    endloop
  endfacet
  facet normal -1 -0 0
    outer loop
      vertex -12.5 -140.44 4.35793
      vertex -12.5 -150 0
      vertex -12.5 -140.85 4.52776
    endloop
  endfacet
  facet normal -1 -0 0
    outer loop
      vertex -12.5 -140 4.3
      vertex -12.5 -150 0
      vertex -12.5 -140.44 4.35793
    endloop
  endfacet
  facet normal -1 0 0
    outer loop
      vertex -12.5 -139.56 4.35793
      vertex -12.5 -150 0
      vertex -12.5 -140 4.3
    endloop
  endfacet
  facet normal -1 0 0
    outer loop
      vertex -12.5 -70.44 7.64207
      vertex -12.5 -70 12
      vertex -12.5 -70 7.7
    endloop
  endfacet
  facet normal -1 0 0
    outer loop
      vertex -12.5 -70.85 7.47224
      vertex -12.5 -70 12
      vertex -12.5 -70.44 7.64207
    endloop
  endfacet
  facet normal -1 0 0
    outer loop
      vertex -12.5 -71.2021 7.20208
      vertex -12.5 -70 12
      vertex -12.5 -70.85 7.47224
    endloop
  endfacet
  facet normal -1 0 0
    outer loop
      vertex -12.5 -78.7979 7.20208
      vertex -12.5 -71.2021 7.20208
      vertex -12.5 -71.4722 6.85
    endloop
  endfacet
  facet normal -1 0 0
    outer loop
      vertex -12.5 -78.5278 6.85
      vertex -12.5 -71.4722 6.85
      vertex -12.5 -71.6421 6.43999
    endloop
  endfacet
  facet normal -1 0 0
    outer loop
      vertex -12.5 -78.3 6
      vertex -12.5 -71.6421 6.43999
      vertex -12.5 -71.7 6
    endloop
  endfacet
  facet normal -1 0 0
    outer loop
      vertex -12.5 -78.3579 6.43999
      vertex -12.5 -71.6421 6.43999
      vertex -12.5 -78.3 6
    endloop
  endfacet
  facet normal -1 0 0
    outer loop
      vertex -12.5 -78.5278 6.85
      vertex -12.5 -71.6421 6.43999
      vertex -12.5 -78.3579 6.43999
    endloop
  endfacet
  facet normal -1 0 0
    outer loop
      vertex -12.5 -71.4722 6.85
      vertex -12.5 -78.5278 6.85
      vertex -12.5 -78.7979 7.20208
    endloop
  endfacet
  facet normal -1 0 0
    outer loop
      vertex -12.5 -71.2021 7.20208
      vertex -12.5 -78.7979 7.20208
      vertex -12.5 -70 12
    endloop
  endfacet
  facet normal -1 0 0
    outer loop
      vertex -12.5 -79.15 7.47224
      vertex -12.5 -70 12
      vertex -12.5 -78.7979 7.20208
    endloop
  endfacet
  facet normal -1 0 0
    outer loop
      vertex -12.5 -79.56 7.64207
      vertex -12.5 -70 12
      vertex -12.5 -79.15 7.47224
    endloop
  endfacet
  facet normal -1 0 0
    outer loop
      vertex -12.5 -80 7.7
      vertex -12.5 -70 12
      vertex -12.5 -79.56 7.64207
    endloop
  endfacet
  facet normal -1 0 0
    outer loop
      vertex -12.5 -80.44 7.64207
      vertex -12.5 -70 12
      vertex -12.5 -80 7.7
    endloop
  endfacet
  facet normal -1 0 0
    outer loop
      vertex -12.5 -89.56 7.64207
      vertex -12.5 -80.44 7.64207
      vertex -12.5 -80.85 7.47224
    endloop
  endfacet
  facet normal -1 0 0
    outer loop
      vertex -12.5 -88.3 6
      vertex -12.5 -81.6421 6.43999
      vertex -12.5 -81.7 6
    endloop
  endfacet
  facet normal -1 0 0
    outer loop
      vertex -12.5 -88.3579 6.43999
      vertex -12.5 -81.6421 6.43999
      vertex -12.5 -88.3 6
    endloop
  endfacet
  facet normal -1 0 0
    outer loop
      vertex -12.5 -81.6421 6.43999
      vertex -12.5 -88.3579 6.43999
      vertex -12.5 -81.4722 6.85
    endloop
  endfacet
  facet normal -1 0 0
    outer loop
      vertex -12.5 -88.5278 6.85
      vertex -12.5 -81.4722 6.85
      vertex -12.5 -88.3579 6.43999
    endloop
  endfacet
  facet normal -1 0 0
    outer loop
      vertex -12.5 -81.4722 6.85
      vertex -12.5 -88.5278 6.85
      vertex -12.5 -81.2021 7.20208
    endloop
  endfacet
  facet normal -1 0 0
    outer loop
      vertex -12.5 -88.7979 7.20208
      vertex -12.5 -81.2021 7.20208
      vertex -12.5 -88.5278 6.85
    endloop
  endfacet
  facet normal -1 0 0
    outer loop
      vertex -12.5 -81.2021 7.20208
      vertex -12.5 -88.7979 7.20208
      vertex -12.5 -80.85 7.47224
    endloop
  endfacet
  facet normal -1 0 0
    outer loop
      vertex -12.5 -89.15 7.47224
      vertex -12.5 -80.85 7.47224
      vertex -12.5 -88.7979 7.20208
    endloop
  endfacet
  facet normal -1 0 0
    outer loop
      vertex -12.5 -89.56 7.64207
      vertex -12.5 -80.85 7.47224
      vertex -12.5 -89.15 7.47224
    endloop
  endfacet
  facet normal -1 0 0
    outer loop
      vertex -12.5 -80.44 7.64207
      vertex -12.5 -89.56 7.64207
      vertex -12.5 -70 12
    endloop
  endfacet
  facet normal -1 0 0
    outer loop
      vertex -12.5 -90 7.7
      vertex -12.5 -70 12
      vertex -12.5 -89.56 7.64207
    endloop
  endfacet
  facet normal -1 0 0
    outer loop
      vertex -12.5 -100 7.7
      vertex -12.5 -90 7.7
      vertex -12.5 -90.44 7.64207
    endloop
  endfacet
  facet normal -1 0 0
    outer loop
      vertex -12.5 -98.3 6
      vertex -12.5 -91.6421 6.43999
      vertex -12.5 -91.7 6
    endloop
  endfacet
  facet normal -1 0 0
    outer loop
      vertex -12.5 -98.3579 6.43999
      vertex -12.5 -91.6421 6.43999
      vertex -12.5 -98.3 6
    endloop
  endfacet
  facet normal -1 0 0
    outer loop
      vertex -12.5 -91.6421 6.43999
      vertex -12.5 -98.3579 6.43999
      vertex -12.5 -91.4722 6.85
    endloop
  endfacet
  facet normal -1 0 0
    outer loop
      vertex -12.5 -98.5278 6.85
      vertex -12.5 -91.4722 6.85
      vertex -12.5 -98.3579 6.43999
    endloop
  endfacet
  facet normal -1 0 0
    outer loop
      vertex -12.5 -91.4722 6.85
      vertex -12.5 -98.5278 6.85
      vertex -12.5 -91.2021 7.20208
    endloop
  endfacet
  facet normal -1 0 0
    outer loop
      vertex -12.5 -98.7979 7.20208
      vertex -12.5 -91.2021 7.20208
      vertex -12.5 -98.5278 6.85
    endloop
  endfacet
  facet normal -1 0 0
    outer loop
      vertex -12.5 -91.2021 7.20208
      vertex -12.5 -98.7979 7.20208
      vertex -12.5 -90.85 7.47224
    endloop
  endfacet
  facet normal -1 0 0
    outer loop
      vertex -12.5 -99.15 7.47224
      vertex -12.5 -90.85 7.47224
      vertex -12.5 -98.7979 7.20208
    endloop
  endfacet
  facet normal -1 0 0
    outer loop
      vertex -12.5 -90.85 7.47224
      vertex -12.5 -99.15 7.47224
      vertex -12.5 -90.44 7.64207
    endloop
  endfacet
  facet normal -1 0 0
    outer loop
      vertex -12.5 -99.56 7.64207
      vertex -12.5 -90.44 7.64207
      vertex -12.5 -99.15 7.47224
    endloop
  endfacet
  facet normal -1 0 0
    outer loop
      vertex -12.5 -100 7.7
      vertex -12.5 -90.44 7.64207
      vertex -12.5 -99.56 7.64207
    endloop
  endfacet
  facet normal -1 0 0
    outer loop
      vertex -12.5 -90 7.7
      vertex -12.5 -100 7.7
      vertex -12.5 -70 12
    endloop
  endfacet
  facet normal -1 0 0
    outer loop
      vertex -12.5 -110 7.7
      vertex -12.5 -100 7.7
      vertex -12.5 -100.44 7.64207
    endloop
  endfacet
  facet normal -1 0 0
    outer loop
      vertex -12.5 -108.3 6
      vertex -12.5 -101.642 6.43999
      vertex -12.5 -101.7 6
    endloop
  endfacet
  facet normal -1 0 0
    outer loop
      vertex -12.5 -108.358 6.43999
      vertex -12.5 -101.642 6.43999
      vertex -12.5 -108.3 6
    endloop
  endfacet
  facet normal -1 0 0
    outer loop
      vertex -12.5 -101.642 6.43999
      vertex -12.5 -108.358 6.43999
      vertex -12.5 -101.472 6.85
    endloop
  endfacet
  facet normal -1 0 0
    outer loop
      vertex -12.5 -108.528 6.85
      vertex -12.5 -101.472 6.85
      vertex -12.5 -108.358 6.43999
    endloop
  endfacet
  facet normal -1 0 0
    outer loop
      vertex -12.5 -101.472 6.85
      vertex -12.5 -108.528 6.85
      vertex -12.5 -101.202 7.20208
    endloop
  endfacet
  facet normal -1 0 0
    outer loop
      vertex -12.5 -108.798 7.20208
      vertex -12.5 -101.202 7.20208
      vertex -12.5 -108.528 6.85
    endloop
  endfacet
  facet normal -1 0 0
    outer loop
      vertex -12.5 -101.202 7.20208
      vertex -12.5 -108.798 7.20208
      vertex -12.5 -100.85 7.47224
    endloop
  endfacet
  facet normal -1 0 0
    outer loop
      vertex -12.5 -109.15 7.47224
      vertex -12.5 -100.85 7.47224
      vertex -12.5 -108.798 7.20208
    endloop
  endfacet
  facet normal -1 0 0
    outer loop
      vertex -12.5 -100.85 7.47224
      vertex -12.5 -109.15 7.47224
      vertex -12.5 -100.44 7.64207
    endloop
  endfacet
  facet normal -1 0 0
    outer loop
      vertex -12.5 -109.56 7.64207
      vertex -12.5 -100.44 7.64207
      vertex -12.5 -109.15 7.47224
    endloop
  endfacet
  facet normal -1 0 0
    outer loop
      vertex -12.5 -110 7.7
      vertex -12.5 -100.44 7.64207
      vertex -12.5 -109.56 7.64207
    endloop
  endfacet
  facet normal -1 0 0
    outer loop
      vertex -12.5 -100 7.7
      vertex -12.5 -110 7.7
      vertex -12.5 -70 12
    endloop
  endfacet
  facet normal -1 0 0
    outer loop
      vertex -12.5 -118.3 6
      vertex -12.5 -111.642 6.43999
      vertex -12.5 -111.7 6
    endloop
  endfacet
  facet normal -1 0 0
    outer loop
      vertex -12.5 -118.358 6.43999
      vertex -12.5 -111.642 6.43999
      vertex -12.5 -118.3 6
    endloop
  endfacet
  facet normal -1 0 0
    outer loop
      vertex -12.5 -111.642 6.43999
      vertex -12.5 -118.358 6.43999
      vertex -12.5 -111.472 6.85
    endloop
  endfacet
  facet normal -1 0 0
    outer loop
      vertex -12.5 -118.528 6.85
      vertex -12.5 -111.472 6.85
      vertex -12.5 -118.358 6.43999
    endloop
  endfacet
  facet normal -1 0 0
    outer loop
      vertex -12.5 -111.472 6.85
      vertex -12.5 -118.528 6.85
      vertex -12.5 -111.202 7.20208
    endloop
  endfacet
  facet normal -1 0 0
    outer loop
      vertex -12.5 -118.798 7.20208
      vertex -12.5 -111.202 7.20208
      vertex -12.5 -118.528 6.85
    endloop
  endfacet
  facet normal -1 0 0
    outer loop
      vertex -12.5 -111.202 7.20208
      vertex -12.5 -118.798 7.20208
      vertex -12.5 -110.85 7.47224
    endloop
  endfacet
  facet normal -1 0 0
    outer loop
      vertex -12.5 -119.15 7.47224
      vertex -12.5 -110.85 7.47224
      vertex -12.5 -118.798 7.20208
    endloop
  endfacet
  facet normal -1 0 0
    outer loop
      vertex -12.5 -110.85 7.47224
      vertex -12.5 -119.15 7.47224
      vertex -12.5 -110.44 7.64207
    endloop
  endfacet
  facet normal -1 0 0
    outer loop
      vertex -12.5 -119.56 7.64207
      vertex -12.5 -110.44 7.64207
      vertex -12.5 -119.15 7.47224
    endloop
  endfacet
  facet normal -1 0 0
    outer loop
      vertex -12.5 -110.44 7.64207
      vertex -12.5 -119.56 7.64207
      vertex -12.5 -110 7.7
    endloop
  endfacet
  facet normal -1 0 0
    outer loop
      vertex -12.5 -120 7.7
      vertex -12.5 -110 7.7
      vertex -12.5 -119.56 7.64207
    endloop
  endfacet
  facet normal -1 0 0
    outer loop
      vertex -12.5 -150 12
      vertex -12.5 -110 7.7
      vertex -12.5 -120 7.7
    endloop
  endfacet
  facet normal -1 0 0
    outer loop
      vertex -12.5 -128.3 6
      vertex -12.5 -121.642 6.43999
      vertex -12.5 -121.7 6
    endloop
  endfacet
  facet normal -1 0 0
    outer loop
      vertex -12.5 -128.358 6.43999
      vertex -12.5 -121.642 6.43999
      vertex -12.5 -128.3 6
    endloop
  endfacet
  facet normal -1 0 0
    outer loop
      vertex -12.5 -121.642 6.43999
      vertex -12.5 -128.358 6.43999
      vertex -12.5 -121.472 6.85
    endloop
  endfacet
  facet normal -1 0 0
    outer loop
      vertex -12.5 -128.528 6.85
      vertex -12.5 -121.472 6.85
      vertex -12.5 -128.358 6.43999
    endloop
  endfacet
  facet normal -1 0 0
    outer loop
      vertex -12.5 -121.472 6.85
      vertex -12.5 -128.528 6.85
      vertex -12.5 -121.202 7.20208
    endloop
  endfacet
  facet normal -1 0 0
    outer loop
      vertex -12.5 -128.798 7.20208
      vertex -12.5 -121.202 7.20208
      vertex -12.5 -128.528 6.85
    endloop
  endfacet
  facet normal -1 0 0
    outer loop
      vertex -12.5 -121.202 7.20208
      vertex -12.5 -128.798 7.20208
      vertex -12.5 -120.85 7.47224
    endloop
  endfacet
  facet normal -1 0 0
    outer loop
      vertex -12.5 -129.15 7.47224
      vertex -12.5 -120.85 7.47224
      vertex -12.5 -128.798 7.20208
    endloop
  endfacet
  facet normal -1 0 0
    outer loop
      vertex -12.5 -120.85 7.47224
      vertex -12.5 -129.15 7.47224
      vertex -12.5 -120.44 7.64207
    endloop
  endfacet
  facet normal -1 0 0
    outer loop
      vertex -12.5 -129.56 7.64207
      vertex -12.5 -120.44 7.64207
      vertex -12.5 -129.15 7.47224
    endloop
  endfacet
  facet normal -1 0 0
    outer loop
      vertex -12.5 -120.44 7.64207
      vertex -12.5 -129.56 7.64207
      vertex -12.5 -120 7.7
    endloop
  endfacet
  facet normal -1 0 0
    outer loop
      vertex -12.5 -130 7.7
      vertex -12.5 -120 7.7
      vertex -12.5 -129.56 7.64207
    endloop
  endfacet
  facet normal -1 0 0
    outer loop
      vertex -12.5 -150 12
      vertex -12.5 -120 7.7
      vertex -12.5 -130 7.7
    endloop
  endfacet
  facet normal -1 0 0
    outer loop
      vertex -12.5 -138.3 6
      vertex -12.5 -131.642 6.43999
      vertex -12.5 -131.7 6
    endloop
  endfacet
  facet normal -1 0 0
    outer loop
      vertex -12.5 -138.358 6.43999
      vertex -12.5 -131.642 6.43999
      vertex -12.5 -138.3 6
    endloop
  endfacet
  facet normal -1 0 0
    outer loop
      vertex -12.5 -131.642 6.43999
      vertex -12.5 -138.358 6.43999
      vertex -12.5 -131.472 6.85
    endloop
  endfacet
  facet normal -1 0 0
    outer loop
      vertex -12.5 -138.528 6.85
      vertex -12.5 -131.472 6.85
      vertex -12.5 -138.358 6.43999
    endloop
  endfacet
  facet normal -1 0 0
    outer loop
      vertex -12.5 -131.472 6.85
      vertex -12.5 -138.528 6.85
      vertex -12.5 -131.202 7.20208
    endloop
  endfacet
  facet normal -1 0 0
    outer loop
      vertex -12.5 -138.798 7.20208
      vertex -12.5 -131.202 7.20208
      vertex -12.5 -138.528 6.85
    endloop
  endfacet
  facet normal -1 0 0
    outer loop
      vertex -12.5 -131.202 7.20208
      vertex -12.5 -138.798 7.20208
      vertex -12.5 -130.85 7.47224
    endloop
  endfacet
  facet normal -1 0 0
    outer loop
      vertex -12.5 -139.15 7.47224
      vertex -12.5 -130.85 7.47224
      vertex -12.5 -138.798 7.20208
    endloop
  endfacet
  facet normal -1 0 0
    outer loop
      vertex -12.5 -130.85 7.47224
      vertex -12.5 -139.15 7.47224
      vertex -12.5 -130.44 7.64207
    endloop
  endfacet
  facet normal -1 0 0
    outer loop
      vertex -12.5 -139.56 7.64207
      vertex -12.5 -130.44 7.64207
      vertex -12.5 -139.15 7.47224
    endloop
  endfacet
  facet normal -1 0 0
    outer loop
      vertex -12.5 -150 12
      vertex -12.5 -130.44 7.64207
      vertex -12.5 -139.56 7.64207
    endloop
  endfacet
  facet normal -1 0 0
    outer loop
      vertex -12.5 -130.44 7.64207
      vertex -12.5 -150 12
      vertex -12.5 -130 7.7
    endloop
  endfacet
  facet normal -1 0 0
    outer loop
      vertex -12.5 -150 12
      vertex -12.5 -139.56 7.64207
      vertex -12.5 -140 7.7
    endloop
  endfacet
  facet normal -1 0 0
    outer loop
      vertex -12.5 -150 12
      vertex -12.5 -141.7 6
      vertex -12.5 -150 0
    endloop
  endfacet
  facet normal -1 0 0
    outer loop
      vertex -12.5 -141.7 6
      vertex -12.5 -150 12
      vertex -12.5 -141.642 6.43999
    endloop
  endfacet
  facet normal -1 0 0
    outer loop
      vertex -12.5 -141.642 6.43999
      vertex -12.5 -150 12
      vertex -12.5 -141.472 6.85
    endloop
  endfacet
  facet normal -1 0 0
    outer loop
      vertex -12.5 -110 7.7
      vertex -12.5 -150 12
      vertex -12.5 -70 12
    endloop
  endfacet
  facet normal -1 0 0
    outer loop
      vertex -12.5 -140.44 7.64207
      vertex -12.5 -150 12
      vertex -12.5 -140 7.7
    endloop
  endfacet
  facet normal -1 0 0
    outer loop
      vertex -12.5 -140.85 7.47224
      vertex -12.5 -150 12
      vertex -12.5 -140.44 7.64207
    endloop
  endfacet
  facet normal -1 0 0
    outer loop
      vertex -12.5 -141.202 7.20208
      vertex -12.5 -150 12
      vertex -12.5 -140.85 7.47224
    endloop
  endfacet
  facet normal -1 0 0
    outer loop
      vertex -12.5 -141.472 6.85
      vertex -12.5 -150 12
      vertex -12.5 -141.202 7.20208
    endloop
  endfacet
  facet normal 0 1 -0
    outer loop
      vertex 0 -70 7.7
      vertex -12.5 -70 12
      vertex 0 -70 12
    endloop
  endfacet
  facet normal 0 1 0
    outer loop
      vertex -12.5 -70 12
      vertex 0 -70 7.7
      vertex -12.5 -70 7.7
    endloop
  endfacet
  facet normal 0 1 -0
    outer loop
      vertex 0 -70 0
      vertex -12.5 -70 4.3
      vertex 0 -70 4.3
    endloop
  endfacet
  facet normal 0 1 0
    outer loop
      vertex -12.5 -70 4.3
      vertex 0 -70 0
      vertex -12.5 -70 0
    endloop
  endfacet
  facet normal 0 -1 0
    outer loop
      vertex -12.5 -150 0
      vertex 0 -150 12
      vertex -12.5 -150 12
    endloop
  endfacet
  facet normal 0 -1 -0
    outer loop
      vertex 0 -150 12
      vertex -12.5 -150 0
      vertex 0 -150 0
    endloop
  endfacet
  facet normal 0 -0.608761 0.793354
    outer loop
      vertex 0 -8.79792 4.79792
      vertex 12.5 -9.15 4.52776
      vertex 12.5 -8.79792 4.79792
    endloop
  endfacet
  facet normal 0 -0.608761 0.793354
    outer loop
      vertex 12.5 -9.15 4.52776
      vertex 0 -8.79792 4.79792
      vertex 0 -9.15 4.52776
    endloop
  endfacet
  facet normal -0 0.608739 0.793371
    outer loop
      vertex 0 -10.85 4.52776
      vertex 12.5 -11.2021 4.79792
      vertex 12.5 -10.85 4.52776
    endloop
  endfacet
  facet normal 0 0.608739 0.793371
    outer loop
      vertex 12.5 -11.2021 4.79792
      vertex 0 -10.85 4.52776
      vertex 0 -11.2021 4.79792
    endloop
  endfacet
  facet normal 0 -0.38268 -0.923881
    outer loop
      vertex 0 -9.56001 7.64207
      vertex 12.5 -9.15 7.47224
      vertex 12.5 -9.56001 7.64207
    endloop
  endfacet
  facet normal -0 -0.38268 -0.923881
    outer loop
      vertex 12.5 -9.15 7.47224
      vertex 0 -9.56001 7.64207
      vertex 0 -9.15 7.47224
    endloop
  endfacet
  facet normal 0 -0.130536 -0.991444
    outer loop
      vertex 0 -10 7.7
      vertex 12.5 -9.56001 7.64207
      vertex 12.5 -10 7.7
    endloop
  endfacet
  facet normal -0 -0.130536 -0.991444
    outer loop
      vertex 12.5 -9.56001 7.64207
      vertex 0 -10 7.7
      vertex 0 -9.56001 7.64207
    endloop
  endfacet
  facet normal 0 -0.793354 0.608761
    outer loop
      vertex 0 -8.79792 4.79792
      vertex 12.5 -8.52776 5.15
      vertex 0 -8.52776 5.15
    endloop
  endfacet
  facet normal 0 -0.793354 0.608761
    outer loop
      vertex 12.5 -8.52776 5.15
      vertex 0 -8.79792 4.79792
      vertex 12.5 -8.79792 4.79792
    endloop
  endfacet
  facet normal 0 -0.130536 0.991444
    outer loop
      vertex 0 -9.56001 4.35793
      vertex 12.5 -10 4.3
      vertex 12.5 -9.56001 4.35793
    endloop
  endfacet
  facet normal 0 -0.130536 0.991444
    outer loop
      vertex 12.5 -10 4.3
      vertex 0 -9.56001 4.35793
      vertex 0 -10 4.3
    endloop
  endfacet
  facet normal 0 0.130533 -0.991444
    outer loop
      vertex 0 -10.44 7.64207
      vertex 12.5 -10 7.7
      vertex 12.5 -10.44 7.64207
    endloop
  endfacet
  facet normal 0 0.130533 -0.991444
    outer loop
      vertex 12.5 -10 7.7
      vertex 0 -10.44 7.64207
      vertex 0 -10 7.7
    endloop
  endfacet
  facet normal 0 -0.923881 -0.38268
    outer loop
      vertex 0 -8.35793 6.43999
      vertex 12.5 -8.52776 6.85
      vertex 0 -8.52776 6.85
    endloop
  endfacet
  facet normal 0 -0.923881 -0.38268
    outer loop
      vertex 12.5 -8.52776 6.85
      vertex 0 -8.35793 6.43999
      vertex 12.5 -8.35793 6.43999
    endloop
  endfacet
  facet normal 0 -0.991444 0.130536
    outer loop
      vertex 0 -8.35793 5.56001
      vertex 12.5 -8.3 6
      vertex 0 -8.3 6
    endloop
  endfacet
  facet normal 0 -0.991444 0.130536
    outer loop
      vertex 12.5 -8.3 6
      vertex 0 -8.35793 5.56001
      vertex 12.5 -8.35793 5.56001
    endloop
  endfacet
  facet normal 0 0.991452 -0.130469
    outer loop
      vertex 12.5 -11.7 6
      vertex 0 -11.6421 6.43999
      vertex 12.5 -11.6421 6.43999
    endloop
  endfacet
  facet normal 0 0.991452 -0.130469
    outer loop
      vertex 0 -11.6421 6.43999
      vertex 12.5 -11.7 6
      vertex 0 -11.7 6
    endloop
  endfacet
  facet normal -0 0.382688 0.923878
    outer loop
      vertex 0 -10.44 4.35793
      vertex 12.5 -10.85 4.52776
      vertex 12.5 -10.44 4.35793
    endloop
  endfacet
  facet normal 0 0.382688 0.923878
    outer loop
      vertex 12.5 -10.85 4.52776
      vertex 0 -10.44 4.35793
      vertex 0 -10.85 4.52776
    endloop
  endfacet
  facet normal 0 -0.923881 0.38268
    outer loop
      vertex 0 -8.52776 5.15
      vertex 12.5 -8.35793 5.56001
      vertex 0 -8.35793 5.56001
    endloop
  endfacet
  facet normal 0 -0.923881 0.38268
    outer loop
      vertex 12.5 -8.35793 5.56001
      vertex 0 -8.52776 5.15
      vertex 12.5 -8.52776 5.15
    endloop
  endfacet
  facet normal 0 -0.991444 -0.130536
    outer loop
      vertex 0 -8.3 6
      vertex 12.5 -8.35793 6.43999
      vertex 0 -8.35793 6.43999
    endloop
  endfacet
  facet normal 0 -0.991444 -0.130536
    outer loop
      vertex 12.5 -8.35793 6.43999
      vertex 0 -8.3 6
      vertex 12.5 -8.3 6
    endloop
  endfacet
  facet normal -0 0.130533 0.991444
    outer loop
      vertex 0 -10 4.3
      vertex 12.5 -10.44 4.35793
      vertex 12.5 -10 4.3
    endloop
  endfacet
  facet normal 0 0.130533 0.991444
    outer loop
      vertex 12.5 -10.44 4.35793
      vertex 0 -10 4.3
      vertex 0 -10.44 4.35793
    endloop
  endfacet
  facet normal 0 0.923825 -0.382815
    outer loop
      vertex 12.5 -11.6421 6.43999
      vertex 0 -11.4722 6.85
      vertex 12.5 -11.4722 6.85
    endloop
  endfacet
  facet normal 0 0.923825 -0.382815
    outer loop
      vertex 0 -11.4722 6.85
      vertex 12.5 -11.6421 6.43999
      vertex 0 -11.6421 6.43999
    endloop
  endfacet
  facet normal 0 0.923825 0.382815
    outer loop
      vertex 12.5 -11.4722 5.15
      vertex 0 -11.6421 5.56001
      vertex 12.5 -11.6421 5.56001
    endloop
  endfacet
  facet normal 0 0.923825 0.382815
    outer loop
      vertex 0 -11.6421 5.56001
      vertex 12.5 -11.4722 5.15
      vertex 0 -11.4722 5.15
    endloop
  endfacet
  facet normal 0 -0.38268 0.923881
    outer loop
      vertex 0 -9.15 4.52776
      vertex 12.5 -9.56001 4.35793
      vertex 12.5 -9.15 4.52776
    endloop
  endfacet
  facet normal 0 -0.38268 0.923881
    outer loop
      vertex 12.5 -9.56001 4.35793
      vertex 0 -9.15 4.52776
      vertex 0 -9.56001 4.35793
    endloop
  endfacet
  facet normal 0 0.608739 -0.793371
    outer loop
      vertex 0 -11.2021 7.20208
      vertex 12.5 -10.85 7.47224
      vertex 12.5 -11.2021 7.20208
    endloop
  endfacet
  facet normal 0 0.608739 -0.793371
    outer loop
      vertex 12.5 -10.85 7.47224
      vertex 0 -11.2021 7.20208
      vertex 0 -10.85 7.47224
    endloop
  endfacet
  facet normal 0 0.793419 0.608676
    outer loop
      vertex 12.5 -11.2021 4.79792
      vertex 0 -11.4722 5.15
      vertex 12.5 -11.4722 5.15
    endloop
  endfacet
  facet normal 0 0.793419 0.608676
    outer loop
      vertex 0 -11.4722 5.15
      vertex 12.5 -11.2021 4.79792
      vertex 0 -11.2021 4.79792
    endloop
  endfacet
  facet normal 0 0.382688 -0.923878
    outer loop
      vertex 0 -10.85 7.47224
      vertex 12.5 -10.44 7.64207
      vertex 12.5 -10.85 7.47224
    endloop
  endfacet
  facet normal 0 0.382688 -0.923878
    outer loop
      vertex 12.5 -10.44 7.64207
      vertex 0 -10.85 7.47224
      vertex 0 -10.44 7.64207
    endloop
  endfacet
  facet normal 0 0.991452 0.130469
    outer loop
      vertex 12.5 -11.6421 5.56001
      vertex 0 -11.7 6
      vertex 12.5 -11.7 6
    endloop
  endfacet
  facet normal 0 0.991452 0.130469
    outer loop
      vertex 0 -11.7 6
      vertex 12.5 -11.6421 5.56001
      vertex 0 -11.6421 5.56001
    endloop
  endfacet
  facet normal 0 -0.793354 -0.608761
    outer loop
      vertex 0 -8.52776 6.85
      vertex 12.5 -8.79792 7.20208
      vertex 0 -8.79792 7.20208
    endloop
  endfacet
  facet normal 0 -0.793354 -0.608761
    outer loop
      vertex 12.5 -8.79792 7.20208
      vertex 0 -8.52776 6.85
      vertex 12.5 -8.52776 6.85
    endloop
  endfacet
  facet normal 0 -0.608761 -0.793354
    outer loop
      vertex 0 -9.15 7.47224
      vertex 12.5 -8.79792 7.20208
      vertex 12.5 -9.15 7.47224
    endloop
  endfacet
  facet normal -0 -0.608761 -0.793354
    outer loop
      vertex 12.5 -8.79792 7.20208
      vertex 0 -9.15 7.47224
      vertex 0 -8.79792 7.20208
    endloop
  endfacet
  facet normal 0 0.793419 -0.608676
    outer loop
      vertex 12.5 -11.4722 6.85
      vertex 0 -11.2021 7.20208
      vertex 12.5 -11.2021 7.20208
    endloop
  endfacet
  facet normal 0 0.793419 -0.608676
    outer loop
      vertex 0 -11.2021 7.20208
      vertex 12.5 -11.4722 6.85
      vertex 0 -11.4722 6.85
    endloop
  endfacet
  facet normal 0 -0.382688 0.923878
    outer loop
      vertex 0 -19.15 4.52776
      vertex 12.5 -19.56 4.35793
      vertex 12.5 -19.15 4.52776
    endloop
  endfacet
  facet normal 0 -0.382688 0.923878
    outer loop
      vertex 12.5 -19.56 4.35793
      vertex 0 -19.15 4.52776
      vertex 0 -19.56 4.35793
    endloop
  endfacet
  facet normal 0 -0.608739 0.793371
    outer loop
      vertex 0 -18.7979 4.79792
      vertex 12.5 -19.15 4.52776
      vertex 12.5 -18.7979 4.79792
    endloop
  endfacet
  facet normal 0 -0.608739 0.793371
    outer loop
      vertex 12.5 -19.15 4.52776
      vertex 0 -18.7979 4.79792
      vertex 0 -19.15 4.52776
    endloop
  endfacet
  facet normal -0 0.608739 0.793371
    outer loop
      vertex 0 -20.85 4.52776
      vertex 12.5 -21.2021 4.79792
      vertex 12.5 -20.85 4.52776
    endloop
  endfacet
  facet normal 0 0.608739 0.793371
    outer loop
      vertex 12.5 -21.2021 4.79792
      vertex 0 -20.85 4.52776
      vertex 0 -21.2021 4.79792
    endloop
  endfacet
  facet normal 0 -0.382688 -0.923878
    outer loop
      vertex 0 -19.56 7.64207
      vertex 12.5 -19.15 7.47224
      vertex 12.5 -19.56 7.64207
    endloop
  endfacet
  facet normal -0 -0.382688 -0.923878
    outer loop
      vertex 12.5 -19.15 7.47224
      vertex 0 -19.56 7.64207
      vertex 0 -19.15 7.47224
    endloop
  endfacet
  facet normal 0 -0.130533 -0.991444
    outer loop
      vertex 0 -20 7.7
      vertex 12.5 -19.56 7.64207
      vertex 12.5 -20 7.7
    endloop
  endfacet
  facet normal -0 -0.130533 -0.991444
    outer loop
      vertex 12.5 -19.56 7.64207
      vertex 0 -20 7.7
      vertex 0 -19.56 7.64207
    endloop
  endfacet
  facet normal 0 -0.793419 0.608676
    outer loop
      vertex 0 -18.7979 4.79792
      vertex 12.5 -18.5278 5.15
      vertex 0 -18.5278 5.15
    endloop
  endfacet
  facet normal 0 -0.793419 0.608676
    outer loop
      vertex 12.5 -18.5278 5.15
      vertex 0 -18.7979 4.79792
      vertex 12.5 -18.7979 4.79792
    endloop
  endfacet
  facet normal 0 -0.130533 0.991444
    outer loop
      vertex 0 -19.56 4.35793
      vertex 12.5 -20 4.3
      vertex 12.5 -19.56 4.35793
    endloop
  endfacet
  facet normal 0 -0.130533 0.991444
    outer loop
      vertex 12.5 -20 4.3
      vertex 0 -19.56 4.35793
      vertex 0 -20 4.3
    endloop
  endfacet
  facet normal 0 0.130533 -0.991444
    outer loop
      vertex 0 -20.44 7.64207
      vertex 12.5 -20 7.7
      vertex 12.5 -20.44 7.64207
    endloop
  endfacet
  facet normal 0 0.130533 -0.991444
    outer loop
      vertex 12.5 -20 7.7
      vertex 0 -20.44 7.64207
      vertex 0 -20 7.7
    endloop
  endfacet
  facet normal 0 -0.923825 -0.382815
    outer loop
      vertex 0 -18.3579 6.43999
      vertex 12.5 -18.5278 6.85
      vertex 0 -18.5278 6.85
    endloop
  endfacet
  facet normal 0 -0.923825 -0.382815
    outer loop
      vertex 12.5 -18.5278 6.85
      vertex 0 -18.3579 6.43999
      vertex 12.5 -18.3579 6.43999
    endloop
  endfacet
  facet normal 0 -0.991452 0.130469
    outer loop
      vertex 0 -18.3579 5.56001
      vertex 12.5 -18.3 6
      vertex 0 -18.3 6
    endloop
  endfacet
  facet normal 0 -0.991452 0.130469
    outer loop
      vertex 12.5 -18.3 6
      vertex 0 -18.3579 5.56001
      vertex 12.5 -18.3579 5.56001
    endloop
  endfacet
  facet normal 0 0.991452 -0.130469
    outer loop
      vertex 12.5 -21.7 6
      vertex 0 -21.6421 6.43999
      vertex 12.5 -21.6421 6.43999
    endloop
  endfacet
  facet normal 0 0.991452 -0.130469
    outer loop
      vertex 0 -21.6421 6.43999
      vertex 12.5 -21.7 6
      vertex 0 -21.7 6
    endloop
  endfacet
  facet normal -0 0.382688 0.923878
    outer loop
      vertex 0 -20.44 4.35793
      vertex 12.5 -20.85 4.52776
      vertex 12.5 -20.44 4.35793
    endloop
  endfacet
  facet normal 0 0.382688 0.923878
    outer loop
      vertex 12.5 -20.85 4.52776
      vertex 0 -20.44 4.35793
      vertex 0 -20.85 4.52776
    endloop
  endfacet
  facet normal 0 -0.923825 0.382815
    outer loop
      vertex 0 -18.5278 5.15
      vertex 12.5 -18.3579 5.56001
      vertex 0 -18.3579 5.56001
    endloop
  endfacet
  facet normal 0 -0.923825 0.382815
    outer loop
      vertex 12.5 -18.3579 5.56001
      vertex 0 -18.5278 5.15
      vertex 12.5 -18.5278 5.15
    endloop
  endfacet
  facet normal 0 -0.991452 -0.130469
    outer loop
      vertex 0 -18.3 6
      vertex 12.5 -18.3579 6.43999
      vertex 0 -18.3579 6.43999
    endloop
  endfacet
  facet normal 0 -0.991452 -0.130469
    outer loop
      vertex 12.5 -18.3579 6.43999
      vertex 0 -18.3 6
      vertex 12.5 -18.3 6
    endloop
  endfacet
  facet normal -0 0.130533 0.991444
    outer loop
      vertex 0 -20 4.3
      vertex 12.5 -20.44 4.35793
      vertex 12.5 -20 4.3
    endloop
  endfacet
  facet normal 0 0.130533 0.991444
    outer loop
      vertex 12.5 -20.44 4.35793
      vertex 0 -20 4.3
      vertex 0 -20.44 4.35793
    endloop
  endfacet
  facet normal 0 0.923825 -0.382815
    outer loop
      vertex 12.5 -21.6421 6.43999
      vertex 0 -21.4722 6.85
      vertex 12.5 -21.4722 6.85
    endloop
  endfacet
  facet normal 0 0.923825 -0.382815
    outer loop
      vertex 0 -21.4722 6.85
      vertex 12.5 -21.6421 6.43999
      vertex 0 -21.6421 6.43999
    endloop
  endfacet
  facet normal 0 0.923825 0.382815
    outer loop
      vertex 12.5 -21.4722 5.15
      vertex 0 -21.6421 5.56001
      vertex 12.5 -21.6421 5.56001
    endloop
  endfacet
  facet normal 0 0.923825 0.382815
    outer loop
      vertex 0 -21.6421 5.56001
      vertex 12.5 -21.4722 5.15
      vertex 0 -21.4722 5.15
    endloop
  endfacet
  facet normal 0 0.608739 -0.793371
    outer loop
      vertex 0 -21.2021 7.20208
      vertex 12.5 -20.85 7.47224
      vertex 12.5 -21.2021 7.20208
    endloop
  endfacet
  facet normal 0 0.608739 -0.793371
    outer loop
      vertex 12.5 -20.85 7.47224
      vertex 0 -21.2021 7.20208
      vertex 0 -20.85 7.47224
    endloop
  endfacet
  facet normal 0 0.793419 0.608676
    outer loop
      vertex 12.5 -21.2021 4.79792
      vertex 0 -21.4722 5.15
      vertex 12.5 -21.4722 5.15
    endloop
  endfacet
  facet normal 0 0.793419 0.608676
    outer loop
      vertex 0 -21.4722 5.15
      vertex 12.5 -21.2021 4.79792
      vertex 0 -21.2021 4.79792
    endloop
  endfacet
  facet normal 0 0.382688 -0.923878
    outer loop
      vertex 0 -20.85 7.47224
      vertex 12.5 -20.44 7.64207
      vertex 12.5 -20.85 7.47224
    endloop
  endfacet
  facet normal 0 0.382688 -0.923878
    outer loop
      vertex 12.5 -20.44 7.64207
      vertex 0 -20.85 7.47224
      vertex 0 -20.44 7.64207
    endloop
  endfacet
  facet normal 0 0.991452 0.130469
    outer loop
      vertex 12.5 -21.6421 5.56001
      vertex 0 -21.7 6
      vertex 12.5 -21.7 6
    endloop
  endfacet
  facet normal 0 0.991452 0.130469
    outer loop
      vertex 0 -21.7 6
      vertex 12.5 -21.6421 5.56001
      vertex 0 -21.6421 5.56001
    endloop
  endfacet
  facet normal 0 -0.793419 -0.608676
    outer loop
      vertex 0 -18.5278 6.85
      vertex 12.5 -18.7979 7.20208
      vertex 0 -18.7979 7.20208
    endloop
  endfacet
  facet normal 0 -0.793419 -0.608676
    outer loop
      vertex 12.5 -18.7979 7.20208
      vertex 0 -18.5278 6.85
      vertex 12.5 -18.5278 6.85
    endloop
  endfacet
  facet normal 0 -0.608739 -0.793371
    outer loop
      vertex 0 -19.15 7.47224
      vertex 12.5 -18.7979 7.20208
      vertex 12.5 -19.15 7.47224
    endloop
  endfacet
  facet normal -0 -0.608739 -0.793371
    outer loop
      vertex 12.5 -18.7979 7.20208
      vertex 0 -19.15 7.47224
      vertex 0 -18.7979 7.20208
    endloop
  endfacet
  facet normal 0 0.793419 -0.608676
    outer loop
      vertex 12.5 -21.4722 6.85
      vertex 0 -21.2021 7.20208
      vertex 12.5 -21.2021 7.20208
    endloop
  endfacet
  facet normal 0 0.793419 -0.608676
    outer loop
      vertex 0 -21.2021 7.20208
      vertex 12.5 -21.4722 6.85
      vertex 0 -21.4722 6.85
    endloop
  endfacet
  facet normal 0 -0.382688 0.923878
    outer loop
      vertex 0 -29.15 4.52776
      vertex 12.5 -29.56 4.35793
      vertex 12.5 -29.15 4.52776
    endloop
  endfacet
  facet normal 0 -0.382688 0.923878
    outer loop
      vertex 12.5 -29.56 4.35793
      vertex 0 -29.15 4.52776
      vertex 0 -29.56 4.35793
    endloop
  endfacet
  facet normal 0 -0.608739 0.793371
    outer loop
      vertex 0 -28.7979 4.79792
      vertex 12.5 -29.15 4.52776
      vertex 12.5 -28.7979 4.79792
    endloop
  endfacet
  facet normal 0 -0.608739 0.793371
    outer loop
      vertex 12.5 -29.15 4.52776
      vertex 0 -28.7979 4.79792
      vertex 0 -29.15 4.52776
    endloop
  endfacet
  facet normal -0 0.608739 0.793371
    outer loop
      vertex 0 -30.85 4.52776
      vertex 12.5 -31.2021 4.79792
      vertex 12.5 -30.85 4.52776
    endloop
  endfacet
  facet normal 0 0.608739 0.793371
    outer loop
      vertex 12.5 -31.2021 4.79792
      vertex 0 -30.85 4.52776
      vertex 0 -31.2021 4.79792
    endloop
  endfacet
  facet normal 0 -0.382688 -0.923878
    outer loop
      vertex 0 -29.56 7.64207
      vertex 12.5 -29.15 7.47224
      vertex 12.5 -29.56 7.64207
    endloop
  endfacet
  facet normal -0 -0.382688 -0.923878
    outer loop
      vertex 12.5 -29.15 7.47224
      vertex 0 -29.56 7.64207
      vertex 0 -29.15 7.47224
    endloop
  endfacet
  facet normal 0 -0.130533 -0.991444
    outer loop
      vertex 0 -30 7.7
      vertex 12.5 -29.56 7.64207
      vertex 12.5 -30 7.7
    endloop
  endfacet
  facet normal -0 -0.130533 -0.991444
    outer loop
      vertex 12.5 -29.56 7.64207
      vertex 0 -30 7.7
      vertex 0 -29.56 7.64207
    endloop
  endfacet
  facet normal 0 -0.793419 0.608676
    outer loop
      vertex 0 -28.7979 4.79792
      vertex 12.5 -28.5278 5.15
      vertex 0 -28.5278 5.15
    endloop
  endfacet
  facet normal 0 -0.793419 0.608676
    outer loop
      vertex 12.5 -28.5278 5.15
      vertex 0 -28.7979 4.79792
      vertex 12.5 -28.7979 4.79792
    endloop
  endfacet
  facet normal 0 -0.130533 0.991444
    outer loop
      vertex 0 -29.56 4.35793
      vertex 12.5 -30 4.3
      vertex 12.5 -29.56 4.35793
    endloop
  endfacet
  facet normal 0 -0.130533 0.991444
    outer loop
      vertex 12.5 -30 4.3
      vertex 0 -29.56 4.35793
      vertex 0 -30 4.3
    endloop
  endfacet
  facet normal 0 0.130533 -0.991444
    outer loop
      vertex 0 -30.44 7.64207
      vertex 12.5 -30 7.7
      vertex 12.5 -30.44 7.64207
    endloop
  endfacet
  facet normal 0 0.130533 -0.991444
    outer loop
      vertex 12.5 -30 7.7
      vertex 0 -30.44 7.64207
      vertex 0 -30 7.7
    endloop
  endfacet
  facet normal 0 -0.923825 -0.382815
    outer loop
      vertex 0 -28.3579 6.43999
      vertex 12.5 -28.5278 6.85
      vertex 0 -28.5278 6.85
    endloop
  endfacet
  facet normal 0 -0.923825 -0.382815
    outer loop
      vertex 12.5 -28.5278 6.85
      vertex 0 -28.3579 6.43999
      vertex 12.5 -28.3579 6.43999
    endloop
  endfacet
  facet normal 0 -0.991452 0.130469
    outer loop
      vertex 0 -28.3579 5.56001
      vertex 12.5 -28.3 6
      vertex 0 -28.3 6
    endloop
  endfacet
  facet normal 0 -0.991452 0.130469
    outer loop
      vertex 12.5 -28.3 6
      vertex 0 -28.3579 5.56001
      vertex 12.5 -28.3579 5.56001
    endloop
  endfacet
  facet normal 0 0.991452 -0.130469
    outer loop
      vertex 12.5 -31.7 6
      vertex 0 -31.6421 6.43999
      vertex 12.5 -31.6421 6.43999
    endloop
  endfacet
  facet normal 0 0.991452 -0.130469
    outer loop
      vertex 0 -31.6421 6.43999
      vertex 12.5 -31.7 6
      vertex 0 -31.7 6
    endloop
  endfacet
  facet normal -0 0.382688 0.923878
    outer loop
      vertex 0 -30.44 4.35793
      vertex 12.5 -30.85 4.52776
      vertex 12.5 -30.44 4.35793
    endloop
  endfacet
  facet normal 0 0.382688 0.923878
    outer loop
      vertex 12.5 -30.85 4.52776
      vertex 0 -30.44 4.35793
      vertex 0 -30.85 4.52776
    endloop
  endfacet
  facet normal 0 -0.923825 0.382815
    outer loop
      vertex 0 -28.5278 5.15
      vertex 12.5 -28.3579 5.56001
      vertex 0 -28.3579 5.56001
    endloop
  endfacet
  facet normal 0 -0.923825 0.382815
    outer loop
      vertex 12.5 -28.3579 5.56001
      vertex 0 -28.5278 5.15
      vertex 12.5 -28.5278 5.15
    endloop
  endfacet
  facet normal 0 -0.991452 -0.130469
    outer loop
      vertex 0 -28.3 6
      vertex 12.5 -28.3579 6.43999
      vertex 0 -28.3579 6.43999
    endloop
  endfacet
  facet normal 0 -0.991452 -0.130469
    outer loop
      vertex 12.5 -28.3579 6.43999
      vertex 0 -28.3 6
      vertex 12.5 -28.3 6
    endloop
  endfacet
  facet normal -0 0.130533 0.991444
    outer loop
      vertex 0 -30 4.3
      vertex 12.5 -30.44 4.35793
      vertex 12.5 -30 4.3
    endloop
  endfacet
  facet normal 0 0.130533 0.991444
    outer loop
      vertex 12.5 -30.44 4.35793
      vertex 0 -30 4.3
      vertex 0 -30.44 4.35793
    endloop
  endfacet
  facet normal 0 0.923825 -0.382815
    outer loop
      vertex 12.5 -31.6421 6.43999
      vertex 0 -31.4722 6.85
      vertex 12.5 -31.4722 6.85
    endloop
  endfacet
  facet normal 0 0.923825 -0.382815
    outer loop
      vertex 0 -31.4722 6.85
      vertex 12.5 -31.6421 6.43999
      vertex 0 -31.6421 6.43999
    endloop
  endfacet
  facet normal 0 0.923825 0.382815
    outer loop
      vertex 12.5 -31.4722 5.15
      vertex 0 -31.6421 5.56001
      vertex 12.5 -31.6421 5.56001
    endloop
  endfacet
  facet normal 0 0.923825 0.382815
    outer loop
      vertex 0 -31.6421 5.56001
      vertex 12.5 -31.4722 5.15
      vertex 0 -31.4722 5.15
    endloop
  endfacet
  facet normal 0 0.608739 -0.793371
    outer loop
      vertex 0 -31.2021 7.20208
      vertex 12.5 -30.85 7.47224
      vertex 12.5 -31.2021 7.20208
    endloop
  endfacet
  facet normal 0 0.608739 -0.793371
    outer loop
      vertex 12.5 -30.85 7.47224
      vertex 0 -31.2021 7.20208
      vertex 0 -30.85 7.47224
    endloop
  endfacet
  facet normal 0 0.793419 0.608676
    outer loop
      vertex 12.5 -31.2021 4.79792
      vertex 0 -31.4722 5.15
      vertex 12.5 -31.4722 5.15
    endloop
  endfacet
  facet normal 0 0.793419 0.608676
    outer loop
      vertex 0 -31.4722 5.15
      vertex 12.5 -31.2021 4.79792
      vertex 0 -31.2021 4.79792
    endloop
  endfacet
  facet normal 0 0.382688 -0.923878
    outer loop
      vertex 0 -30.85 7.47224
      vertex 12.5 -30.44 7.64207
      vertex 12.5 -30.85 7.47224
    endloop
  endfacet
  facet normal 0 0.382688 -0.923878
    outer loop
      vertex 12.5 -30.44 7.64207
      vertex 0 -30.85 7.47224
      vertex 0 -30.44 7.64207
    endloop
  endfacet
  facet normal 0 0.991452 0.130469
    outer loop
      vertex 12.5 -31.6421 5.56001
      vertex 0 -31.7 6
      vertex 12.5 -31.7 6
    endloop
  endfacet
  facet normal 0 0.991452 0.130469
    outer loop
      vertex 0 -31.7 6
      vertex 12.5 -31.6421 5.56001
      vertex 0 -31.6421 5.56001
    endloop
  endfacet
  facet normal 0 -0.793419 -0.608676
    outer loop
      vertex 0 -28.5278 6.85
      vertex 12.5 -28.7979 7.20208
      vertex 0 -28.7979 7.20208
    endloop
  endfacet
  facet normal 0 -0.793419 -0.608676
    outer loop
      vertex 12.5 -28.7979 7.20208
      vertex 0 -28.5278 6.85
      vertex 12.5 -28.5278 6.85
    endloop
  endfacet
  facet normal 0 -0.608739 -0.793371
    outer loop
      vertex 0 -29.15 7.47224
      vertex 12.5 -28.7979 7.20208
      vertex 12.5 -29.15 7.47224
    endloop
  endfacet
  facet normal -0 -0.608739 -0.793371
    outer loop
      vertex 12.5 -28.7979 7.20208
      vertex 0 -29.15 7.47224
      vertex 0 -28.7979 7.20208
    endloop
  endfacet
  facet normal 0 0.793419 -0.608676
    outer loop
      vertex 12.5 -31.4722 6.85
      vertex 0 -31.2021 7.20208
      vertex 12.5 -31.2021 7.20208
    endloop
  endfacet
  facet normal 0 0.793419 -0.608676
    outer loop
      vertex 0 -31.2021 7.20208
      vertex 12.5 -31.4722 6.85
      vertex 0 -31.4722 6.85
    endloop
  endfacet
  facet normal 0 -0.382688 0.923878
    outer loop
      vertex 0 -39.15 4.52776
      vertex 12.5 -39.56 4.35793
      vertex 12.5 -39.15 4.52776
    endloop
  endfacet
  facet normal 0 -0.382688 0.923878
    outer loop
      vertex 12.5 -39.56 4.35793
      vertex 0 -39.15 4.52776
      vertex 0 -39.56 4.35793
    endloop
  endfacet
  facet normal 0 -0.608739 0.793371
    outer loop
      vertex 0 -38.7979 4.79792
      vertex 12.5 -39.15 4.52776
      vertex 12.5 -38.7979 4.79792
    endloop
  endfacet
  facet normal 0 -0.608739 0.793371
    outer loop
      vertex 12.5 -39.15 4.52776
      vertex 0 -38.7979 4.79792
      vertex 0 -39.15 4.52776
    endloop
  endfacet
  facet normal -0 0.608739 0.793371
    outer loop
      vertex 0 -40.85 4.52776
      vertex 12.5 -41.2021 4.79792
      vertex 12.5 -40.85 4.52776
    endloop
  endfacet
  facet normal 0 0.608739 0.793371
    outer loop
      vertex 12.5 -41.2021 4.79792
      vertex 0 -40.85 4.52776
      vertex 0 -41.2021 4.79792
    endloop
  endfacet
  facet normal 0 -0.382688 -0.923878
    outer loop
      vertex 0 -39.56 7.64207
      vertex 12.5 -39.15 7.47224
      vertex 12.5 -39.56 7.64207
    endloop
  endfacet
  facet normal -0 -0.382688 -0.923878
    outer loop
      vertex 12.5 -39.15 7.47224
      vertex 0 -39.56 7.64207
      vertex 0 -39.15 7.47224
    endloop
  endfacet
  facet normal 0 -0.130533 -0.991444
    outer loop
      vertex 0 -40 7.7
      vertex 12.5 -39.56 7.64207
      vertex 12.5 -40 7.7
    endloop
  endfacet
  facet normal -0 -0.130533 -0.991444
    outer loop
      vertex 12.5 -39.56 7.64207
      vertex 0 -40 7.7
      vertex 0 -39.56 7.64207
    endloop
  endfacet
  facet normal 0 -0.793419 0.608676
    outer loop
      vertex 0 -38.7979 4.79792
      vertex 12.5 -38.5278 5.15
      vertex 0 -38.5278 5.15
    endloop
  endfacet
  facet normal 0 -0.793419 0.608676
    outer loop
      vertex 12.5 -38.5278 5.15
      vertex 0 -38.7979 4.79792
      vertex 12.5 -38.7979 4.79792
    endloop
  endfacet
  facet normal 0 -0.130533 0.991444
    outer loop
      vertex 0 -39.56 4.35793
      vertex 12.5 -40 4.3
      vertex 12.5 -39.56 4.35793
    endloop
  endfacet
  facet normal 0 -0.130533 0.991444
    outer loop
      vertex 12.5 -40 4.3
      vertex 0 -39.56 4.35793
      vertex 0 -40 4.3
    endloop
  endfacet
  facet normal 0 0.130533 -0.991444
    outer loop
      vertex 0 -40.44 7.64207
      vertex 12.5 -40 7.7
      vertex 12.5 -40.44 7.64207
    endloop
  endfacet
  facet normal 0 0.130533 -0.991444
    outer loop
      vertex 12.5 -40 7.7
      vertex 0 -40.44 7.64207
      vertex 0 -40 7.7
    endloop
  endfacet
  facet normal 0 -0.923825 -0.382815
    outer loop
      vertex 0 -38.3579 6.43999
      vertex 12.5 -38.5278 6.85
      vertex 0 -38.5278 6.85
    endloop
  endfacet
  facet normal 0 -0.923825 -0.382815
    outer loop
      vertex 12.5 -38.5278 6.85
      vertex 0 -38.3579 6.43999
      vertex 12.5 -38.3579 6.43999
    endloop
  endfacet
  facet normal 0 -0.991452 0.130469
    outer loop
      vertex 0 -38.3579 5.56001
      vertex 12.5 -38.3 6
      vertex 0 -38.3 6
    endloop
  endfacet
  facet normal 0 -0.991452 0.130469
    outer loop
      vertex 12.5 -38.3 6
      vertex 0 -38.3579 5.56001
      vertex 12.5 -38.3579 5.56001
    endloop
  endfacet
  facet normal 0 0.991452 -0.130469
    outer loop
      vertex 12.5 -41.7 6
      vertex 0 -41.6421 6.43999
      vertex 12.5 -41.6421 6.43999
    endloop
  endfacet
  facet normal 0 0.991452 -0.130469
    outer loop
      vertex 0 -41.6421 6.43999
      vertex 12.5 -41.7 6
      vertex 0 -41.7 6
    endloop
  endfacet
  facet normal -0 0.382688 0.923878
    outer loop
      vertex 0 -40.44 4.35793
      vertex 12.5 -40.85 4.52776
      vertex 12.5 -40.44 4.35793
    endloop
  endfacet
  facet normal 0 0.382688 0.923878
    outer loop
      vertex 12.5 -40.85 4.52776
      vertex 0 -40.44 4.35793
      vertex 0 -40.85 4.52776
    endloop
  endfacet
  facet normal 0 -0.923825 0.382815
    outer loop
      vertex 0 -38.5278 5.15
      vertex 12.5 -38.3579 5.56001
      vertex 0 -38.3579 5.56001
    endloop
  endfacet
  facet normal 0 -0.923825 0.382815
    outer loop
      vertex 12.5 -38.3579 5.56001
      vertex 0 -38.5278 5.15
      vertex 12.5 -38.5278 5.15
    endloop
  endfacet
  facet normal -0 0.130533 0.991444
    outer loop
      vertex 0 -40 4.3
      vertex 12.5 -40.44 4.35793
      vertex 12.5 -40 4.3
    endloop
  endfacet
  facet normal 0 0.130533 0.991444
    outer loop
      vertex 12.5 -40.44 4.35793
      vertex 0 -40 4.3
      vertex 0 -40.44 4.35793
    endloop
  endfacet
  facet normal 0 0.923825 -0.382815
    outer loop
      vertex 12.5 -41.6421 6.43999
      vertex 0 -41.4722 6.85
      vertex 12.5 -41.4722 6.85
    endloop
  endfacet
  facet normal 0 0.923825 -0.382815
    outer loop
      vertex 0 -41.4722 6.85
      vertex 12.5 -41.6421 6.43999
      vertex 0 -41.6421 6.43999
    endloop
  endfacet
  facet normal 0 -0.991452 -0.130469
    outer loop
      vertex 0 -38.3 6
      vertex 12.5 -38.3579 6.43999
      vertex 0 -38.3579 6.43999
    endloop
  endfacet
  facet normal 0 -0.991452 -0.130469
    outer loop
      vertex 12.5 -38.3579 6.43999
      vertex 0 -38.3 6
      vertex 12.5 -38.3 6
    endloop
  endfacet
  facet normal 0 0.923825 0.382815
    outer loop
      vertex 12.5 -41.4722 5.15
      vertex 0 -41.6421 5.56001
      vertex 12.5 -41.6421 5.56001
    endloop
  endfacet
  facet normal 0 0.923825 0.382815
    outer loop
      vertex 0 -41.6421 5.56001
      vertex 12.5 -41.4722 5.15
      vertex 0 -41.4722 5.15
    endloop
  endfacet
  facet normal 0 0.608739 -0.793371
    outer loop
      vertex 0 -41.2021 7.20208
      vertex 12.5 -40.85 7.47224
      vertex 12.5 -41.2021 7.20208
    endloop
  endfacet
  facet normal 0 0.608739 -0.793371
    outer loop
      vertex 12.5 -40.85 7.47224
      vertex 0 -41.2021 7.20208
      vertex 0 -40.85 7.47224
    endloop
  endfacet
  facet normal 0 0.793419 0.608676
    outer loop
      vertex 12.5 -41.2021 4.79792
      vertex 0 -41.4722 5.15
      vertex 12.5 -41.4722 5.15
    endloop
  endfacet
  facet normal 0 0.793419 0.608676
    outer loop
      vertex 0 -41.4722 5.15
      vertex 12.5 -41.2021 4.79792
      vertex 0 -41.2021 4.79792
    endloop
  endfacet
  facet normal 0 0.382688 -0.923878
    outer loop
      vertex 0 -40.85 7.47224
      vertex 12.5 -40.44 7.64207
      vertex 12.5 -40.85 7.47224
    endloop
  endfacet
  facet normal 0 0.382688 -0.923878
    outer loop
      vertex 12.5 -40.44 7.64207
      vertex 0 -40.85 7.47224
      vertex 0 -40.44 7.64207
    endloop
  endfacet
  facet normal 0 0.991452 0.130469
    outer loop
      vertex 12.5 -41.6421 5.56001
      vertex 0 -41.7 6
      vertex 12.5 -41.7 6
    endloop
  endfacet
  facet normal 0 0.991452 0.130469
    outer loop
      vertex 0 -41.7 6
      vertex 12.5 -41.6421 5.56001
      vertex 0 -41.6421 5.56001
    endloop
  endfacet
  facet normal 0 -0.793419 -0.608676
    outer loop
      vertex 0 -38.5278 6.85
      vertex 12.5 -38.7979 7.20208
      vertex 0 -38.7979 7.20208
    endloop
  endfacet
  facet normal 0 -0.793419 -0.608676
    outer loop
      vertex 12.5 -38.7979 7.20208
      vertex 0 -38.5278 6.85
      vertex 12.5 -38.5278 6.85
    endloop
  endfacet
  facet normal 0 -0.608739 -0.793371
    outer loop
      vertex 0 -39.15 7.47224
      vertex 12.5 -38.7979 7.20208
      vertex 12.5 -39.15 7.47224
    endloop
  endfacet
  facet normal -0 -0.608739 -0.793371
    outer loop
      vertex 12.5 -38.7979 7.20208
      vertex 0 -39.15 7.47224
      vertex 0 -38.7979 7.20208
    endloop
  endfacet
  facet normal 0 0.793419 -0.608676
    outer loop
      vertex 12.5 -41.4722 6.85
      vertex 0 -41.2021 7.20208
      vertex 12.5 -41.2021 7.20208
    endloop
  endfacet
  facet normal 0 0.793419 -0.608676
    outer loop
      vertex 0 -41.2021 7.20208
      vertex 12.5 -41.4722 6.85
      vertex 0 -41.4722 6.85
    endloop
  endfacet
  facet normal 0 -0.382688 0.923878
    outer loop
      vertex 0 -49.15 4.52776
      vertex 12.5 -49.56 4.35793
      vertex 12.5 -49.15 4.52776
    endloop
  endfacet
  facet normal 0 -0.382688 0.923878
    outer loop
      vertex 12.5 -49.56 4.35793
      vertex 0 -49.15 4.52776
      vertex 0 -49.56 4.35793
    endloop
  endfacet
  facet normal 0 -0.608739 0.793371
    outer loop
      vertex 0 -48.7979 4.79792
      vertex 12.5 -49.15 4.52776
      vertex 12.5 -48.7979 4.79792
    endloop
  endfacet
  facet normal 0 -0.608739 0.793371
    outer loop
      vertex 12.5 -49.15 4.52776
      vertex 0 -48.7979 4.79792
      vertex 0 -49.15 4.52776
    endloop
  endfacet
  facet normal -0 0.608739 0.793371
    outer loop
      vertex 0 -50.85 4.52776
      vertex 12.5 -51.2021 4.79792
      vertex 12.5 -50.85 4.52776
    endloop
  endfacet
  facet normal 0 0.608739 0.793371
    outer loop
      vertex 12.5 -51.2021 4.79792
      vertex 0 -50.85 4.52776
      vertex 0 -51.2021 4.79792
    endloop
  endfacet
  facet normal 0 -0.382688 -0.923878
    outer loop
      vertex 0 -49.56 7.64207
      vertex 12.5 -49.15 7.47224
      vertex 12.5 -49.56 7.64207
    endloop
  endfacet
  facet normal -0 -0.382688 -0.923878
    outer loop
      vertex 12.5 -49.15 7.47224
      vertex 0 -49.56 7.64207
      vertex 0 -49.15 7.47224
    endloop
  endfacet
  facet normal 0 -0.130533 -0.991444
    outer loop
      vertex 0 -50 7.7
      vertex 12.5 -49.56 7.64207
      vertex 12.5 -50 7.7
    endloop
  endfacet
  facet normal -0 -0.130533 -0.991444
    outer loop
      vertex 12.5 -49.56 7.64207
      vertex 0 -50 7.7
      vertex 0 -49.56 7.64207
    endloop
  endfacet
  facet normal 0 -0.793419 0.608676
    outer loop
      vertex 0 -48.7979 4.79792
      vertex 12.5 -48.5278 5.15
      vertex 0 -48.5278 5.15
    endloop
  endfacet
  facet normal 0 -0.793419 0.608676
    outer loop
      vertex 12.5 -48.5278 5.15
      vertex 0 -48.7979 4.79792
      vertex 12.5 -48.7979 4.79792
    endloop
  endfacet
  facet normal 0 -0.130533 0.991444
    outer loop
      vertex 0 -49.56 4.35793
      vertex 12.5 -50 4.3
      vertex 12.5 -49.56 4.35793
    endloop
  endfacet
  facet normal 0 -0.130533 0.991444
    outer loop
      vertex 12.5 -50 4.3
      vertex 0 -49.56 4.35793
      vertex 0 -50 4.3
    endloop
  endfacet
  facet normal 0 0.130533 -0.991444
    outer loop
      vertex 0 -50.44 7.64207
      vertex 12.5 -50 7.7
      vertex 12.5 -50.44 7.64207
    endloop
  endfacet
  facet normal 0 0.130533 -0.991444
    outer loop
      vertex 12.5 -50 7.7
      vertex 0 -50.44 7.64207
      vertex 0 -50 7.7
    endloop
  endfacet
  facet normal 0 -0.923825 -0.382815
    outer loop
      vertex 0 -48.3579 6.43999
      vertex 12.5 -48.5278 6.85
      vertex 0 -48.5278 6.85
    endloop
  endfacet
  facet normal 0 -0.923825 -0.382815
    outer loop
      vertex 12.5 -48.5278 6.85
      vertex 0 -48.3579 6.43999
      vertex 12.5 -48.3579 6.43999
    endloop
  endfacet
  facet normal 0 -0.991452 0.130469
    outer loop
      vertex 0 -48.3579 5.56001
      vertex 12.5 -48.3 6
      vertex 0 -48.3 6
    endloop
  endfacet
  facet normal 0 -0.991452 0.130469
    outer loop
      vertex 12.5 -48.3 6
      vertex 0 -48.3579 5.56001
      vertex 12.5 -48.3579 5.56001
    endloop
  endfacet
  facet normal 0 0.991452 -0.130469
    outer loop
      vertex 12.5 -51.7 6
      vertex 0 -51.6421 6.43999
      vertex 12.5 -51.6421 6.43999
    endloop
  endfacet
  facet normal 0 0.991452 -0.130469
    outer loop
      vertex 0 -51.6421 6.43999
      vertex 12.5 -51.7 6
      vertex 0 -51.7 6
    endloop
  endfacet
  facet normal -0 0.382688 0.923878
    outer loop
      vertex 0 -50.44 4.35793
      vertex 12.5 -50.85 4.52776
      vertex 12.5 -50.44 4.35793
    endloop
  endfacet
  facet normal 0 0.382688 0.923878
    outer loop
      vertex 12.5 -50.85 4.52776
      vertex 0 -50.44 4.35793
      vertex 0 -50.85 4.52776
    endloop
  endfacet
  facet normal 0 -0.923825 0.382815
    outer loop
      vertex 0 -48.5278 5.15
      vertex 12.5 -48.3579 5.56001
      vertex 0 -48.3579 5.56001
    endloop
  endfacet
  facet normal 0 -0.923825 0.382815
    outer loop
      vertex 12.5 -48.3579 5.56001
      vertex 0 -48.5278 5.15
      vertex 12.5 -48.5278 5.15
    endloop
  endfacet
  facet normal 0 -0.991452 -0.130469
    outer loop
      vertex 0 -48.3 6
      vertex 12.5 -48.3579 6.43999
      vertex 0 -48.3579 6.43999
    endloop
  endfacet
  facet normal 0 -0.991452 -0.130469
    outer loop
      vertex 12.5 -48.3579 6.43999
      vertex 0 -48.3 6
      vertex 12.5 -48.3 6
    endloop
  endfacet
  facet normal -0 0.130533 0.991444
    outer loop
      vertex 0 -50 4.3
      vertex 12.5 -50.44 4.35793
      vertex 12.5 -50 4.3
    endloop
  endfacet
  facet normal 0 0.130533 0.991444
    outer loop
      vertex 12.5 -50.44 4.35793
      vertex 0 -50 4.3
      vertex 0 -50.44 4.35793
    endloop
  endfacet
  facet normal 0 0.923825 -0.382815
    outer loop
      vertex 12.5 -51.6421 6.43999
      vertex 0 -51.4722 6.85
      vertex 12.5 -51.4722 6.85
    endloop
  endfacet
  facet normal 0 0.923825 -0.382815
    outer loop
      vertex 0 -51.4722 6.85
      vertex 12.5 -51.6421 6.43999
      vertex 0 -51.6421 6.43999
    endloop
  endfacet
  facet normal 0 0.923825 0.382815
    outer loop
      vertex 12.5 -51.4722 5.15
      vertex 0 -51.6421 5.56001
      vertex 12.5 -51.6421 5.56001
    endloop
  endfacet
  facet normal 0 0.923825 0.382815
    outer loop
      vertex 0 -51.6421 5.56001
      vertex 12.5 -51.4722 5.15
      vertex 0 -51.4722 5.15
    endloop
  endfacet
  facet normal 0 0.608739 -0.793371
    outer loop
      vertex 0 -51.2021 7.20208
      vertex 12.5 -50.85 7.47224
      vertex 12.5 -51.2021 7.20208
    endloop
  endfacet
  facet normal 0 0.608739 -0.793371
    outer loop
      vertex 12.5 -50.85 7.47224
      vertex 0 -51.2021 7.20208
      vertex 0 -50.85 7.47224
    endloop
  endfacet
  facet normal 0 0.793419 0.608676
    outer loop
      vertex 12.5 -51.2021 4.79792
      vertex 0 -51.4722 5.15
      vertex 12.5 -51.4722 5.15
    endloop
  endfacet
  facet normal 0 0.793419 0.608676
    outer loop
      vertex 0 -51.4722 5.15
      vertex 12.5 -51.2021 4.79792
      vertex 0 -51.2021 4.79792
    endloop
  endfacet
  facet normal 0 0.382688 -0.923878
    outer loop
      vertex 0 -50.85 7.47224
      vertex 12.5 -50.44 7.64207
      vertex 12.5 -50.85 7.47224
    endloop
  endfacet
  facet normal 0 0.382688 -0.923878
    outer loop
      vertex 12.5 -50.44 7.64207
      vertex 0 -50.85 7.47224
      vertex 0 -50.44 7.64207
    endloop
  endfacet
  facet normal 0 0.991452 0.130469
    outer loop
      vertex 12.5 -51.6421 5.56001
      vertex 0 -51.7 6
      vertex 12.5 -51.7 6
    endloop
  endfacet
  facet normal 0 0.991452 0.130469
    outer loop
      vertex 0 -51.7 6
      vertex 12.5 -51.6421 5.56001
      vertex 0 -51.6421 5.56001
    endloop
  endfacet
  facet normal 0 -0.793419 -0.608676
    outer loop
      vertex 0 -48.5278 6.85
      vertex 12.5 -48.7979 7.20208
      vertex 0 -48.7979 7.20208
    endloop
  endfacet
  facet normal 0 -0.793419 -0.608676
    outer loop
      vertex 12.5 -48.7979 7.20208
      vertex 0 -48.5278 6.85
      vertex 12.5 -48.5278 6.85
    endloop
  endfacet
  facet normal 0 -0.608739 -0.793371
    outer loop
      vertex 0 -49.15 7.47224
      vertex 12.5 -48.7979 7.20208
      vertex 12.5 -49.15 7.47224
    endloop
  endfacet
  facet normal -0 -0.608739 -0.793371
    outer loop
      vertex 12.5 -48.7979 7.20208
      vertex 0 -49.15 7.47224
      vertex 0 -48.7979 7.20208
    endloop
  endfacet
  facet normal 0 0.793419 -0.608676
    outer loop
      vertex 12.5 -51.4722 6.85
      vertex 0 -51.2021 7.20208
      vertex 12.5 -51.2021 7.20208
    endloop
  endfacet
  facet normal 0 0.793419 -0.608676
    outer loop
      vertex 0 -51.2021 7.20208
      vertex 12.5 -51.4722 6.85
      vertex 0 -51.4722 6.85
    endloop
  endfacet
  facet normal 0 -0.608739 0.793371
    outer loop
      vertex 0 -58.7979 4.79792
      vertex 12.5 -59.15 4.52776
      vertex 12.5 -58.7979 4.79792
    endloop
  endfacet
  facet normal 0 -0.608739 0.793371
    outer loop
      vertex 12.5 -59.15 4.52776
      vertex 0 -58.7979 4.79792
      vertex 0 -59.15 4.52776
    endloop
  endfacet
  facet normal -0 0.608739 0.793371
    outer loop
      vertex 0 -60.85 4.52776
      vertex 12.5 -61.2021 4.79792
      vertex 12.5 -60.85 4.52776
    endloop
  endfacet
  facet normal 0 0.608739 0.793371
    outer loop
      vertex 12.5 -61.2021 4.79792
      vertex 0 -60.85 4.52776
      vertex 0 -61.2021 4.79792
    endloop
  endfacet
  facet normal 0 -0.382688 -0.923878
    outer loop
      vertex 0 -59.56 7.64207
      vertex 12.5 -59.15 7.47224
      vertex 12.5 -59.56 7.64207
    endloop
  endfacet
  facet normal -0 -0.382688 -0.923878
    outer loop
      vertex 12.5 -59.15 7.47224
      vertex 0 -59.56 7.64207
      vertex 0 -59.15 7.47224
    endloop
  endfacet
  facet normal 0 -0.130533 -0.991444
    outer loop
      vertex 0 -60 7.7
      vertex 12.5 -59.56 7.64207
      vertex 12.5 -60 7.7
    endloop
  endfacet
  facet normal -0 -0.130533 -0.991444
    outer loop
      vertex 12.5 -59.56 7.64207
      vertex 0 -60 7.7
      vertex 0 -59.56 7.64207
    endloop
  endfacet
  facet normal 0 -0.793419 0.608676
    outer loop
      vertex 0 -58.7979 4.79792
      vertex 12.5 -58.5278 5.15
      vertex 0 -58.5278 5.15
    endloop
  endfacet
  facet normal 0 -0.793419 0.608676
    outer loop
      vertex 12.5 -58.5278 5.15
      vertex 0 -58.7979 4.79792
      vertex 12.5 -58.7979 4.79792
    endloop
  endfacet
  facet normal 0 -0.130533 0.991444
    outer loop
      vertex 0 -59.56 4.35793
      vertex 12.5 -60 4.3
      vertex 12.5 -59.56 4.35793
    endloop
  endfacet
  facet normal 0 -0.130533 0.991444
    outer loop
      vertex 12.5 -60 4.3
      vertex 0 -59.56 4.35793
      vertex 0 -60 4.3
    endloop
  endfacet
  facet normal 0 0.130533 -0.991444
    outer loop
      vertex 0 -60.44 7.64207
      vertex 12.5 -60 7.7
      vertex 12.5 -60.44 7.64207
    endloop
  endfacet
  facet normal 0 0.130533 -0.991444
    outer loop
      vertex 12.5 -60 7.7
      vertex 0 -60.44 7.64207
      vertex 0 -60 7.7
    endloop
  endfacet
  facet normal 0 -0.923825 -0.382815
    outer loop
      vertex 0 -58.3579 6.43999
      vertex 12.5 -58.5278 6.85
      vertex 0 -58.5278 6.85
    endloop
  endfacet
  facet normal 0 -0.923825 -0.382815
    outer loop
      vertex 12.5 -58.5278 6.85
      vertex 0 -58.3579 6.43999
      vertex 12.5 -58.3579 6.43999
    endloop
  endfacet
  facet normal 0 -0.991452 0.130469
    outer loop
      vertex 0 -58.3579 5.56001
      vertex 12.5 -58.3 6
      vertex 0 -58.3 6
    endloop
  endfacet
  facet normal 0 -0.991452 0.130469
    outer loop
      vertex 12.5 -58.3 6
      vertex 0 -58.3579 5.56001
      vertex 12.5 -58.3579 5.56001
    endloop
  endfacet
  facet normal 0 0.991452 -0.130469
    outer loop
      vertex 12.5 -61.7 6
      vertex 0 -61.6421 6.43999
      vertex 12.5 -61.6421 6.43999
    endloop
  endfacet
  facet normal 0 0.991452 -0.130469
    outer loop
      vertex 0 -61.6421 6.43999
      vertex 12.5 -61.7 6
      vertex 0 -61.7 6
    endloop
  endfacet
  facet normal -0 0.382688 0.923878
    outer loop
      vertex 0 -60.44 4.35793
      vertex 12.5 -60.85 4.52776
      vertex 12.5 -60.44 4.35793
    endloop
  endfacet
  facet normal 0 0.382688 0.923878
    outer loop
      vertex 12.5 -60.85 4.52776
      vertex 0 -60.44 4.35793
      vertex 0 -60.85 4.52776
    endloop
  endfacet
  facet normal 0 -0.923825 0.382815
    outer loop
      vertex 0 -58.5278 5.15
      vertex 12.5 -58.3579 5.56001
      vertex 0 -58.3579 5.56001
    endloop
  endfacet
  facet normal 0 -0.923825 0.382815
    outer loop
      vertex 12.5 -58.3579 5.56001
      vertex 0 -58.5278 5.15
      vertex 12.5 -58.5278 5.15
    endloop
  endfacet
  facet normal 0 -0.991452 -0.130469
    outer loop
      vertex 0 -58.3 6
      vertex 12.5 -58.3579 6.43999
      vertex 0 -58.3579 6.43999
    endloop
  endfacet
  facet normal 0 -0.991452 -0.130469
    outer loop
      vertex 12.5 -58.3579 6.43999
      vertex 0 -58.3 6
      vertex 12.5 -58.3 6
    endloop
  endfacet
  facet normal -0 0.130533 0.991444
    outer loop
      vertex 0 -60 4.3
      vertex 12.5 -60.44 4.35793
      vertex 12.5 -60 4.3
    endloop
  endfacet
  facet normal 0 0.130533 0.991444
    outer loop
      vertex 12.5 -60.44 4.35793
      vertex 0 -60 4.3
      vertex 0 -60.44 4.35793
    endloop
  endfacet
  facet normal 0 0.923825 -0.382815
    outer loop
      vertex 12.5 -61.6421 6.43999
      vertex 0 -61.4722 6.85
      vertex 12.5 -61.4722 6.85
    endloop
  endfacet
  facet normal 0 0.923825 -0.382815
    outer loop
      vertex 0 -61.4722 6.85
      vertex 12.5 -61.6421 6.43999
      vertex 0 -61.6421 6.43999
    endloop
  endfacet
  facet normal 0 0.923825 0.382815
    outer loop
      vertex 12.5 -61.4722 5.15
      vertex 0 -61.6421 5.56001
      vertex 12.5 -61.6421 5.56001
    endloop
  endfacet
  facet normal 0 0.923825 0.382815
    outer loop
      vertex 0 -61.6421 5.56001
      vertex 12.5 -61.4722 5.15
      vertex 0 -61.4722 5.15
    endloop
  endfacet
  facet normal 0 -0.382688 0.923878
    outer loop
      vertex 0 -59.15 4.52776
      vertex 12.5 -59.56 4.35793
      vertex 12.5 -59.15 4.52776
    endloop
  endfacet
  facet normal 0 -0.382688 0.923878
    outer loop
      vertex 12.5 -59.56 4.35793
      vertex 0 -59.15 4.52776
      vertex 0 -59.56 4.35793
    endloop
  endfacet
  facet normal 0 0.608739 -0.793371
    outer loop
      vertex 0 -61.2021 7.20208
      vertex 12.5 -60.85 7.47224
      vertex 12.5 -61.2021 7.20208
    endloop
  endfacet
  facet normal 0 0.608739 -0.793371
    outer loop
      vertex 12.5 -60.85 7.47224
      vertex 0 -61.2021 7.20208
      vertex 0 -60.85 7.47224
    endloop
  endfacet
  facet normal 0 0.793419 0.608676
    outer loop
      vertex 12.5 -61.2021 4.79792
      vertex 0 -61.4722 5.15
      vertex 12.5 -61.4722 5.15
    endloop
  endfacet
  facet normal 0 0.793419 0.608676
    outer loop
      vertex 0 -61.4722 5.15
      vertex 12.5 -61.2021 4.79792
      vertex 0 -61.2021 4.79792
    endloop
  endfacet
  facet normal 0 0.382688 -0.923878
    outer loop
      vertex 0 -60.85 7.47224
      vertex 12.5 -60.44 7.64207
      vertex 12.5 -60.85 7.47224
    endloop
  endfacet
  facet normal 0 0.382688 -0.923878
    outer loop
      vertex 12.5 -60.44 7.64207
      vertex 0 -60.85 7.47224
      vertex 0 -60.44 7.64207
    endloop
  endfacet
  facet normal 0 0.991452 0.130469
    outer loop
      vertex 12.5 -61.6421 5.56001
      vertex 0 -61.7 6
      vertex 12.5 -61.7 6
    endloop
  endfacet
  facet normal 0 0.991452 0.130469
    outer loop
      vertex 0 -61.7 6
      vertex 12.5 -61.6421 5.56001
      vertex 0 -61.6421 5.56001
    endloop
  endfacet
  facet normal 0 -0.793419 -0.608676
    outer loop
      vertex 0 -58.5278 6.85
      vertex 12.5 -58.7979 7.20208
      vertex 0 -58.7979 7.20208
    endloop
  endfacet
  facet normal 0 -0.793419 -0.608676
    outer loop
      vertex 12.5 -58.7979 7.20208
      vertex 0 -58.5278 6.85
      vertex 12.5 -58.5278 6.85
    endloop
  endfacet
  facet normal 0 -0.608739 -0.793371
    outer loop
      vertex 0 -59.15 7.47224
      vertex 12.5 -58.7979 7.20208
      vertex 12.5 -59.15 7.47224
    endloop
  endfacet
  facet normal -0 -0.608739 -0.793371
    outer loop
      vertex 12.5 -58.7979 7.20208
      vertex 0 -59.15 7.47224
      vertex 0 -58.7979 7.20208
    endloop
  endfacet
  facet normal 0 0.793419 -0.608676
    outer loop
      vertex 12.5 -61.4722 6.85
      vertex 0 -61.2021 7.20208
      vertex 12.5 -61.2021 7.20208
    endloop
  endfacet
  facet normal 0 0.793419 -0.608676
    outer loop
      vertex 0 -61.2021 7.20208
      vertex 12.5 -61.4722 6.85
      vertex 0 -61.4722 6.85
    endloop
  endfacet
  facet normal 0 -0.382688 0.923878
    outer loop
      vertex 0 -69.15 4.52776
      vertex 12.5 -69.56 4.35793
      vertex 12.5 -69.15 4.52776
    endloop
  endfacet
  facet normal 0 -0.382688 0.923878
    outer loop
      vertex 12.5 -69.56 4.35793
      vertex 0 -69.15 4.52776
      vertex 0 -69.56 4.35793
    endloop
  endfacet
  facet normal 0 -0.608739 0.793371
    outer loop
      vertex 0 -68.7979 4.79792
      vertex 12.5 -69.15 4.52776
      vertex 12.5 -68.7979 4.79792
    endloop
  endfacet
  facet normal 0 -0.608739 0.793371
    outer loop
      vertex 12.5 -69.15 4.52776
      vertex 0 -68.7979 4.79792
      vertex 0 -69.15 4.52776
    endloop
  endfacet
  facet normal -0 0.608739 0.793371
    outer loop
      vertex -12.5 -70.85 4.52776
      vertex 12.5 -71.2021 4.79792
      vertex 12.5 -70.85 4.52776
    endloop
  endfacet
  facet normal 0 0.608739 0.793371
    outer loop
      vertex 12.5 -71.2021 4.79792
      vertex -12.5 -70.85 4.52776
      vertex -12.5 -71.2021 4.79792
    endloop
  endfacet
  facet normal 0 -0.382688 -0.923878
    outer loop
      vertex 0 -69.56 7.64207
      vertex 12.5 -69.15 7.47224
      vertex 12.5 -69.56 7.64207
    endloop
  endfacet
  facet normal -0 -0.382688 -0.923878
    outer loop
      vertex 12.5 -69.15 7.47224
      vertex 0 -69.56 7.64207
      vertex 0 -69.15 7.47224
    endloop
  endfacet
  facet normal 0 -0.130533 -0.991444
    outer loop
      vertex 0 -70 7.7
      vertex 12.5 -69.56 7.64207
      vertex 12.5 -70 7.7
    endloop
  endfacet
  facet normal -0 -0.130533 -0.991444
    outer loop
      vertex 12.5 -69.56 7.64207
      vertex 0 -70 7.7
      vertex 0 -69.56 7.64207
    endloop
  endfacet
  facet normal 0 -0.793419 0.608676
    outer loop
      vertex 0 -68.7979 4.79792
      vertex 12.5 -68.5278 5.15
      vertex 0 -68.5278 5.15
    endloop
  endfacet
  facet normal 0 -0.793419 0.608676
    outer loop
      vertex 12.5 -68.5278 5.15
      vertex 0 -68.7979 4.79792
      vertex 12.5 -68.7979 4.79792
    endloop
  endfacet
  facet normal 0 -0.130533 0.991444
    outer loop
      vertex 0 -69.56 4.35793
      vertex 12.5 -70 4.3
      vertex 12.5 -69.56 4.35793
    endloop
  endfacet
  facet normal 0 -0.130533 0.991444
    outer loop
      vertex 12.5 -70 4.3
      vertex 0 -69.56 4.35793
      vertex 0 -70 4.3
    endloop
  endfacet
  facet normal 0 0.130533 -0.991444
    outer loop
      vertex 12.5 -70.44 7.64207
      vertex 0 -70 7.7
      vertex 12.5 -70 7.7
    endloop
  endfacet
  facet normal 0 0.130533 -0.991444
    outer loop
      vertex -12.5 -70.44 7.64207
      vertex 0 -70 7.7
      vertex 12.5 -70.44 7.64207
    endloop
  endfacet
  facet normal 0 0.130533 -0.991444
    outer loop
      vertex 0 -70 7.7
      vertex -12.5 -70.44 7.64207
      vertex -12.5 -70 7.7
    endloop
  endfacet
  facet normal 0 -0.923825 -0.382815
    outer loop
      vertex 0 -68.3579 6.43999
      vertex 12.5 -68.5278 6.85
      vertex 0 -68.5278 6.85
    endloop
  endfacet
  facet normal 0 -0.923825 -0.382815
    outer loop
      vertex 12.5 -68.5278 6.85
      vertex 0 -68.3579 6.43999
      vertex 12.5 -68.3579 6.43999
    endloop
  endfacet
  facet normal 0 -0.991452 0.130469
    outer loop
      vertex 0 -68.3579 5.56001
      vertex 12.5 -68.3 6
      vertex 0 -68.3 6
    endloop
  endfacet
  facet normal 0 -0.991452 0.130469
    outer loop
      vertex 12.5 -68.3 6
      vertex 0 -68.3579 5.56001
      vertex 12.5 -68.3579 5.56001
    endloop
  endfacet
  facet normal 0 0.991452 -0.130469
    outer loop
      vertex 12.5 -71.7 6
      vertex -12.5 -71.6421 6.43999
      vertex 12.5 -71.6421 6.43999
    endloop
  endfacet
  facet normal 0 0.991452 -0.130469
    outer loop
      vertex -12.5 -71.6421 6.43999
      vertex 12.5 -71.7 6
      vertex -12.5 -71.7 6
    endloop
  endfacet
  facet normal -0 0.382688 0.923878
    outer loop
      vertex -12.5 -70.44 4.35793
      vertex 12.5 -70.85 4.52776
      vertex 12.5 -70.44 4.35793
    endloop
  endfacet
  facet normal 0 0.382688 0.923878
    outer loop
      vertex 12.5 -70.85 4.52776
      vertex -12.5 -70.44 4.35793
      vertex -12.5 -70.85 4.52776
    endloop
  endfacet
  facet normal 0 -0.923825 0.382815
    outer loop
      vertex 0 -68.5278 5.15
      vertex 12.5 -68.3579 5.56001
      vertex 0 -68.3579 5.56001
    endloop
  endfacet
  facet normal 0 -0.923825 0.382815
    outer loop
      vertex 12.5 -68.3579 5.56001
      vertex 0 -68.5278 5.15
      vertex 12.5 -68.5278 5.15
    endloop
  endfacet
  facet normal 0 -0.991452 -0.130469
    outer loop
      vertex 0 -68.3 6
      vertex 12.5 -68.3579 6.43999
      vertex 0 -68.3579 6.43999
    endloop
  endfacet
  facet normal 0 -0.991452 -0.130469
    outer loop
      vertex 12.5 -68.3579 6.43999
      vertex 0 -68.3 6
      vertex 12.5 -68.3 6
    endloop
  endfacet
  facet normal -0 0.130533 0.991444
    outer loop
      vertex 0 -70 4.3
      vertex 12.5 -70.44 4.35793
      vertex 12.5 -70 4.3
    endloop
  endfacet
  facet normal 0 0.130533 0.991444
    outer loop
      vertex -12.5 -70.44 4.35793
      vertex 0 -70 4.3
      vertex -12.5 -70 4.3
    endloop
  endfacet
  facet normal 0 0.130533 0.991444
    outer loop
      vertex 0 -70 4.3
      vertex -12.5 -70.44 4.35793
      vertex 12.5 -70.44 4.35793
    endloop
  endfacet
  facet normal 0 0.923825 -0.382815
    outer loop
      vertex 12.5 -71.6421 6.43999
      vertex -12.5 -71.4722 6.85
      vertex 12.5 -71.4722 6.85
    endloop
  endfacet
  facet normal 0 0.923825 -0.382815
    outer loop
      vertex -12.5 -71.4722 6.85
      vertex 12.5 -71.6421 6.43999
      vertex -12.5 -71.6421 6.43999
    endloop
  endfacet
  facet normal 0 0.923825 0.382815
    outer loop
      vertex 12.5 -71.4722 5.15
      vertex -12.5 -71.6421 5.56001
      vertex 12.5 -71.6421 5.56001
    endloop
  endfacet
  facet normal 0 0.923825 0.382815
    outer loop
      vertex -12.5 -71.6421 5.56001
      vertex 12.5 -71.4722 5.15
      vertex -12.5 -71.4722 5.15
    endloop
  endfacet
  facet normal 0 0.608739 -0.793371
    outer loop
      vertex -12.5 -71.2021 7.20208
      vertex 12.5 -70.85 7.47224
      vertex 12.5 -71.2021 7.20208
    endloop
  endfacet
  facet normal 0 0.608739 -0.793371
    outer loop
      vertex 12.5 -70.85 7.47224
      vertex -12.5 -71.2021 7.20208
      vertex -12.5 -70.85 7.47224
    endloop
  endfacet
  facet normal 0 0.793419 0.608676
    outer loop
      vertex 12.5 -71.2021 4.79792
      vertex -12.5 -71.4722 5.15
      vertex 12.5 -71.4722 5.15
    endloop
  endfacet
  facet normal 0 0.793419 0.608676
    outer loop
      vertex -12.5 -71.4722 5.15
      vertex 12.5 -71.2021 4.79792
      vertex -12.5 -71.2021 4.79792
    endloop
  endfacet
  facet normal 0 0.382688 -0.923878
    outer loop
      vertex -12.5 -70.85 7.47224
      vertex 12.5 -70.44 7.64207
      vertex 12.5 -70.85 7.47224
    endloop
  endfacet
  facet normal 0 0.382688 -0.923878
    outer loop
      vertex 12.5 -70.44 7.64207
      vertex -12.5 -70.85 7.47224
      vertex -12.5 -70.44 7.64207
    endloop
  endfacet
  facet normal 0 0.991452 0.130469
    outer loop
      vertex 12.5 -71.6421 5.56001
      vertex -12.5 -71.7 6
      vertex 12.5 -71.7 6
    endloop
  endfacet
  facet normal 0 0.991452 0.130469
    outer loop
      vertex -12.5 -71.7 6
      vertex 12.5 -71.6421 5.56001
      vertex -12.5 -71.6421 5.56001
    endloop
  endfacet
  facet normal 0 -0.793419 -0.608676
    outer loop
      vertex 0 -68.5278 6.85
      vertex 12.5 -68.7979 7.20208
      vertex 0 -68.7979 7.20208
    endloop
  endfacet
  facet normal 0 -0.793419 -0.608676
    outer loop
      vertex 12.5 -68.7979 7.20208
      vertex 0 -68.5278 6.85
      vertex 12.5 -68.5278 6.85
    endloop
  endfacet
  facet normal 0 -0.608739 -0.793371
    outer loop
      vertex 0 -69.15 7.47224
      vertex 12.5 -68.7979 7.20208
      vertex 12.5 -69.15 7.47224
    endloop
  endfacet
  facet normal -0 -0.608739 -0.793371
    outer loop
      vertex 12.5 -68.7979 7.20208
      vertex 0 -69.15 7.47224
      vertex 0 -68.7979 7.20208
    endloop
  endfacet
  facet normal 0 0.793419 -0.608676
    outer loop
      vertex 12.5 -71.4722 6.85
      vertex -12.5 -71.2021 7.20208
      vertex 12.5 -71.2021 7.20208
    endloop
  endfacet
  facet normal 0 0.793419 -0.608676
    outer loop
      vertex -12.5 -71.2021 7.20208
      vertex 12.5 -71.4722 6.85
      vertex -12.5 -71.4722 6.85
    endloop
  endfacet
  facet normal 0 -0.382688 0.923878
    outer loop
      vertex -12.5 -79.15 4.52776
      vertex 12.5 -79.56 4.35793
      vertex 12.5 -79.15 4.52776
    endloop
  endfacet
  facet normal 0 -0.382688 0.923878
    outer loop
      vertex 12.5 -79.56 4.35793
      vertex -12.5 -79.15 4.52776
      vertex -12.5 -79.56 4.35793
    endloop
  endfacet
  facet normal 0 -0.608739 0.793371
    outer loop
      vertex -12.5 -78.7979 4.79792
      vertex 12.5 -79.15 4.52776
      vertex 12.5 -78.7979 4.79792
    endloop
  endfacet
  facet normal 0 -0.608739 0.793371
    outer loop
      vertex 12.5 -79.15 4.52776
      vertex -12.5 -78.7979 4.79792
      vertex -12.5 -79.15 4.52776
    endloop
  endfacet
  facet normal -0 0.608739 0.793371
    outer loop
      vertex -12.5 -80.85 4.52776
      vertex 0 -81.2021 4.79792
      vertex 0 -80.85 4.52776
    endloop
  endfacet
  facet normal 0 0.608739 0.793371
    outer loop
      vertex 0 -81.2021 4.79792
      vertex -12.5 -80.85 4.52776
      vertex -12.5 -81.2021 4.79792
    endloop
  endfacet
  facet normal 0 -0.382688 -0.923878
    outer loop
      vertex -12.5 -79.56 7.64207
      vertex 12.5 -79.15 7.47224
      vertex 12.5 -79.56 7.64207
    endloop
  endfacet
  facet normal -0 -0.382688 -0.923878
    outer loop
      vertex 12.5 -79.15 7.47224
      vertex -12.5 -79.56 7.64207
      vertex -12.5 -79.15 7.47224
    endloop
  endfacet
  facet normal 0 -0.130533 -0.991444
    outer loop
      vertex 0 -80 7.7
      vertex 12.5 -79.56 7.64207
      vertex 12.5 -80 7.7
    endloop
  endfacet
  facet normal 0 -0.130533 -0.991444
    outer loop
      vertex -12.5 -79.56 7.64207
      vertex 0 -80 7.7
      vertex -12.5 -80 7.7
    endloop
  endfacet
  facet normal 0 -0.130533 -0.991444
    outer loop
      vertex 0 -80 7.7
      vertex -12.5 -79.56 7.64207
      vertex 12.5 -79.56 7.64207
    endloop
  endfacet
  facet normal 0 -0.793419 0.608676
    outer loop
      vertex -12.5 -78.7979 4.79792
      vertex 12.5 -78.5278 5.15
      vertex -12.5 -78.5278 5.15
    endloop
  endfacet
  facet normal 0 -0.793419 0.608676
    outer loop
      vertex 12.5 -78.5278 5.15
      vertex -12.5 -78.7979 4.79792
      vertex 12.5 -78.7979 4.79792
    endloop
  endfacet
  facet normal 0 -0.130533 0.991444
    outer loop
      vertex 12.5 -79.56 4.35793
      vertex 0 -80 4.3
      vertex 12.5 -80 4.3
    endloop
  endfacet
  facet normal 0 -0.130533 0.991444
    outer loop
      vertex -12.5 -79.56 4.35793
      vertex 0 -80 4.3
      vertex 12.5 -79.56 4.35793
    endloop
  endfacet
  facet normal 0 -0.130533 0.991444
    outer loop
      vertex 0 -80 4.3
      vertex -12.5 -79.56 4.35793
      vertex -12.5 -80 4.3
    endloop
  endfacet
  facet normal 0 0.130533 -0.991444
    outer loop
      vertex -12.5 -80.44 7.64207
      vertex 0 -80 7.7
      vertex 0 -80.44 7.64207
    endloop
  endfacet
  facet normal 0 0.130533 -0.991444
    outer loop
      vertex 0 -80 7.7
      vertex -12.5 -80.44 7.64207
      vertex -12.5 -80 7.7
    endloop
  endfacet
  facet normal 0 -0.923825 -0.382815
    outer loop
      vertex -12.5 -78.3579 6.43999
      vertex 12.5 -78.5278 6.85
      vertex -12.5 -78.5278 6.85
    endloop
  endfacet
  facet normal 0 -0.923825 -0.382815
    outer loop
      vertex 12.5 -78.5278 6.85
      vertex -12.5 -78.3579 6.43999
      vertex 12.5 -78.3579 6.43999
    endloop
  endfacet
  facet normal 0 -0.991452 0.130469
    outer loop
      vertex -12.5 -78.3579 5.56001
      vertex 12.5 -78.3 6
      vertex -12.5 -78.3 6
    endloop
  endfacet
  facet normal 0 -0.991452 0.130469
    outer loop
      vertex 12.5 -78.3 6
      vertex -12.5 -78.3579 5.56001
      vertex 12.5 -78.3579 5.56001
    endloop
  endfacet
  facet normal 0 0.991452 -0.130469
    outer loop
      vertex 0 -81.7 6
      vertex -12.5 -81.6421 6.43999
      vertex 0 -81.6421 6.43999
    endloop
  endfacet
  facet normal 0 0.991452 -0.130469
    outer loop
      vertex -12.5 -81.6421 6.43999
      vertex 0 -81.7 6
      vertex -12.5 -81.7 6
    endloop
  endfacet
  facet normal -0 0.382688 0.923878
    outer loop
      vertex -12.5 -80.44 4.35793
      vertex 0 -80.85 4.52776
      vertex 0 -80.44 4.35793
    endloop
  endfacet
  facet normal 0 0.382688 0.923878
    outer loop
      vertex 0 -80.85 4.52776
      vertex -12.5 -80.44 4.35793
      vertex -12.5 -80.85 4.52776
    endloop
  endfacet
  facet normal 0 -0.923825 0.382815
    outer loop
      vertex -12.5 -78.5278 5.15
      vertex 12.5 -78.3579 5.56001
      vertex -12.5 -78.3579 5.56001
    endloop
  endfacet
  facet normal 0 -0.923825 0.382815
    outer loop
      vertex 12.5 -78.3579 5.56001
      vertex -12.5 -78.5278 5.15
      vertex 12.5 -78.5278 5.15
    endloop
  endfacet
  facet normal -0 0.130533 0.991444
    outer loop
      vertex -12.5 -80 4.3
      vertex 0 -80.44 4.35793
      vertex 0 -80 4.3
    endloop
  endfacet
  facet normal 0 0.130533 0.991444
    outer loop
      vertex 0 -80.44 4.35793
      vertex -12.5 -80 4.3
      vertex -12.5 -80.44 4.35793
    endloop
  endfacet
  facet normal 0 0.923825 -0.382815
    outer loop
      vertex 0 -81.6421 6.43999
      vertex -12.5 -81.4722 6.85
      vertex 0 -81.4722 6.85
    endloop
  endfacet
  facet normal 0 0.923825 -0.382815
    outer loop
      vertex -12.5 -81.4722 6.85
      vertex 0 -81.6421 6.43999
      vertex -12.5 -81.6421 6.43999
    endloop
  endfacet
  facet normal 0 -0.991452 -0.130469
    outer loop
      vertex -12.5 -78.3 6
      vertex 12.5 -78.3579 6.43999
      vertex -12.5 -78.3579 6.43999
    endloop
  endfacet
  facet normal 0 -0.991452 -0.130469
    outer loop
      vertex 12.5 -78.3579 6.43999
      vertex -12.5 -78.3 6
      vertex 12.5 -78.3 6
    endloop
  endfacet
  facet normal 0 0.923825 0.382815
    outer loop
      vertex 0 -81.4722 5.15
      vertex -12.5 -81.6421 5.56001
      vertex 0 -81.6421 5.56001
    endloop
  endfacet
  facet normal 0 0.923825 0.382815
    outer loop
      vertex -12.5 -81.6421 5.56001
      vertex 0 -81.4722 5.15
      vertex -12.5 -81.4722 5.15
    endloop
  endfacet
  facet normal 0 0.608739 -0.793371
    outer loop
      vertex -12.5 -81.2021 7.20208
      vertex 0 -80.85 7.47224
      vertex 0 -81.2021 7.20208
    endloop
  endfacet
  facet normal 0 0.608739 -0.793371
    outer loop
      vertex 0 -80.85 7.47224
      vertex -12.5 -81.2021 7.20208
      vertex -12.5 -80.85 7.47224
    endloop
  endfacet
  facet normal 0 0.793419 0.608676
    outer loop
      vertex 0 -81.2021 4.79792
      vertex -12.5 -81.4722 5.15
      vertex 0 -81.4722 5.15
    endloop
  endfacet
  facet normal 0 0.793419 0.608676
    outer loop
      vertex -12.5 -81.4722 5.15
      vertex 0 -81.2021 4.79792
      vertex -12.5 -81.2021 4.79792
    endloop
  endfacet
  facet normal 0 0.382688 -0.923878
    outer loop
      vertex -12.5 -80.85 7.47224
      vertex 0 -80.44 7.64207
      vertex 0 -80.85 7.47224
    endloop
  endfacet
  facet normal 0 0.382688 -0.923878
    outer loop
      vertex 0 -80.44 7.64207
      vertex -12.5 -80.85 7.47224
      vertex -12.5 -80.44 7.64207
    endloop
  endfacet
  facet normal 0 0.991452 0.130469
    outer loop
      vertex 0 -81.6421 5.56001
      vertex -12.5 -81.7 6
      vertex 0 -81.7 6
    endloop
  endfacet
  facet normal 0 0.991452 0.130469
    outer loop
      vertex -12.5 -81.7 6
      vertex 0 -81.6421 5.56001
      vertex -12.5 -81.6421 5.56001
    endloop
  endfacet
  facet normal 0 -0.793419 -0.608676
    outer loop
      vertex -12.5 -78.5278 6.85
      vertex 12.5 -78.7979 7.20208
      vertex -12.5 -78.7979 7.20208
    endloop
  endfacet
  facet normal 0 -0.793419 -0.608676
    outer loop
      vertex 12.5 -78.7979 7.20208
      vertex -12.5 -78.5278 6.85
      vertex 12.5 -78.5278 6.85
    endloop
  endfacet
  facet normal 0 -0.608739 -0.793371
    outer loop
      vertex -12.5 -79.15 7.47224
      vertex 12.5 -78.7979 7.20208
      vertex 12.5 -79.15 7.47224
    endloop
  endfacet
  facet normal -0 -0.608739 -0.793371
    outer loop
      vertex 12.5 -78.7979 7.20208
      vertex -12.5 -79.15 7.47224
      vertex -12.5 -78.7979 7.20208
    endloop
  endfacet
  facet normal 0 0.793419 -0.608676
    outer loop
      vertex 0 -81.4722 6.85
      vertex -12.5 -81.2021 7.20208
      vertex 0 -81.2021 7.20208
    endloop
  endfacet
  facet normal 0 0.793419 -0.608676
    outer loop
      vertex -12.5 -81.2021 7.20208
      vertex 0 -81.4722 6.85
      vertex -12.5 -81.4722 6.85
    endloop
  endfacet
  facet normal 0 -0.382688 0.923878
    outer loop
      vertex -12.5 -89.15 4.52776
      vertex 0 -89.56 4.35793
      vertex 0 -89.15 4.52776
    endloop
  endfacet
  facet normal 0 -0.382688 0.923878
    outer loop
      vertex 0 -89.56 4.35793
      vertex -12.5 -89.15 4.52776
      vertex -12.5 -89.56 4.35793
    endloop
  endfacet
  facet normal 0 -0.608739 0.793371
    outer loop
      vertex -12.5 -88.7979 4.79792
      vertex 0 -89.15 4.52776
      vertex 0 -88.7979 4.79792
    endloop
  endfacet
  facet normal 0 -0.608739 0.793371
    outer loop
      vertex 0 -89.15 4.52776
      vertex -12.5 -88.7979 4.79792
      vertex -12.5 -89.15 4.52776
    endloop
  endfacet
  facet normal -0 0.608739 0.793371
    outer loop
      vertex -12.5 -90.85 4.52776
      vertex 0 -91.2021 4.79792
      vertex 0 -90.85 4.52776
    endloop
  endfacet
  facet normal 0 0.608739 0.793371
    outer loop
      vertex 0 -91.2021 4.79792
      vertex -12.5 -90.85 4.52776
      vertex -12.5 -91.2021 4.79792
    endloop
  endfacet
  facet normal 0 -0.382688 -0.923878
    outer loop
      vertex -12.5 -89.56 7.64207
      vertex 0 -89.15 7.47224
      vertex 0 -89.56 7.64207
    endloop
  endfacet
  facet normal -0 -0.382688 -0.923878
    outer loop
      vertex 0 -89.15 7.47224
      vertex -12.5 -89.56 7.64207
      vertex -12.5 -89.15 7.47224
    endloop
  endfacet
  facet normal 0 -0.130533 -0.991444
    outer loop
      vertex -12.5 -90 7.7
      vertex 0 -89.56 7.64207
      vertex 0 -90 7.7
    endloop
  endfacet
  facet normal -0 -0.130533 -0.991444
    outer loop
      vertex 0 -89.56 7.64207
      vertex -12.5 -90 7.7
      vertex -12.5 -89.56 7.64207
    endloop
  endfacet
  facet normal 0 -0.793419 0.608676
    outer loop
      vertex -12.5 -88.7979 4.79792
      vertex 0 -88.5278 5.15
      vertex -12.5 -88.5278 5.15
    endloop
  endfacet
  facet normal 0 -0.793419 0.608676
    outer loop
      vertex 0 -88.5278 5.15
      vertex -12.5 -88.7979 4.79792
      vertex 0 -88.7979 4.79792
    endloop
  endfacet
  facet normal 0 -0.130533 0.991444
    outer loop
      vertex -12.5 -89.56 4.35793
      vertex 0 -90 4.3
      vertex 0 -89.56 4.35793
    endloop
  endfacet
  facet normal 0 -0.130533 0.991444
    outer loop
      vertex 0 -90 4.3
      vertex -12.5 -89.56 4.35793
      vertex -12.5 -90 4.3
    endloop
  endfacet
  facet normal 0 0.130533 -0.991444
    outer loop
      vertex -12.5 -90.44 7.64207
      vertex 0 -90 7.7
      vertex 0 -90.44 7.64207
    endloop
  endfacet
  facet normal 0 0.130533 -0.991444
    outer loop
      vertex 0 -90 7.7
      vertex -12.5 -90.44 7.64207
      vertex -12.5 -90 7.7
    endloop
  endfacet
  facet normal 0 -0.923825 -0.382815
    outer loop
      vertex -12.5 -88.3579 6.43999
      vertex 0 -88.5278 6.85
      vertex -12.5 -88.5278 6.85
    endloop
  endfacet
  facet normal 0 -0.923825 -0.382815
    outer loop
      vertex 0 -88.5278 6.85
      vertex -12.5 -88.3579 6.43999
      vertex 0 -88.3579 6.43999
    endloop
  endfacet
  facet normal 0 -0.991452 0.130469
    outer loop
      vertex -12.5 -88.3579 5.56001
      vertex 0 -88.3 6
      vertex -12.5 -88.3 6
    endloop
  endfacet
  facet normal 0 -0.991452 0.130469
    outer loop
      vertex 0 -88.3 6
      vertex -12.5 -88.3579 5.56001
      vertex 0 -88.3579 5.56001
    endloop
  endfacet
  facet normal 0 0.991452 -0.130469
    outer loop
      vertex 0 -91.7 6
      vertex -12.5 -91.6421 6.43999
      vertex 0 -91.6421 6.43999
    endloop
  endfacet
  facet normal 0 0.991452 -0.130469
    outer loop
      vertex -12.5 -91.6421 6.43999
      vertex 0 -91.7 6
      vertex -12.5 -91.7 6
    endloop
  endfacet
  facet normal -0 0.382688 0.923878
    outer loop
      vertex -12.5 -90.44 4.35793
      vertex 0 -90.85 4.52776
      vertex 0 -90.44 4.35793
    endloop
  endfacet
  facet normal 0 0.382688 0.923878
    outer loop
      vertex 0 -90.85 4.52776
      vertex -12.5 -90.44 4.35793
      vertex -12.5 -90.85 4.52776
    endloop
  endfacet
  facet normal 0 -0.923825 0.382815
    outer loop
      vertex -12.5 -88.5278 5.15
      vertex 0 -88.3579 5.56001
      vertex -12.5 -88.3579 5.56001
    endloop
  endfacet
  facet normal 0 -0.923825 0.382815
    outer loop
      vertex 0 -88.3579 5.56001
      vertex -12.5 -88.5278 5.15
      vertex 0 -88.5278 5.15
    endloop
  endfacet
  facet normal -0 0.130533 0.991444
    outer loop
      vertex -12.5 -90 4.3
      vertex 0 -90.44 4.35793
      vertex 0 -90 4.3
    endloop
  endfacet
  facet normal 0 0.130533 0.991444
    outer loop
      vertex 0 -90.44 4.35793
      vertex -12.5 -90 4.3
      vertex -12.5 -90.44 4.35793
    endloop
  endfacet
  facet normal 0 0.923825 -0.382815
    outer loop
      vertex 0 -91.6421 6.43999
      vertex -12.5 -91.4722 6.85
      vertex 0 -91.4722 6.85
    endloop
  endfacet
  facet normal 0 0.923825 -0.382815
    outer loop
      vertex -12.5 -91.4722 6.85
      vertex 0 -91.6421 6.43999
      vertex -12.5 -91.6421 6.43999
    endloop
  endfacet
  facet normal 0 -0.991452 -0.130469
    outer loop
      vertex -12.5 -88.3 6
      vertex 0 -88.3579 6.43999
      vertex -12.5 -88.3579 6.43999
    endloop
  endfacet
  facet normal 0 -0.991452 -0.130469
    outer loop
      vertex 0 -88.3579 6.43999
      vertex -12.5 -88.3 6
      vertex 0 -88.3 6
    endloop
  endfacet
  facet normal 0 0.923825 0.382815
    outer loop
      vertex 0 -91.4722 5.15
      vertex -12.5 -91.6421 5.56001
      vertex 0 -91.6421 5.56001
    endloop
  endfacet
  facet normal 0 0.923825 0.382815
    outer loop
      vertex -12.5 -91.6421 5.56001
      vertex 0 -91.4722 5.15
      vertex -12.5 -91.4722 5.15
    endloop
  endfacet
  facet normal 0 0.608739 -0.793371
    outer loop
      vertex -12.5 -91.2021 7.20208
      vertex 0 -90.85 7.47224
      vertex 0 -91.2021 7.20208
    endloop
  endfacet
  facet normal 0 0.608739 -0.793371
    outer loop
      vertex 0 -90.85 7.47224
      vertex -12.5 -91.2021 7.20208
      vertex -12.5 -90.85 7.47224
    endloop
  endfacet
  facet normal 0 0.793419 0.608676
    outer loop
      vertex 0 -91.2021 4.79792
      vertex -12.5 -91.4722 5.15
      vertex 0 -91.4722 5.15
    endloop
  endfacet
  facet normal 0 0.793419 0.608676
    outer loop
      vertex -12.5 -91.4722 5.15
      vertex 0 -91.2021 4.79792
      vertex -12.5 -91.2021 4.79792
    endloop
  endfacet
  facet normal 0 0.382688 -0.923878
    outer loop
      vertex -12.5 -90.85 7.47224
      vertex 0 -90.44 7.64207
      vertex 0 -90.85 7.47224
    endloop
  endfacet
  facet normal 0 0.382688 -0.923878
    outer loop
      vertex 0 -90.44 7.64207
      vertex -12.5 -90.85 7.47224
      vertex -12.5 -90.44 7.64207
    endloop
  endfacet
  facet normal 0 0.991452 0.130469
    outer loop
      vertex 0 -91.6421 5.56001
      vertex -12.5 -91.7 6
      vertex 0 -91.7 6
    endloop
  endfacet
  facet normal 0 0.991452 0.130469
    outer loop
      vertex -12.5 -91.7 6
      vertex 0 -91.6421 5.56001
      vertex -12.5 -91.6421 5.56001
    endloop
  endfacet
  facet normal 0 -0.793419 -0.608676
    outer loop
      vertex -12.5 -88.5278 6.85
      vertex 0 -88.7979 7.20208
      vertex -12.5 -88.7979 7.20208
    endloop
  endfacet
  facet normal 0 -0.793419 -0.608676
    outer loop
      vertex 0 -88.7979 7.20208
      vertex -12.5 -88.5278 6.85
      vertex 0 -88.5278 6.85
    endloop
  endfacet
  facet normal 0 -0.608739 -0.793371
    outer loop
      vertex -12.5 -89.15 7.47224
      vertex 0 -88.7979 7.20208
      vertex 0 -89.15 7.47224
    endloop
  endfacet
  facet normal -0 -0.608739 -0.793371
    outer loop
      vertex 0 -88.7979 7.20208
      vertex -12.5 -89.15 7.47224
      vertex -12.5 -88.7979 7.20208
    endloop
  endfacet
  facet normal 0 0.793419 -0.608676
    outer loop
      vertex 0 -91.4722 6.85
      vertex -12.5 -91.2021 7.20208
      vertex 0 -91.2021 7.20208
    endloop
  endfacet
  facet normal 0 0.793419 -0.608676
    outer loop
      vertex -12.5 -91.2021 7.20208
      vertex 0 -91.4722 6.85
      vertex -12.5 -91.4722 6.85
    endloop
  endfacet
  facet normal 0 -0.608739 0.793371
    outer loop
      vertex -12.5 -98.7979 4.79792
      vertex 0 -99.15 4.52776
      vertex 0 -98.7979 4.79792
    endloop
  endfacet
  facet normal 0 -0.608739 0.793371
    outer loop
      vertex 0 -99.15 4.52776
      vertex -12.5 -98.7979 4.79792
      vertex -12.5 -99.15 4.52776
    endloop
  endfacet
  facet normal -0 0.608848 0.793287
    outer loop
      vertex -12.5 -100.85 4.52776
      vertex 0 -101.202 4.79792
      vertex 0 -100.85 4.52776
    endloop
  endfacet
  facet normal 0 0.608848 0.793287
    outer loop
      vertex 0 -101.202 4.79792
      vertex -12.5 -100.85 4.52776
      vertex -12.5 -101.202 4.79792
    endloop
  endfacet
  facet normal 0 -0.382688 -0.923878
    outer loop
      vertex -12.5 -99.56 7.64207
      vertex 0 -99.15 7.47224
      vertex 0 -99.56 7.64207
    endloop
  endfacet
  facet normal -0 -0.382688 -0.923878
    outer loop
      vertex 0 -99.15 7.47224
      vertex -12.5 -99.56 7.64207
      vertex -12.5 -99.15 7.47224
    endloop
  endfacet
  facet normal 0 -0.130533 -0.991444
    outer loop
      vertex -12.5 -100 7.7
      vertex 0 -99.56 7.64207
      vertex 0 -100 7.7
    endloop
  endfacet
  facet normal -0 -0.130533 -0.991444
    outer loop
      vertex 0 -99.56 7.64207
      vertex -12.5 -100 7.7
      vertex -12.5 -99.56 7.64207
    endloop
  endfacet
  facet normal 0 -0.793419 0.608676
    outer loop
      vertex -12.5 -98.7979 4.79792
      vertex 0 -98.5278 5.15
      vertex -12.5 -98.5278 5.15
    endloop
  endfacet
  facet normal 0 -0.793419 0.608676
    outer loop
      vertex 0 -98.5278 5.15
      vertex -12.5 -98.7979 4.79792
      vertex 0 -98.7979 4.79792
    endloop
  endfacet
  facet normal 0 -0.130533 0.991444
    outer loop
      vertex -12.5 -99.56 4.35793
      vertex 0 -100 4.3
      vertex 0 -99.56 4.35793
    endloop
  endfacet
  facet normal 0 -0.130533 0.991444
    outer loop
      vertex 0 -100 4.3
      vertex -12.5 -99.56 4.35793
      vertex -12.5 -100 4.3
    endloop
  endfacet
  facet normal 0 0.130533 -0.991444
    outer loop
      vertex -12.5 -100.44 7.64207
      vertex 0 -100 7.7
      vertex 0 -100.44 7.64207
    endloop
  endfacet
  facet normal 0 0.130533 -0.991444
    outer loop
      vertex 0 -100 7.7
      vertex -12.5 -100.44 7.64207
      vertex -12.5 -100 7.7
    endloop
  endfacet
  facet normal 0 -0.923825 -0.382815
    outer loop
      vertex -12.5 -98.3579 6.43999
      vertex 0 -98.5278 6.85
      vertex -12.5 -98.5278 6.85
    endloop
  endfacet
  facet normal 0 -0.923825 -0.382815
    outer loop
      vertex 0 -98.5278 6.85
      vertex -12.5 -98.3579 6.43999
      vertex 0 -98.3579 6.43999
    endloop
  endfacet
  facet normal 0 -0.991452 0.130469
    outer loop
      vertex -12.5 -98.3579 5.56001
      vertex 0 -98.3 6
      vertex -12.5 -98.3 6
    endloop
  endfacet
  facet normal 0 -0.991452 0.130469
    outer loop
      vertex 0 -98.3 6
      vertex -12.5 -98.3579 5.56001
      vertex 0 -98.3579 5.56001
    endloop
  endfacet
  facet normal 0 0.991423 -0.130691
    outer loop
      vertex 0 -101.7 6
      vertex -12.5 -101.642 6.43999
      vertex 0 -101.642 6.43999
    endloop
  endfacet
  facet normal 0 0.991423 -0.130691
    outer loop
      vertex -12.5 -101.642 6.43999
      vertex 0 -101.7 6
      vertex -12.5 -101.7 6
    endloop
  endfacet
  facet normal -0 0.382688 0.923878
    outer loop
      vertex -12.5 -100.44 4.35793
      vertex 0 -100.85 4.52776
      vertex 0 -100.44 4.35793
    endloop
  endfacet
  facet normal 0 0.382688 0.923878
    outer loop
      vertex 0 -100.85 4.52776
      vertex -12.5 -100.44 4.35793
      vertex -12.5 -100.85 4.52776
    endloop
  endfacet
  facet normal 0 -0.923825 0.382815
    outer loop
      vertex -12.5 -98.5278 5.15
      vertex 0 -98.3579 5.56001
      vertex -12.5 -98.3579 5.56001
    endloop
  endfacet
  facet normal 0 -0.923825 0.382815
    outer loop
      vertex 0 -98.3579 5.56001
      vertex -12.5 -98.5278 5.15
      vertex 0 -98.5278 5.15
    endloop
  endfacet
  facet normal 0 -0.991452 -0.130469
    outer loop
      vertex -12.5 -98.3 6
      vertex 0 -98.3579 6.43999
      vertex -12.5 -98.3579 6.43999
    endloop
  endfacet
  facet normal 0 -0.991452 -0.130469
    outer loop
      vertex 0 -98.3579 6.43999
      vertex -12.5 -98.3 6
      vertex 0 -98.3 6
    endloop
  endfacet
  facet normal -0 0.130533 0.991444
    outer loop
      vertex -12.5 -100 4.3
      vertex 0 -100.44 4.35793
      vertex 0 -100 4.3
    endloop
  endfacet
  facet normal 0 0.130533 0.991444
    outer loop
      vertex 0 -100.44 4.35793
      vertex -12.5 -100 4.3
      vertex -12.5 -100.44 4.35793
    endloop
  endfacet
  facet normal 0 0.923745 -0.383007
    outer loop
      vertex 0 -101.642 6.43999
      vertex -12.5 -101.472 6.85
      vertex 0 -101.472 6.85
    endloop
  endfacet
  facet normal 0 0.923745 -0.383007
    outer loop
      vertex -12.5 -101.472 6.85
      vertex 0 -101.642 6.43999
      vertex -12.5 -101.642 6.43999
    endloop
  endfacet
  facet normal 0 0.923745 0.383007
    outer loop
      vertex 0 -101.472 5.15
      vertex -12.5 -101.642 5.56001
      vertex 0 -101.642 5.56001
    endloop
  endfacet
  facet normal 0 0.923745 0.383007
    outer loop
      vertex -12.5 -101.642 5.56001
      vertex 0 -101.472 5.15
      vertex -12.5 -101.472 5.15
    endloop
  endfacet
  facet normal 0 -0.382688 0.923878
    outer loop
      vertex -12.5 -99.15 4.52776
      vertex 0 -99.56 4.35793
      vertex 0 -99.15 4.52776
    endloop
  endfacet
  facet normal 0 -0.382688 0.923878
    outer loop
      vertex 0 -99.56 4.35793
      vertex -12.5 -99.15 4.52776
      vertex -12.5 -99.56 4.35793
    endloop
  endfacet
  facet normal 0 0.608848 -0.793287
    outer loop
      vertex -12.5 -101.202 7.20208
      vertex 0 -100.85 7.47224
      vertex 0 -101.202 7.20208
    endloop
  endfacet
  facet normal 0 0.608848 -0.793287
    outer loop
      vertex 0 -100.85 7.47224
      vertex -12.5 -101.202 7.20208
      vertex -12.5 -100.85 7.47224
    endloop
  endfacet
  facet normal 0 0.793528 0.608534
    outer loop
      vertex 0 -101.202 4.79792
      vertex -12.5 -101.472 5.15
      vertex 0 -101.472 5.15
    endloop
  endfacet
  facet normal 0 0.793528 0.608534
    outer loop
      vertex -12.5 -101.472 5.15
      vertex 0 -101.202 4.79792
      vertex -12.5 -101.202 4.79792
    endloop
  endfacet
  facet normal 0 0.382688 -0.923878
    outer loop
      vertex -12.5 -100.85 7.47224
      vertex 0 -100.44 7.64207
      vertex 0 -100.85 7.47224
    endloop
  endfacet
  facet normal 0 0.382688 -0.923878
    outer loop
      vertex 0 -100.44 7.64207
      vertex -12.5 -100.85 7.47224
      vertex -12.5 -100.44 7.64207
    endloop
  endfacet
  facet normal 0 0.991423 0.130691
    outer loop
      vertex 0 -101.642 5.56001
      vertex -12.5 -101.7 6
      vertex 0 -101.7 6
    endloop
  endfacet
  facet normal 0 0.991423 0.130691
    outer loop
      vertex -12.5 -101.7 6
      vertex 0 -101.642 5.56001
      vertex -12.5 -101.642 5.56001
    endloop
  endfacet
  facet normal 0 -0.793419 -0.608676
    outer loop
      vertex -12.5 -98.5278 6.85
      vertex 0 -98.7979 7.20208
      vertex -12.5 -98.7979 7.20208
    endloop
  endfacet
  facet normal 0 -0.793419 -0.608676
    outer loop
      vertex 0 -98.7979 7.20208
      vertex -12.5 -98.5278 6.85
      vertex 0 -98.5278 6.85
    endloop
  endfacet
  facet normal 0 -0.608739 -0.793371
    outer loop
      vertex -12.5 -99.15 7.47224
      vertex 0 -98.7979 7.20208
      vertex 0 -99.15 7.47224
    endloop
  endfacet
  facet normal -0 -0.608739 -0.793371
    outer loop
      vertex 0 -98.7979 7.20208
      vertex -12.5 -99.15 7.47224
      vertex -12.5 -98.7979 7.20208
    endloop
  endfacet
  facet normal 0 0.793528 -0.608534
    outer loop
      vertex 0 -101.472 6.85
      vertex -12.5 -101.202 7.20208
      vertex 0 -101.202 7.20208
    endloop
  endfacet
  facet normal 0 0.793528 -0.608534
    outer loop
      vertex -12.5 -101.202 7.20208
      vertex 0 -101.472 6.85
      vertex -12.5 -101.472 6.85
    endloop
  endfacet
  facet normal 0 -0.608848 0.793287
    outer loop
      vertex -12.5 -108.798 4.79792
      vertex 0 -109.15 4.52776
      vertex 0 -108.798 4.79792
    endloop
  endfacet
  facet normal 0 -0.608848 0.793287
    outer loop
      vertex 0 -109.15 4.52776
      vertex -12.5 -108.798 4.79792
      vertex -12.5 -109.15 4.52776
    endloop
  endfacet
  facet normal -0 0.608848 0.793287
    outer loop
      vertex -12.5 -110.85 4.52776
      vertex 0 -111.202 4.79792
      vertex 0 -110.85 4.52776
    endloop
  endfacet
  facet normal 0 0.608848 0.793287
    outer loop
      vertex 0 -111.202 4.79792
      vertex -12.5 -110.85 4.52776
      vertex -12.5 -111.202 4.79792
    endloop
  endfacet
  facet normal 0 -0.382688 -0.923878
    outer loop
      vertex -12.5 -109.56 7.64207
      vertex 0 -109.15 7.47224
      vertex 0 -109.56 7.64207
    endloop
  endfacet
  facet normal -0 -0.382688 -0.923878
    outer loop
      vertex 0 -109.15 7.47224
      vertex -12.5 -109.56 7.64207
      vertex -12.5 -109.15 7.47224
    endloop
  endfacet
  facet normal 0 -0.130533 -0.991444
    outer loop
      vertex -12.5 -110 7.7
      vertex 0 -109.56 7.64207
      vertex 0 -110 7.7
    endloop
  endfacet
  facet normal -0 -0.130533 -0.991444
    outer loop
      vertex 0 -109.56 7.64207
      vertex -12.5 -110 7.7
      vertex -12.5 -109.56 7.64207
    endloop
  endfacet
  facet normal 0 -0.793528 0.608534
    outer loop
      vertex -12.5 -108.798 4.79792
      vertex 0 -108.528 5.15
      vertex -12.5 -108.528 5.15
    endloop
  endfacet
  facet normal 0 -0.793528 0.608534
    outer loop
      vertex 0 -108.528 5.15
      vertex -12.5 -108.798 4.79792
      vertex 0 -108.798 4.79792
    endloop
  endfacet
  facet normal 0 -0.130533 0.991444
    outer loop
      vertex -12.5 -109.56 4.35793
      vertex 0 -110 4.3
      vertex 0 -109.56 4.35793
    endloop
  endfacet
  facet normal 0 -0.130533 0.991444
    outer loop
      vertex 0 -110 4.3
      vertex -12.5 -109.56 4.35793
      vertex -12.5 -110 4.3
    endloop
  endfacet
  facet normal 0 0.130533 -0.991444
    outer loop
      vertex -12.5 -110.44 7.64207
      vertex 0 -110 7.7
      vertex 0 -110.44 7.64207
    endloop
  endfacet
  facet normal 0 0.130533 -0.991444
    outer loop
      vertex 0 -110 7.7
      vertex -12.5 -110.44 7.64207
      vertex -12.5 -110 7.7
    endloop
  endfacet
  facet normal 0 -0.923745 -0.383007
    outer loop
      vertex -12.5 -108.358 6.43999
      vertex 0 -108.528 6.85
      vertex -12.5 -108.528 6.85
    endloop
  endfacet
  facet normal 0 -0.923745 -0.383007
    outer loop
      vertex 0 -108.528 6.85
      vertex -12.5 -108.358 6.43999
      vertex 0 -108.358 6.43999
    endloop
  endfacet
  facet normal 0 -0.991423 0.130691
    outer loop
      vertex -12.5 -108.358 5.56001
      vertex 0 -108.3 6
      vertex -12.5 -108.3 6
    endloop
  endfacet
  facet normal 0 -0.991423 0.130691
    outer loop
      vertex 0 -108.3 6
      vertex -12.5 -108.358 5.56001
      vertex 0 -108.358 5.56001
    endloop
  endfacet
  facet normal 0 0.991423 -0.130691
    outer loop
      vertex 0 -111.7 6
      vertex -12.5 -111.642 6.43999
      vertex 0 -111.642 6.43999
    endloop
  endfacet
  facet normal 0 0.991423 -0.130691
    outer loop
      vertex -12.5 -111.642 6.43999
      vertex 0 -111.7 6
      vertex -12.5 -111.7 6
    endloop
  endfacet
  facet normal -0 0.382688 0.923878
    outer loop
      vertex -12.5 -110.44 4.35793
      vertex 0 -110.85 4.52776
      vertex 0 -110.44 4.35793
    endloop
  endfacet
  facet normal 0 0.382688 0.923878
    outer loop
      vertex 0 -110.85 4.52776
      vertex -12.5 -110.44 4.35793
      vertex -12.5 -110.85 4.52776
    endloop
  endfacet
  facet normal 0 -0.923745 0.383007
    outer loop
      vertex -12.5 -108.528 5.15
      vertex 0 -108.358 5.56001
      vertex -12.5 -108.358 5.56001
    endloop
  endfacet
  facet normal 0 -0.923745 0.383007
    outer loop
      vertex 0 -108.358 5.56001
      vertex -12.5 -108.528 5.15
      vertex 0 -108.528 5.15
    endloop
  endfacet
  facet normal -0 0.130533 0.991444
    outer loop
      vertex -12.5 -110 4.3
      vertex 0 -110.44 4.35793
      vertex 0 -110 4.3
    endloop
  endfacet
  facet normal 0 0.130533 0.991444
    outer loop
      vertex 0 -110.44 4.35793
      vertex -12.5 -110 4.3
      vertex -12.5 -110.44 4.35793
    endloop
  endfacet
  facet normal 0 0.923745 -0.383007
    outer loop
      vertex 0 -111.642 6.43999
      vertex -12.5 -111.472 6.85
      vertex 0 -111.472 6.85
    endloop
  endfacet
  facet normal 0 0.923745 -0.383007
    outer loop
      vertex -12.5 -111.472 6.85
      vertex 0 -111.642 6.43999
      vertex -12.5 -111.642 6.43999
    endloop
  endfacet
  facet normal 0 -0.991423 -0.130691
    outer loop
      vertex -12.5 -108.3 6
      vertex 0 -108.358 6.43999
      vertex -12.5 -108.358 6.43999
    endloop
  endfacet
  facet normal 0 -0.991423 -0.130691
    outer loop
      vertex 0 -108.358 6.43999
      vertex -12.5 -108.3 6
      vertex 0 -108.3 6
    endloop
  endfacet
  facet normal 0 0.923745 0.383007
    outer loop
      vertex 0 -111.472 5.15
      vertex -12.5 -111.642 5.56001
      vertex 0 -111.642 5.56001
    endloop
  endfacet
  facet normal 0 0.923745 0.383007
    outer loop
      vertex -12.5 -111.642 5.56001
      vertex 0 -111.472 5.15
      vertex -12.5 -111.472 5.15
    endloop
  endfacet
  facet normal 0 -0.382688 0.923878
    outer loop
      vertex -12.5 -109.15 4.52776
      vertex 0 -109.56 4.35793
      vertex 0 -109.15 4.52776
    endloop
  endfacet
  facet normal 0 -0.382688 0.923878
    outer loop
      vertex 0 -109.56 4.35793
      vertex -12.5 -109.15 4.52776
      vertex -12.5 -109.56 4.35793
    endloop
  endfacet
  facet normal 0 0.608848 -0.793287
    outer loop
      vertex -12.5 -111.202 7.20208
      vertex 0 -110.85 7.47224
      vertex 0 -111.202 7.20208
    endloop
  endfacet
  facet normal 0 0.608848 -0.793287
    outer loop
      vertex 0 -110.85 7.47224
      vertex -12.5 -111.202 7.20208
      vertex -12.5 -110.85 7.47224
    endloop
  endfacet
  facet normal 0 0.793528 0.608534
    outer loop
      vertex 0 -111.202 4.79792
      vertex -12.5 -111.472 5.15
      vertex 0 -111.472 5.15
    endloop
  endfacet
  facet normal 0 0.793528 0.608534
    outer loop
      vertex -12.5 -111.472 5.15
      vertex 0 -111.202 4.79792
      vertex -12.5 -111.202 4.79792
    endloop
  endfacet
  facet normal 0 0.382688 -0.923878
    outer loop
      vertex -12.5 -110.85 7.47224
      vertex 0 -110.44 7.64207
      vertex 0 -110.85 7.47224
    endloop
  endfacet
  facet normal 0 0.382688 -0.923878
    outer loop
      vertex 0 -110.44 7.64207
      vertex -12.5 -110.85 7.47224
      vertex -12.5 -110.44 7.64207
    endloop
  endfacet
  facet normal 0 0.991423 0.130691
    outer loop
      vertex 0 -111.642 5.56001
      vertex -12.5 -111.7 6
      vertex 0 -111.7 6
    endloop
  endfacet
  facet normal 0 0.991423 0.130691
    outer loop
      vertex -12.5 -111.7 6
      vertex 0 -111.642 5.56001
      vertex -12.5 -111.642 5.56001
    endloop
  endfacet
  facet normal 0 -0.793528 -0.608534
    outer loop
      vertex -12.5 -108.528 6.85
      vertex 0 -108.798 7.20208
      vertex -12.5 -108.798 7.20208
    endloop
  endfacet
  facet normal 0 -0.793528 -0.608534
    outer loop
      vertex 0 -108.798 7.20208
      vertex -12.5 -108.528 6.85
      vertex 0 -108.528 6.85
    endloop
  endfacet
  facet normal 0 -0.608848 -0.793287
    outer loop
      vertex -12.5 -109.15 7.47224
      vertex 0 -108.798 7.20208
      vertex 0 -109.15 7.47224
    endloop
  endfacet
  facet normal -0 -0.608848 -0.793287
    outer loop
      vertex 0 -108.798 7.20208
      vertex -12.5 -109.15 7.47224
      vertex -12.5 -108.798 7.20208
    endloop
  endfacet
  facet normal 0 0.793528 -0.608534
    outer loop
      vertex 0 -111.472 6.85
      vertex -12.5 -111.202 7.20208
      vertex 0 -111.202 7.20208
    endloop
  endfacet
  facet normal 0 0.793528 -0.608534
    outer loop
      vertex -12.5 -111.202 7.20208
      vertex 0 -111.472 6.85
      vertex -12.5 -111.472 6.85
    endloop
  endfacet
  facet normal 0 -0.608848 0.793287
    outer loop
      vertex -12.5 -118.798 4.79792
      vertex 0 -119.15 4.52776
      vertex 0 -118.798 4.79792
    endloop
  endfacet
  facet normal 0 -0.608848 0.793287
    outer loop
      vertex 0 -119.15 4.52776
      vertex -12.5 -118.798 4.79792
      vertex -12.5 -119.15 4.52776
    endloop
  endfacet
  facet normal -0 0.608848 0.793287
    outer loop
      vertex -12.5 -120.85 4.52776
      vertex 0 -121.202 4.79792
      vertex 0 -120.85 4.52776
    endloop
  endfacet
  facet normal 0 0.608848 0.793287
    outer loop
      vertex 0 -121.202 4.79792
      vertex -12.5 -120.85 4.52776
      vertex -12.5 -121.202 4.79792
    endloop
  endfacet
  facet normal 0 -0.382688 -0.923878
    outer loop
      vertex -12.5 -119.56 7.64207
      vertex 0 -119.15 7.47224
      vertex 0 -119.56 7.64207
    endloop
  endfacet
  facet normal -0 -0.382688 -0.923878
    outer loop
      vertex 0 -119.15 7.47224
      vertex -12.5 -119.56 7.64207
      vertex -12.5 -119.15 7.47224
    endloop
  endfacet
  facet normal 0 -0.130533 -0.991444
    outer loop
      vertex -12.5 -120 7.7
      vertex 0 -119.56 7.64207
      vertex 0 -120 7.7
    endloop
  endfacet
  facet normal -0 -0.130533 -0.991444
    outer loop
      vertex 0 -119.56 7.64207
      vertex -12.5 -120 7.7
      vertex -12.5 -119.56 7.64207
    endloop
  endfacet
  facet normal 0 -0.793528 0.608534
    outer loop
      vertex -12.5 -118.798 4.79792
      vertex 0 -118.528 5.15
      vertex -12.5 -118.528 5.15
    endloop
  endfacet
  facet normal 0 -0.793528 0.608534
    outer loop
      vertex 0 -118.528 5.15
      vertex -12.5 -118.798 4.79792
      vertex 0 -118.798 4.79792
    endloop
  endfacet
  facet normal 0 -0.130533 0.991444
    outer loop
      vertex -12.5 -119.56 4.35793
      vertex 0 -120 4.3
      vertex 0 -119.56 4.35793
    endloop
  endfacet
  facet normal 0 -0.130533 0.991444
    outer loop
      vertex 0 -120 4.3
      vertex -12.5 -119.56 4.35793
      vertex -12.5 -120 4.3
    endloop
  endfacet
  facet normal 0 0.130533 -0.991444
    outer loop
      vertex -12.5 -120.44 7.64207
      vertex 0 -120 7.7
      vertex 0 -120.44 7.64207
    endloop
  endfacet
  facet normal 0 0.130533 -0.991444
    outer loop
      vertex 0 -120 7.7
      vertex -12.5 -120.44 7.64207
      vertex -12.5 -120 7.7
    endloop
  endfacet
  facet normal 0 -0.923745 -0.383007
    outer loop
      vertex -12.5 -118.358 6.43999
      vertex 0 -118.528 6.85
      vertex -12.5 -118.528 6.85
    endloop
  endfacet
  facet normal 0 -0.923745 -0.383007
    outer loop
      vertex 0 -118.528 6.85
      vertex -12.5 -118.358 6.43999
      vertex 0 -118.358 6.43999
    endloop
  endfacet
  facet normal 0 -0.991423 0.130691
    outer loop
      vertex -12.5 -118.358 5.56001
      vertex 0 -118.3 6
      vertex -12.5 -118.3 6
    endloop
  endfacet
  facet normal 0 -0.991423 0.130691
    outer loop
      vertex 0 -118.3 6
      vertex -12.5 -118.358 5.56001
      vertex 0 -118.358 5.56001
    endloop
  endfacet
  facet normal 0 0.991423 -0.130691
    outer loop
      vertex 0 -121.7 6
      vertex -12.5 -121.642 6.43999
      vertex 0 -121.642 6.43999
    endloop
  endfacet
  facet normal 0 0.991423 -0.130691
    outer loop
      vertex -12.5 -121.642 6.43999
      vertex 0 -121.7 6
      vertex -12.5 -121.7 6
    endloop
  endfacet
  facet normal -0 0.382688 0.923878
    outer loop
      vertex -12.5 -120.44 4.35793
      vertex 0 -120.85 4.52776
      vertex 0 -120.44 4.35793
    endloop
  endfacet
  facet normal 0 0.382688 0.923878
    outer loop
      vertex 0 -120.85 4.52776
      vertex -12.5 -120.44 4.35793
      vertex -12.5 -120.85 4.52776
    endloop
  endfacet
  facet normal 0 -0.923745 0.383007
    outer loop
      vertex -12.5 -118.528 5.15
      vertex 0 -118.358 5.56001
      vertex -12.5 -118.358 5.56001
    endloop
  endfacet
  facet normal 0 -0.923745 0.383007
    outer loop
      vertex 0 -118.358 5.56001
      vertex -12.5 -118.528 5.15
      vertex 0 -118.528 5.15
    endloop
  endfacet
  facet normal -0 0.130533 0.991444
    outer loop
      vertex -12.5 -120 4.3
      vertex 0 -120.44 4.35793
      vertex 0 -120 4.3
    endloop
  endfacet
  facet normal 0 0.130533 0.991444
    outer loop
      vertex 0 -120.44 4.35793
      vertex -12.5 -120 4.3
      vertex -12.5 -120.44 4.35793
    endloop
  endfacet
  facet normal 0 0.923745 -0.383007
    outer loop
      vertex 0 -121.642 6.43999
      vertex -12.5 -121.472 6.85
      vertex 0 -121.472 6.85
    endloop
  endfacet
  facet normal 0 0.923745 -0.383007
    outer loop
      vertex -12.5 -121.472 6.85
      vertex 0 -121.642 6.43999
      vertex -12.5 -121.642 6.43999
    endloop
  endfacet
  facet normal 0 -0.991423 -0.130691
    outer loop
      vertex -12.5 -118.3 6
      vertex 0 -118.358 6.43999
      vertex -12.5 -118.358 6.43999
    endloop
  endfacet
  facet normal 0 -0.991423 -0.130691
    outer loop
      vertex 0 -118.358 6.43999
      vertex -12.5 -118.3 6
      vertex 0 -118.3 6
    endloop
  endfacet
  facet normal 0 0.923745 0.383007
    outer loop
      vertex 0 -121.472 5.15
      vertex -12.5 -121.642 5.56001
      vertex 0 -121.642 5.56001
    endloop
  endfacet
  facet normal 0 0.923745 0.383007
    outer loop
      vertex -12.5 -121.642 5.56001
      vertex 0 -121.472 5.15
      vertex -12.5 -121.472 5.15
    endloop
  endfacet
  facet normal 0 -0.382688 0.923878
    outer loop
      vertex -12.5 -119.15 4.52776
      vertex 0 -119.56 4.35793
      vertex 0 -119.15 4.52776
    endloop
  endfacet
  facet normal 0 -0.382688 0.923878
    outer loop
      vertex 0 -119.56 4.35793
      vertex -12.5 -119.15 4.52776
      vertex -12.5 -119.56 4.35793
    endloop
  endfacet
  facet normal 0 0.608848 -0.793287
    outer loop
      vertex -12.5 -121.202 7.20208
      vertex 0 -120.85 7.47224
      vertex 0 -121.202 7.20208
    endloop
  endfacet
  facet normal 0 0.608848 -0.793287
    outer loop
      vertex 0 -120.85 7.47224
      vertex -12.5 -121.202 7.20208
      vertex -12.5 -120.85 7.47224
    endloop
  endfacet
  facet normal 0 0.793528 0.608534
    outer loop
      vertex 0 -121.202 4.79792
      vertex -12.5 -121.472 5.15
      vertex 0 -121.472 5.15
    endloop
  endfacet
  facet normal 0 0.793528 0.608534
    outer loop
      vertex -12.5 -121.472 5.15
      vertex 0 -121.202 4.79792
      vertex -12.5 -121.202 4.79792
    endloop
  endfacet
  facet normal 0 0.382688 -0.923878
    outer loop
      vertex -12.5 -120.85 7.47224
      vertex 0 -120.44 7.64207
      vertex 0 -120.85 7.47224
    endloop
  endfacet
  facet normal 0 0.382688 -0.923878
    outer loop
      vertex 0 -120.44 7.64207
      vertex -12.5 -120.85 7.47224
      vertex -12.5 -120.44 7.64207
    endloop
  endfacet
  facet normal 0 0.991423 0.130691
    outer loop
      vertex 0 -121.642 5.56001
      vertex -12.5 -121.7 6
      vertex 0 -121.7 6
    endloop
  endfacet
  facet normal 0 0.991423 0.130691
    outer loop
      vertex -12.5 -121.7 6
      vertex 0 -121.642 5.56001
      vertex -12.5 -121.642 5.56001
    endloop
  endfacet
  facet normal 0 -0.793528 -0.608534
    outer loop
      vertex -12.5 -118.528 6.85
      vertex 0 -118.798 7.20208
      vertex -12.5 -118.798 7.20208
    endloop
  endfacet
  facet normal 0 -0.793528 -0.608534
    outer loop
      vertex 0 -118.798 7.20208
      vertex -12.5 -118.528 6.85
      vertex 0 -118.528 6.85
    endloop
  endfacet
  facet normal 0 -0.608848 -0.793287
    outer loop
      vertex -12.5 -119.15 7.47224
      vertex 0 -118.798 7.20208
      vertex 0 -119.15 7.47224
    endloop
  endfacet
  facet normal -0 -0.608848 -0.793287
    outer loop
      vertex 0 -118.798 7.20208
      vertex -12.5 -119.15 7.47224
      vertex -12.5 -118.798 7.20208
    endloop
  endfacet
  facet normal 0 0.793528 -0.608534
    outer loop
      vertex 0 -121.472 6.85
      vertex -12.5 -121.202 7.20208
      vertex 0 -121.202 7.20208
    endloop
  endfacet
  facet normal 0 0.793528 -0.608534
    outer loop
      vertex -12.5 -121.202 7.20208
      vertex 0 -121.472 6.85
      vertex -12.5 -121.472 6.85
    endloop
  endfacet
  facet normal 0 -0.382688 0.923878
    outer loop
      vertex -12.5 -129.15 4.52776
      vertex 0 -129.56 4.35793
      vertex 0 -129.15 4.52776
    endloop
  endfacet
  facet normal 0 -0.382688 0.923878
    outer loop
      vertex 0 -129.56 4.35793
      vertex -12.5 -129.15 4.52776
      vertex -12.5 -129.56 4.35793
    endloop
  endfacet
  facet normal 0 -0.608848 0.793287
    outer loop
      vertex -12.5 -128.798 4.79792
      vertex 0 -129.15 4.52776
      vertex 0 -128.798 4.79792
    endloop
  endfacet
  facet normal 0 -0.608848 0.793287
    outer loop
      vertex 0 -129.15 4.52776
      vertex -12.5 -128.798 4.79792
      vertex -12.5 -129.15 4.52776
    endloop
  endfacet
  facet normal -0 0.608848 0.793287
    outer loop
      vertex -12.5 -130.85 4.52776
      vertex 0 -131.202 4.79792
      vertex 0 -130.85 4.52776
    endloop
  endfacet
  facet normal 0 0.608848 0.793287
    outer loop
      vertex 0 -131.202 4.79792
      vertex -12.5 -130.85 4.52776
      vertex -12.5 -131.202 4.79792
    endloop
  endfacet
  facet normal 0 -0.382688 -0.923878
    outer loop
      vertex -12.5 -129.56 7.64207
      vertex 0 -129.15 7.47224
      vertex 0 -129.56 7.64207
    endloop
  endfacet
  facet normal -0 -0.382688 -0.923878
    outer loop
      vertex 0 -129.15 7.47224
      vertex -12.5 -129.56 7.64207
      vertex -12.5 -129.15 7.47224
    endloop
  endfacet
  facet normal 0 -0.130533 -0.991444
    outer loop
      vertex -12.5 -130 7.7
      vertex 0 -129.56 7.64207
      vertex 0 -130 7.7
    endloop
  endfacet
  facet normal -0 -0.130533 -0.991444
    outer loop
      vertex 0 -129.56 7.64207
      vertex -12.5 -130 7.7
      vertex -12.5 -129.56 7.64207
    endloop
  endfacet
  facet normal 0 -0.793528 0.608534
    outer loop
      vertex -12.5 -128.798 4.79792
      vertex 0 -128.528 5.15
      vertex -12.5 -128.528 5.15
    endloop
  endfacet
  facet normal 0 -0.793528 0.608534
    outer loop
      vertex 0 -128.528 5.15
      vertex -12.5 -128.798 4.79792
      vertex 0 -128.798 4.79792
    endloop
  endfacet
  facet normal 0 -0.130533 0.991444
    outer loop
      vertex -12.5 -129.56 4.35793
      vertex 0 -130 4.3
      vertex 0 -129.56 4.35793
    endloop
  endfacet
  facet normal 0 -0.130533 0.991444
    outer loop
      vertex 0 -130 4.3
      vertex -12.5 -129.56 4.35793
      vertex -12.5 -130 4.3
    endloop
  endfacet
  facet normal 0 0.130533 -0.991444
    outer loop
      vertex -12.5 -130.44 7.64207
      vertex 0 -130 7.7
      vertex 0 -130.44 7.64207
    endloop
  endfacet
  facet normal 0 0.130533 -0.991444
    outer loop
      vertex 0 -130 7.7
      vertex -12.5 -130.44 7.64207
      vertex -12.5 -130 7.7
    endloop
  endfacet
  facet normal 0 -0.923745 -0.383007
    outer loop
      vertex -12.5 -128.358 6.43999
      vertex 0 -128.528 6.85
      vertex -12.5 -128.528 6.85
    endloop
  endfacet
  facet normal 0 -0.923745 -0.383007
    outer loop
      vertex 0 -128.528 6.85
      vertex -12.5 -128.358 6.43999
      vertex 0 -128.358 6.43999
    endloop
  endfacet
  facet normal 0 -0.991423 0.130691
    outer loop
      vertex -12.5 -128.358 5.56001
      vertex 0 -128.3 6
      vertex -12.5 -128.3 6
    endloop
  endfacet
  facet normal 0 -0.991423 0.130691
    outer loop
      vertex 0 -128.3 6
      vertex -12.5 -128.358 5.56001
      vertex 0 -128.358 5.56001
    endloop
  endfacet
  facet normal 0 0.991423 -0.130691
    outer loop
      vertex 0 -131.7 6
      vertex -12.5 -131.642 6.43999
      vertex 0 -131.642 6.43999
    endloop
  endfacet
  facet normal 0 0.991423 -0.130691
    outer loop
      vertex -12.5 -131.642 6.43999
      vertex 0 -131.7 6
      vertex -12.5 -131.7 6
    endloop
  endfacet
  facet normal -0 0.382688 0.923878
    outer loop
      vertex -12.5 -130.44 4.35793
      vertex 0 -130.85 4.52776
      vertex 0 -130.44 4.35793
    endloop
  endfacet
  facet normal 0 0.382688 0.923878
    outer loop
      vertex 0 -130.85 4.52776
      vertex -12.5 -130.44 4.35793
      vertex -12.5 -130.85 4.52776
    endloop
  endfacet
  facet normal 0 -0.923745 0.383007
    outer loop
      vertex -12.5 -128.528 5.15
      vertex 0 -128.358 5.56001
      vertex -12.5 -128.358 5.56001
    endloop
  endfacet
  facet normal 0 -0.923745 0.383007
    outer loop
      vertex 0 -128.358 5.56001
      vertex -12.5 -128.528 5.15
      vertex 0 -128.528 5.15
    endloop
  endfacet
  facet normal 0 -0.991423 -0.130691
    outer loop
      vertex -12.5 -128.3 6
      vertex 0 -128.358 6.43999
      vertex -12.5 -128.358 6.43999
    endloop
  endfacet
  facet normal 0 -0.991423 -0.130691
    outer loop
      vertex 0 -128.358 6.43999
      vertex -12.5 -128.3 6
      vertex 0 -128.3 6
    endloop
  endfacet
  facet normal -0 0.130533 0.991444
    outer loop
      vertex -12.5 -130 4.3
      vertex 0 -130.44 4.35793
      vertex 0 -130 4.3
    endloop
  endfacet
  facet normal 0 0.130533 0.991444
    outer loop
      vertex 0 -130.44 4.35793
      vertex -12.5 -130 4.3
      vertex -12.5 -130.44 4.35793
    endloop
  endfacet
  facet normal 0 0.923745 -0.383007
    outer loop
      vertex 0 -131.642 6.43999
      vertex -12.5 -131.472 6.85
      vertex 0 -131.472 6.85
    endloop
  endfacet
  facet normal 0 0.923745 -0.383007
    outer loop
      vertex -12.5 -131.472 6.85
      vertex 0 -131.642 6.43999
      vertex -12.5 -131.642 6.43999
    endloop
  endfacet
  facet normal 0 0.923745 0.383007
    outer loop
      vertex 0 -131.472 5.15
      vertex -12.5 -131.642 5.56001
      vertex 0 -131.642 5.56001
    endloop
  endfacet
  facet normal 0 0.923745 0.383007
    outer loop
      vertex -12.5 -131.642 5.56001
      vertex 0 -131.472 5.15
      vertex -12.5 -131.472 5.15
    endloop
  endfacet
  facet normal 0 0.608848 -0.793287
    outer loop
      vertex -12.5 -131.202 7.20208
      vertex 0 -130.85 7.47224
      vertex 0 -131.202 7.20208
    endloop
  endfacet
  facet normal 0 0.608848 -0.793287
    outer loop
      vertex 0 -130.85 7.47224
      vertex -12.5 -131.202 7.20208
      vertex -12.5 -130.85 7.47224
    endloop
  endfacet
  facet normal 0 0.793528 0.608534
    outer loop
      vertex 0 -131.202 4.79792
      vertex -12.5 -131.472 5.15
      vertex 0 -131.472 5.15
    endloop
  endfacet
  facet normal 0 0.793528 0.608534
    outer loop
      vertex -12.5 -131.472 5.15
      vertex 0 -131.202 4.79792
      vertex -12.5 -131.202 4.79792
    endloop
  endfacet
  facet normal 0 0.382688 -0.923878
    outer loop
      vertex -12.5 -130.85 7.47224
      vertex 0 -130.44 7.64207
      vertex 0 -130.85 7.47224
    endloop
  endfacet
  facet normal 0 0.382688 -0.923878
    outer loop
      vertex 0 -130.44 7.64207
      vertex -12.5 -130.85 7.47224
      vertex -12.5 -130.44 7.64207
    endloop
  endfacet
  facet normal 0 0.991423 0.130691
    outer loop
      vertex 0 -131.642 5.56001
      vertex -12.5 -131.7 6
      vertex 0 -131.7 6
    endloop
  endfacet
  facet normal 0 0.991423 0.130691
    outer loop
      vertex -12.5 -131.7 6
      vertex 0 -131.642 5.56001
      vertex -12.5 -131.642 5.56001
    endloop
  endfacet
  facet normal 0 -0.793528 -0.608534
    outer loop
      vertex -12.5 -128.528 6.85
      vertex 0 -128.798 7.20208
      vertex -12.5 -128.798 7.20208
    endloop
  endfacet
  facet normal 0 -0.793528 -0.608534
    outer loop
      vertex 0 -128.798 7.20208
      vertex -12.5 -128.528 6.85
      vertex 0 -128.528 6.85
    endloop
  endfacet
  facet normal 0 -0.608848 -0.793287
    outer loop
      vertex -12.5 -129.15 7.47224
      vertex 0 -128.798 7.20208
      vertex 0 -129.15 7.47224
    endloop
  endfacet
  facet normal -0 -0.608848 -0.793287
    outer loop
      vertex 0 -128.798 7.20208
      vertex -12.5 -129.15 7.47224
      vertex -12.5 -128.798 7.20208
    endloop
  endfacet
  facet normal 0 0.793528 -0.608534
    outer loop
      vertex 0 -131.472 6.85
      vertex -12.5 -131.202 7.20208
      vertex 0 -131.202 7.20208
    endloop
  endfacet
  facet normal 0 0.793528 -0.608534
    outer loop
      vertex -12.5 -131.202 7.20208
      vertex 0 -131.472 6.85
      vertex -12.5 -131.472 6.85
    endloop
  endfacet
  facet normal 0 -0.382688 0.923878
    outer loop
      vertex -12.5 -139.15 4.52776
      vertex 0 -139.56 4.35793
      vertex 0 -139.15 4.52776
    endloop
  endfacet
  facet normal 0 -0.382688 0.923878
    outer loop
      vertex 0 -139.56 4.35793
      vertex -12.5 -139.15 4.52776
      vertex -12.5 -139.56 4.35793
    endloop
  endfacet
  facet normal 0 -0.608848 0.793287
    outer loop
      vertex -12.5 -138.798 4.79792
      vertex 0 -139.15 4.52776
      vertex 0 -138.798 4.79792
    endloop
  endfacet
  facet normal 0 -0.608848 0.793287
    outer loop
      vertex 0 -139.15 4.52776
      vertex -12.5 -138.798 4.79792
      vertex -12.5 -139.15 4.52776
    endloop
  endfacet
  facet normal -0 0.608848 0.793287
    outer loop
      vertex -12.5 -140.85 4.52776
      vertex 0 -141.202 4.79792
      vertex 0 -140.85 4.52776
    endloop
  endfacet
  facet normal 0 0.608848 0.793287
    outer loop
      vertex 0 -141.202 4.79792
      vertex -12.5 -140.85 4.52776
      vertex -12.5 -141.202 4.79792
    endloop
  endfacet
  facet normal 0 -0.382688 -0.923878
    outer loop
      vertex -12.5 -139.56 7.64207
      vertex 0 -139.15 7.47224
      vertex 0 -139.56 7.64207
    endloop
  endfacet
  facet normal -0 -0.382688 -0.923878
    outer loop
      vertex 0 -139.15 7.47224
      vertex -12.5 -139.56 7.64207
      vertex -12.5 -139.15 7.47224
    endloop
  endfacet
  facet normal 0 -0.130533 -0.991444
    outer loop
      vertex -12.5 -140 7.7
      vertex 0 -139.56 7.64207
      vertex 0 -140 7.7
    endloop
  endfacet
  facet normal -0 -0.130533 -0.991444
    outer loop
      vertex 0 -139.56 7.64207
      vertex -12.5 -140 7.7
      vertex -12.5 -139.56 7.64207
    endloop
  endfacet
  facet normal 0 -0.793528 0.608534
    outer loop
      vertex -12.5 -138.798 4.79792
      vertex 0 -138.528 5.15
      vertex -12.5 -138.528 5.15
    endloop
  endfacet
  facet normal 0 -0.793528 0.608534
    outer loop
      vertex 0 -138.528 5.15
      vertex -12.5 -138.798 4.79792
      vertex 0 -138.798 4.79792
    endloop
  endfacet
  facet normal 0 -0.130533 0.991444
    outer loop
      vertex -12.5 -139.56 4.35793
      vertex 0 -140 4.3
      vertex 0 -139.56 4.35793
    endloop
  endfacet
  facet normal 0 -0.130533 0.991444
    outer loop
      vertex 0 -140 4.3
      vertex -12.5 -139.56 4.35793
      vertex -12.5 -140 4.3
    endloop
  endfacet
  facet normal 0 0.130533 -0.991444
    outer loop
      vertex -12.5 -140.44 7.64207
      vertex 0 -140 7.7
      vertex 0 -140.44 7.64207
    endloop
  endfacet
  facet normal 0 0.130533 -0.991444
    outer loop
      vertex 0 -140 7.7
      vertex -12.5 -140.44 7.64207
      vertex -12.5 -140 7.7
    endloop
  endfacet
  facet normal 0 -0.923745 -0.383007
    outer loop
      vertex -12.5 -138.358 6.43999
      vertex 0 -138.528 6.85
      vertex -12.5 -138.528 6.85
    endloop
  endfacet
  facet normal 0 -0.923745 -0.383007
    outer loop
      vertex 0 -138.528 6.85
      vertex -12.5 -138.358 6.43999
      vertex 0 -138.358 6.43999
    endloop
  endfacet
  facet normal 0 -0.991423 0.130691
    outer loop
      vertex -12.5 -138.358 5.56001
      vertex 0 -138.3 6
      vertex -12.5 -138.3 6
    endloop
  endfacet
  facet normal 0 -0.991423 0.130691
    outer loop
      vertex 0 -138.3 6
      vertex -12.5 -138.358 5.56001
      vertex 0 -138.358 5.56001
    endloop
  endfacet
  facet normal 0 0.991423 -0.130691
    outer loop
      vertex 0 -141.7 6
      vertex -12.5 -141.642 6.43999
      vertex 0 -141.642 6.43999
    endloop
  endfacet
  facet normal 0 0.991423 -0.130691
    outer loop
      vertex -12.5 -141.642 6.43999
      vertex 0 -141.7 6
      vertex -12.5 -141.7 6
    endloop
  endfacet
  facet normal -0 0.382688 0.923878
    outer loop
      vertex -12.5 -140.44 4.35793
      vertex 0 -140.85 4.52776
      vertex 0 -140.44 4.35793
    endloop
  endfacet
  facet normal 0 0.382688 0.923878
    outer loop
      vertex 0 -140.85 4.52776
      vertex -12.5 -140.44 4.35793
      vertex -12.5 -140.85 4.52776
    endloop
  endfacet
  facet normal 0 -0.923745 0.383007
    outer loop
      vertex -12.5 -138.528 5.15
      vertex 0 -138.358 5.56001
      vertex -12.5 -138.358 5.56001
    endloop
  endfacet
  facet normal 0 -0.923745 0.383007
    outer loop
      vertex 0 -138.358 5.56001
      vertex -12.5 -138.528 5.15
      vertex 0 -138.528 5.15
    endloop
  endfacet
  facet normal 0 -0.991423 -0.130691
    outer loop
      vertex -12.5 -138.3 6
      vertex 0 -138.358 6.43999
      vertex -12.5 -138.358 6.43999
    endloop
  endfacet
  facet normal 0 -0.991423 -0.130691
    outer loop
      vertex 0 -138.358 6.43999
      vertex -12.5 -138.3 6
      vertex 0 -138.3 6
    endloop
  endfacet
  facet normal -0 0.130533 0.991444
    outer loop
      vertex -12.5 -140 4.3
      vertex 0 -140.44 4.35793
      vertex 0 -140 4.3
    endloop
  endfacet
  facet normal 0 0.130533 0.991444
    outer loop
      vertex 0 -140.44 4.35793
      vertex -12.5 -140 4.3
      vertex -12.5 -140.44 4.35793
    endloop
  endfacet
  facet normal 0 0.923745 -0.383007
    outer loop
      vertex 0 -141.642 6.43999
      vertex -12.5 -141.472 6.85
      vertex 0 -141.472 6.85
    endloop
  endfacet
  facet normal 0 0.923745 -0.383007
    outer loop
      vertex -12.5 -141.472 6.85
      vertex 0 -141.642 6.43999
      vertex -12.5 -141.642 6.43999
    endloop
  endfacet
  facet normal 0 0.923745 0.383007
    outer loop
      vertex 0 -141.472 5.15
      vertex -12.5 -141.642 5.56001
      vertex 0 -141.642 5.56001
    endloop
  endfacet
  facet normal 0 0.923745 0.383007
    outer loop
      vertex -12.5 -141.642 5.56001
      vertex 0 -141.472 5.15
      vertex -12.5 -141.472 5.15
    endloop
  endfacet
  facet normal 0 0.608848 -0.793287
    outer loop
      vertex -12.5 -141.202 7.20208
      vertex 0 -140.85 7.47224
      vertex 0 -141.202 7.20208
    endloop
  endfacet
  facet normal 0 0.608848 -0.793287
    outer loop
      vertex 0 -140.85 7.47224
      vertex -12.5 -141.202 7.20208
      vertex -12.5 -140.85 7.47224
    endloop
  endfacet
  facet normal 0 0.793528 0.608534
    outer loop
      vertex 0 -141.202 4.79792
      vertex -12.5 -141.472 5.15
      vertex 0 -141.472 5.15
    endloop
  endfacet
  facet normal 0 0.793528 0.608534
    outer loop
      vertex -12.5 -141.472 5.15
      vertex 0 -141.202 4.79792
      vertex -12.5 -141.202 4.79792
    endloop
  endfacet
  facet normal 0 0.382688 -0.923878
    outer loop
      vertex -12.5 -140.85 7.47224
      vertex 0 -140.44 7.64207
      vertex 0 -140.85 7.47224
    endloop
  endfacet
  facet normal 0 0.382688 -0.923878
    outer loop
      vertex 0 -140.44 7.64207
      vertex -12.5 -140.85 7.47224
      vertex -12.5 -140.44 7.64207
    endloop
  endfacet
  facet normal 0 0.991423 0.130691
    outer loop
      vertex 0 -141.642 5.56001
      vertex -12.5 -141.7 6
      vertex 0 -141.7 6
    endloop
  endfacet
  facet normal 0 0.991423 0.130691
    outer loop
      vertex -12.5 -141.7 6
      vertex 0 -141.642 5.56001
      vertex -12.5 -141.642 5.56001
    endloop
  endfacet
  facet normal 0 -0.793528 -0.608534
    outer loop
      vertex -12.5 -138.528 6.85
      vertex 0 -138.798 7.20208
      vertex -12.5 -138.798 7.20208
    endloop
  endfacet
  facet normal 0 -0.793528 -0.608534
    outer loop
      vertex 0 -138.798 7.20208
      vertex -12.5 -138.528 6.85
      vertex 0 -138.528 6.85
    endloop
  endfacet
  facet normal 0 -0.608848 -0.793287
    outer loop
      vertex -12.5 -139.15 7.47224
      vertex 0 -138.798 7.20208
      vertex 0 -139.15 7.47224
    endloop
  endfacet
  facet normal -0 -0.608848 -0.793287
    outer loop
      vertex 0 -138.798 7.20208
      vertex -12.5 -139.15 7.47224
      vertex -12.5 -138.798 7.20208
    endloop
  endfacet
  facet normal 0 0.793528 -0.608534
    outer loop
      vertex 0 -141.472 6.85
      vertex -12.5 -141.202 7.20208
      vertex 0 -141.202 7.20208
    endloop
  endfacet
  facet normal 0 0.793528 -0.608534
    outer loop
      vertex -12.5 -141.202 7.20208
      vertex 0 -141.472 6.85
      vertex -12.5 -141.472 6.85
    endloop
  endfacet
endsolid OpenSCAD_Model
