solid OpenSCAD_Model
  facet normal 1 0 0
    outer loop
      vertex 48.079 -37.195 12
      vertex 48.079 -42.421 12
      vertex 48.079 -37.195 7.7
    endloop
  endfacet
  facet normal 1 -0 0
    outer loop
      vertex 48.079 -37.195 7.7
      vertex 48.079 35.805 0
      vertex 48.079 35.805 7.7
    endloop
  endfacet
  facet normal 1 0 0
    outer loop
      vertex 48.079 -37.195 7.7
      vertex 48.079 -42.421 0
      vertex 48.079 35.805 0
    endloop
  endfacet
  facet normal 1 0 0
    outer loop
      vertex 48.079 -42.421 0
      vertex 48.079 -37.195 7.7
      vertex 48.079 -42.421 12
    endloop
  endfacet
  facet normal 1 -0 0
    outer loop
      vertex 48.079 -50.921 5.99
      vertex 48.079 -50.8096 0
      vertex 48.079 -50.8096 5.99
    endloop
  endfacet
  facet normal 1 0 0
    outer loop
      vertex 48.079 -50.8096 0
      vertex 48.079 -50.921 5.99
      vertex 48.079 -50.921 0
    endloop
  endfacet
  facet normal 0 0 1
    outer loop
      vertex 48.079 35.805 7.7
      vertex 45.229 32.955 7.7
      vertex 48.079 -37.195 7.7
    endloop
  endfacet
  facet normal 0 0 1
    outer loop
      vertex 48.079 35.805 7.7
      vertex -46.071 32.955 7.7
      vertex 45.229 32.955 7.7
    endloop
  endfacet
  facet normal 0 0 1
    outer loop
      vertex -46.071 32.955 7.7
      vertex -48.921 35.805 7.7
      vertex -46.071 -34.345 7.7
    endloop
  endfacet
  facet normal -0 0 1
    outer loop
      vertex -48.921 35.805 7.7
      vertex -46.071 32.955 7.7
      vertex 48.079 35.805 7.7
    endloop
  endfacet
  facet normal -0 0 1
    outer loop
      vertex 45.229 -34.345 7.7
      vertex 48.079 -37.195 7.7
      vertex 45.229 32.955 7.7
    endloop
  endfacet
  facet normal 0 0 1
    outer loop
      vertex 28.523 -37.195 7.7
      vertex 45.229 -34.345 7.7
      vertex 28.523 -34.345 7.7
    endloop
  endfacet
  facet normal 0 0 1
    outer loop
      vertex 45.229 -34.345 7.7
      vertex 28.523 -37.195 7.7
      vertex 48.079 -37.195 7.7
    endloop
  endfacet
  facet normal -0 0 1
    outer loop
      vertex -46.071 -34.345 7.7
      vertex -37.521 -37.195 7.7
      vertex -37.521 -34.345 7.7
    endloop
  endfacet
  facet normal 0 0 1
    outer loop
      vertex -46.071 -34.345 7.7
      vertex -48.921 -37.195 7.7
      vertex -37.521 -37.195 7.7
    endloop
  endfacet
  facet normal 0 0 1
    outer loop
      vertex -48.921 -37.195 7.7
      vertex -46.071 -34.345 7.7
      vertex -48.921 35.805 7.7
    endloop
  endfacet
  facet normal -0 0 1
    outer loop
      vertex -21.521 -34.345 7.7
      vertex 12.523 -37.195 7.7
      vertex 12.523 -34.345 7.7
    endloop
  endfacet
  facet normal 0 0 1
    outer loop
      vertex 12.523 -37.195 7.7
      vertex -21.521 -34.345 7.7
      vertex -21.521 -37.195 7.7
    endloop
  endfacet
  facet normal 0 0 -1
    outer loop
      vertex 43.4428 -50.921 0
      vertex 48.079 -42.421 0
      vertex 43.567 -50.9724 0
    endloop
  endfacet
  facet normal 0 0 -1
    outer loop
      vertex 41.4412 -50.921 0
      vertex 48.079 -42.421 0
      vertex 43.4428 -50.921 0
    endloop
  endfacet
  facet normal 0 0 -1
    outer loop
      vertex 48.079 -42.421 0
      vertex 42.0397 -3.79494 0
      vertex 43.8295 -0.695 0
    endloop
  endfacet
  facet normal 0 0 -1
    outer loop
      vertex 41.317 -50.9724 0
      vertex 48.079 -42.421 0
      vertex 41.4412 -50.921 0
    endloop
  endfacet
  facet normal 0 0 -1
    outer loop
      vertex 28.523 -50.921 0
      vertex 48.079 -42.421 0
      vertex 41.317 -50.9724 0
    endloop
  endfacet
  facet normal 0 0 -1
    outer loop
      vertex 28.523 -50.921 0
      vertex 41.317 -50.9724 0
      vertex 40.851 -51.33 0
    endloop
  endfacet
  facet normal 0 0 -1
    outer loop
      vertex 28.523 -50.921 0
      vertex 40.851 -51.33 0
      vertex 40.4934 -51.796 0
    endloop
  endfacet
  facet normal 0 0 -1
    outer loop
      vertex 28.523 -50.921 0
      vertex 40.4934 -51.796 0
      vertex 40.2687 -52.3387 0
    endloop
  endfacet
  facet normal 0 0 -1
    outer loop
      vertex 28.523 -50.921 0
      vertex 40.2687 -52.3387 0
      vertex 40.192 -52.921 0
    endloop
  endfacet
  facet normal 0 0 -1
    outer loop
      vertex 48.079 -42.421 0
      vertex 28.523 -23.195 0
      vertex 42.0397 -3.79494 0
    endloop
  endfacet
  facet normal 0 0 -1
    outer loop
      vertex 48.0147 -50.921 0
      vertex 48.079 -50.8096 0
      vertex 48.079 -50.921 0
    endloop
  endfacet
  facet normal 0 0 -1
    outer loop
      vertex 44.033 -51.33 0
      vertex 48.079 -50.8096 0
      vertex 48.0147 -50.921 0
    endloop
  endfacet
  facet normal 0 0 -1
    outer loop
      vertex 43.567 -50.9724 0
      vertex 48.079 -50.8096 0
      vertex 44.033 -51.33 0
    endloop
  endfacet
  facet normal 0 0 -1
    outer loop
      vertex 44.3906 -51.796 0
      vertex 48.0147 -50.921 0
      vertex 46.86 -52.921 0
    endloop
  endfacet
  facet normal 0 0 -1
    outer loop
      vertex 44.6153 -52.3387 0
      vertex 46.86 -52.921 0
      vertex 44.692 -52.921 0
    endloop
  endfacet
  facet normal 0 0 -1
    outer loop
      vertex 44.3906 -51.796 0
      vertex 46.86 -52.921 0
      vertex 44.6153 -52.3387 0
    endloop
  endfacet
  facet normal 0 0 -1
    outer loop
      vertex 48.0147 -50.921 0
      vertex 44.3906 -51.796 0
      vertex 44.033 -51.33 0
    endloop
  endfacet
  facet normal -0 0 -1
    outer loop
      vertex 50.151 -47.2208 0
      vertex 43.567 -50.9724 0
      vertex 48.079 -42.421 0
    endloop
  endfacet
  facet normal 0 0 -1
    outer loop
      vertex 48.079 -42.421 0
      vertex 43.8295 -0.695 0
      vertex 48.079 35.805 0
    endloop
  endfacet
  facet normal 0 0 -1
    outer loop
      vertex 42.0397 2.40494 0
      vertex 48.079 35.805 0
      vertex 43.8295 -0.695 0
    endloop
  endfacet
  facet normal 0 0 -1
    outer loop
      vertex 34.6585 8.805 0
      vertex 42.0397 2.40494 0
      vertex 38.4603 2.40494 0
    endloop
  endfacet
  facet normal 0 0 -1
    outer loop
      vertex 32.8688 5.70506 0
      vertex 38.4603 2.40494 0
      vertex 36.6705 -0.695 0
    endloop
  endfacet
  facet normal 0 0 -1
    outer loop
      vertex 42.0397 2.40494 0
      vertex 34.6585 8.805 0
      vertex 48.079 35.805 0
    endloop
  endfacet
  facet normal 0 0 -1
    outer loop
      vertex 32.8688 11.9049 0
      vertex 48.079 35.805 0
      vertex 34.6585 8.805 0
    endloop
  endfacet
  facet normal 0 0 -1
    outer loop
      vertex 19.5385 22.923 0
      vertex 32.8688 11.9049 0
      vertex 29.2892 11.9049 0
    endloop
  endfacet
  facet normal 0 0 -1
    outer loop
      vertex 17.7487 19.8231 0
      vertex 29.2892 11.9049 0
      vertex 27.4995 8.805 0
    endloop
  endfacet
  facet normal 0 0 -1
    outer loop
      vertex 32.8688 11.9049 0
      vertex 19.5385 22.923 0
      vertex 48.079 35.805 0
    endloop
  endfacet
  facet normal 0 0 -1
    outer loop
      vertex 17.7487 26.0229 0
      vertex 48.079 35.805 0
      vertex 19.5385 22.923 0
    endloop
  endfacet
  facet normal 0 0 -1
    outer loop
      vertex 14.1692 26.0229 0
      vertex 48.079 35.805 0
      vertex 17.7487 26.0229 0
    endloop
  endfacet
  facet normal -0 0 -1
    outer loop
      vertex 29.2892 5.70506 0
      vertex 1.86875 -18.0951 0
      vertex 27.4995 8.805 0
    endloop
  endfacet
  facet normal 0 0 -1
    outer loop
      vertex 1.86875 -24.2949 0
      vertex 8.28925 -27.0951 0
      vertex 6.4995 -30.195 0
    endloop
  endfacet
  facet normal -0 0 -1
    outer loop
      vertex 27.4995 8.805 0
      vertex 1.86875 -18.0951 0
      vertex 14.1692 19.8231 0
    endloop
  endfacet
  facet normal 0 0 -1
    outer loop
      vertex -1.71075 -18.0951 0
      vertex 14.1692 19.8231 0
      vertex 1.86875 -18.0951 0
    endloop
  endfacet
  facet normal -0 0 -1
    outer loop
      vertex 14.1692 19.8231 0
      vertex -1.71075 -18.0951 0
      vertex -15.0112 19.8231 0
    endloop
  endfacet
  facet normal 0 0 -1
    outer loop
      vertex -10.1312 -23.0951 0
      vertex -1.71075 -18.0951 0
      vertex -3.5005 -21.195 0
    endloop
  endfacet
  facet normal 0 0 -1
    outer loop
      vertex -10.1312 -23.0951 0
      vertex -3.5005 -21.195 0
      vertex -8.3415 -26.195 0
    endloop
  endfacet
  facet normal 0 0 -1
    outer loop
      vertex -1.71075 -18.0951 0
      vertex -10.1312 -23.0951 0
      vertex -13.7107 -23.0951 0
    endloop
  endfacet
  facet normal 0 0 -1
    outer loop
      vertex 14.1692 19.8231 0
      vertex -15.0112 19.8231 0
      vertex 12.3795 22.923 0
    endloop
  endfacet
  facet normal 0 0 -1
    outer loop
      vertex -13.2215 22.923 0
      vertex 14.1692 26.0229 0
      vertex 12.3795 22.923 0
    endloop
  endfacet
  facet normal 0 0 -1
    outer loop
      vertex -15.0112 26.0229 0
      vertex 14.1692 26.0229 0
      vertex -13.2215 22.923 0
    endloop
  endfacet
  facet normal 0 0 -1
    outer loop
      vertex 14.1692 26.0229 0
      vertex -15.0112 26.0229 0
      vertex 48.079 35.805 0
    endloop
  endfacet
  facet normal 0 0 -1
    outer loop
      vertex -48.921 35.805 0
      vertex -15.0112 26.0229 0
      vertex -18.5907 26.0229 0
    endloop
  endfacet
  facet normal -0 0 -1
    outer loop
      vertex -15.0112 19.8231 0
      vertex -28.3415 8.805 0
      vertex -18.5907 19.8231 0
    endloop
  endfacet
  facet normal 0 0 -1
    outer loop
      vertex -30.1312 11.9049 0
      vertex -18.5907 19.8231 0
      vertex -28.3415 8.805 0
    endloop
  endfacet
  facet normal -0 0 -1
    outer loop
      vertex -18.5907 19.8231 0
      vertex -30.1312 11.9049 0
      vertex -20.3805 22.923 0
    endloop
  endfacet
  facet normal 0 0 -1
    outer loop
      vertex -33.7108 11.9049 0
      vertex -20.3805 22.923 0
      vertex -30.1312 11.9049 0
    endloop
  endfacet
  facet normal 0 0 -1
    outer loop
      vertex -48.921 35.805 0
      vertex -20.3805 22.923 0
      vertex -33.7108 11.9049 0
    endloop
  endfacet
  facet normal -0 0 -1
    outer loop
      vertex -33.7108 5.70506 0
      vertex -39.1312 2.40494 0
      vertex -35.5005 8.805 0
    endloop
  endfacet
  facet normal 0 0 -1
    outer loop
      vertex -42.7108 2.40494 0
      vertex -35.5005 8.805 0
      vertex -39.1312 2.40494 0
    endloop
  endfacet
  facet normal 0 0 -1
    outer loop
      vertex -48.921 35.805 0
      vertex -35.5005 8.805 0
      vertex -42.7108 2.40494 0
    endloop
  endfacet
  facet normal 0 0 -1
    outer loop
      vertex -15.0112 26.0229 0
      vertex -48.921 35.805 0
      vertex 48.079 35.805 0
    endloop
  endfacet
  facet normal 0 0 -1
    outer loop
      vertex -20.3805 22.923 0
      vertex -48.921 35.805 0
      vertex -18.5907 26.0229 0
    endloop
  endfacet
  facet normal 0 0 -1
    outer loop
      vertex -35.5005 8.805 0
      vertex -48.921 35.805 0
      vertex -33.7108 11.9049 0
    endloop
  endfacet
  facet normal 0 0 -1
    outer loop
      vertex -44.5005 -0.695 0
      vertex -48.921 35.805 0
      vertex -42.7108 2.40494 0
    endloop
  endfacet
  facet normal 0 0 -1
    outer loop
      vertex -48.921 35.805 0
      vertex -44.5005 -0.695 0
      vertex -48.921 -37.195 0
    endloop
  endfacet
  facet normal 0 0 -1
    outer loop
      vertex 158.442 -63.421 0
      vertex 70.442 -50.921 0
      vertex 158.442 -50.921 0
    endloop
  endfacet
  facet normal 0 0 -1
    outer loop
      vertex 66.6153 -52.3387 0
      vertex 70.442 -50.921 0
      vertex 66.692 -52.921 0
    endloop
  endfacet
  facet normal 0 0 -1
    outer loop
      vertex 66.033 -54.512 0
      vertex 70.442 -50.921 0
      vertex 158.442 -63.421 0
    endloop
  endfacet
  facet normal 0 0 -1
    outer loop
      vertex 70.442 -50.921 0
      vertex 66.6153 -53.5033 0
      vertex 66.692 -52.921 0
    endloop
  endfacet
  facet normal 0 0 -1
    outer loop
      vertex 70.442 -50.921 0
      vertex 66.3906 -54.046 0
      vertex 66.6153 -53.5033 0
    endloop
  endfacet
  facet normal 0 0 -1
    outer loop
      vertex 70.442 -50.921 0
      vertex 66.033 -54.512 0
      vertex 66.3906 -54.046 0
    endloop
  endfacet
  facet normal 0 0 -1
    outer loop
      vertex 158.442 -63.421 0
      vertex 65.567 -54.8696 0
      vertex 66.033 -54.512 0
    endloop
  endfacet
  facet normal 0 0 -1
    outer loop
      vertex 158.442 -63.421 0
      vertex 65.0243 -55.0943 0
      vertex 65.567 -54.8696 0
    endloop
  endfacet
  facet normal 0 0 -1
    outer loop
      vertex 56.733 -58.6212 0
      vertex 65.0243 -55.0943 0
      vertex 158.442 -63.421 0
    endloop
  endfacet
  facet normal 0 0 -1
    outer loop
      vertex 62.2687 -53.5033 0
      vertex 60.024 -52.921 0
      vertex 62.192 -52.921 0
    endloop
  endfacet
  facet normal 0 0 -1
    outer loop
      vertex 62.4934 -54.046 0
      vertex 60.024 -52.921 0
      vertex 62.2687 -53.5033 0
    endloop
  endfacet
  facet normal 0 0 -1
    outer loop
      vertex 62.851 -54.512 0
      vertex 60.024 -52.921 0
      vertex 62.4934 -54.046 0
    endloop
  endfacet
  facet normal 0 0 -1
    outer loop
      vertex 56.733 -58.6212 0
      vertex 62.851 -54.512 0
      vertex 63.317 -54.8696 0
    endloop
  endfacet
  facet normal -0 0 -1
    outer loop
      vertex 62.851 -54.512 0
      vertex 56.733 -58.6212 0
      vertex 60.024 -52.921 0
    endloop
  endfacet
  facet normal -0 0 -1
    outer loop
      vertex 63.8597 -55.0943 0
      vertex 56.733 -58.6212 0
      vertex 63.317 -54.8696 0
    endloop
  endfacet
  facet normal -0 0 -1
    outer loop
      vertex 64.442 -55.171 0
      vertex 56.733 -58.6212 0
      vertex 63.8597 -55.0943 0
    endloop
  endfacet
  facet normal 0 0 -1
    outer loop
      vertex 65.0243 -55.0943 0
      vertex 56.733 -58.6212 0
      vertex 64.442 -55.171 0
    endloop
  endfacet
  facet normal 0 0 -1
    outer loop
      vertex 14.079 -63.421 0
      vertex 56.733 -58.6212 0
      vertex 158.442 -63.421 0
    endloop
  endfacet
  facet normal 0 0 -1
    outer loop
      vertex 44.033 -54.512 0
      vertex 46.86 -52.921 0
      vertex 50.151 -58.6212 0
    endloop
  endfacet
  facet normal -0 0 -1
    outer loop
      vertex 46.86 -52.921 0
      vertex 44.6153 -53.5033 0
      vertex 44.692 -52.921 0
    endloop
  endfacet
  facet normal 0 0 -1
    outer loop
      vertex 46.86 -52.921 0
      vertex 44.3906 -54.046 0
      vertex 44.6153 -53.5033 0
    endloop
  endfacet
  facet normal 0 0 -1
    outer loop
      vertex 46.86 -52.921 0
      vertex 44.033 -54.512 0
      vertex 44.3906 -54.046 0
    endloop
  endfacet
  facet normal 0 0 -1
    outer loop
      vertex 50.151 -58.6212 0
      vertex 43.567 -54.8696 0
      vertex 44.033 -54.512 0
    endloop
  endfacet
  facet normal 0 0 -1
    outer loop
      vertex 50.151 -58.6212 0
      vertex 43.0243 -55.0943 0
      vertex 43.567 -54.8696 0
    endloop
  endfacet
  facet normal 0 0 -1
    outer loop
      vertex 50.151 -58.6212 0
      vertex 42.442 -55.171 0
      vertex 43.0243 -55.0943 0
    endloop
  endfacet
  facet normal 0 0 -1
    outer loop
      vertex 50.151 -58.6212 0
      vertex 41.8597 -55.0943 0
      vertex 42.442 -55.171 0
    endloop
  endfacet
  facet normal 0 0 -1
    outer loop
      vertex 14.079 -63.421 0
      vertex 41.8597 -55.0943 0
      vertex 50.151 -58.6212 0
    endloop
  endfacet
  facet normal -0 0 -1
    outer loop
      vertex 42.0397 -3.79494 0
      vertex 28.523 -23.195 0
      vertex 38.4603 -3.79494 0
    endloop
  endfacet
  facet normal -0 0 -1
    outer loop
      vertex 38.4603 -3.79494 0
      vertex 28.523 -23.195 0
      vertex 36.6705 -0.695 0
    endloop
  endfacet
  facet normal 0 -0 -1
    outer loop
      vertex 29.2892 5.70506 0
      vertex 36.6705 -0.695 0
      vertex 28.523 -23.195 0
    endloop
  endfacet
  facet normal 0 0 -1
    outer loop
      vertex 38.4603 2.40494 0
      vertex 32.8688 5.70506 0
      vertex 34.6585 8.805 0
    endloop
  endfacet
  facet normal 0 0 -1
    outer loop
      vertex 28.523 -50.921 0
      vertex 40.192 -52.921 0
      vertex 40.2687 -53.5033 0
    endloop
  endfacet
  facet normal -0 0 -1
    outer loop
      vertex 48.079 -42.421 0
      vertex 28.523 -50.921 0
      vertex 28.523 -23.195 0
    endloop
  endfacet
  facet normal 0 0 -1
    outer loop
      vertex 40.4934 -54.046 0
      vertex 28.523 -50.921 0
      vertex 40.2687 -53.5033 0
    endloop
  endfacet
  facet normal 0 0 -1
    outer loop
      vertex 40.851 -54.512 0
      vertex 28.523 -50.921 0
      vertex 40.4934 -54.046 0
    endloop
  endfacet
  facet normal 0 0 -1
    outer loop
      vertex 14.079 -63.421 0
      vertex 40.851 -54.512 0
      vertex 41.317 -54.8696 0
    endloop
  endfacet
  facet normal -0 0 -1
    outer loop
      vertex 41.8597 -55.0943 0
      vertex 14.079 -63.421 0
      vertex 41.317 -54.8696 0
    endloop
  endfacet
  facet normal -0 0 -1
    outer loop
      vertex 56.733 -58.6212 0
      vertex 14.079 -63.421 0
      vertex 50.151 -58.6212 0
    endloop
  endfacet
  facet normal -0 0 -1
    outer loop
      vertex 40.851 -54.512 0
      vertex 14.079 -63.421 0
      vertex 28.523 -50.921 0
    endloop
  endfacet
  facet normal -0 0 -1
    outer loop
      vertex 28.523 -50.921 0
      vertex 14.079 -63.421 0
      vertex 14.079 -50.921 0
    endloop
  endfacet
  facet normal 0 0 -1
    outer loop
      vertex 66.3906 -51.796 0
      vertex 70.442 -50.921 0
      vertex 66.6153 -52.3387 0
    endloop
  endfacet
  facet normal 0 0 -1
    outer loop
      vertex 66.033 -51.33 0
      vertex 70.442 -50.921 0
      vertex 66.3906 -51.796 0
    endloop
  endfacet
  facet normal 0 0 -1
    outer loop
      vertex 65.567 -50.9724 0
      vertex 70.442 -50.921 0
      vertex 66.033 -51.33 0
    endloop
  endfacet
  facet normal -0 0 -1
    outer loop
      vertex 70.442 -50.921 0
      vertex 65.567 -50.9724 0
      vertex 70.442 -42.421 0
    endloop
  endfacet
  facet normal 0 0 -1
    outer loop
      vertex 65.0243 -50.7477 0
      vertex 70.442 -42.421 0
      vertex 65.567 -50.9724 0
    endloop
  endfacet
  facet normal 0 0 -1
    outer loop
      vertex 64.442 -50.671 0
      vertex 70.442 -42.421 0
      vertex 65.0243 -50.7477 0
    endloop
  endfacet
  facet normal 0 0 -1
    outer loop
      vertex 63.8597 -50.7477 0
      vertex 70.442 -42.421 0
      vertex 64.442 -50.671 0
    endloop
  endfacet
  facet normal 0 0 -1
    outer loop
      vertex 56.733 -47.2208 0
      vertex 63.8597 -50.7477 0
      vertex 63.317 -50.9724 0
    endloop
  endfacet
  facet normal 0 0 -1
    outer loop
      vertex 56.733 -47.2208 0
      vertex 63.317 -50.9724 0
      vertex 62.851 -51.33 0
    endloop
  endfacet
  facet normal 0 0 -1
    outer loop
      vertex 60.024 -52.921 0
      vertex 62.2687 -52.3387 0
      vertex 62.192 -52.921 0
    endloop
  endfacet
  facet normal 0 0 -1
    outer loop
      vertex 60.024 -52.921 0
      vertex 62.4934 -51.796 0
      vertex 62.2687 -52.3387 0
    endloop
  endfacet
  facet normal 0 0 -1
    outer loop
      vertex 60.024 -52.921 0
      vertex 62.851 -51.33 0
      vertex 62.4934 -51.796 0
    endloop
  endfacet
  facet normal 0 0 -1
    outer loop
      vertex 56.733 -47.2208 0
      vertex 62.851 -51.33 0
      vertex 60.024 -52.921 0
    endloop
  endfacet
  facet normal 0 0 -1
    outer loop
      vertex 63.8597 -50.7477 0
      vertex 56.733 -47.2208 0
      vertex 70.442 -42.421 0
    endloop
  endfacet
  facet normal 0 0 -1
    outer loop
      vertex 48.079 -42.421 0
      vertex 56.733 -47.2208 0
      vertex 50.151 -47.2208 0
    endloop
  endfacet
  facet normal 0 0 -1
    outer loop
      vertex 56.733 -47.2208 0
      vertex 48.079 -42.421 0
      vertex 70.442 -42.421 0
    endloop
  endfacet
  facet normal 0 0 -1
    outer loop
      vertex 43.567 -50.9724 0
      vertex 50.151 -47.2208 0
      vertex 48.079 -50.8096 0
    endloop
  endfacet
  facet normal 0 0 -1
    outer loop
      vertex 36.6705 -0.695 0
      vertex 29.2892 5.70506 0
      vertex 32.8688 5.70506 0
    endloop
  endfacet
  facet normal 0 0 -1
    outer loop
      vertex 12.523 -23.195 0
      vertex 29.2892 5.70506 0
      vertex 28.523 -23.195 0
    endloop
  endfacet
  facet normal 0 0 -1
    outer loop
      vertex 1.86875 -18.0951 0
      vertex 12.523 -23.195 0
      vertex 3.6585 -21.195 0
    endloop
  endfacet
  facet normal 0 0 -1
    outer loop
      vertex 29.2892 11.9049 0
      vertex 17.7487 19.8231 0
      vertex 19.5385 22.923 0
    endloop
  endfacet
  facet normal 0 0 -1
    outer loop
      vertex 12.523 -23.195 0
      vertex 1.86875 -18.0951 0
      vertex 29.2892 5.70506 0
    endloop
  endfacet
  facet normal 0 0 -1
    outer loop
      vertex 27.4995 8.805 0
      vertex 14.1692 19.8231 0
      vertex 17.7487 19.8231 0
    endloop
  endfacet
  facet normal 0 0 -1
    outer loop
      vertex 3.6585 -21.195 0
      vertex 12.523 -23.195 0
      vertex 8.28925 -27.0951 0
    endloop
  endfacet
  facet normal 0 0 -1
    outer loop
      vertex -48.921 -37.195 0
      vertex -37.521 -23.195 0
      vertex -37.521 -37.195 0
    endloop
  endfacet
  facet normal 0 0 -1
    outer loop
      vertex -37.521 -23.195 0
      vertex -42.7108 -3.79494 0
      vertex -39.1312 -3.79494 0
    endloop
  endfacet
  facet normal -0 0 -1
    outer loop
      vertex -37.521 -23.195 0
      vertex -48.921 -37.195 0
      vertex -42.7108 -3.79494 0
    endloop
  endfacet
  facet normal -0 0 -1
    outer loop
      vertex -42.7108 -3.79494 0
      vertex -48.921 -37.195 0
      vertex -44.5005 -0.695 0
    endloop
  endfacet
  facet normal 0 0 -1
    outer loop
      vertex -21.521 -23.195 0
      vertex -30.1312 5.70506 0
      vertex -28.3415 8.805 0
    endloop
  endfacet
  facet normal 0 0 -1
    outer loop
      vertex -37.3415 -0.695 0
      vertex -30.1312 5.70506 0
      vertex -21.521 -23.195 0
    endloop
  endfacet
  facet normal -0 0 -1
    outer loop
      vertex -30.1312 5.70506 0
      vertex -37.3415 -0.695 0
      vertex -33.7108 5.70506 0
    endloop
  endfacet
  facet normal 0 0 -1
    outer loop
      vertex -39.1312 2.40494 0
      vertex -33.7108 5.70506 0
      vertex -37.3415 -0.695 0
    endloop
  endfacet
  facet normal 0 0 -1
    outer loop
      vertex -39.1312 -3.79494 0
      vertex -21.521 -23.195 0
      vertex -37.521 -23.195 0
    endloop
  endfacet
  facet normal 0 0 -1
    outer loop
      vertex -21.521 -23.195 0
      vertex -39.1312 -3.79494 0
      vertex -37.3415 -0.695 0
    endloop
  endfacet
  facet normal -0 0 -1
    outer loop
      vertex -1.71075 -18.0951 0
      vertex -13.7107 -23.0951 0
      vertex -28.3415 8.805 0
    endloop
  endfacet
  facet normal -0 0 -1
    outer loop
      vertex 12.3795 22.923 0
      vertex -15.0112 19.8231 0
      vertex -13.2215 22.923 0
    endloop
  endfacet
  facet normal 0 0 -1
    outer loop
      vertex -21.521 -23.195 0
      vertex -13.7107 -23.0951 0
      vertex -15.5005 -26.195 0
    endloop
  endfacet
  facet normal 0 0 -1
    outer loop
      vertex -1.71075 -18.0951 0
      vertex -28.3415 8.805 0
      vertex -15.0112 19.8231 0
    endloop
  endfacet
  facet normal 0 0 -1
    outer loop
      vertex 12.523 -37.195 0
      vertex 11.8687 -33.2949 0
      vertex 12.523 -32.1617 0
    endloop
  endfacet
  facet normal 0 0 -1
    outer loop
      vertex 12.523 -37.195 0
      vertex 8.28925 -33.2949 0
      vertex 11.8687 -33.2949 0
    endloop
  endfacet
  facet normal 0 0 -1
    outer loop
      vertex 8.28925 -27.0951 0
      vertex 1.86875 -24.2949 0
      vertex 3.6585 -21.195 0
    endloop
  endfacet
  facet normal 0 0 -1
    outer loop
      vertex -10.1312 -29.2949 0
      vertex 6.4995 -30.195 0
      vertex 8.28925 -33.2949 0
    endloop
  endfacet
  facet normal 0 0 -1
    outer loop
      vertex 6.4995 -30.195 0
      vertex -1.71075 -24.2949 0
      vertex 1.86875 -24.2949 0
    endloop
  endfacet
  facet normal 0 0 -1
    outer loop
      vertex -21.521 -37.195 0
      vertex 8.28925 -33.2949 0
      vertex 12.523 -37.195 0
    endloop
  endfacet
  facet normal -0 0 -1
    outer loop
      vertex -1.71075 -24.2949 0
      vertex -8.3415 -26.195 0
      vertex -3.5005 -21.195 0
    endloop
  endfacet
  facet normal 0 0 -1
    outer loop
      vertex 6.4995 -30.195 0
      vertex -10.1312 -29.2949 0
      vertex -1.71075 -24.2949 0
    endloop
  endfacet
  facet normal 0 0 -1
    outer loop
      vertex -1.71075 -24.2949 0
      vertex -10.1312 -29.2949 0
      vertex -8.3415 -26.195 0
    endloop
  endfacet
  facet normal -0 0 -1
    outer loop
      vertex 8.28925 -33.2949 0
      vertex -21.521 -37.195 0
      vertex -10.1312 -29.2949 0
    endloop
  endfacet
  facet normal 0 0 -1
    outer loop
      vertex -21.521 -23.195 0
      vertex -15.5005 -26.195 0
      vertex -21.521 -37.195 0
    endloop
  endfacet
  facet normal 0 0 -1
    outer loop
      vertex -28.3415 8.805 0
      vertex -13.7107 -23.0951 0
      vertex -21.521 -23.195 0
    endloop
  endfacet
  facet normal -0 0 -1
    outer loop
      vertex -13.7107 -29.2949 0
      vertex -21.521 -37.195 0
      vertex -15.5005 -26.195 0
    endloop
  endfacet
  facet normal -0 0 -1
    outer loop
      vertex -10.1312 -29.2949 0
      vertex -21.521 -37.195 0
      vertex -13.7107 -29.2949 0
    endloop
  endfacet
  facet normal 0 0 -1
    outer loop
      vertex 11.8687 -27.0951 0
      vertex 12.523 -23.195 0
      vertex 12.523 -28.2283 0
    endloop
  endfacet
  facet normal 0 0 -1
    outer loop
      vertex 8.28925 -27.0951 0
      vertex 12.523 -23.195 0
      vertex 11.8687 -27.0951 0
    endloop
  endfacet
  facet normal -1 0 0
    outer loop
      vertex -48.921 -37.195 0
      vertex -48.921 35.805 7.7
      vertex -48.921 35.805 0
    endloop
  endfacet
  facet normal -1 -0 0
    outer loop
      vertex -48.921 35.805 7.7
      vertex -48.921 -37.195 0
      vertex -48.921 -37.195 7.7
    endloop
  endfacet
  facet normal 0 1 -0
    outer loop
      vertex 48.079 35.805 0
      vertex -48.921 35.805 7.7
      vertex 48.079 35.805 7.7
    endloop
  endfacet
  facet normal 0 1 0
    outer loop
      vertex -48.921 35.805 7.7
      vertex 48.079 35.805 0
      vertex -48.921 35.805 0
    endloop
  endfacet
  facet normal 0 1 -0
    outer loop
      vertex 48.079 -37.195 7.7
      vertex 28.523 -37.195 12
      vertex 48.079 -37.195 12
    endloop
  endfacet
  facet normal 0 1 0
    outer loop
      vertex 28.523 -37.195 12
      vertex 48.079 -37.195 7.7
      vertex 28.523 -37.195 7.7
    endloop
  endfacet
  facet normal 0 -1 0
    outer loop
      vertex -48.921 -37.195 0
      vertex -37.521 -37.195 7.7
      vertex -48.921 -37.195 7.7
    endloop
  endfacet
  facet normal 0 -1 -0
    outer loop
      vertex -37.521 -37.195 7.7
      vertex -48.921 -37.195 0
      vertex -37.521 -37.195 0
    endloop
  endfacet
  facet normal 0 -1 0
    outer loop
      vertex -21.521 -37.195 0
      vertex 12.523 -37.195 7.7
      vertex -21.521 -37.195 7.7
    endloop
  endfacet
  facet normal 0 -1 -0
    outer loop
      vertex 12.523 -37.195 7.7
      vertex -21.521 -37.195 0
      vertex 12.523 -37.195 0
    endloop
  endfacet
  facet normal -1 0 0
    outer loop
      vertex 45.229 -34.345 5
      vertex 45.229 32.955 7.7
      vertex 45.229 32.955 5
    endloop
  endfacet
  facet normal -1 -0 0
    outer loop
      vertex 45.229 32.955 7.7
      vertex 45.229 -34.345 5
      vertex 45.229 -34.345 7.7
    endloop
  endfacet
  facet normal 0 0 1
    outer loop
      vertex 45.229 32.955 5
      vertex 41.95 -0.695 5
      vertex 45.229 -34.345 5
    endloop
  endfacet
  facet normal 0 0 1
    outer loop
      vertex 45.229 32.955 5
      vertex 41.9355 -0.473105 5
      vertex 41.95 -0.695 5
    endloop
  endfacet
  facet normal 0 0 1
    outer loop
      vertex 45.229 32.955 5
      vertex 41.8921 -0.255007 5
      vertex 41.9355 -0.473105 5
    endloop
  endfacet
  facet normal 0 0 1
    outer loop
      vertex 45.229 32.955 5
      vertex 41.8206 -0.0444374 5
      vertex 41.8921 -0.255007 5
    endloop
  endfacet
  facet normal 0 0 1
    outer loop
      vertex 45.229 32.955 5
      vertex 41.7222 0.155 5
      vertex 41.8206 -0.0444374 5
    endloop
  endfacet
  facet normal 0 0 1
    outer loop
      vertex 45.229 32.955 5
      vertex 41.5987 0.339894 5
      vertex 41.7222 0.155 5
    endloop
  endfacet
  facet normal 0 0 1
    outer loop
      vertex 45.229 32.955 5
      vertex 41.4521 0.507081 5
      vertex 41.5987 0.339894 5
    endloop
  endfacet
  facet normal 0 0 1
    outer loop
      vertex 45.229 32.955 5
      vertex 41.2849 0.6537 5
      vertex 41.4521 0.507081 5
    endloop
  endfacet
  facet normal 0 0 1
    outer loop
      vertex 45.229 32.955 5
      vertex 41.1 0.777243 5
      vertex 41.2849 0.6537 5
    endloop
  endfacet
  facet normal 0 0 1
    outer loop
      vertex 45.229 32.955 5
      vertex 40.9006 0.875595 5
      vertex 41.1 0.777243 5
    endloop
  endfacet
  facet normal -0 0 1
    outer loop
      vertex 32.6496 9.45556 5
      vertex 40.9006 0.875595 5
      vertex 45.229 32.955 5
    endloop
  endfacet
  facet normal -0 -0 1
    outer loop
      vertex 32.7211 9.24499 5
      vertex 40.9006 0.875595 5
      vertex 32.6496 9.45556 5
    endloop
  endfacet
  facet normal 0 0 1
    outer loop
      vertex 40.9006 0.875595 5
      vertex 32.7211 9.24499 5
      vertex 40.69 0.947073 5
    endloop
  endfacet
  facet normal -0 -0 1
    outer loop
      vertex 32.7645 9.02689 5
      vertex 40.69 0.947073 5
      vertex 32.7211 9.24499 5
    endloop
  endfacet
  facet normal 0 0 1
    outer loop
      vertex 40.69 0.947073 5
      vertex 32.7645 9.02689 5
      vertex 40.4719 0.990456 5
    endloop
  endfacet
  facet normal -0 -0 1
    outer loop
      vertex 32.779 8.805 5
      vertex 40.4719 0.990456 5
      vertex 32.7645 9.02689 5
    endloop
  endfacet
  facet normal 0 0 1
    outer loop
      vertex 40.4719 0.990456 5
      vertex 32.779 8.805 5
      vertex 40.25 1.005 5
    endloop
  endfacet
  facet normal -0 0 1
    outer loop
      vertex 32.7645 8.58311 5
      vertex 40.25 1.005 5
      vertex 32.779 8.805 5
    endloop
  endfacet
  facet normal 0 0 1
    outer loop
      vertex 40.25 1.005 5
      vertex 32.7645 8.58311 5
      vertex 40.0281 0.990456 5
    endloop
  endfacet
  facet normal 0 0 1
    outer loop
      vertex 40.0281 0.990456 5
      vertex 32.7211 8.36501 5
      vertex 39.81 0.947073 5
    endloop
  endfacet
  facet normal -0 0 1
    outer loop
      vertex 32.6496 8.15444 5
      vertex 39.81 0.947073 5
      vertex 32.7211 8.36501 5
    endloop
  endfacet
  facet normal 0 0 1
    outer loop
      vertex 39.81 0.947073 5
      vertex 32.6496 8.15444 5
      vertex 39.5994 0.875595 5
    endloop
  endfacet
  facet normal -0 0 1
    outer loop
      vertex 32.5512 7.955 5
      vertex 39.5994 0.875595 5
      vertex 32.6496 8.15444 5
    endloop
  endfacet
  facet normal 0 0 1
    outer loop
      vertex 39.2151 0.6537 5
      vertex 32.2811 7.60292 5
      vertex 39.0479 0.507081 5
    endloop
  endfacet
  facet normal -0 0 1
    outer loop
      vertex 32.2811 7.60292 5
      vertex 39.2151 0.6537 5
      vertex 32.4277 7.77011 5
    endloop
  endfacet
  facet normal 0 0 1
    outer loop
      vertex 39.5994 0.875595 5
      vertex 32.5512 7.955 5
      vertex 39.4 0.777243 5
    endloop
  endfacet
  facet normal 0 0 1
    outer loop
      vertex 39.4 0.777243 5
      vertex 32.4277 7.77011 5
      vertex 39.2151 0.6537 5
    endloop
  endfacet
  facet normal -0 0 1
    outer loop
      vertex 32.4277 7.77011 5
      vertex 39.4 0.777243 5
      vertex 32.5512 7.955 5
    endloop
  endfacet
  facet normal -0 0 1
    outer loop
      vertex 32.7211 8.36501 5
      vertex 40.0281 0.990456 5
      vertex 32.7645 8.58311 5
    endloop
  endfacet
  facet normal 0 0 1
    outer loop
      vertex 45.229 32.955 5
      vertex 32.5512 9.655 5
      vertex 32.6496 9.45556 5
    endloop
  endfacet
  facet normal 0 0 1
    outer loop
      vertex 45.229 32.955 5
      vertex 32.4277 9.83989 5
      vertex 32.5512 9.655 5
    endloop
  endfacet
  facet normal 0 0 1
    outer loop
      vertex 45.229 32.955 5
      vertex 32.2811 10.0071 5
      vertex 32.4277 9.83989 5
    endloop
  endfacet
  facet normal 0 0 1
    outer loop
      vertex 45.229 32.955 5
      vertex 32.1139 10.1537 5
      vertex 32.2811 10.0071 5
    endloop
  endfacet
  facet normal 0 0 1
    outer loop
      vertex 45.229 32.955 5
      vertex 31.929 10.2772 5
      vertex 32.1139 10.1537 5
    endloop
  endfacet
  facet normal 0 0 1
    outer loop
      vertex 45.229 32.955 5
      vertex 31.7296 10.3756 5
      vertex 31.929 10.2772 5
    endloop
  endfacet
  facet normal 0 0 1
    outer loop
      vertex 45.229 32.955 5
      vertex 31.519 10.4471 5
      vertex 31.7296 10.3756 5
    endloop
  endfacet
  facet normal 0 0 1
    outer loop
      vertex 45.229 32.955 5
      vertex 31.3009 10.4905 5
      vertex 31.519 10.4471 5
    endloop
  endfacet
  facet normal -0 0 1
    outer loop
      vertex 17.6445 23.1449 5
      vertex 31.3009 10.4905 5
      vertex 45.229 32.955 5
    endloop
  endfacet
  facet normal 0 0 1
    outer loop
      vertex 31.3009 10.4905 5
      vertex 17.6445 23.1449 5
      vertex 31.079 10.505 5
    endloop
  endfacet
  facet normal -0 -0 1
    outer loop
      vertex 17.659 22.923 5
      vertex 31.079 10.505 5
      vertex 17.6445 23.1449 5
    endloop
  endfacet
  facet normal 0 0 1
    outer loop
      vertex 31.079 10.505 5
      vertex 17.659 22.923 5
      vertex 30.8571 10.4905 5
    endloop
  endfacet
  facet normal -0 0 1
    outer loop
      vertex 17.6445 22.7011 5
      vertex 30.8571 10.4905 5
      vertex 17.659 22.923 5
    endloop
  endfacet
  facet normal 0 0 1
    outer loop
      vertex 30.8571 10.4905 5
      vertex 17.6445 22.7011 5
      vertex 30.639 10.4471 5
    endloop
  endfacet
  facet normal -0 0 1
    outer loop
      vertex 17.6011 22.483 5
      vertex 30.639 10.4471 5
      vertex 17.6445 22.7011 5
    endloop
  endfacet
  facet normal 0 0 1
    outer loop
      vertex 30.639 10.4471 5
      vertex 17.6011 22.483 5
      vertex 30.4284 10.3756 5
    endloop
  endfacet
  facet normal -0 0 1
    outer loop
      vertex 16.809 21.4508 5
      vertex 29.6068 9.655 5
      vertex 16.9939 21.5743 5
    endloop
  endfacet
  facet normal -0 0 1
    outer loop
      vertex 17.1611 21.7209 5
      vertex 29.8769 10.0071 5
      vertex 17.3077 21.8881 5
    endloop
  endfacet
  facet normal 0 0 1
    outer loop
      vertex 30.0441 10.1537 5
      vertex 17.3077 21.8881 5
      vertex 29.8769 10.0071 5
    endloop
  endfacet
  facet normal -0 0 1
    outer loop
      vertex 17.3077 21.8881 5
      vertex 30.0441 10.1537 5
      vertex 17.4312 22.073 5
    endloop
  endfacet
  facet normal 0 0 1
    outer loop
      vertex 30.229 10.2772 5
      vertex 17.4312 22.073 5
      vertex 30.0441 10.1537 5
    endloop
  endfacet
  facet normal -0 0 1
    outer loop
      vertex 17.4312 22.073 5
      vertex 30.229 10.2772 5
      vertex 17.5296 22.2724 5
    endloop
  endfacet
  facet normal -0 0 1
    outer loop
      vertex 17.5296 22.2724 5
      vertex 30.4284 10.3756 5
      vertex 17.6011 22.483 5
    endloop
  endfacet
  facet normal 0 0 1
    outer loop
      vertex 30.4284 10.3756 5
      vertex 17.5296 22.2724 5
      vertex 30.229 10.2772 5
    endloop
  endfacet
  facet normal 0 0 1
    outer loop
      vertex 45.229 32.955 5
      vertex 17.6011 23.363 5
      vertex 17.6445 23.1449 5
    endloop
  endfacet
  facet normal 0 0 1
    outer loop
      vertex 45.229 32.955 5
      vertex 17.5296 23.5736 5
      vertex 17.6011 23.363 5
    endloop
  endfacet
  facet normal 0 0 1
    outer loop
      vertex 45.229 32.955 5
      vertex 17.4312 23.773 5
      vertex 17.5296 23.5736 5
    endloop
  endfacet
  facet normal 0 0 1
    outer loop
      vertex 45.229 32.955 5
      vertex 17.3077 23.9579 5
      vertex 17.4312 23.773 5
    endloop
  endfacet
  facet normal 0 0 1
    outer loop
      vertex 45.229 32.955 5
      vertex 17.1611 24.1251 5
      vertex 17.3077 23.9579 5
    endloop
  endfacet
  facet normal 0 0 1
    outer loop
      vertex 45.229 32.955 5
      vertex 16.9939 24.2717 5
      vertex 17.1611 24.1251 5
    endloop
  endfacet
  facet normal 0 0 1
    outer loop
      vertex 45.229 32.955 5
      vertex 16.809 24.3952 5
      vertex 16.9939 24.2717 5
    endloop
  endfacet
  facet normal 0 0 1
    outer loop
      vertex 45.229 32.955 5
      vertex 16.6096 24.4936 5
      vertex 16.809 24.3952 5
    endloop
  endfacet
  facet normal 0 0 1
    outer loop
      vertex 45.229 32.955 5
      vertex 16.399 24.5651 5
      vertex 16.6096 24.4936 5
    endloop
  endfacet
  facet normal 0 0 1
    outer loop
      vertex 45.229 32.955 5
      vertex 16.1809 24.6085 5
      vertex 16.399 24.5651 5
    endloop
  endfacet
  facet normal 0 0 1
    outer loop
      vertex 45.229 32.955 5
      vertex 15.959 24.623 5
      vertex 16.1809 24.6085 5
    endloop
  endfacet
  facet normal 0 0 1
    outer loop
      vertex 45.229 32.955 5
      vertex 15.7371 24.6085 5
      vertex 15.959 24.623 5
    endloop
  endfacet
  facet normal 0 0 1
    outer loop
      vertex -16.5791 24.6085 5
      vertex 15.7371 24.6085 5
      vertex 45.229 32.955 5
    endloop
  endfacet
  facet normal 0 0 1
    outer loop
      vertex 12.523 -23.195 5
      vertex 11.779 -30.195 5
      vertex 12.523 -34.345 5
    endloop
  endfacet
  facet normal 0 0 1
    outer loop
      vertex 29.5084 8.15444 5
      vertex 0.929 -19.7228 5
      vertex 12.523 -23.195 5
    endloop
  endfacet
  facet normal 0 0 1
    outer loop
      vertex 12.523 -23.195 5
      vertex 11.7645 -29.9731 5
      vertex 11.779 -30.195 5
    endloop
  endfacet
  facet normal 0 0 1
    outer loop
      vertex 12.523 -23.195 5
      vertex 11.7211 -29.755 5
      vertex 11.7645 -29.9731 5
    endloop
  endfacet
  facet normal 0 0 1
    outer loop
      vertex 12.523 -23.195 5
      vertex 11.6496 -29.5444 5
      vertex 11.7211 -29.755 5
    endloop
  endfacet
  facet normal 0 0 1
    outer loop
      vertex 12.523 -23.195 5
      vertex 11.5512 -29.345 5
      vertex 11.6496 -29.5444 5
    endloop
  endfacet
  facet normal 0 0 1
    outer loop
      vertex 12.523 -23.195 5
      vertex 11.4277 -29.1601 5
      vertex 11.5512 -29.345 5
    endloop
  endfacet
  facet normal 0 0 1
    outer loop
      vertex 12.523 -23.195 5
      vertex 11.2811 -28.9929 5
      vertex 11.4277 -29.1601 5
    endloop
  endfacet
  facet normal 0 0 1
    outer loop
      vertex 12.523 -23.195 5
      vertex 11.1139 -28.8463 5
      vertex 11.2811 -28.9929 5
    endloop
  endfacet
  facet normal 0 0 1
    outer loop
      vertex 12.523 -23.195 5
      vertex 10.929 -28.7228 5
      vertex 11.1139 -28.8463 5
    endloop
  endfacet
  facet normal -0 -0 1
    outer loop
      vertex 1.55124 -20.345 5
      vertex 12.523 -23.195 5
      vertex 1.4277 -20.1601 5
    endloop
  endfacet
  facet normal 0 0 1
    outer loop
      vertex -15.101 22.923 5
      vertex 14.259 22.923 5
      vertex 14.2735 23.1449 5
    endloop
  endfacet
  facet normal -0 -0 1
    outer loop
      vertex 1.64959 -20.5444 5
      vertex 12.523 -23.195 5
      vertex 1.55124 -20.345 5
    endloop
  endfacet
  facet normal 0 0 1
    outer loop
      vertex 12.523 -23.195 5
      vertex 10.7296 -28.6244 5
      vertex 10.929 -28.7228 5
    endloop
  endfacet
  facet normal -0 -0 1
    outer loop
      vertex 1.72107 -20.755 5
      vertex 12.523 -23.195 5
      vertex 1.64959 -20.5444 5
    endloop
  endfacet
  facet normal 0 0 1
    outer loop
      vertex 12.523 -23.195 5
      vertex 10.519 -28.5529 5
      vertex 10.7296 -28.6244 5
    endloop
  endfacet
  facet normal 0 0 1
    outer loop
      vertex 12.523 -23.195 5
      vertex 10.3009 -28.5095 5
      vertex 10.519 -28.5529 5
    endloop
  endfacet
  facet normal -0 -0 1
    outer loop
      vertex 1.779 -21.195 5
      vertex 12.523 -23.195 5
      vertex 1.76446 -20.9731 5
    endloop
  endfacet
  facet normal 0 0 1
    outer loop
      vertex 12.523 -23.195 5
      vertex 10.079 -28.495 5
      vertex 10.3009 -28.5095 5
    endloop
  endfacet
  facet normal -0 0 1
    outer loop
      vertex 1.76446 -21.4169 5
      vertex 12.523 -23.195 5
      vertex 1.779 -21.195 5
    endloop
  endfacet
  facet normal 0 0 1
    outer loop
      vertex 12.523 -23.195 5
      vertex 9.85711 -28.5095 5
      vertex 10.079 -28.495 5
    endloop
  endfacet
  facet normal -0 0 1
    outer loop
      vertex 1.72107 -21.635 5
      vertex 12.523 -23.195 5
      vertex 1.76446 -21.4169 5
    endloop
  endfacet
  facet normal 0 0 1
    outer loop
      vertex 12.523 -23.195 5
      vertex 9.63901 -28.5529 5
      vertex 9.85711 -28.5095 5
    endloop
  endfacet
  facet normal -0 0 1
    outer loop
      vertex 1.64959 -21.8456 5
      vertex 12.523 -23.195 5
      vertex 1.72107 -21.635 5
    endloop
  endfacet
  facet normal 0 0 1
    outer loop
      vertex 12.523 -23.195 5
      vertex 9.42844 -28.6244 5
      vertex 9.63901 -28.5529 5
    endloop
  endfacet
  facet normal 0 0 1
    outer loop
      vertex 9.42844 -28.6244 5
      vertex 1.64959 -21.8456 5
      vertex 9.229 -28.7228 5
    endloop
  endfacet
  facet normal -0 0 1
    outer loop
      vertex 1.28108 -22.3971 5
      vertex 8.87692 -28.9929 5
      vertex 1.4277 -22.2299 5
    endloop
  endfacet
  facet normal -0 0 1
    outer loop
      vertex 1.55124 -22.045 5
      vertex 9.229 -28.7228 5
      vertex 1.64959 -21.8456 5
    endloop
  endfacet
  facet normal 0 0 1
    outer loop
      vertex -15.1155 23.1449 5
      vertex 14.2735 23.1449 5
      vertex 14.3169 23.363 5
    endloop
  endfacet
  facet normal 0 0 1
    outer loop
      vertex 9.04411 -28.8463 5
      vertex 1.4277 -22.2299 5
      vertex 8.87692 -28.9929 5
    endloop
  endfacet
  facet normal -0 0 1
    outer loop
      vertex 1.4277 -22.2299 5
      vertex 9.04411 -28.8463 5
      vertex 1.55124 -22.045 5
    endloop
  endfacet
  facet normal 0 0 1
    outer loop
      vertex 9.229 -28.7228 5
      vertex 1.55124 -22.045 5
      vertex 9.04411 -28.8463 5
    endloop
  endfacet
  facet normal 0 0 1
    outer loop
      vertex 12.523 -23.195 5
      vertex 1.64959 -21.8456 5
      vertex 9.42844 -28.6244 5
    endloop
  endfacet
  facet normal -0 -0 1
    outer loop
      vertex 1.76446 -20.9731 5
      vertex 12.523 -23.195 5
      vertex 1.72107 -20.755 5
    endloop
  endfacet
  facet normal 0 0 1
    outer loop
      vertex 12.523 -23.195 5
      vertex 1.28108 -19.9929 5
      vertex 1.4277 -20.1601 5
    endloop
  endfacet
  facet normal 0 0 1
    outer loop
      vertex 12.523 -23.195 5
      vertex 1.11389 -19.8463 5
      vertex 1.28108 -19.9929 5
    endloop
  endfacet
  facet normal 0 0 1
    outer loop
      vertex 12.523 -23.195 5
      vertex 0.929 -19.7228 5
      vertex 1.11389 -19.8463 5
    endloop
  endfacet
  facet normal 0 0 1
    outer loop
      vertex 14.259 22.923 5
      vertex 0.729562 -19.6244 5
      vertex 0.929 -19.7228 5
    endloop
  endfacet
  facet normal 0 0 1
    outer loop
      vertex 14.259 22.923 5
      vertex 0.518991 -19.5529 5
      vertex 0.729562 -19.6244 5
    endloop
  endfacet
  facet normal 0 0 1
    outer loop
      vertex 14.259 22.923 5
      vertex 0.300894 -19.5095 5
      vertex 0.518991 -19.5529 5
    endloop
  endfacet
  facet normal 0 0 1
    outer loop
      vertex 14.259 22.923 5
      vertex 0.0789995 -19.495 5
      vertex 0.300894 -19.5095 5
    endloop
  endfacet
  facet normal 0 0 1
    outer loop
      vertex 14.259 22.923 5
      vertex -15.5989 21.7209 5
      vertex 0.0789995 -19.495 5
    endloop
  endfacet
  facet normal -0 0 1
    outer loop
      vertex -15.7661 21.5743 5
      vertex 0.0789995 -19.495 5
      vertex -15.5989 21.7209 5
    endloop
  endfacet
  facet normal 0 0 1
    outer loop
      vertex -15.1589 23.363 5
      vertex 14.3169 23.363 5
      vertex 14.3884 23.5736 5
    endloop
  endfacet
  facet normal 0 0 1
    outer loop
      vertex 0.0789995 -19.495 5
      vertex -15.7661 21.5743 5
      vertex -0.142894 -19.5095 5
    endloop
  endfacet
  facet normal -0 0 1
    outer loop
      vertex -15.951 21.4508 5
      vertex -0.142894 -19.5095 5
      vertex -15.7661 21.5743 5
    endloop
  endfacet
  facet normal 0 0 1
    outer loop
      vertex -0.142894 -19.5095 5
      vertex -15.951 21.4508 5
      vertex -0.360991 -19.5529 5
    endloop
  endfacet
  facet normal -0 0 1
    outer loop
      vertex -16.1504 21.3524 5
      vertex -0.360991 -19.5529 5
      vertex -15.951 21.4508 5
    endloop
  endfacet
  facet normal 0 0 1
    outer loop
      vertex -0.360991 -19.5529 5
      vertex -16.1504 21.3524 5
      vertex -0.571562 -19.6244 5
    endloop
  endfacet
  facet normal -0 0 1
    outer loop
      vertex -16.361 21.2809 5
      vertex -0.571562 -19.6244 5
      vertex -16.1504 21.3524 5
    endloop
  endfacet
  facet normal -0 0 1
    outer loop
      vertex -30.3504 8.15444 5
      vertex -0.571562 -19.6244 5
      vertex -16.361 21.2809 5
    endloop
  endfacet
  facet normal 0 0 1
    outer loop
      vertex -10.7189 -24.9929 5
      vertex -1.621 -21.195 5
      vertex -1.60646 -20.9731 5
    endloop
  endfacet
  facet normal 0 0 1
    outer loop
      vertex -10.8861 -24.8463 5
      vertex -1.60646 -20.9731 5
      vertex -1.56307 -20.755 5
    endloop
  endfacet
  facet normal 0 0 1
    outer loop
      vertex -11.071 -24.7228 5
      vertex -1.56307 -20.755 5
      vertex -1.49159 -20.5444 5
    endloop
  endfacet
  facet normal 0 0 1
    outer loop
      vertex -0.571562 -19.6244 5
      vertex -30.3504 8.15444 5
      vertex -0.771 -19.7228 5
    endloop
  endfacet
  facet normal 0 0 1
    outer loop
      vertex -15.2304 23.5736 5
      vertex 14.3884 23.5736 5
      vertex 14.4868 23.773 5
    endloop
  endfacet
  facet normal 0 0 1
    outer loop
      vertex -1.621 -21.195 5
      vertex -10.2355 -25.9731 5
      vertex -10.221 -26.195 5
    endloop
  endfacet
  facet normal 0 0 1
    outer loop
      vertex -1.621 -21.195 5
      vertex -10.2789 -25.755 5
      vertex -10.2355 -25.9731 5
    endloop
  endfacet
  facet normal 0 0 1
    outer loop
      vertex -1.621 -21.195 5
      vertex -10.3504 -25.5444 5
      vertex -10.2789 -25.755 5
    endloop
  endfacet
  facet normal 0 0 1
    outer loop
      vertex -1.621 -21.195 5
      vertex -10.4488 -25.345 5
      vertex -10.3504 -25.5444 5
    endloop
  endfacet
  facet normal 0 0 1
    outer loop
      vertex -1.621 -21.195 5
      vertex -10.5723 -25.1601 5
      vertex -10.4488 -25.345 5
    endloop
  endfacet
  facet normal 0 0 1
    outer loop
      vertex -1.621 -21.195 5
      vertex -10.7189 -24.9929 5
      vertex -10.5723 -25.1601 5
    endloop
  endfacet
  facet normal 0 0 1
    outer loop
      vertex -1.60646 -20.9731 5
      vertex -10.8861 -24.8463 5
      vertex -10.7189 -24.9929 5
    endloop
  endfacet
  facet normal 0 0 1
    outer loop
      vertex -1.56307 -20.755 5
      vertex -11.071 -24.7228 5
      vertex -10.8861 -24.8463 5
    endloop
  endfacet
  facet normal 0 0 1
    outer loop
      vertex -1.49159 -20.5444 5
      vertex -11.2704 -24.6244 5
      vertex -11.071 -24.7228 5
    endloop
  endfacet
  facet normal 0 0 1
    outer loop
      vertex -0.771 -19.7228 5
      vertex -30.4488 7.955 5
      vertex -0.955894 -19.8463 5
    endloop
  endfacet
  facet normal -0 0 1
    outer loop
      vertex -30.5723 7.77011 5
      vertex -0.955894 -19.8463 5
      vertex -30.4488 7.955 5
    endloop
  endfacet
  facet normal 0 0 1
    outer loop
      vertex -1.49159 -20.5444 5
      vertex -11.481 -24.5529 5
      vertex -11.2704 -24.6244 5
    endloop
  endfacet
  facet normal 0 -0 1
    outer loop
      vertex -12.1429 -24.5095 5
      vertex -0.955894 -19.8463 5
      vertex -30.5723 7.77011 5
    endloop
  endfacet
  facet normal 0 0 1
    outer loop
      vertex -1.39324 -20.345 5
      vertex -11.481 -24.5529 5
      vertex -1.49159 -20.5444 5
    endloop
  endfacet
  facet normal 0 -0 1
    outer loop
      vertex -11.921 -24.495 5
      vertex -1.12308 -19.9929 5
      vertex -12.1429 -24.5095 5
    endloop
  endfacet
  facet normal 0 -0 1
    outer loop
      vertex -11.481 -24.5529 5
      vertex -1.39324 -20.345 5
      vertex -11.6991 -24.5095 5
    endloop
  endfacet
  facet normal 0 0 1
    outer loop
      vertex -1.12308 -19.9929 5
      vertex -11.921 -24.495 5
      vertex -1.2697 -20.1601 5
    endloop
  endfacet
  facet normal 0 0 1
    outer loop
      vertex -1.2697 -20.1601 5
      vertex -11.6991 -24.5095 5
      vertex -1.39324 -20.345 5
    endloop
  endfacet
  facet normal 0 -0 1
    outer loop
      vertex -11.6991 -24.5095 5
      vertex -1.2697 -20.1601 5
      vertex -11.921 -24.495 5
    endloop
  endfacet
  facet normal -0 -0 1
    outer loop
      vertex -21.521 -23.195 5
      vertex -12.1429 -24.5095 5
      vertex -30.5723 7.77011 5
    endloop
  endfacet
  facet normal 0 0 1
    outer loop
      vertex 14.259 22.923 5
      vertex -15.3288 22.073 5
      vertex -15.4523 21.8881 5
    endloop
  endfacet
  facet normal 0 0 1
    outer loop
      vertex 14.259 22.923 5
      vertex -15.2304 22.2724 5
      vertex -15.3288 22.073 5
    endloop
  endfacet
  facet normal 0 0 1
    outer loop
      vertex 14.259 22.923 5
      vertex -15.1589 22.483 5
      vertex -15.2304 22.2724 5
    endloop
  endfacet
  facet normal 0 0 1
    outer loop
      vertex 14.259 22.923 5
      vertex -15.1155 22.7011 5
      vertex -15.1589 22.483 5
    endloop
  endfacet
  facet normal 0 0 1
    outer loop
      vertex 14.259 22.923 5
      vertex -15.101 22.923 5
      vertex -15.1155 22.7011 5
    endloop
  endfacet
  facet normal 0 0 1
    outer loop
      vertex -15.3288 23.773 5
      vertex 14.4868 23.773 5
      vertex 14.6103 23.9579 5
    endloop
  endfacet
  facet normal 0 0 1
    outer loop
      vertex -15.4523 23.9579 5
      vertex 14.6103 23.9579 5
      vertex 14.7569 24.1251 5
    endloop
  endfacet
  facet normal 0 0 1
    outer loop
      vertex -15.5989 24.1251 5
      vertex 14.7569 24.1251 5
      vertex 14.9241 24.2717 5
    endloop
  endfacet
  facet normal 0 0 1
    outer loop
      vertex -15.7661 24.2717 5
      vertex 14.9241 24.2717 5
      vertex 15.109 24.3952 5
    endloop
  endfacet
  facet normal 0 0 1
    outer loop
      vertex -15.951 24.3952 5
      vertex 15.109 24.3952 5
      vertex 15.3084 24.4936 5
    endloop
  endfacet
  facet normal 0 0 1
    outer loop
      vertex -16.1504 24.4936 5
      vertex 15.3084 24.4936 5
      vertex 15.519 24.5651 5
    endloop
  endfacet
  facet normal 0 0 1
    outer loop
      vertex 15.7371 24.6085 5
      vertex -16.5791 24.6085 5
      vertex 15.519 24.5651 5
    endloop
  endfacet
  facet normal 0 0 1
    outer loop
      vertex 14.2735 23.1449 5
      vertex -15.1155 23.1449 5
      vertex -15.101 22.923 5
    endloop
  endfacet
  facet normal 0 0 1
    outer loop
      vertex 14.3169 23.363 5
      vertex -15.1589 23.363 5
      vertex -15.1155 23.1449 5
    endloop
  endfacet
  facet normal 0 0 1
    outer loop
      vertex 14.3884 23.5736 5
      vertex -15.2304 23.5736 5
      vertex -15.1589 23.363 5
    endloop
  endfacet
  facet normal 0 0 1
    outer loop
      vertex 14.4868 23.773 5
      vertex -15.3288 23.773 5
      vertex -15.2304 23.5736 5
    endloop
  endfacet
  facet normal 0 0 1
    outer loop
      vertex 14.6103 23.9579 5
      vertex -15.4523 23.9579 5
      vertex -15.3288 23.773 5
    endloop
  endfacet
  facet normal 0 0 1
    outer loop
      vertex 14.7569 24.1251 5
      vertex -15.5989 24.1251 5
      vertex -15.4523 23.9579 5
    endloop
  endfacet
  facet normal 0 0 1
    outer loop
      vertex 14.9241 24.2717 5
      vertex -15.7661 24.2717 5
      vertex -15.5989 24.1251 5
    endloop
  endfacet
  facet normal 0 0 1
    outer loop
      vertex 15.109 24.3952 5
      vertex -15.951 24.3952 5
      vertex -15.7661 24.2717 5
    endloop
  endfacet
  facet normal 0 0 1
    outer loop
      vertex 15.3084 24.4936 5
      vertex -16.1504 24.4936 5
      vertex -15.951 24.3952 5
    endloop
  endfacet
  facet normal 0 0 1
    outer loop
      vertex 15.519 24.5651 5
      vertex -16.361 24.5651 5
      vertex -16.1504 24.4936 5
    endloop
  endfacet
  facet normal 0 0 1
    outer loop
      vertex 15.519 24.5651 5
      vertex -16.5791 24.6085 5
      vertex -16.361 24.5651 5
    endloop
  endfacet
  facet normal -0 0 1
    outer loop
      vertex -46.071 32.955 5
      vertex -16.5791 24.6085 5
      vertex 45.229 32.955 5
    endloop
  endfacet
  facet normal 0 0 1
    outer loop
      vertex -16.5791 24.6085 5
      vertex -46.071 32.955 5
      vertex -16.801 24.623 5
    endloop
  endfacet
  facet normal 0 0 1
    outer loop
      vertex -30.3504 8.15444 5
      vertex -16.361 21.2809 5
      vertex -30.2789 8.36501 5
    endloop
  endfacet
  facet normal 0 0 1
    outer loop
      vertex -31.921 10.505 5
      vertex -18.501 22.923 5
      vertex -18.4865 23.1449 5
    endloop
  endfacet
  facet normal 0 0 1
    outer loop
      vertex -46.071 32.955 5
      vertex -18.4865 23.1449 5
      vertex -18.4431 23.363 5
    endloop
  endfacet
  facet normal 0 0 1
    outer loop
      vertex -46.071 32.955 5
      vertex -18.4431 23.363 5
      vertex -18.3716 23.5736 5
    endloop
  endfacet
  facet normal 0 0 1
    outer loop
      vertex -46.071 32.955 5
      vertex -18.3716 23.5736 5
      vertex -18.2732 23.773 5
    endloop
  endfacet
  facet normal 0 0 1
    outer loop
      vertex -46.071 32.955 5
      vertex -18.2732 23.773 5
      vertex -18.1497 23.9579 5
    endloop
  endfacet
  facet normal 0 0 1
    outer loop
      vertex -18.4865 22.7011 5
      vertex -30.2355 9.02689 5
      vertex -30.221 8.805 5
    endloop
  endfacet
  facet normal 0 0 1
    outer loop
      vertex -18.4865 22.7011 5
      vertex -30.2789 9.24499 5
      vertex -30.2355 9.02689 5
    endloop
  endfacet
  facet normal 0 0 1
    outer loop
      vertex -18.4865 22.7011 5
      vertex -30.3504 9.45556 5
      vertex -30.2789 9.24499 5
    endloop
  endfacet
  facet normal 0 0 1
    outer loop
      vertex -18.4865 22.7011 5
      vertex -30.4488 9.655 5
      vertex -30.3504 9.45556 5
    endloop
  endfacet
  facet normal 0 0 1
    outer loop
      vertex -18.4865 22.7011 5
      vertex -30.5723 9.83989 5
      vertex -30.4488 9.655 5
    endloop
  endfacet
  facet normal 0 0 1
    outer loop
      vertex -46.071 32.955 5
      vertex -18.1497 23.9579 5
      vertex -18.0031 24.1251 5
    endloop
  endfacet
  facet normal 0 0 1
    outer loop
      vertex -18.4865 22.7011 5
      vertex -30.7189 10.0071 5
      vertex -30.5723 9.83989 5
    endloop
  endfacet
  facet normal 0 0 1
    outer loop
      vertex -18.4865 22.7011 5
      vertex -30.8861 10.1537 5
      vertex -30.7189 10.0071 5
    endloop
  endfacet
  facet normal 0 0 1
    outer loop
      vertex -18.4865 22.7011 5
      vertex -31.071 10.2772 5
      vertex -30.8861 10.1537 5
    endloop
  endfacet
  facet normal 0 0 1
    outer loop
      vertex -18.4865 22.7011 5
      vertex -31.2704 10.3756 5
      vertex -31.071 10.2772 5
    endloop
  endfacet
  facet normal 0 0 1
    outer loop
      vertex -18.4865 22.7011 5
      vertex -31.481 10.4471 5
      vertex -31.2704 10.3756 5
    endloop
  endfacet
  facet normal 0 0 1
    outer loop
      vertex -18.4865 22.7011 5
      vertex -31.6991 10.4905 5
      vertex -31.481 10.4471 5
    endloop
  endfacet
  facet normal 0 0 1
    outer loop
      vertex -18.501 22.923 5
      vertex -31.921 10.505 5
      vertex -31.6991 10.4905 5
    endloop
  endfacet
  facet normal 0 0 1
    outer loop
      vertex -18.4865 23.1449 5
      vertex -32.1429 10.4905 5
      vertex -31.921 10.505 5
    endloop
  endfacet
  facet normal 0 0 1
    outer loop
      vertex -18.4865 23.1449 5
      vertex -46.071 32.955 5
      vertex -32.1429 10.4905 5
    endloop
  endfacet
  facet normal 0 0 1
    outer loop
      vertex -32.1429 10.4905 5
      vertex -46.071 32.955 5
      vertex -32.361 10.4471 5
    endloop
  endfacet
  facet normal 0 0 1
    outer loop
      vertex -32.361 10.4471 5
      vertex -46.071 32.955 5
      vertex -32.5716 10.3756 5
    endloop
  endfacet
  facet normal 0 0 1
    outer loop
      vertex -32.5716 10.3756 5
      vertex -46.071 32.955 5
      vertex -32.771 10.2772 5
    endloop
  endfacet
  facet normal 0 0 1
    outer loop
      vertex -32.771 10.2772 5
      vertex -46.071 32.955 5
      vertex -32.9559 10.1537 5
    endloop
  endfacet
  facet normal 0 0 1
    outer loop
      vertex -41.1429 0.990456 5
      vertex -33.621 8.805 5
      vertex -33.6065 9.02689 5
    endloop
  endfacet
  facet normal 0 0 1
    outer loop
      vertex -33.621 8.805 5
      vertex -39.2355 -0.916894 5
      vertex -39.2789 -1.13499 5
    endloop
  endfacet
  facet normal 0 0 1
    outer loop
      vertex -33.621 8.805 5
      vertex -39.221 -0.695 5
      vertex -39.2355 -0.916894 5
    endloop
  endfacet
  facet normal 0 0 1
    outer loop
      vertex -41.361 0.947073 5
      vertex -33.6065 9.02689 5
      vertex -33.5631 9.24499 5
    endloop
  endfacet
  facet normal 0 0 1
    outer loop
      vertex -41.5716 0.875595 5
      vertex -33.5631 9.24499 5
      vertex -33.4916 9.45556 5
    endloop
  endfacet
  facet normal 0 0 1
    outer loop
      vertex -46.071 32.955 5
      vertex -33.4916 9.45556 5
      vertex -33.3932 9.655 5
    endloop
  endfacet
  facet normal 0 0 1
    outer loop
      vertex -33.621 8.805 5
      vertex -39.2355 -0.473105 5
      vertex -39.221 -0.695 5
    endloop
  endfacet
  facet normal 0 0 1
    outer loop
      vertex -33.621 8.805 5
      vertex -39.2789 -0.255007 5
      vertex -39.2355 -0.473105 5
    endloop
  endfacet
  facet normal 0 0 1
    outer loop
      vertex -33.621 8.805 5
      vertex -39.3504 -0.0444374 5
      vertex -39.2789 -0.255007 5
    endloop
  endfacet
  facet normal 0 0 1
    outer loop
      vertex -33.621 8.805 5
      vertex -39.4488 0.155 5
      vertex -39.3504 -0.0444374 5
    endloop
  endfacet
  facet normal 0 0 1
    outer loop
      vertex -33.621 8.805 5
      vertex -39.5723 0.339894 5
      vertex -39.4488 0.155 5
    endloop
  endfacet
  facet normal 0 0 1
    outer loop
      vertex -33.621 8.805 5
      vertex -39.7189 0.507081 5
      vertex -39.5723 0.339894 5
    endloop
  endfacet
  facet normal 0 0 1
    outer loop
      vertex -46.071 32.955 5
      vertex -33.3932 9.655 5
      vertex -33.2697 9.83989 5
    endloop
  endfacet
  facet normal 0 0 1
    outer loop
      vertex -33.621 8.805 5
      vertex -39.8861 0.6537 5
      vertex -39.7189 0.507081 5
    endloop
  endfacet
  facet normal 0 0 1
    outer loop
      vertex -33.621 8.805 5
      vertex -40.071 0.777243 5
      vertex -39.8861 0.6537 5
    endloop
  endfacet
  facet normal 0 0 1
    outer loop
      vertex -33.621 8.805 5
      vertex -40.2704 0.875595 5
      vertex -40.071 0.777243 5
    endloop
  endfacet
  facet normal 0 0 1
    outer loop
      vertex -33.621 8.805 5
      vertex -40.481 0.947073 5
      vertex -40.2704 0.875595 5
    endloop
  endfacet
  facet normal 0 0 1
    outer loop
      vertex -33.621 8.805 5
      vertex -40.6991 0.990456 5
      vertex -40.481 0.947073 5
    endloop
  endfacet
  facet normal 0 0 1
    outer loop
      vertex -33.621 8.805 5
      vertex -40.921 1.005 5
      vertex -40.6991 0.990456 5
    endloop
  endfacet
  facet normal 0 0 1
    outer loop
      vertex -33.621 8.805 5
      vertex -41.1429 0.990456 5
      vertex -40.921 1.005 5
    endloop
  endfacet
  facet normal 0 0 1
    outer loop
      vertex -46.071 32.955 5
      vertex -33.2697 9.83989 5
      vertex -33.1231 10.0071 5
    endloop
  endfacet
  facet normal 0 0 1
    outer loop
      vertex -33.6065 9.02689 5
      vertex -41.361 0.947073 5
      vertex -41.1429 0.990456 5
    endloop
  endfacet
  facet normal 0 0 1
    outer loop
      vertex -33.5631 9.24499 5
      vertex -41.5716 0.875595 5
      vertex -41.361 0.947073 5
    endloop
  endfacet
  facet normal 0 0 1
    outer loop
      vertex -33.4916 9.45556 5
      vertex -46.071 32.955 5
      vertex -41.5716 0.875595 5
    endloop
  endfacet
  facet normal 0 0 1
    outer loop
      vertex -41.5716 0.875595 5
      vertex -46.071 32.955 5
      vertex -41.771 0.777243 5
    endloop
  endfacet
  facet normal 0 0 1
    outer loop
      vertex -41.771 0.777243 5
      vertex -46.071 32.955 5
      vertex -41.9559 0.6537 5
    endloop
  endfacet
  facet normal 0 0 1
    outer loop
      vertex -42.6065 -0.473105 5
      vertex -46.071 32.955 5
      vertex -42.621 -0.695 5
    endloop
  endfacet
  facet normal 0 0 1
    outer loop
      vertex -42.5631 -0.255007 5
      vertex -46.071 32.955 5
      vertex -42.6065 -0.473105 5
    endloop
  endfacet
  facet normal 0 0 1
    outer loop
      vertex -42.4916 -0.0444374 5
      vertex -46.071 32.955 5
      vertex -42.5631 -0.255007 5
    endloop
  endfacet
  facet normal 0 0 1
    outer loop
      vertex -42.3932 0.155 5
      vertex -46.071 32.955 5
      vertex -42.4916 -0.0444374 5
    endloop
  endfacet
  facet normal 0 0 1
    outer loop
      vertex -42.2697 0.339894 5
      vertex -46.071 32.955 5
      vertex -42.3932 0.155 5
    endloop
  endfacet
  facet normal 0 0 1
    outer loop
      vertex -42.1231 0.507081 5
      vertex -46.071 32.955 5
      vertex -42.2697 0.339894 5
    endloop
  endfacet
  facet normal 0 0 1
    outer loop
      vertex -41.9559 0.6537 5
      vertex -46.071 32.955 5
      vertex -42.1231 0.507081 5
    endloop
  endfacet
  facet normal 0 0 1
    outer loop
      vertex -32.9559 10.1537 5
      vertex -46.071 32.955 5
      vertex -33.1231 10.0071 5
    endloop
  endfacet
  facet normal 0 0 1
    outer loop
      vertex -17.8359 24.2717 5
      vertex -46.071 32.955 5
      vertex -18.0031 24.1251 5
    endloop
  endfacet
  facet normal 0 0 1
    outer loop
      vertex -17.651 24.3952 5
      vertex -46.071 32.955 5
      vertex -17.8359 24.2717 5
    endloop
  endfacet
  facet normal 0 0 1
    outer loop
      vertex -17.4516 24.4936 5
      vertex -46.071 32.955 5
      vertex -17.651 24.3952 5
    endloop
  endfacet
  facet normal 0 0 1
    outer loop
      vertex -17.241 24.5651 5
      vertex -46.071 32.955 5
      vertex -17.4516 24.4936 5
    endloop
  endfacet
  facet normal 0 0 1
    outer loop
      vertex -17.0229 24.6085 5
      vertex -46.071 32.955 5
      vertex -17.241 24.5651 5
    endloop
  endfacet
  facet normal 0 0 1
    outer loop
      vertex -16.801 24.623 5
      vertex -46.071 32.955 5
      vertex -17.0229 24.6085 5
    endloop
  endfacet
  facet normal -0 0 1
    outer loop
      vertex 41.9355 -0.916894 5
      vertex 45.229 -34.345 5
      vertex 41.95 -0.695 5
    endloop
  endfacet
  facet normal -0 0 1
    outer loop
      vertex 41.8921 -1.13499 5
      vertex 45.229 -34.345 5
      vertex 41.9355 -0.916894 5
    endloop
  endfacet
  facet normal -0 0 1
    outer loop
      vertex 41.8206 -1.34556 5
      vertex 45.229 -34.345 5
      vertex 41.8921 -1.13499 5
    endloop
  endfacet
  facet normal -0 0 1
    outer loop
      vertex 41.7222 -1.545 5
      vertex 45.229 -34.345 5
      vertex 41.8206 -1.34556 5
    endloop
  endfacet
  facet normal -0 0 1
    outer loop
      vertex 41.5987 -1.72989 5
      vertex 45.229 -34.345 5
      vertex 41.7222 -1.545 5
    endloop
  endfacet
  facet normal -0 0 1
    outer loop
      vertex 41.4521 -1.89708 5
      vertex 45.229 -34.345 5
      vertex 41.5987 -1.72989 5
    endloop
  endfacet
  facet normal -0 0 1
    outer loop
      vertex 41.2849 -2.0437 5
      vertex 45.229 -34.345 5
      vertex 41.4521 -1.89708 5
    endloop
  endfacet
  facet normal -0 0 1
    outer loop
      vertex 41.1 -2.16724 5
      vertex 45.229 -34.345 5
      vertex 41.2849 -2.0437 5
    endloop
  endfacet
  facet normal -0 0 1
    outer loop
      vertex 40.9006 -2.26559 5
      vertex 45.229 -34.345 5
      vertex 41.1 -2.16724 5
    endloop
  endfacet
  facet normal -0 0 1
    outer loop
      vertex 40.69 -2.33707 5
      vertex 45.229 -34.345 5
      vertex 40.9006 -2.26559 5
    endloop
  endfacet
  facet normal 0 0 1
    outer loop
      vertex 28.523 -23.195 5
      vertex 40.69 -2.33707 5
      vertex 40.4719 -2.38046 5
    endloop
  endfacet
  facet normal 0 0 1
    outer loop
      vertex 28.523 -23.195 5
      vertex 40.4719 -2.38046 5
      vertex 40.25 -2.395 5
    endloop
  endfacet
  facet normal 0 0 1
    outer loop
      vertex 28.523 -23.195 5
      vertex 40.25 -2.395 5
      vertex 40.0281 -2.38046 5
    endloop
  endfacet
  facet normal 0 0 1
    outer loop
      vertex 28.523 -23.195 5
      vertex 40.0281 -2.38046 5
      vertex 39.81 -2.33707 5
    endloop
  endfacet
  facet normal 0 0 1
    outer loop
      vertex 28.523 -23.195 5
      vertex 39.81 -2.33707 5
      vertex 39.5994 -2.26559 5
    endloop
  endfacet
  facet normal 0 0 1
    outer loop
      vertex 28.523 -23.195 5
      vertex 39.5994 -2.26559 5
      vertex 39.4 -2.16724 5
    endloop
  endfacet
  facet normal 0 0 1
    outer loop
      vertex 28.523 -23.195 5
      vertex 39.4 -2.16724 5
      vertex 39.2151 -2.0437 5
    endloop
  endfacet
  facet normal 0 0 1
    outer loop
      vertex 28.523 -23.195 5
      vertex 39.2151 -2.0437 5
      vertex 39.0479 -1.89708 5
    endloop
  endfacet
  facet normal 0 0 1
    outer loop
      vertex 28.523 -23.195 5
      vertex 39.0479 -1.89708 5
      vertex 38.9013 -1.72989 5
    endloop
  endfacet
  facet normal 0 0 1
    outer loop
      vertex 28.523 -23.195 5
      vertex 38.9013 -1.72989 5
      vertex 38.7778 -1.545 5
    endloop
  endfacet
  facet normal 0 0 1
    outer loop
      vertex 28.523 -23.195 5
      vertex 38.7778 -1.545 5
      vertex 38.6794 -1.34556 5
    endloop
  endfacet
  facet normal 0 0 1
    outer loop
      vertex 30.4284 7.2344 5
      vertex 38.6794 -1.34556 5
      vertex 38.6079 -1.13499 5
    endloop
  endfacet
  facet normal -0 0 1
    outer loop
      vertex 32.1139 7.4563 5
      vertex 39.0479 0.507081 5
      vertex 32.2811 7.60292 5
    endloop
  endfacet
  facet normal 0 0 1
    outer loop
      vertex 39.0479 0.507081 5
      vertex 32.1139 7.4563 5
      vertex 38.9013 0.339894 5
    endloop
  endfacet
  facet normal -0 0 1
    outer loop
      vertex 31.929 7.33276 5
      vertex 38.9013 0.339894 5
      vertex 32.1139 7.4563 5
    endloop
  endfacet
  facet normal 0 0 1
    outer loop
      vertex 38.9013 0.339894 5
      vertex 31.929 7.33276 5
      vertex 38.7778 0.155 5
    endloop
  endfacet
  facet normal -0 0 1
    outer loop
      vertex 31.7296 7.2344 5
      vertex 38.7778 0.155 5
      vertex 31.929 7.33276 5
    endloop
  endfacet
  facet normal 0 0 1
    outer loop
      vertex 38.7778 0.155 5
      vertex 31.7296 7.2344 5
      vertex 38.6794 -0.0444374 5
    endloop
  endfacet
  facet normal -0 0 1
    outer loop
      vertex 31.519 7.16293 5
      vertex 38.6794 -0.0444374 5
      vertex 31.7296 7.2344 5
    endloop
  endfacet
  facet normal 0 0 1
    outer loop
      vertex 38.6794 -0.0444374 5
      vertex 31.519 7.16293 5
      vertex 38.6079 -0.255007 5
    endloop
  endfacet
  facet normal -0 0 1
    outer loop
      vertex 31.3009 7.11954 5
      vertex 38.6079 -0.255007 5
      vertex 31.519 7.16293 5
    endloop
  endfacet
  facet normal 0 0 1
    outer loop
      vertex 38.6079 -0.255007 5
      vertex 31.3009 7.11954 5
      vertex 38.5645 -0.473105 5
    endloop
  endfacet
  facet normal -0 0 1
    outer loop
      vertex 31.079 7.105 5
      vertex 38.5645 -0.473105 5
      vertex 31.3009 7.11954 5
    endloop
  endfacet
  facet normal 0 0 1
    outer loop
      vertex 38.5645 -0.473105 5
      vertex 31.079 7.105 5
      vertex 38.55 -0.695 5
    endloop
  endfacet
  facet normal 0 0 1
    outer loop
      vertex 30.8571 7.11954 5
      vertex 38.55 -0.695 5
      vertex 31.079 7.105 5
    endloop
  endfacet
  facet normal 0 0 1
    outer loop
      vertex 38.55 -0.695 5
      vertex 30.8571 7.11954 5
      vertex 38.5645 -0.916894 5
    endloop
  endfacet
  facet normal 0 0 1
    outer loop
      vertex 30.639 7.16293 5
      vertex 38.5645 -0.916894 5
      vertex 30.8571 7.11954 5
    endloop
  endfacet
  facet normal 0 0 1
    outer loop
      vertex 38.5645 -0.916894 5
      vertex 30.639 7.16293 5
      vertex 38.6079 -1.13499 5
    endloop
  endfacet
  facet normal 0 0 1
    outer loop
      vertex 30.4284 7.2344 5
      vertex 38.6079 -1.13499 5
      vertex 30.639 7.16293 5
    endloop
  endfacet
  facet normal 0 0 1
    outer loop
      vertex 38.6794 -1.34556 5
      vertex 30.4284 7.2344 5
      vertex 28.523 -23.195 5
    endloop
  endfacet
  facet normal 0 0 1
    outer loop
      vertex 28.523 -23.195 5
      vertex 30.4284 7.2344 5
      vertex 30.229 7.33276 5
    endloop
  endfacet
  facet normal 0 0 1
    outer loop
      vertex 28.523 -23.195 5
      vertex 30.229 7.33276 5
      vertex 30.0441 7.4563 5
    endloop
  endfacet
  facet normal 0 0 1
    outer loop
      vertex 28.523 -23.195 5
      vertex 30.0441 7.4563 5
      vertex 29.8769 7.60292 5
    endloop
  endfacet
  facet normal 0 0 1
    outer loop
      vertex 28.523 -23.195 5
      vertex 29.8769 7.60292 5
      vertex 29.7303 7.77011 5
    endloop
  endfacet
  facet normal 0 0 1
    outer loop
      vertex 28.523 -23.195 5
      vertex 29.7303 7.77011 5
      vertex 29.6068 7.955 5
    endloop
  endfacet
  facet normal 0 0 1
    outer loop
      vertex 28.523 -23.195 5
      vertex 29.6068 7.955 5
      vertex 29.5084 8.15444 5
    endloop
  endfacet
  facet normal 0 0 1
    outer loop
      vertex 29.8769 10.0071 5
      vertex 17.1611 21.7209 5
      vertex 29.7303 9.83989 5
    endloop
  endfacet
  facet normal -0 0 1
    outer loop
      vertex 16.9939 21.5743 5
      vertex 29.7303 9.83989 5
      vertex 17.1611 21.7209 5
    endloop
  endfacet
  facet normal 0 0 1
    outer loop
      vertex 29.7303 9.83989 5
      vertex 16.9939 21.5743 5
      vertex 29.6068 9.655 5
    endloop
  endfacet
  facet normal 0 0 1
    outer loop
      vertex 40.69 -2.33707 5
      vertex 28.523 -23.195 5
      vertex 45.229 -34.345 5
    endloop
  endfacet
  facet normal 0 0 1
    outer loop
      vertex 45.229 -34.345 5
      vertex 28.523 -23.195 5
      vertex 28.523 -34.345 5
    endloop
  endfacet
  facet normal 0 0 1
    outer loop
      vertex 29.6068 9.655 5
      vertex 16.809 21.4508 5
      vertex 29.5084 9.45556 5
    endloop
  endfacet
  facet normal -0 0 1
    outer loop
      vertex 16.6096 21.3524 5
      vertex 29.5084 9.45556 5
      vertex 16.809 21.4508 5
    endloop
  endfacet
  facet normal 0 0 1
    outer loop
      vertex 29.5084 9.45556 5
      vertex 16.6096 21.3524 5
      vertex 29.4369 9.24499 5
    endloop
  endfacet
  facet normal -0 0 1
    outer loop
      vertex 16.399 21.2809 5
      vertex 29.4369 9.24499 5
      vertex 16.6096 21.3524 5
    endloop
  endfacet
  facet normal 0 0 1
    outer loop
      vertex 29.4369 9.24499 5
      vertex 16.399 21.2809 5
      vertex 29.3935 9.02689 5
    endloop
  endfacet
  facet normal -0 0 1
    outer loop
      vertex 16.1809 21.2375 5
      vertex 29.3935 9.02689 5
      vertex 16.399 21.2809 5
    endloop
  endfacet
  facet normal 0 0 1
    outer loop
      vertex 29.3935 9.02689 5
      vertex 16.1809 21.2375 5
      vertex 29.379 8.805 5
    endloop
  endfacet
  facet normal -0 0 1
    outer loop
      vertex 15.959 21.223 5
      vertex 29.379 8.805 5
      vertex 16.1809 21.2375 5
    endloop
  endfacet
  facet normal 0 0 1
    outer loop
      vertex 29.379 8.805 5
      vertex 15.959 21.223 5
      vertex 29.3935 8.58311 5
    endloop
  endfacet
  facet normal 0 0 1
    outer loop
      vertex 15.7371 21.2375 5
      vertex 29.3935 8.58311 5
      vertex 15.959 21.223 5
    endloop
  endfacet
  facet normal 0 0 1
    outer loop
      vertex 29.3935 8.58311 5
      vertex 15.7371 21.2375 5
      vertex 29.4369 8.36501 5
    endloop
  endfacet
  facet normal 0 0 1
    outer loop
      vertex 15.519 21.2809 5
      vertex 29.4369 8.36501 5
      vertex 15.7371 21.2375 5
    endloop
  endfacet
  facet normal 0 0 1
    outer loop
      vertex 29.4369 8.36501 5
      vertex 15.519 21.2809 5
      vertex 29.5084 8.15444 5
    endloop
  endfacet
  facet normal 0 0 1
    outer loop
      vertex 29.5084 8.15444 5
      vertex 15.519 21.2809 5
      vertex 0.929 -19.7228 5
    endloop
  endfacet
  facet normal 0 0 1
    outer loop
      vertex 0.929 -19.7228 5
      vertex 15.519 21.2809 5
      vertex 15.3084 21.3524 5
    endloop
  endfacet
  facet normal 0 0 1
    outer loop
      vertex 0.929 -19.7228 5
      vertex 15.3084 21.3524 5
      vertex 15.109 21.4508 5
    endloop
  endfacet
  facet normal 0 0 1
    outer loop
      vertex 0.929 -19.7228 5
      vertex 15.109 21.4508 5
      vertex 14.9241 21.5743 5
    endloop
  endfacet
  facet normal 0 0 1
    outer loop
      vertex 0.929 -19.7228 5
      vertex 14.9241 21.5743 5
      vertex 14.7569 21.7209 5
    endloop
  endfacet
  facet normal 0 0 1
    outer loop
      vertex 0.929 -19.7228 5
      vertex 14.7569 21.7209 5
      vertex 14.6103 21.8881 5
    endloop
  endfacet
  facet normal 0 0 1
    outer loop
      vertex 0.929 -19.7228 5
      vertex 14.6103 21.8881 5
      vertex 14.4868 22.073 5
    endloop
  endfacet
  facet normal 0 0 1
    outer loop
      vertex 0.929 -19.7228 5
      vertex 14.4868 22.073 5
      vertex 14.3884 22.2724 5
    endloop
  endfacet
  facet normal 0 0 1
    outer loop
      vertex 0.929 -19.7228 5
      vertex 14.3884 22.2724 5
      vertex 14.3169 22.483 5
    endloop
  endfacet
  facet normal 0 0 1
    outer loop
      vertex 29.5084 8.15444 5
      vertex 12.523 -23.195 5
      vertex 28.523 -23.195 5
    endloop
  endfacet
  facet normal 0 0 1
    outer loop
      vertex 0.929 -19.7228 5
      vertex 14.3169 22.483 5
      vertex 14.2735 22.7011 5
    endloop
  endfacet
  facet normal 0 0 1
    outer loop
      vertex 0.929 -19.7228 5
      vertex 14.2735 22.7011 5
      vertex 14.259 22.923 5
    endloop
  endfacet
  facet normal -0 0 1
    outer loop
      vertex 11.7645 -30.4169 5
      vertex 12.523 -34.345 5
      vertex 11.779 -30.195 5
    endloop
  endfacet
  facet normal -0 0 1
    outer loop
      vertex 11.7211 -30.635 5
      vertex 12.523 -34.345 5
      vertex 11.7645 -30.4169 5
    endloop
  endfacet
  facet normal -0 0 1
    outer loop
      vertex 11.6496 -30.8456 5
      vertex 12.523 -34.345 5
      vertex 11.7211 -30.635 5
    endloop
  endfacet
  facet normal -0 0 1
    outer loop
      vertex 11.5512 -31.045 5
      vertex 12.523 -34.345 5
      vertex 11.6496 -30.8456 5
    endloop
  endfacet
  facet normal -0 0 1
    outer loop
      vertex 11.4277 -31.2299 5
      vertex 12.523 -34.345 5
      vertex 11.5512 -31.045 5
    endloop
  endfacet
  facet normal -0 0 1
    outer loop
      vertex 11.2811 -31.3971 5
      vertex 12.523 -34.345 5
      vertex 11.4277 -31.2299 5
    endloop
  endfacet
  facet normal -0 0 1
    outer loop
      vertex 11.1139 -31.5437 5
      vertex 12.523 -34.345 5
      vertex 11.2811 -31.3971 5
    endloop
  endfacet
  facet normal -0 0 1
    outer loop
      vertex 10.929 -31.6672 5
      vertex 12.523 -34.345 5
      vertex 11.1139 -31.5437 5
    endloop
  endfacet
  facet normal -0 0 1
    outer loop
      vertex 10.7296 -31.7656 5
      vertex 12.523 -34.345 5
      vertex 10.929 -31.6672 5
    endloop
  endfacet
  facet normal -0 0 1
    outer loop
      vertex 10.519 -31.8371 5
      vertex 12.523 -34.345 5
      vertex 10.7296 -31.7656 5
    endloop
  endfacet
  facet normal -0 0 1
    outer loop
      vertex 10.3009 -31.8805 5
      vertex 12.523 -34.345 5
      vertex 10.519 -31.8371 5
    endloop
  endfacet
  facet normal -0 0 1
    outer loop
      vertex 10.079 -31.895 5
      vertex 12.523 -34.345 5
      vertex 10.3009 -31.8805 5
    endloop
  endfacet
  facet normal 0 0 1
    outer loop
      vertex 9.85711 -31.8805 5
      vertex 12.523 -34.345 5
      vertex 10.079 -31.895 5
    endloop
  endfacet
  facet normal 0 0 1
    outer loop
      vertex 9.63901 -31.8371 5
      vertex 12.523 -34.345 5
      vertex 9.85711 -31.8805 5
    endloop
  endfacet
  facet normal 0 0 1
    outer loop
      vertex 9.42844 -31.7656 5
      vertex 12.523 -34.345 5
      vertex 9.63901 -31.8371 5
    endloop
  endfacet
  facet normal 0 0 1
    outer loop
      vertex 9.229 -31.6672 5
      vertex 12.523 -34.345 5
      vertex 9.42844 -31.7656 5
    endloop
  endfacet
  facet normal 0 0 1
    outer loop
      vertex 9.04411 -31.5437 5
      vertex 12.523 -34.345 5
      vertex 9.229 -31.6672 5
    endloop
  endfacet
  facet normal 0 0 1
    outer loop
      vertex 8.87692 -28.9929 5
      vertex 1.28108 -22.3971 5
      vertex 8.7303 -29.1601 5
    endloop
  endfacet
  facet normal -0 0 1
    outer loop
      vertex 1.11389 -22.5437 5
      vertex 8.7303 -29.1601 5
      vertex 1.28108 -22.3971 5
    endloop
  endfacet
  facet normal 0 0 1
    outer loop
      vertex 8.7303 -29.1601 5
      vertex 1.11389 -22.5437 5
      vertex 8.60676 -29.345 5
    endloop
  endfacet
  facet normal -0 0 1
    outer loop
      vertex 0.929 -22.6672 5
      vertex 8.60676 -29.345 5
      vertex 1.11389 -22.5437 5
    endloop
  endfacet
  facet normal 0 0 1
    outer loop
      vertex 8.60676 -29.345 5
      vertex 0.929 -22.6672 5
      vertex 8.5084 -29.5444 5
    endloop
  endfacet
  facet normal -0 0 1
    outer loop
      vertex 0.729562 -22.7656 5
      vertex 8.5084 -29.5444 5
      vertex 0.929 -22.6672 5
    endloop
  endfacet
  facet normal 0 0 1
    outer loop
      vertex 8.5084 -29.5444 5
      vertex 0.729562 -22.7656 5
      vertex 8.43693 -29.755 5
    endloop
  endfacet
  facet normal -0 0 1
    outer loop
      vertex 0.518991 -22.8371 5
      vertex 8.43693 -29.755 5
      vertex 0.729562 -22.7656 5
    endloop
  endfacet
  facet normal 0 0 1
    outer loop
      vertex 8.43693 -29.755 5
      vertex 0.518991 -22.8371 5
      vertex 8.39354 -29.9731 5
    endloop
  endfacet
  facet normal -0 0 1
    outer loop
      vertex 0.300894 -22.8805 5
      vertex 8.39354 -29.9731 5
      vertex 0.518991 -22.8371 5
    endloop
  endfacet
  facet normal 0 0 1
    outer loop
      vertex 8.39354 -29.9731 5
      vertex 0.300894 -22.8805 5
      vertex 8.379 -30.195 5
    endloop
  endfacet
  facet normal -0 0 1
    outer loop
      vertex 0.0789995 -22.895 5
      vertex 8.379 -30.195 5
      vertex 0.300894 -22.8805 5
    endloop
  endfacet
  facet normal 0 0 1
    outer loop
      vertex 8.379 -30.195 5
      vertex 0.0789995 -22.895 5
      vertex 8.39354 -30.4169 5
    endloop
  endfacet
  facet normal 0 0 1
    outer loop
      vertex -0.142894 -22.8805 5
      vertex 8.39354 -30.4169 5
      vertex 0.0789995 -22.895 5
    endloop
  endfacet
  facet normal 0 0 1
    outer loop
      vertex 8.39354 -30.4169 5
      vertex -0.142894 -22.8805 5
      vertex 8.43693 -30.635 5
    endloop
  endfacet
  facet normal -0 0 1
    outer loop
      vertex -10.5723 -27.2299 5
      vertex 8.43693 -30.635 5
      vertex -0.142894 -22.8805 5
    endloop
  endfacet
  facet normal 0 0 1
    outer loop
      vertex 8.43693 -30.635 5
      vertex -10.5723 -27.2299 5
      vertex 8.5084 -30.8456 5
    endloop
  endfacet
  facet normal -0 0 1
    outer loop
      vertex -10.7189 -27.3971 5
      vertex 8.5084 -30.8456 5
      vertex -10.5723 -27.2299 5
    endloop
  endfacet
  facet normal 0 0 1
    outer loop
      vertex 8.5084 -30.8456 5
      vertex -10.7189 -27.3971 5
      vertex 8.60676 -31.045 5
    endloop
  endfacet
  facet normal 0 0 1
    outer loop
      vertex -10.5723 -27.2299 5
      vertex -0.142894 -22.8805 5
      vertex -0.360991 -22.8371 5
    endloop
  endfacet
  facet normal 0 0 1
    outer loop
      vertex -10.4488 -27.045 5
      vertex -0.360991 -22.8371 5
      vertex -0.571562 -22.7656 5
    endloop
  endfacet
  facet normal 0 0 1
    outer loop
      vertex -10.3504 -26.8456 5
      vertex -0.571562 -22.7656 5
      vertex -0.771 -22.6672 5
    endloop
  endfacet
  facet normal 0 0 1
    outer loop
      vertex -10.2789 -26.635 5
      vertex -0.771 -22.6672 5
      vertex -0.955894 -22.5437 5
    endloop
  endfacet
  facet normal 0 0 1
    outer loop
      vertex -10.2355 -26.4169 5
      vertex -0.955894 -22.5437 5
      vertex -1.12308 -22.3971 5
    endloop
  endfacet
  facet normal 0 0 1
    outer loop
      vertex -10.221 -26.195 5
      vertex -1.60646 -21.4169 5
      vertex -1.621 -21.195 5
    endloop
  endfacet
  facet normal 0 0 1
    outer loop
      vertex -10.221 -26.195 5
      vertex -1.56307 -21.635 5
      vertex -1.60646 -21.4169 5
    endloop
  endfacet
  facet normal 0 0 1
    outer loop
      vertex -10.221 -26.195 5
      vertex -1.49159 -21.8456 5
      vertex -1.56307 -21.635 5
    endloop
  endfacet
  facet normal 0 0 1
    outer loop
      vertex -10.221 -26.195 5
      vertex -1.39324 -22.045 5
      vertex -1.49159 -21.8456 5
    endloop
  endfacet
  facet normal 0 0 1
    outer loop
      vertex -10.221 -26.195 5
      vertex -1.2697 -22.2299 5
      vertex -1.39324 -22.045 5
    endloop
  endfacet
  facet normal 0 0 1
    outer loop
      vertex -10.221 -26.195 5
      vertex -1.12308 -22.3971 5
      vertex -1.2697 -22.2299 5
    endloop
  endfacet
  facet normal 0 0 1
    outer loop
      vertex -10.2355 -26.4169 5
      vertex -1.12308 -22.3971 5
      vertex -10.221 -26.195 5
    endloop
  endfacet
  facet normal 0 0 1
    outer loop
      vertex -0.955894 -22.5437 5
      vertex -10.2355 -26.4169 5
      vertex -10.2789 -26.635 5
    endloop
  endfacet
  facet normal 0 0 1
    outer loop
      vertex -0.771 -22.6672 5
      vertex -10.2789 -26.635 5
      vertex -10.3504 -26.8456 5
    endloop
  endfacet
  facet normal 0 0 1
    outer loop
      vertex -0.571562 -22.7656 5
      vertex -10.3504 -26.8456 5
      vertex -10.4488 -27.045 5
    endloop
  endfacet
  facet normal 0 0 1
    outer loop
      vertex -0.360991 -22.8371 5
      vertex -10.4488 -27.045 5
      vertex -10.5723 -27.2299 5
    endloop
  endfacet
  facet normal -0 0 1
    outer loop
      vertex -10.8861 -27.5437 5
      vertex 8.60676 -31.045 5
      vertex -10.7189 -27.3971 5
    endloop
  endfacet
  facet normal 0 0 1
    outer loop
      vertex 8.60676 -31.045 5
      vertex -10.8861 -27.5437 5
      vertex 8.7303 -31.2299 5
    endloop
  endfacet
  facet normal -0 0 1
    outer loop
      vertex -11.071 -27.6672 5
      vertex 8.7303 -31.2299 5
      vertex -10.8861 -27.5437 5
    endloop
  endfacet
  facet normal 0 0 1
    outer loop
      vertex 8.7303 -31.2299 5
      vertex -11.071 -27.6672 5
      vertex 8.87692 -31.3971 5
    endloop
  endfacet
  facet normal -0 0 1
    outer loop
      vertex -11.2704 -27.7656 5
      vertex 8.87692 -31.3971 5
      vertex -11.071 -27.6672 5
    endloop
  endfacet
  facet normal 0 0 1
    outer loop
      vertex 8.87692 -31.3971 5
      vertex -11.2704 -27.7656 5
      vertex 9.04411 -31.5437 5
    endloop
  endfacet
  facet normal -0 0 1
    outer loop
      vertex -11.481 -27.8371 5
      vertex 9.04411 -31.5437 5
      vertex -11.2704 -27.7656 5
    endloop
  endfacet
  facet normal 0 0 1
    outer loop
      vertex -21.521 -34.345 5
      vertex 9.04411 -31.5437 5
      vertex -11.481 -27.8371 5
    endloop
  endfacet
  facet normal 0 0 1
    outer loop
      vertex -21.521 -34.345 5
      vertex -11.481 -27.8371 5
      vertex -11.6991 -27.8805 5
    endloop
  endfacet
  facet normal 0 0 1
    outer loop
      vertex -21.521 -34.345 5
      vertex -11.6991 -27.8805 5
      vertex -11.921 -27.895 5
    endloop
  endfacet
  facet normal 0 0 1
    outer loop
      vertex -21.521 -34.345 5
      vertex -11.921 -27.895 5
      vertex -12.1429 -27.8805 5
    endloop
  endfacet
  facet normal 0 0 1
    outer loop
      vertex -21.521 -34.345 5
      vertex -12.1429 -27.8805 5
      vertex -12.361 -27.8371 5
    endloop
  endfacet
  facet normal 0 0 1
    outer loop
      vertex 14.259 22.923 5
      vertex -15.4523 21.8881 5
      vertex -15.5989 21.7209 5
    endloop
  endfacet
  facet normal -0 0 1
    outer loop
      vertex -30.4488 7.955 5
      vertex -0.771 -19.7228 5
      vertex -30.3504 8.15444 5
    endloop
  endfacet
  facet normal 0 0 1
    outer loop
      vertex -12.1429 -24.5095 5
      vertex -21.521 -23.195 5
      vertex -12.361 -24.5529 5
    endloop
  endfacet
  facet normal 0 0 1
    outer loop
      vertex -12.361 -24.5529 5
      vertex -21.521 -23.195 5
      vertex -12.5716 -24.6244 5
    endloop
  endfacet
  facet normal 0 0 1
    outer loop
      vertex -12.5716 -24.6244 5
      vertex -21.521 -23.195 5
      vertex -12.771 -24.7228 5
    endloop
  endfacet
  facet normal 0 0 1
    outer loop
      vertex -12.9559 -24.8463 5
      vertex -21.521 -23.195 5
      vertex -13.1231 -24.9929 5
    endloop
  endfacet
  facet normal 0 0 1
    outer loop
      vertex -13.1231 -24.9929 5
      vertex -21.521 -23.195 5
      vertex -13.2697 -25.1601 5
    endloop
  endfacet
  facet normal 0 0 1
    outer loop
      vertex -13.2697 -25.1601 5
      vertex -21.521 -23.195 5
      vertex -13.3932 -25.345 5
    endloop
  endfacet
  facet normal 0 0 1
    outer loop
      vertex -13.3932 -25.345 5
      vertex -21.521 -23.195 5
      vertex -13.4916 -25.5444 5
    endloop
  endfacet
  facet normal 0 0 1
    outer loop
      vertex -30.2789 8.36501 5
      vertex -16.5791 21.2375 5
      vertex -30.2355 8.58311 5
    endloop
  endfacet
  facet normal -0 0 1
    outer loop
      vertex -16.801 21.223 5
      vertex -30.2355 8.58311 5
      vertex -16.5791 21.2375 5
    endloop
  endfacet
  facet normal 0 0 1
    outer loop
      vertex -30.2355 8.58311 5
      vertex -16.801 21.223 5
      vertex -30.221 8.805 5
    endloop
  endfacet
  facet normal -0 0 1
    outer loop
      vertex -16.5791 21.2375 5
      vertex -30.2789 8.36501 5
      vertex -16.361 21.2809 5
    endloop
  endfacet
  facet normal 0 0 1
    outer loop
      vertex -30.221 8.805 5
      vertex -16.801 21.223 5
      vertex -17.0229 21.2375 5
    endloop
  endfacet
  facet normal 0 0 1
    outer loop
      vertex -30.221 8.805 5
      vertex -17.0229 21.2375 5
      vertex -17.241 21.2809 5
    endloop
  endfacet
  facet normal 0 0 1
    outer loop
      vertex -30.221 8.805 5
      vertex -17.241 21.2809 5
      vertex -17.4516 21.3524 5
    endloop
  endfacet
  facet normal 0 0 1
    outer loop
      vertex -30.221 8.805 5
      vertex -17.4516 21.3524 5
      vertex -17.651 21.4508 5
    endloop
  endfacet
  facet normal 0 0 1
    outer loop
      vertex -30.221 8.805 5
      vertex -17.651 21.4508 5
      vertex -17.8359 21.5743 5
    endloop
  endfacet
  facet normal 0 0 1
    outer loop
      vertex -30.221 8.805 5
      vertex -17.8359 21.5743 5
      vertex -18.0031 21.7209 5
    endloop
  endfacet
  facet normal 0 0 1
    outer loop
      vertex -30.221 8.805 5
      vertex -18.0031 21.7209 5
      vertex -18.1497 21.8881 5
    endloop
  endfacet
  facet normal 0 0 1
    outer loop
      vertex -30.221 8.805 5
      vertex -18.1497 21.8881 5
      vertex -18.2732 22.073 5
    endloop
  endfacet
  facet normal 0 0 1
    outer loop
      vertex -30.221 8.805 5
      vertex -18.2732 22.073 5
      vertex -18.3716 22.2724 5
    endloop
  endfacet
  facet normal 0 0 1
    outer loop
      vertex -30.221 8.805 5
      vertex -18.3716 22.2724 5
      vertex -18.4431 22.483 5
    endloop
  endfacet
  facet normal 0 0 1
    outer loop
      vertex -30.221 8.805 5
      vertex -18.4431 22.483 5
      vertex -18.4865 22.7011 5
    endloop
  endfacet
  facet normal 0 0 1
    outer loop
      vertex -31.6991 10.4905 5
      vertex -18.4865 22.7011 5
      vertex -18.501 22.923 5
    endloop
  endfacet
  facet normal 0 0 1
    outer loop
      vertex -13.621 -26.195 5
      vertex -21.521 -23.195 5
      vertex -13.6065 -26.4169 5
    endloop
  endfacet
  facet normal 0 0 1
    outer loop
      vertex -21.521 -23.195 5
      vertex -13.5631 -26.635 5
      vertex -13.6065 -26.4169 5
    endloop
  endfacet
  facet normal 0 0 1
    outer loop
      vertex -21.521 -23.195 5
      vertex -13.4916 -26.8456 5
      vertex -13.5631 -26.635 5
    endloop
  endfacet
  facet normal 0 0 1
    outer loop
      vertex -21.521 -34.345 5
      vertex -13.4916 -26.8456 5
      vertex -21.521 -23.195 5
    endloop
  endfacet
  facet normal 0 0 1
    outer loop
      vertex -13.4916 -26.8456 5
      vertex -21.521 -34.345 5
      vertex -13.3932 -27.045 5
    endloop
  endfacet
  facet normal 0 0 1
    outer loop
      vertex -13.3932 -27.045 5
      vertex -21.521 -34.345 5
      vertex -13.2697 -27.2299 5
    endloop
  endfacet
  facet normal 0 0 1
    outer loop
      vertex -13.2697 -27.2299 5
      vertex -21.521 -34.345 5
      vertex -13.1231 -27.3971 5
    endloop
  endfacet
  facet normal 0 0 1
    outer loop
      vertex -13.1231 -27.3971 5
      vertex -21.521 -34.345 5
      vertex -12.9559 -27.5437 5
    endloop
  endfacet
  facet normal 0 0 1
    outer loop
      vertex 9.04411 -31.5437 5
      vertex -21.521 -34.345 5
      vertex 12.523 -34.345 5
    endloop
  endfacet
  facet normal 0 0 1
    outer loop
      vertex -12.5716 -27.7656 5
      vertex -21.521 -34.345 5
      vertex -12.361 -27.8371 5
    endloop
  endfacet
  facet normal 0 0 1
    outer loop
      vertex -12.771 -27.6672 5
      vertex -21.521 -34.345 5
      vertex -12.5716 -27.7656 5
    endloop
  endfacet
  facet normal 0 0 1
    outer loop
      vertex -12.9559 -27.5437 5
      vertex -21.521 -34.345 5
      vertex -12.771 -27.6672 5
    endloop
  endfacet
  facet normal 0 0 1
    outer loop
      vertex -0.955894 -19.8463 5
      vertex -12.1429 -24.5095 5
      vertex -1.12308 -19.9929 5
    endloop
  endfacet
  facet normal 0 0 1
    outer loop
      vertex -13.4916 -25.5444 5
      vertex -21.521 -23.195 5
      vertex -13.5631 -25.755 5
    endloop
  endfacet
  facet normal 0 0 1
    outer loop
      vertex -13.5631 -25.755 5
      vertex -21.521 -23.195 5
      vertex -13.6065 -25.9731 5
    endloop
  endfacet
  facet normal 0 0 1
    outer loop
      vertex -13.6065 -25.9731 5
      vertex -21.521 -23.195 5
      vertex -13.621 -26.195 5
    endloop
  endfacet
  facet normal 0 0 1
    outer loop
      vertex -12.771 -24.7228 5
      vertex -21.521 -23.195 5
      vertex -12.9559 -24.8463 5
    endloop
  endfacet
  facet normal -0 0 1
    outer loop
      vertex -30.7189 7.60292 5
      vertex -21.521 -23.195 5
      vertex -30.5723 7.77011 5
    endloop
  endfacet
  facet normal -0 0 1
    outer loop
      vertex -30.8861 7.4563 5
      vertex -21.521 -23.195 5
      vertex -30.7189 7.60292 5
    endloop
  endfacet
  facet normal -0 0 1
    outer loop
      vertex -31.071 7.33276 5
      vertex -21.521 -23.195 5
      vertex -30.8861 7.4563 5
    endloop
  endfacet
  facet normal -0 0 1
    outer loop
      vertex -31.2704 7.2344 5
      vertex -21.521 -23.195 5
      vertex -31.071 7.33276 5
    endloop
  endfacet
  facet normal -0 0 1
    outer loop
      vertex -31.481 7.16293 5
      vertex -21.521 -23.195 5
      vertex -31.2704 7.2344 5
    endloop
  endfacet
  facet normal -0 0 1
    outer loop
      vertex -31.6991 7.11954 5
      vertex -21.521 -23.195 5
      vertex -31.481 7.16293 5
    endloop
  endfacet
  facet normal 0 0 1
    outer loop
      vertex -37.521 -23.195 5
      vertex -31.6991 7.11954 5
      vertex -31.921 7.105 5
    endloop
  endfacet
  facet normal 0 0 1
    outer loop
      vertex -37.521 -23.195 5
      vertex -31.921 7.105 5
      vertex -32.1429 7.11954 5
    endloop
  endfacet
  facet normal 0 0 1
    outer loop
      vertex -37.521 -23.195 5
      vertex -32.1429 7.11954 5
      vertex -32.361 7.16293 5
    endloop
  endfacet
  facet normal 0 0 1
    outer loop
      vertex -37.521 -23.195 5
      vertex -32.361 7.16293 5
      vertex -32.5716 7.2344 5
    endloop
  endfacet
  facet normal 0 0 1
    outer loop
      vertex -37.521 -23.195 5
      vertex -32.5716 7.2344 5
      vertex -32.771 7.33276 5
    endloop
  endfacet
  facet normal 0 0 1
    outer loop
      vertex -37.521 -23.195 5
      vertex -32.771 7.33276 5
      vertex -32.9559 7.4563 5
    endloop
  endfacet
  facet normal 0 0 1
    outer loop
      vertex -37.521 -23.195 5
      vertex -32.9559 7.4563 5
      vertex -33.1231 7.60292 5
    endloop
  endfacet
  facet normal 0 0 1
    outer loop
      vertex -37.521 -23.195 5
      vertex -33.1231 7.60292 5
      vertex -33.2697 7.77011 5
    endloop
  endfacet
  facet normal 0 0 1
    outer loop
      vertex -37.521 -23.195 5
      vertex -33.2697 7.77011 5
      vertex -33.3932 7.955 5
    endloop
  endfacet
  facet normal 0 0 1
    outer loop
      vertex -37.521 -23.195 5
      vertex -33.3932 7.955 5
      vertex -33.4916 8.15444 5
    endloop
  endfacet
  facet normal 0 0 1
    outer loop
      vertex -31.6991 7.11954 5
      vertex -37.521 -23.195 5
      vertex -21.521 -23.195 5
    endloop
  endfacet
  facet normal 0 0 1
    outer loop
      vertex -33.5631 8.36501 5
      vertex -37.521 -23.195 5
      vertex -33.4916 8.15444 5
    endloop
  endfacet
  facet normal 0 0 1
    outer loop
      vertex -33.6065 8.58311 5
      vertex -37.521 -23.195 5
      vertex -33.5631 8.36501 5
    endloop
  endfacet
  facet normal 0 0 1
    outer loop
      vertex -37.521 -23.195 5
      vertex -33.6065 8.58311 5
      vertex -33.621 8.805 5
    endloop
  endfacet
  facet normal 0 0 1
    outer loop
      vertex -33.621 8.805 5
      vertex -39.2789 -1.13499 5
      vertex -37.521 -23.195 5
    endloop
  endfacet
  facet normal -0 0 1
    outer loop
      vertex -39.3504 -1.34556 5
      vertex -37.521 -23.195 5
      vertex -39.2789 -1.13499 5
    endloop
  endfacet
  facet normal -0 0 1
    outer loop
      vertex -39.4488 -1.545 5
      vertex -37.521 -23.195 5
      vertex -39.3504 -1.34556 5
    endloop
  endfacet
  facet normal -0 0 1
    outer loop
      vertex -39.5723 -1.72989 5
      vertex -37.521 -23.195 5
      vertex -39.4488 -1.545 5
    endloop
  endfacet
  facet normal -0 0 1
    outer loop
      vertex -39.7189 -1.89708 5
      vertex -37.521 -23.195 5
      vertex -39.5723 -1.72989 5
    endloop
  endfacet
  facet normal -0 0 1
    outer loop
      vertex -39.8861 -2.0437 5
      vertex -37.521 -23.195 5
      vertex -39.7189 -1.89708 5
    endloop
  endfacet
  facet normal -0 0 1
    outer loop
      vertex -40.071 -2.16724 5
      vertex -37.521 -23.195 5
      vertex -39.8861 -2.0437 5
    endloop
  endfacet
  facet normal -0 0 1
    outer loop
      vertex -40.2704 -2.26559 5
      vertex -37.521 -23.195 5
      vertex -40.071 -2.16724 5
    endloop
  endfacet
  facet normal -0 0 1
    outer loop
      vertex -40.481 -2.33707 5
      vertex -37.521 -23.195 5
      vertex -40.2704 -2.26559 5
    endloop
  endfacet
  facet normal -0 0 1
    outer loop
      vertex -40.6991 -2.38046 5
      vertex -37.521 -23.195 5
      vertex -40.481 -2.33707 5
    endloop
  endfacet
  facet normal -0 0 1
    outer loop
      vertex -40.921 -2.395 5
      vertex -37.521 -23.195 5
      vertex -40.6991 -2.38046 5
    endloop
  endfacet
  facet normal 0 0 1
    outer loop
      vertex -41.1429 -2.38046 5
      vertex -37.521 -23.195 5
      vertex -40.921 -2.395 5
    endloop
  endfacet
  facet normal 0 0 1
    outer loop
      vertex -41.361 -2.33707 5
      vertex -37.521 -23.195 5
      vertex -41.1429 -2.38046 5
    endloop
  endfacet
  facet normal 0 0 1
    outer loop
      vertex -41.5716 -2.26559 5
      vertex -37.521 -23.195 5
      vertex -41.361 -2.33707 5
    endloop
  endfacet
  facet normal 0 0 1
    outer loop
      vertex -41.771 -2.16724 5
      vertex -37.521 -23.195 5
      vertex -41.5716 -2.26559 5
    endloop
  endfacet
  facet normal 0 0 1
    outer loop
      vertex -41.9559 -2.0437 5
      vertex -37.521 -23.195 5
      vertex -41.771 -2.16724 5
    endloop
  endfacet
  facet normal 0 0 1
    outer loop
      vertex -42.1231 -1.89708 5
      vertex -37.521 -23.195 5
      vertex -41.9559 -2.0437 5
    endloop
  endfacet
  facet normal 0 0 1
    outer loop
      vertex -37.521 -23.195 5
      vertex -42.1231 -1.89708 5
      vertex -46.071 -34.345 5
    endloop
  endfacet
  facet normal 0 0 1
    outer loop
      vertex -46.071 -34.345 5
      vertex -42.1231 -1.89708 5
      vertex -42.2697 -1.72989 5
    endloop
  endfacet
  facet normal 0 0 1
    outer loop
      vertex -46.071 -34.345 5
      vertex -42.2697 -1.72989 5
      vertex -42.3932 -1.545 5
    endloop
  endfacet
  facet normal 0 0 1
    outer loop
      vertex -46.071 -34.345 5
      vertex -42.3932 -1.545 5
      vertex -42.4916 -1.34556 5
    endloop
  endfacet
  facet normal 0 0 1
    outer loop
      vertex -46.071 -34.345 5
      vertex -42.4916 -1.34556 5
      vertex -42.5631 -1.13499 5
    endloop
  endfacet
  facet normal 0 0 1
    outer loop
      vertex -46.071 -34.345 5
      vertex -42.5631 -1.13499 5
      vertex -42.6065 -0.916894 5
    endloop
  endfacet
  facet normal 0 0 1
    outer loop
      vertex -46.071 -34.345 5
      vertex -42.621 -0.695 5
      vertex -46.071 32.955 5
    endloop
  endfacet
  facet normal 0 0 1
    outer loop
      vertex -37.521 -23.195 5
      vertex -46.071 -34.345 5
      vertex -37.521 -34.345 5
    endloop
  endfacet
  facet normal 0 0 1
    outer loop
      vertex -42.621 -0.695 5
      vertex -46.071 -34.345 5
      vertex -42.6065 -0.916894 5
    endloop
  endfacet
  facet normal 1 -0 0
    outer loop
      vertex -46.071 -34.345 7.7
      vertex -46.071 32.955 5
      vertex -46.071 32.955 7.7
    endloop
  endfacet
  facet normal 1 0 0
    outer loop
      vertex -46.071 32.955 5
      vertex -46.071 -34.345 7.7
      vertex -46.071 -34.345 5
    endloop
  endfacet
  facet normal 0 -1 0
    outer loop
      vertex -46.071 32.955 5
      vertex 45.229 32.955 7.7
      vertex -46.071 32.955 7.7
    endloop
  endfacet
  facet normal 0 -1 -0
    outer loop
      vertex 45.229 32.955 7.7
      vertex -46.071 32.955 5
      vertex 45.229 32.955 5
    endloop
  endfacet
  facet normal 0 1 -0
    outer loop
      vertex 45.229 -34.345 5
      vertex 28.523 -34.345 7.7
      vertex 45.229 -34.345 7.7
    endloop
  endfacet
  facet normal 0 1 0
    outer loop
      vertex 28.523 -34.345 7.7
      vertex 45.229 -34.345 5
      vertex 28.523 -34.345 5
    endloop
  endfacet
  facet normal 0 1 -0
    outer loop
      vertex -37.521 -34.345 5
      vertex -46.071 -34.345 7.7
      vertex -37.521 -34.345 7.7
    endloop
  endfacet
  facet normal 0 1 0
    outer loop
      vertex -46.071 -34.345 7.7
      vertex -37.521 -34.345 5
      vertex -46.071 -34.345 5
    endloop
  endfacet
  facet normal 0 1 -0
    outer loop
      vertex 12.523 -34.345 5
      vertex -21.521 -34.345 7.7
      vertex 12.523 -34.345 7.7
    endloop
  endfacet
  facet normal 0 1 0
    outer loop
      vertex -21.521 -34.345 7.7
      vertex 12.523 -34.345 5
      vertex -21.521 -34.345 5
    endloop
  endfacet
  facet normal 0 1 -0
    outer loop
      vertex 11.8687 -33.2949 0
      vertex 8.28925 -33.2949 2.8
      vertex 11.8687 -33.2949 2.8
    endloop
  endfacet
  facet normal 0 1 0
    outer loop
      vertex 8.28925 -33.2949 2.8
      vertex 11.8687 -33.2949 0
      vertex 8.28925 -33.2949 0
    endloop
  endfacet
  facet normal -0.86601 0.500027 0
    outer loop
      vertex 11.8687 -33.2949 0
      vertex 12.523 -32.1617 2.8
      vertex 12.523 -32.1617 0
    endloop
  endfacet
  facet normal -0.86601 0.500027 0
    outer loop
      vertex 12.523 -32.1617 2.8
      vertex 11.8687 -33.2949 0
      vertex 11.8687 -33.2949 2.8
    endloop
  endfacet
  facet normal 0 -1 0
    outer loop
      vertex 8.28925 -27.0951 0
      vertex 11.8687 -27.0951 2.8
      vertex 8.28925 -27.0951 2.8
    endloop
  endfacet
  facet normal 0 -1 -0
    outer loop
      vertex 11.8687 -27.0951 2.8
      vertex 8.28925 -27.0951 0
      vertex 11.8687 -27.0951 0
    endloop
  endfacet
  facet normal -0.86601 -0.500027 0
    outer loop
      vertex 12.523 -28.2283 0
      vertex 11.8687 -27.0951 2.8
      vertex 11.8687 -27.0951 0
    endloop
  endfacet
  facet normal -0.86601 -0.500027 0
    outer loop
      vertex 11.8687 -27.0951 2.8
      vertex 12.523 -28.2283 0
      vertex 12.523 -28.2283 2.8
    endloop
  endfacet
  facet normal 0.866023 -0.500005 0
    outer loop
      vertex 6.4995 -30.195 2.8
      vertex 8.28925 -27.0951 0
      vertex 8.28925 -27.0951 2.8
    endloop
  endfacet
  facet normal 0.866023 -0.500005 0
    outer loop
      vertex 8.28925 -27.0951 0
      vertex 6.4995 -30.195 2.8
      vertex 6.4995 -30.195 0
    endloop
  endfacet
  facet normal 0.866023 0.500005 0
    outer loop
      vertex 8.28925 -33.2949 2.8
      vertex 6.4995 -30.195 0
      vertex 6.4995 -30.195 2.8
    endloop
  endfacet
  facet normal 0.866023 0.500005 0
    outer loop
      vertex 6.4995 -30.195 0
      vertex 8.28925 -33.2949 2.8
      vertex 8.28925 -33.2949 0
    endloop
  endfacet
  facet normal 0 0 -1
    outer loop
      vertex 11.1139 -31.5437 2.8
      vertex 12.523 -32.1617 2.8
      vertex 11.8687 -33.2949 2.8
    endloop
  endfacet
  facet normal 0 -0 -1
    outer loop
      vertex 11.779 -30.195 2.8
      vertex 12.523 -32.1617 2.8
      vertex 11.7645 -30.4169 2.8
    endloop
  endfacet
  facet normal 0 0 -1
    outer loop
      vertex 11.7645 -29.9731 2.8
      vertex 12.523 -28.2283 2.8
      vertex 11.779 -30.195 2.8
    endloop
  endfacet
  facet normal 0 0 -1
    outer loop
      vertex 12.523 -32.1617 2.8
      vertex 11.779 -30.195 2.8
      vertex 12.523 -28.2283 2.8
    endloop
  endfacet
  facet normal 0 0 -1
    outer loop
      vertex 12.523 -32.1617 2.8
      vertex 11.7211 -30.635 2.8
      vertex 11.7645 -30.4169 2.8
    endloop
  endfacet
  facet normal 0 0 -1
    outer loop
      vertex 12.523 -32.1617 2.8
      vertex 11.6496 -30.8456 2.8
      vertex 11.7211 -30.635 2.8
    endloop
  endfacet
  facet normal 0 0 -1
    outer loop
      vertex 12.523 -32.1617 2.8
      vertex 11.5512 -31.045 2.8
      vertex 11.6496 -30.8456 2.8
    endloop
  endfacet
  facet normal 0 0 -1
    outer loop
      vertex 12.523 -32.1617 2.8
      vertex 11.4277 -31.2299 2.8
      vertex 11.5512 -31.045 2.8
    endloop
  endfacet
  facet normal 0 0 -1
    outer loop
      vertex 12.523 -32.1617 2.8
      vertex 11.2811 -31.3971 2.8
      vertex 11.4277 -31.2299 2.8
    endloop
  endfacet
  facet normal 0 0 -1
    outer loop
      vertex 12.523 -32.1617 2.8
      vertex 11.1139 -31.5437 2.8
      vertex 11.2811 -31.3971 2.8
    endloop
  endfacet
  facet normal 0 0 -1
    outer loop
      vertex 11.8687 -33.2949 2.8
      vertex 10.929 -31.6672 2.8
      vertex 11.1139 -31.5437 2.8
    endloop
  endfacet
  facet normal 0 0 -1
    outer loop
      vertex 11.8687 -33.2949 2.8
      vertex 10.7296 -31.7656 2.8
      vertex 10.929 -31.6672 2.8
    endloop
  endfacet
  facet normal 0 0 -1
    outer loop
      vertex 11.8687 -33.2949 2.8
      vertex 10.519 -31.8371 2.8
      vertex 10.7296 -31.7656 2.8
    endloop
  endfacet
  facet normal 0 0 -1
    outer loop
      vertex 11.8687 -33.2949 2.8
      vertex 10.3009 -31.8805 2.8
      vertex 10.519 -31.8371 2.8
    endloop
  endfacet
  facet normal 0 0 -1
    outer loop
      vertex 11.8687 -33.2949 2.8
      vertex 10.079 -31.895 2.8
      vertex 10.3009 -31.8805 2.8
    endloop
  endfacet
  facet normal 0 0 -1
    outer loop
      vertex 8.28925 -33.2949 2.8
      vertex 10.079 -31.895 2.8
      vertex 11.8687 -33.2949 2.8
    endloop
  endfacet
  facet normal -0 0 -1
    outer loop
      vertex 10.079 -31.895 2.8
      vertex 8.28925 -33.2949 2.8
      vertex 9.85711 -31.8805 2.8
    endloop
  endfacet
  facet normal -0 0 -1
    outer loop
      vertex 9.85711 -31.8805 2.8
      vertex 8.28925 -33.2949 2.8
      vertex 9.63901 -31.8371 2.8
    endloop
  endfacet
  facet normal -0 0 -1
    outer loop
      vertex 9.63901 -31.8371 2.8
      vertex 8.28925 -33.2949 2.8
      vertex 9.42844 -31.7656 2.8
    endloop
  endfacet
  facet normal 0 0 -1
    outer loop
      vertex 8.43693 -30.635 2.8
      vertex 6.4995 -30.195 2.8
      vertex 8.39354 -30.4169 2.8
    endloop
  endfacet
  facet normal 0 0 -1
    outer loop
      vertex 8.5084 -30.8456 2.8
      vertex 6.4995 -30.195 2.8
      vertex 8.43693 -30.635 2.8
    endloop
  endfacet
  facet normal 0 0 -1
    outer loop
      vertex 8.60676 -31.045 2.8
      vertex 6.4995 -30.195 2.8
      vertex 8.5084 -30.8456 2.8
    endloop
  endfacet
  facet normal 0 0 -1
    outer loop
      vertex 6.4995 -30.195 2.8
      vertex 8.60676 -31.045 2.8
      vertex 8.28925 -33.2949 2.8
    endloop
  endfacet
  facet normal -0 0 -1
    outer loop
      vertex 8.7303 -31.2299 2.8
      vertex 8.28925 -33.2949 2.8
      vertex 8.60676 -31.045 2.8
    endloop
  endfacet
  facet normal -0 0 -1
    outer loop
      vertex 8.87692 -31.3971 2.8
      vertex 8.28925 -33.2949 2.8
      vertex 8.7303 -31.2299 2.8
    endloop
  endfacet
  facet normal -0 0 -1
    outer loop
      vertex 9.04411 -31.5437 2.8
      vertex 8.28925 -33.2949 2.8
      vertex 8.87692 -31.3971 2.8
    endloop
  endfacet
  facet normal -0 0 -1
    outer loop
      vertex 9.229 -31.6672 2.8
      vertex 8.28925 -33.2949 2.8
      vertex 9.04411 -31.5437 2.8
    endloop
  endfacet
  facet normal -0 0 -1
    outer loop
      vertex 9.42844 -31.7656 2.8
      vertex 8.28925 -33.2949 2.8
      vertex 9.229 -31.6672 2.8
    endloop
  endfacet
  facet normal 0 0 -1
    outer loop
      vertex 11.7211 -29.755 2.8
      vertex 12.523 -28.2283 2.8
      vertex 11.7645 -29.9731 2.8
    endloop
  endfacet
  facet normal 0 0 -1
    outer loop
      vertex 11.6496 -29.5444 2.8
      vertex 12.523 -28.2283 2.8
      vertex 11.7211 -29.755 2.8
    endloop
  endfacet
  facet normal 0 0 -1
    outer loop
      vertex 11.5512 -29.345 2.8
      vertex 12.523 -28.2283 2.8
      vertex 11.6496 -29.5444 2.8
    endloop
  endfacet
  facet normal 0 0 -1
    outer loop
      vertex 11.4277 -29.1601 2.8
      vertex 12.523 -28.2283 2.8
      vertex 11.5512 -29.345 2.8
    endloop
  endfacet
  facet normal 0 0 -1
    outer loop
      vertex 11.2811 -28.9929 2.8
      vertex 12.523 -28.2283 2.8
      vertex 11.4277 -29.1601 2.8
    endloop
  endfacet
  facet normal 0 0 -1
    outer loop
      vertex 11.1139 -28.8463 2.8
      vertex 12.523 -28.2283 2.8
      vertex 11.2811 -28.9929 2.8
    endloop
  endfacet
  facet normal -0 0 -1
    outer loop
      vertex 12.523 -28.2283 2.8
      vertex 11.1139 -28.8463 2.8
      vertex 11.8687 -27.0951 2.8
    endloop
  endfacet
  facet normal 0 0 -1
    outer loop
      vertex 10.929 -28.7228 2.8
      vertex 11.8687 -27.0951 2.8
      vertex 11.1139 -28.8463 2.8
    endloop
  endfacet
  facet normal 0 0 -1
    outer loop
      vertex 10.7296 -28.6244 2.8
      vertex 11.8687 -27.0951 2.8
      vertex 10.929 -28.7228 2.8
    endloop
  endfacet
  facet normal 0 0 -1
    outer loop
      vertex 10.519 -28.5529 2.8
      vertex 11.8687 -27.0951 2.8
      vertex 10.7296 -28.6244 2.8
    endloop
  endfacet
  facet normal 0 0 -1
    outer loop
      vertex 10.3009 -28.5095 2.8
      vertex 11.8687 -27.0951 2.8
      vertex 10.519 -28.5529 2.8
    endloop
  endfacet
  facet normal 0 0 -1
    outer loop
      vertex 10.079 -28.495 2.8
      vertex 11.8687 -27.0951 2.8
      vertex 10.3009 -28.5095 2.8
    endloop
  endfacet
  facet normal 0 0 -1
    outer loop
      vertex 8.28925 -27.0951 2.8
      vertex 10.079 -28.495 2.8
      vertex 9.85711 -28.5095 2.8
    endloop
  endfacet
  facet normal 0 0 -1
    outer loop
      vertex 8.28925 -27.0951 2.8
      vertex 9.85711 -28.5095 2.8
      vertex 9.63901 -28.5529 2.8
    endloop
  endfacet
  facet normal 0 0 -1
    outer loop
      vertex 8.28925 -27.0951 2.8
      vertex 9.63901 -28.5529 2.8
      vertex 9.42844 -28.6244 2.8
    endloop
  endfacet
  facet normal 0 0 -1
    outer loop
      vertex 8.28925 -27.0951 2.8
      vertex 9.42844 -28.6244 2.8
      vertex 9.229 -28.7228 2.8
    endloop
  endfacet
  facet normal 0 0 -1
    outer loop
      vertex 10.079 -28.495 2.8
      vertex 8.28925 -27.0951 2.8
      vertex 11.8687 -27.0951 2.8
    endloop
  endfacet
  facet normal 0 0 -1
    outer loop
      vertex 9.04411 -28.8463 2.8
      vertex 8.28925 -27.0951 2.8
      vertex 9.229 -28.7228 2.8
    endloop
  endfacet
  facet normal 0 0 -1
    outer loop
      vertex 8.87692 -28.9929 2.8
      vertex 8.28925 -27.0951 2.8
      vertex 9.04411 -28.8463 2.8
    endloop
  endfacet
  facet normal 0 0 -1
    outer loop
      vertex 8.7303 -29.1601 2.8
      vertex 8.28925 -27.0951 2.8
      vertex 8.87692 -28.9929 2.8
    endloop
  endfacet
  facet normal 0 0 -1
    outer loop
      vertex 8.60676 -29.345 2.8
      vertex 8.28925 -27.0951 2.8
      vertex 8.7303 -29.1601 2.8
    endloop
  endfacet
  facet normal 0 0 -1
    outer loop
      vertex 6.4995 -30.195 2.8
      vertex 8.60676 -29.345 2.8
      vertex 8.5084 -29.5444 2.8
    endloop
  endfacet
  facet normal 0 0 -1
    outer loop
      vertex 6.4995 -30.195 2.8
      vertex 8.5084 -29.5444 2.8
      vertex 8.43693 -29.755 2.8
    endloop
  endfacet
  facet normal 0 0 -1
    outer loop
      vertex 6.4995 -30.195 2.8
      vertex 8.43693 -29.755 2.8
      vertex 8.39354 -29.9731 2.8
    endloop
  endfacet
  facet normal 0 0 -1
    outer loop
      vertex 6.4995 -30.195 2.8
      vertex 8.39354 -29.9731 2.8
      vertex 8.379 -30.195 2.8
    endloop
  endfacet
  facet normal 0 0 -1
    outer loop
      vertex 8.39354 -30.4169 2.8
      vertex 6.4995 -30.195 2.8
      vertex 8.379 -30.195 2.8
    endloop
  endfacet
  facet normal -0 0 -1
    outer loop
      vertex 8.60676 -29.345 2.8
      vertex 6.4995 -30.195 2.8
      vertex 8.28925 -27.0951 2.8
    endloop
  endfacet
  facet normal -0.98077 -0.195165 0
    outer loop
      vertex 11.7645 -29.9731 2.8
      vertex 11.7211 -29.755 5
      vertex 11.7211 -29.755 2.8
    endloop
  endfacet
  facet normal -0.98077 -0.195165 0
    outer loop
      vertex 11.7211 -29.755 5
      vertex 11.7645 -29.9731 2.8
      vertex 11.7645 -29.9731 5
    endloop
  endfacet
  facet normal -0.997872 -0.0652057 0
    outer loop
      vertex 11.779 -30.195 2.8
      vertex 11.7645 -29.9731 5
      vertex 11.7645 -29.9731 2.8
    endloop
  endfacet
  facet normal -0.997872 -0.0652057 0
    outer loop
      vertex 11.7645 -29.9731 5
      vertex 11.779 -30.195 2.8
      vertex 11.779 -30.195 5
    endloop
  endfacet
  facet normal -0.659268 -0.751908 0
    outer loop
      vertex 11.1139 -28.8463 2.8
      vertex 11.2811 -28.9929 5
      vertex 11.1139 -28.8463 5
    endloop
  endfacet
  facet normal -0.659268 -0.751908 -0
    outer loop
      vertex 11.2811 -28.9929 5
      vertex 11.1139 -28.8463 2.8
      vertex 11.2811 -28.9929 2.8
    endloop
  endfacet
  facet normal 0.321525 0.946901 -0
    outer loop
      vertex 9.63901 -31.8371 2.8
      vertex 9.42844 -31.7656 5
      vertex 9.63901 -31.8371 5
    endloop
  endfacet
  facet normal 0.321525 0.946901 0
    outer loop
      vertex 9.42844 -31.7656 5
      vertex 9.63901 -31.8371 2.8
      vertex 9.42844 -31.7656 2.8
    endloop
  endfacet
  facet normal -0.195165 0.98077 0
    outer loop
      vertex 10.519 -31.8371 2.8
      vertex 10.3009 -31.8805 5
      vertex 10.519 -31.8371 5
    endloop
  endfacet
  facet normal -0.195165 0.98077 0
    outer loop
      vertex 10.3009 -31.8805 5
      vertex 10.519 -31.8371 2.8
      vertex 10.3009 -31.8805 2.8
    endloop
  endfacet
  facet normal 0.896825 -0.442386 0
    outer loop
      vertex 8.5084 -29.5444 5
      vertex 8.60676 -29.345 2.8
      vertex 8.60676 -29.345 5
    endloop
  endfacet
  facet normal 0.896825 -0.442386 0
    outer loop
      vertex 8.60676 -29.345 2.8
      vertex 8.5084 -29.5444 5
      vertex 8.5084 -29.5444 2.8
    endloop
  endfacet
  facet normal 0.195165 -0.98077 0
    outer loop
      vertex 9.63901 -28.5529 2.8
      vertex 9.85711 -28.5095 5
      vertex 9.63901 -28.5529 5
    endloop
  endfacet
  facet normal 0.195165 -0.98077 0
    outer loop
      vertex 9.85711 -28.5095 5
      vertex 9.63901 -28.5529 2.8
      vertex 9.85711 -28.5095 2.8
    endloop
  endfacet
  facet normal -0.997872 0.0652057 0
    outer loop
      vertex 11.7645 -30.4169 2.8
      vertex 11.779 -30.195 5
      vertex 11.779 -30.195 2.8
    endloop
  endfacet
  facet normal -0.997872 0.0652057 0
    outer loop
      vertex 11.779 -30.195 5
      vertex 11.7645 -30.4169 2.8
      vertex 11.7645 -30.4169 5
    endloop
  endfacet
  facet normal 0.99786 -0.0653848 0
    outer loop
      vertex 8.379 -30.195 5
      vertex 8.39354 -29.9731 2.8
      vertex 8.39354 -29.9731 5
    endloop
  endfacet
  facet normal 0.99786 -0.0653848 0
    outer loop
      vertex 8.39354 -29.9731 2.8
      vertex 8.379 -30.195 5
      vertex 8.379 -30.195 2.8
    endloop
  endfacet
  facet normal -0.831566 -0.555426 0
    outer loop
      vertex 11.5512 -29.345 2.8
      vertex 11.4277 -29.1601 5
      vertex 11.4277 -29.1601 2.8
    endloop
  endfacet
  facet normal -0.831566 -0.555426 0
    outer loop
      vertex 11.4277 -29.1601 5
      vertex 11.5512 -29.345 2.8
      vertex 11.5512 -29.345 5
    endloop
  endfacet
  facet normal -0.321484 -0.946915 0
    outer loop
      vertex 10.519 -28.5529 2.8
      vertex 10.7296 -28.6244 5
      vertex 10.519 -28.5529 5
    endloop
  endfacet
  facet normal -0.321484 -0.946915 -0
    outer loop
      vertex 10.7296 -28.6244 5
      vertex 10.519 -28.5529 2.8
      vertex 10.7296 -28.6244 2.8
    endloop
  endfacet
  facet normal 0.0652086 -0.997872 0
    outer loop
      vertex 9.85711 -28.5095 2.8
      vertex 10.079 -28.495 5
      vertex 9.85711 -28.5095 5
    endloop
  endfacet
  facet normal 0.0652086 -0.997872 0
    outer loop
      vertex 10.079 -28.495 5
      vertex 9.85711 -28.5095 2.8
      vertex 10.079 -28.495 2.8
    endloop
  endfacet
  facet normal -0.751908 0.659268 0
    outer loop
      vertex 11.2811 -31.3971 2.8
      vertex 11.4277 -31.2299 5
      vertex 11.4277 -31.2299 2.8
    endloop
  endfacet
  facet normal -0.751908 0.659268 0
    outer loop
      vertex 11.4277 -31.2299 5
      vertex 11.2811 -31.3971 2.8
      vertex 11.2811 -31.3971 5
    endloop
  endfacet
  facet normal -0.555426 -0.831566 0
    outer loop
      vertex 10.929 -28.7228 2.8
      vertex 11.1139 -28.8463 5
      vertex 10.929 -28.7228 5
    endloop
  endfacet
  facet normal -0.555426 -0.831566 -0
    outer loop
      vertex 11.1139 -28.8463 5
      vertex 10.929 -28.7228 2.8
      vertex 11.1139 -28.8463 2.8
    endloop
  endfacet
  facet normal 0.896825 0.442386 0
    outer loop
      vertex 8.60676 -31.045 5
      vertex 8.5084 -30.8456 2.8
      vertex 8.5084 -30.8456 5
    endloop
  endfacet
  facet normal 0.896825 0.442386 0
    outer loop
      vertex 8.5084 -30.8456 2.8
      vertex 8.60676 -31.045 5
      vertex 8.60676 -31.045 2.8
    endloop
  endfacet
  facet normal 0.946956 0.321363 0
    outer loop
      vertex 8.5084 -30.8456 5
      vertex 8.43693 -30.635 2.8
      vertex 8.43693 -30.635 5
    endloop
  endfacet
  facet normal 0.946956 0.321363 0
    outer loop
      vertex 8.43693 -30.635 2.8
      vertex 8.5084 -30.8456 5
      vertex 8.5084 -30.8456 2.8
    endloop
  endfacet
  facet normal 0.751863 -0.659319 0
    outer loop
      vertex 8.7303 -29.1601 5
      vertex 8.87692 -28.9929 2.8
      vertex 8.87692 -28.9929 5
    endloop
  endfacet
  facet normal 0.751863 -0.659319 0
    outer loop
      vertex 8.87692 -28.9929 2.8
      vertex 8.7303 -29.1601 5
      vertex 8.7303 -29.1601 2.8
    endloop
  endfacet
  facet normal -0.98077 0.195165 0
    outer loop
      vertex 11.7211 -30.635 2.8
      vertex 11.7645 -30.4169 5
      vertex 11.7645 -30.4169 2.8
    endloop
  endfacet
  facet normal -0.98077 0.195165 0
    outer loop
      vertex 11.7645 -30.4169 5
      vertex 11.7211 -30.635 2.8
      vertex 11.7211 -30.635 5
    endloop
  endfacet
  facet normal -0.44253 -0.896754 0
    outer loop
      vertex 10.7296 -28.6244 2.8
      vertex 10.929 -28.7228 5
      vertex 10.7296 -28.6244 5
    endloop
  endfacet
  facet normal -0.44253 -0.896754 -0
    outer loop
      vertex 10.929 -28.7228 5
      vertex 10.7296 -28.6244 2.8
      vertex 10.929 -28.7228 2.8
    endloop
  endfacet
  facet normal 0.751863 0.659319 0
    outer loop
      vertex 8.87692 -31.3971 5
      vertex 8.7303 -31.2299 2.8
      vertex 8.7303 -31.2299 5
    endloop
  endfacet
  facet normal 0.751863 0.659319 0
    outer loop
      vertex 8.7303 -31.2299 2.8
      vertex 8.87692 -31.3971 5
      vertex 8.87692 -31.3971 2.8
    endloop
  endfacet
  facet normal 0.980779 0.195122 0
    outer loop
      vertex 8.43693 -30.635 5
      vertex 8.39354 -30.4169 2.8
      vertex 8.39354 -30.4169 5
    endloop
  endfacet
  facet normal 0.980779 0.195122 0
    outer loop
      vertex 8.39354 -30.4169 2.8
      vertex 8.43693 -30.635 5
      vertex 8.43693 -30.635 2.8
    endloop
  endfacet
  facet normal 0.659291 -0.751888 0
    outer loop
      vertex 8.87692 -28.9929 2.8
      vertex 9.04411 -28.8463 5
      vertex 8.87692 -28.9929 5
    endloop
  endfacet
  facet normal 0.659291 -0.751888 0
    outer loop
      vertex 9.04411 -28.8463 5
      vertex 8.87692 -28.9929 2.8
      vertex 9.04411 -28.8463 2.8
    endloop
  endfacet
  facet normal -0.555426 0.831566 0
    outer loop
      vertex 11.1139 -31.5437 2.8
      vertex 10.929 -31.6672 5
      vertex 11.1139 -31.5437 5
    endloop
  endfacet
  facet normal -0.555426 0.831566 0
    outer loop
      vertex 10.929 -31.6672 5
      vertex 11.1139 -31.5437 2.8
      vertex 10.929 -31.6672 2.8
    endloop
  endfacet
  facet normal -0.321484 0.946915 0
    outer loop
      vertex 10.7296 -31.7656 2.8
      vertex 10.519 -31.8371 5
      vertex 10.7296 -31.7656 5
    endloop
  endfacet
  facet normal -0.321484 0.946915 0
    outer loop
      vertex 10.519 -31.8371 5
      vertex 10.7296 -31.7656 2.8
      vertex 10.519 -31.8371 2.8
    endloop
  endfacet
  facet normal 0.555447 0.831552 -0
    outer loop
      vertex 9.229 -31.6672 2.8
      vertex 9.04411 -31.5437 5
      vertex 9.229 -31.6672 5
    endloop
  endfacet
  facet normal 0.555447 0.831552 0
    outer loop
      vertex 9.04411 -31.5437 5
      vertex 9.229 -31.6672 2.8
      vertex 9.04411 -31.5437 2.8
    endloop
  endfacet
  facet normal -0.659268 0.751908 0
    outer loop
      vertex 11.2811 -31.3971 2.8
      vertex 11.1139 -31.5437 5
      vertex 11.2811 -31.3971 5
    endloop
  endfacet
  facet normal -0.659268 0.751908 0
    outer loop
      vertex 11.1139 -31.5437 5
      vertex 11.2811 -31.3971 2.8
      vertex 11.1139 -31.5437 2.8
    endloop
  endfacet
  facet normal -0.44253 0.896754 0
    outer loop
      vertex 10.929 -31.6672 2.8
      vertex 10.7296 -31.7656 5
      vertex 10.929 -31.6672 5
    endloop
  endfacet
  facet normal -0.44253 0.896754 0
    outer loop
      vertex 10.7296 -31.7656 5
      vertex 10.929 -31.6672 2.8
      vertex 10.7296 -31.7656 2.8
    endloop
  endfacet
  facet normal 0.442459 -0.896789 0
    outer loop
      vertex 9.229 -28.7228 2.8
      vertex 9.42844 -28.6244 5
      vertex 9.229 -28.7228 5
    endloop
  endfacet
  facet normal 0.442459 -0.896789 0
    outer loop
      vertex 9.42844 -28.6244 5
      vertex 9.229 -28.7228 2.8
      vertex 9.42844 -28.6244 2.8
    endloop
  endfacet
  facet normal -0.896754 -0.44253 0
    outer loop
      vertex 11.6496 -29.5444 2.8
      vertex 11.5512 -29.345 5
      vertex 11.5512 -29.345 2.8
    endloop
  endfacet
  facet normal -0.896754 -0.44253 0
    outer loop
      vertex 11.5512 -29.345 5
      vertex 11.6496 -29.5444 2.8
      vertex 11.6496 -29.5444 5
    endloop
  endfacet
  facet normal 0.831483 0.555551 0
    outer loop
      vertex 8.7303 -31.2299 5
      vertex 8.60676 -31.045 2.8
      vertex 8.60676 -31.045 5
    endloop
  endfacet
  facet normal 0.831483 0.555551 0
    outer loop
      vertex 8.60676 -31.045 2.8
      vertex 8.7303 -31.2299 5
      vertex 8.7303 -31.2299 2.8
    endloop
  endfacet
  facet normal 0.831483 -0.555551 0
    outer loop
      vertex 8.60676 -29.345 5
      vertex 8.7303 -29.1601 2.8
      vertex 8.7303 -29.1601 5
    endloop
  endfacet
  facet normal 0.831483 -0.555551 0
    outer loop
      vertex 8.7303 -29.1601 2.8
      vertex 8.60676 -29.345 5
      vertex 8.60676 -29.345 2.8
    endloop
  endfacet
  facet normal 0.659291 0.751888 -0
    outer loop
      vertex 9.04411 -31.5437 2.8
      vertex 8.87692 -31.3971 5
      vertex 9.04411 -31.5437 5
    endloop
  endfacet
  facet normal 0.659291 0.751888 0
    outer loop
      vertex 8.87692 -31.3971 5
      vertex 9.04411 -31.5437 2.8
      vertex 8.87692 -31.3971 2.8
    endloop
  endfacet
  facet normal 0.321525 -0.946901 0
    outer loop
      vertex 9.42844 -28.6244 2.8
      vertex 9.63901 -28.5529 5
      vertex 9.42844 -28.6244 5
    endloop
  endfacet
  facet normal 0.321525 -0.946901 0
    outer loop
      vertex 9.63901 -28.5529 5
      vertex 9.42844 -28.6244 2.8
      vertex 9.63901 -28.5529 2.8
    endloop
  endfacet
  facet normal -0.831566 0.555426 0
    outer loop
      vertex 11.4277 -31.2299 2.8
      vertex 11.5512 -31.045 5
      vertex 11.5512 -31.045 2.8
    endloop
  endfacet
  facet normal -0.831566 0.555426 0
    outer loop
      vertex 11.5512 -31.045 5
      vertex 11.4277 -31.2299 2.8
      vertex 11.4277 -31.2299 5
    endloop
  endfacet
  facet normal -0.946915 0.321484 0
    outer loop
      vertex 11.6496 -30.8456 2.8
      vertex 11.7211 -30.635 5
      vertex 11.7211 -30.635 2.8
    endloop
  endfacet
  facet normal -0.946915 0.321484 0
    outer loop
      vertex 11.7211 -30.635 5
      vertex 11.6496 -30.8456 2.8
      vertex 11.6496 -30.8456 5
    endloop
  endfacet
  facet normal 0.195165 0.98077 -0
    outer loop
      vertex 9.85711 -31.8805 2.8
      vertex 9.63901 -31.8371 5
      vertex 9.85711 -31.8805 5
    endloop
  endfacet
  facet normal 0.195165 0.98077 0
    outer loop
      vertex 9.63901 -31.8371 5
      vertex 9.85711 -31.8805 2.8
      vertex 9.63901 -31.8371 2.8
    endloop
  endfacet
  facet normal 0.980779 -0.195122 0
    outer loop
      vertex 8.39354 -29.9731 5
      vertex 8.43693 -29.755 2.8
      vertex 8.43693 -29.755 5
    endloop
  endfacet
  facet normal 0.980779 -0.195122 0
    outer loop
      vertex 8.43693 -29.755 2.8
      vertex 8.39354 -29.9731 5
      vertex 8.39354 -29.9731 2.8
    endloop
  endfacet
  facet normal -0.195165 -0.98077 0
    outer loop
      vertex 10.3009 -28.5095 2.8
      vertex 10.519 -28.5529 5
      vertex 10.3009 -28.5095 5
    endloop
  endfacet
  facet normal -0.195165 -0.98077 -0
    outer loop
      vertex 10.519 -28.5529 5
      vertex 10.3009 -28.5095 2.8
      vertex 10.519 -28.5529 2.8
    endloop
  endfacet
  facet normal 0.99786 0.0653848 0
    outer loop
      vertex 8.39354 -30.4169 5
      vertex 8.379 -30.195 2.8
      vertex 8.379 -30.195 5
    endloop
  endfacet
  facet normal 0.99786 0.0653848 0
    outer loop
      vertex 8.379 -30.195 2.8
      vertex 8.39354 -30.4169 5
      vertex 8.39354 -30.4169 2.8
    endloop
  endfacet
  facet normal 0.946956 -0.321363 0
    outer loop
      vertex 8.43693 -29.755 5
      vertex 8.5084 -29.5444 2.8
      vertex 8.5084 -29.5444 5
    endloop
  endfacet
  facet normal 0.946956 -0.321363 0
    outer loop
      vertex 8.5084 -29.5444 2.8
      vertex 8.43693 -29.755 5
      vertex 8.43693 -29.755 2.8
    endloop
  endfacet
  facet normal -0.751908 -0.659268 0
    outer loop
      vertex 11.4277 -29.1601 2.8
      vertex 11.2811 -28.9929 5
      vertex 11.2811 -28.9929 2.8
    endloop
  endfacet
  facet normal -0.751908 -0.659268 0
    outer loop
      vertex 11.2811 -28.9929 5
      vertex 11.4277 -29.1601 2.8
      vertex 11.4277 -29.1601 5
    endloop
  endfacet
  facet normal -0.946915 -0.321484 0
    outer loop
      vertex 11.7211 -29.755 2.8
      vertex 11.6496 -29.5444 5
      vertex 11.6496 -29.5444 2.8
    endloop
  endfacet
  facet normal -0.946915 -0.321484 0
    outer loop
      vertex 11.6496 -29.5444 5
      vertex 11.7211 -29.755 2.8
      vertex 11.7211 -29.755 5
    endloop
  endfacet
  facet normal 0.0652086 0.997872 -0
    outer loop
      vertex 10.079 -31.895 2.8
      vertex 9.85711 -31.8805 5
      vertex 10.079 -31.895 5
    endloop
  endfacet
  facet normal 0.0652086 0.997872 0
    outer loop
      vertex 9.85711 -31.8805 5
      vertex 10.079 -31.895 2.8
      vertex 9.85711 -31.8805 2.8
    endloop
  endfacet
  facet normal -0.0652057 -0.997872 0
    outer loop
      vertex 10.079 -28.495 2.8
      vertex 10.3009 -28.5095 5
      vertex 10.079 -28.495 5
    endloop
  endfacet
  facet normal -0.0652057 -0.997872 -0
    outer loop
      vertex 10.3009 -28.5095 5
      vertex 10.079 -28.495 2.8
      vertex 10.3009 -28.5095 2.8
    endloop
  endfacet
  facet normal -0.0652057 0.997872 0
    outer loop
      vertex 10.3009 -31.8805 2.8
      vertex 10.079 -31.895 5
      vertex 10.3009 -31.8805 5
    endloop
  endfacet
  facet normal -0.0652057 0.997872 0
    outer loop
      vertex 10.079 -31.895 5
      vertex 10.3009 -31.8805 2.8
      vertex 10.079 -31.895 2.8
    endloop
  endfacet
  facet normal 0.555447 -0.831552 0
    outer loop
      vertex 9.04411 -28.8463 2.8
      vertex 9.229 -28.7228 5
      vertex 9.04411 -28.8463 5
    endloop
  endfacet
  facet normal 0.555447 -0.831552 0
    outer loop
      vertex 9.229 -28.7228 5
      vertex 9.04411 -28.8463 2.8
      vertex 9.229 -28.7228 2.8
    endloop
  endfacet
  facet normal -0.896754 0.44253 0
    outer loop
      vertex 11.5512 -31.045 2.8
      vertex 11.6496 -30.8456 5
      vertex 11.6496 -30.8456 2.8
    endloop
  endfacet
  facet normal -0.896754 0.44253 0
    outer loop
      vertex 11.6496 -30.8456 5
      vertex 11.5512 -31.045 2.8
      vertex 11.5512 -31.045 5
    endloop
  endfacet
  facet normal 0.442459 0.896789 -0
    outer loop
      vertex 9.42844 -31.7656 2.8
      vertex 9.229 -31.6672 5
      vertex 9.42844 -31.7656 5
    endloop
  endfacet
  facet normal 0.442459 0.896789 0
    outer loop
      vertex 9.229 -31.6672 5
      vertex 9.42844 -31.7656 2.8
      vertex 9.229 -31.6672 2.8
    endloop
  endfacet
  facet normal 0 1 -0
    outer loop
      vertex -30.1312 5.70506 0
      vertex -33.7108 5.70506 2.8
      vertex -30.1312 5.70506 2.8
    endloop
  endfacet
  facet normal 0 1 0
    outer loop
      vertex -33.7108 5.70506 2.8
      vertex -30.1312 5.70506 0
      vertex -33.7108 5.70506 0
    endloop
  endfacet
  facet normal -0.866032 0.499989 0
    outer loop
      vertex -30.1312 5.70506 0
      vertex -28.3415 8.805 2.8
      vertex -28.3415 8.805 0
    endloop
  endfacet
  facet normal -0.866032 0.499989 0
    outer loop
      vertex -28.3415 8.805 2.8
      vertex -30.1312 5.70506 0
      vertex -30.1312 5.70506 2.8
    endloop
  endfacet
  facet normal 0 -1 0
    outer loop
      vertex -33.7108 11.9049 0
      vertex -30.1312 11.9049 2.8
      vertex -33.7108 11.9049 2.8
    endloop
  endfacet
  facet normal 0 -1 -0
    outer loop
      vertex -30.1312 11.9049 2.8
      vertex -33.7108 11.9049 0
      vertex -30.1312 11.9049 0
    endloop
  endfacet
  facet normal -0.866029 -0.499994 0
    outer loop
      vertex -28.3415 8.805 0
      vertex -30.1312 11.9049 2.8
      vertex -30.1312 11.9049 0
    endloop
  endfacet
  facet normal -0.866029 -0.499994 0
    outer loop
      vertex -30.1312 11.9049 2.8
      vertex -28.3415 8.805 0
      vertex -28.3415 8.805 2.8
    endloop
  endfacet
  facet normal 0.866029 -0.499994 0
    outer loop
      vertex -35.5005 8.805 2.8
      vertex -33.7108 11.9049 0
      vertex -33.7108 11.9049 2.8
    endloop
  endfacet
  facet normal 0.866029 -0.499994 0
    outer loop
      vertex -33.7108 11.9049 0
      vertex -35.5005 8.805 2.8
      vertex -35.5005 8.805 0
    endloop
  endfacet
  facet normal 0.866032 0.499989 0
    outer loop
      vertex -33.7108 5.70506 2.8
      vertex -35.5005 8.805 0
      vertex -35.5005 8.805 2.8
    endloop
  endfacet
  facet normal 0.866032 0.499989 0
    outer loop
      vertex -35.5005 8.805 0
      vertex -33.7108 5.70506 2.8
      vertex -33.7108 5.70506 0
    endloop
  endfacet
  facet normal 0 0 -1
    outer loop
      vertex -30.4488 7.955 2.8
      vertex -28.3415 8.805 2.8
      vertex -30.1312 5.70506 2.8
    endloop
  endfacet
  facet normal 0 0 -1
    outer loop
      vertex -30.2355 9.02689 2.8
      vertex -28.3415 8.805 2.8
      vertex -30.221 8.805 2.8
    endloop
  endfacet
  facet normal -0 0 -1
    outer loop
      vertex -28.3415 8.805 2.8
      vertex -30.2355 8.58311 2.8
      vertex -30.221 8.805 2.8
    endloop
  endfacet
  facet normal 0 0 -1
    outer loop
      vertex -28.3415 8.805 2.8
      vertex -30.2789 8.36501 2.8
      vertex -30.2355 8.58311 2.8
    endloop
  endfacet
  facet normal 0 0 -1
    outer loop
      vertex -28.3415 8.805 2.8
      vertex -30.3504 8.15444 2.8
      vertex -30.2789 8.36501 2.8
    endloop
  endfacet
  facet normal 0 0 -1
    outer loop
      vertex -28.3415 8.805 2.8
      vertex -30.4488 7.955 2.8
      vertex -30.3504 8.15444 2.8
    endloop
  endfacet
  facet normal 0 0 -1
    outer loop
      vertex -30.1312 5.70506 2.8
      vertex -30.5723 7.77011 2.8
      vertex -30.4488 7.955 2.8
    endloop
  endfacet
  facet normal 0 0 -1
    outer loop
      vertex -30.1312 5.70506 2.8
      vertex -30.7189 7.60292 2.8
      vertex -30.5723 7.77011 2.8
    endloop
  endfacet
  facet normal 0 0 -1
    outer loop
      vertex -30.1312 5.70506 2.8
      vertex -30.8861 7.4563 2.8
      vertex -30.7189 7.60292 2.8
    endloop
  endfacet
  facet normal 0 0 -1
    outer loop
      vertex -30.1312 5.70506 2.8
      vertex -31.071 7.33276 2.8
      vertex -30.8861 7.4563 2.8
    endloop
  endfacet
  facet normal 0 0 -1
    outer loop
      vertex -30.1312 5.70506 2.8
      vertex -31.2704 7.2344 2.8
      vertex -31.071 7.33276 2.8
    endloop
  endfacet
  facet normal 0 0 -1
    outer loop
      vertex -30.1312 5.70506 2.8
      vertex -31.481 7.16293 2.8
      vertex -31.2704 7.2344 2.8
    endloop
  endfacet
  facet normal 0 0 -1
    outer loop
      vertex -30.1312 5.70506 2.8
      vertex -31.6991 7.11954 2.8
      vertex -31.481 7.16293 2.8
    endloop
  endfacet
  facet normal 0 0 -1
    outer loop
      vertex -30.1312 5.70506 2.8
      vertex -31.921 7.105 2.8
      vertex -31.6991 7.11954 2.8
    endloop
  endfacet
  facet normal 0 0 -1
    outer loop
      vertex -33.7108 5.70506 2.8
      vertex -31.921 7.105 2.8
      vertex -30.1312 5.70506 2.8
    endloop
  endfacet
  facet normal -0 0 -1
    outer loop
      vertex -31.921 7.105 2.8
      vertex -33.7108 5.70506 2.8
      vertex -32.1429 7.11954 2.8
    endloop
  endfacet
  facet normal -0 0 -1
    outer loop
      vertex -32.1429 7.11954 2.8
      vertex -33.7108 5.70506 2.8
      vertex -32.361 7.16293 2.8
    endloop
  endfacet
  facet normal -0 0 -1
    outer loop
      vertex -32.361 7.16293 2.8
      vertex -33.7108 5.70506 2.8
      vertex -32.5716 7.2344 2.8
    endloop
  endfacet
  facet normal 0 0 -1
    outer loop
      vertex -33.5631 8.36501 2.8
      vertex -35.5005 8.805 2.8
      vertex -33.6065 8.58311 2.8
    endloop
  endfacet
  facet normal 0 0 -1
    outer loop
      vertex -33.4916 8.15444 2.8
      vertex -35.5005 8.805 2.8
      vertex -33.5631 8.36501 2.8
    endloop
  endfacet
  facet normal 0 0 -1
    outer loop
      vertex -33.3932 7.955 2.8
      vertex -35.5005 8.805 2.8
      vertex -33.4916 8.15444 2.8
    endloop
  endfacet
  facet normal 0 0 -1
    outer loop
      vertex -35.5005 8.805 2.8
      vertex -33.3932 7.955 2.8
      vertex -33.7108 5.70506 2.8
    endloop
  endfacet
  facet normal -0 0 -1
    outer loop
      vertex -33.2697 7.77011 2.8
      vertex -33.7108 5.70506 2.8
      vertex -33.3932 7.955 2.8
    endloop
  endfacet
  facet normal -0 0 -1
    outer loop
      vertex -33.1231 7.60292 2.8
      vertex -33.7108 5.70506 2.8
      vertex -33.2697 7.77011 2.8
    endloop
  endfacet
  facet normal -0 0 -1
    outer loop
      vertex -32.9559 7.4563 2.8
      vertex -33.7108 5.70506 2.8
      vertex -33.1231 7.60292 2.8
    endloop
  endfacet
  facet normal -0 0 -1
    outer loop
      vertex -32.771 7.33276 2.8
      vertex -33.7108 5.70506 2.8
      vertex -32.9559 7.4563 2.8
    endloop
  endfacet
  facet normal -0 0 -1
    outer loop
      vertex -32.5716 7.2344 2.8
      vertex -33.7108 5.70506 2.8
      vertex -32.771 7.33276 2.8
    endloop
  endfacet
  facet normal 0 0 -1
    outer loop
      vertex -30.2789 9.24499 2.8
      vertex -28.3415 8.805 2.8
      vertex -30.2355 9.02689 2.8
    endloop
  endfacet
  facet normal 0 0 -1
    outer loop
      vertex -30.3504 9.45556 2.8
      vertex -28.3415 8.805 2.8
      vertex -30.2789 9.24499 2.8
    endloop
  endfacet
  facet normal 0 0 -1
    outer loop
      vertex -30.4488 9.655 2.8
      vertex -28.3415 8.805 2.8
      vertex -30.3504 9.45556 2.8
    endloop
  endfacet
  facet normal 0 0 -1
    outer loop
      vertex -28.3415 8.805 2.8
      vertex -30.4488 9.655 2.8
      vertex -30.1312 11.9049 2.8
    endloop
  endfacet
  facet normal 0 0 -1
    outer loop
      vertex -30.5723 9.83989 2.8
      vertex -30.1312 11.9049 2.8
      vertex -30.4488 9.655 2.8
    endloop
  endfacet
  facet normal 0 0 -1
    outer loop
      vertex -30.7189 10.0071 2.8
      vertex -30.1312 11.9049 2.8
      vertex -30.5723 9.83989 2.8
    endloop
  endfacet
  facet normal 0 0 -1
    outer loop
      vertex -30.8861 10.1537 2.8
      vertex -30.1312 11.9049 2.8
      vertex -30.7189 10.0071 2.8
    endloop
  endfacet
  facet normal 0 0 -1
    outer loop
      vertex -31.071 10.2772 2.8
      vertex -30.1312 11.9049 2.8
      vertex -30.8861 10.1537 2.8
    endloop
  endfacet
  facet normal 0 0 -1
    outer loop
      vertex -31.2704 10.3756 2.8
      vertex -30.1312 11.9049 2.8
      vertex -31.071 10.2772 2.8
    endloop
  endfacet
  facet normal 0 0 -1
    outer loop
      vertex -31.481 10.4471 2.8
      vertex -30.1312 11.9049 2.8
      vertex -31.2704 10.3756 2.8
    endloop
  endfacet
  facet normal 0 0 -1
    outer loop
      vertex -31.6991 10.4905 2.8
      vertex -30.1312 11.9049 2.8
      vertex -31.481 10.4471 2.8
    endloop
  endfacet
  facet normal 0 0 -1
    outer loop
      vertex -31.921 10.505 2.8
      vertex -30.1312 11.9049 2.8
      vertex -31.6991 10.4905 2.8
    endloop
  endfacet
  facet normal 0 0 -1
    outer loop
      vertex -33.7108 11.9049 2.8
      vertex -31.921 10.505 2.8
      vertex -32.1429 10.4905 2.8
    endloop
  endfacet
  facet normal 0 0 -1
    outer loop
      vertex -33.7108 11.9049 2.8
      vertex -32.1429 10.4905 2.8
      vertex -32.361 10.4471 2.8
    endloop
  endfacet
  facet normal 0 0 -1
    outer loop
      vertex -33.7108 11.9049 2.8
      vertex -32.361 10.4471 2.8
      vertex -32.5716 10.3756 2.8
    endloop
  endfacet
  facet normal 0 0 -1
    outer loop
      vertex -33.7108 11.9049 2.8
      vertex -32.5716 10.3756 2.8
      vertex -32.771 10.2772 2.8
    endloop
  endfacet
  facet normal 0 0 -1
    outer loop
      vertex -31.921 10.505 2.8
      vertex -33.7108 11.9049 2.8
      vertex -30.1312 11.9049 2.8
    endloop
  endfacet
  facet normal 0 0 -1
    outer loop
      vertex -32.9559 10.1537 2.8
      vertex -33.7108 11.9049 2.8
      vertex -32.771 10.2772 2.8
    endloop
  endfacet
  facet normal 0 0 -1
    outer loop
      vertex -33.1231 10.0071 2.8
      vertex -33.7108 11.9049 2.8
      vertex -32.9559 10.1537 2.8
    endloop
  endfacet
  facet normal 0 0 -1
    outer loop
      vertex -33.2697 9.83989 2.8
      vertex -33.7108 11.9049 2.8
      vertex -33.1231 10.0071 2.8
    endloop
  endfacet
  facet normal 0 0 -1
    outer loop
      vertex -33.3932 9.655 2.8
      vertex -33.7108 11.9049 2.8
      vertex -33.2697 9.83989 2.8
    endloop
  endfacet
  facet normal 0 0 -1
    outer loop
      vertex -35.5005 8.805 2.8
      vertex -33.3932 9.655 2.8
      vertex -33.4916 9.45556 2.8
    endloop
  endfacet
  facet normal 0 0 -1
    outer loop
      vertex -35.5005 8.805 2.8
      vertex -33.4916 9.45556 2.8
      vertex -33.5631 9.24499 2.8
    endloop
  endfacet
  facet normal 0 0 -1
    outer loop
      vertex -35.5005 8.805 2.8
      vertex -33.5631 9.24499 2.8
      vertex -33.6065 9.02689 2.8
    endloop
  endfacet
  facet normal 0 0 -1
    outer loop
      vertex -35.5005 8.805 2.8
      vertex -33.6065 9.02689 2.8
      vertex -33.621 8.805 2.8
    endloop
  endfacet
  facet normal 0 0 -1
    outer loop
      vertex -33.6065 8.58311 2.8
      vertex -35.5005 8.805 2.8
      vertex -33.621 8.805 2.8
    endloop
  endfacet
  facet normal -0 0 -1
    outer loop
      vertex -33.3932 9.655 2.8
      vertex -35.5005 8.805 2.8
      vertex -33.7108 11.9049 2.8
    endloop
  endfacet
  facet normal -0.98077 -0.195165 0
    outer loop
      vertex -30.2355 9.02689 2.8
      vertex -30.2789 9.24499 5
      vertex -30.2789 9.24499 2.8
    endloop
  endfacet
  facet normal -0.98077 -0.195165 0
    outer loop
      vertex -30.2789 9.24499 5
      vertex -30.2355 9.02689 2.8
      vertex -30.2355 9.02689 5
    endloop
  endfacet
  facet normal -0.997872 -0.0652086 0
    outer loop
      vertex -30.221 8.805 2.8
      vertex -30.2355 9.02689 5
      vertex -30.2355 9.02689 2.8
    endloop
  endfacet
  facet normal -0.997872 -0.0652086 0
    outer loop
      vertex -30.2355 9.02689 5
      vertex -30.221 8.805 2.8
      vertex -30.221 8.805 5
    endloop
  endfacet
  facet normal -0.659268 -0.751908 0
    outer loop
      vertex -30.8861 10.1537 2.8
      vertex -30.7189 10.0071 5
      vertex -30.8861 10.1537 5
    endloop
  endfacet
  facet normal -0.659268 -0.751908 -0
    outer loop
      vertex -30.7189 10.0071 5
      vertex -30.8861 10.1537 2.8
      vertex -30.7189 10.0071 2.8
    endloop
  endfacet
  facet normal 0.321363 0.946956 -0
    outer loop
      vertex -32.361 7.16293 2.8
      vertex -32.5716 7.2344 5
      vertex -32.361 7.16293 5
    endloop
  endfacet
  facet normal 0.321363 0.946956 0
    outer loop
      vertex -32.5716 7.2344 5
      vertex -32.361 7.16293 2.8
      vertex -32.5716 7.2344 2.8
    endloop
  endfacet
  facet normal -0.195122 0.980779 0
    outer loop
      vertex -31.481 7.16293 2.8
      vertex -31.6991 7.11954 5
      vertex -31.481 7.16293 5
    endloop
  endfacet
  facet normal -0.195122 0.980779 0
    outer loop
      vertex -31.6991 7.11954 5
      vertex -31.481 7.16293 2.8
      vertex -31.6991 7.11954 2.8
    endloop
  endfacet
  facet normal 0.896789 -0.442459 0
    outer loop
      vertex -33.4916 9.45556 5
      vertex -33.3932 9.655 2.8
      vertex -33.3932 9.655 5
    endloop
  endfacet
  facet normal 0.896789 -0.442459 0
    outer loop
      vertex -33.3932 9.655 2.8
      vertex -33.4916 9.45556 5
      vertex -33.4916 9.45556 2.8
    endloop
  endfacet
  facet normal 0.195165 -0.98077 0
    outer loop
      vertex -32.361 10.4471 2.8
      vertex -32.1429 10.4905 5
      vertex -32.361 10.4471 5
    endloop
  endfacet
  facet normal 0.195165 -0.98077 0
    outer loop
      vertex -32.1429 10.4905 5
      vertex -32.361 10.4471 2.8
      vertex -32.1429 10.4905 2.8
    endloop
  endfacet
  facet normal -0.997872 0.0652086 0
    outer loop
      vertex -30.2355 8.58311 2.8
      vertex -30.221 8.805 5
      vertex -30.221 8.805 2.8
    endloop
  endfacet
  facet normal -0.997872 0.0652086 0
    outer loop
      vertex -30.221 8.805 5
      vertex -30.2355 8.58311 2.8
      vertex -30.2355 8.58311 5
    endloop
  endfacet
  facet normal 0.997872 -0.0652086 0
    outer loop
      vertex -33.621 8.805 5
      vertex -33.6065 9.02689 2.8
      vertex -33.6065 9.02689 5
    endloop
  endfacet
  facet normal 0.997872 -0.0652086 0
    outer loop
      vertex -33.6065 9.02689 2.8
      vertex -33.621 8.805 5
      vertex -33.621 8.805 2.8
    endloop
  endfacet
  facet normal -0.831552 -0.555447 0
    outer loop
      vertex -30.4488 9.655 2.8
      vertex -30.5723 9.83989 5
      vertex -30.5723 9.83989 2.8
    endloop
  endfacet
  facet normal -0.831552 -0.555447 0
    outer loop
      vertex -30.5723 9.83989 5
      vertex -30.4488 9.655 2.8
      vertex -30.4488 9.655 5
    endloop
  endfacet
  facet normal -0.321484 -0.946915 0
    outer loop
      vertex -31.481 10.4471 2.8
      vertex -31.2704 10.3756 5
      vertex -31.481 10.4471 5
    endloop
  endfacet
  facet normal -0.321484 -0.946915 -0
    outer loop
      vertex -31.2704 10.3756 5
      vertex -31.481 10.4471 2.8
      vertex -31.2704 10.3756 2.8
    endloop
  endfacet
  facet normal -0.751888 0.659291 0
    outer loop
      vertex -30.7189 7.60292 2.8
      vertex -30.5723 7.77011 5
      vertex -30.5723 7.77011 2.8
    endloop
  endfacet
  facet normal -0.751888 0.659291 0
    outer loop
      vertex -30.5723 7.77011 5
      vertex -30.7189 7.60292 2.8
      vertex -30.7189 7.60292 5
    endloop
  endfacet
  facet normal -0.555426 -0.831566 0
    outer loop
      vertex -31.071 10.2772 2.8
      vertex -30.8861 10.1537 5
      vertex -31.071 10.2772 5
    endloop
  endfacet
  facet normal -0.555426 -0.831566 -0
    outer loop
      vertex -30.8861 10.1537 5
      vertex -31.071 10.2772 2.8
      vertex -30.8861 10.1537 2.8
    endloop
  endfacet
  facet normal 0.896789 0.442459 0
    outer loop
      vertex -33.3932 7.955 5
      vertex -33.4916 8.15444 2.8
      vertex -33.4916 8.15444 5
    endloop
  endfacet
  facet normal 0.896789 0.442459 0
    outer loop
      vertex -33.4916 8.15444 2.8
      vertex -33.3932 7.955 5
      vertex -33.3932 7.955 2.8
    endloop
  endfacet
  facet normal 0.946901 0.321525 0
    outer loop
      vertex -33.4916 8.15444 5
      vertex -33.5631 8.36501 2.8
      vertex -33.5631 8.36501 5
    endloop
  endfacet
  facet normal 0.946901 0.321525 0
    outer loop
      vertex -33.5631 8.36501 2.8
      vertex -33.4916 8.15444 5
      vertex -33.4916 8.15444 2.8
    endloop
  endfacet
  facet normal 0.751927 -0.659246 0
    outer loop
      vertex -33.2697 9.83989 5
      vertex -33.1231 10.0071 2.8
      vertex -33.1231 10.0071 5
    endloop
  endfacet
  facet normal 0.751927 -0.659246 0
    outer loop
      vertex -33.1231 10.0071 2.8
      vertex -33.2697 9.83989 5
      vertex -33.2697 9.83989 2.8
    endloop
  endfacet
  facet normal -0.98077 0.195165 0
    outer loop
      vertex -30.2789 8.36501 2.8
      vertex -30.2355 8.58311 5
      vertex -30.2355 8.58311 2.8
    endloop
  endfacet
  facet normal -0.98077 0.195165 0
    outer loop
      vertex -30.2355 8.58311 5
      vertex -30.2789 8.36501 2.8
      vertex -30.2789 8.36501 5
    endloop
  endfacet
  facet normal -0.44253 -0.896754 0
    outer loop
      vertex -31.2704 10.3756 2.8
      vertex -31.071 10.2772 5
      vertex -31.2704 10.3756 5
    endloop
  endfacet
  facet normal -0.44253 -0.896754 -0
    outer loop
      vertex -31.071 10.2772 5
      vertex -31.2704 10.3756 2.8
      vertex -31.071 10.2772 2.8
    endloop
  endfacet
  facet normal 0.751888 0.659291 0
    outer loop
      vertex -33.1231 7.60292 5
      vertex -33.2697 7.77011 2.8
      vertex -33.2697 7.77011 5
    endloop
  endfacet
  facet normal 0.751888 0.659291 0
    outer loop
      vertex -33.2697 7.77011 2.8
      vertex -33.1231 7.60292 5
      vertex -33.1231 7.60292 2.8
    endloop
  endfacet
  facet normal 0.98077 0.195165 0
    outer loop
      vertex -33.5631 8.36501 5
      vertex -33.6065 8.58311 2.8
      vertex -33.6065 8.58311 5
    endloop
  endfacet
  facet normal 0.98077 0.195165 0
    outer loop
      vertex -33.6065 8.58311 2.8
      vertex -33.5631 8.36501 5
      vertex -33.5631 8.36501 2.8
    endloop
  endfacet
  facet normal 0.659268 -0.751908 0
    outer loop
      vertex -33.1231 10.0071 2.8
      vertex -32.9559 10.1537 5
      vertex -33.1231 10.0071 5
    endloop
  endfacet
  facet normal 0.659268 -0.751908 0
    outer loop
      vertex -32.9559 10.1537 5
      vertex -33.1231 10.0071 2.8
      vertex -32.9559 10.1537 2.8
    endloop
  endfacet
  facet normal -0.555551 0.831483 0
    outer loop
      vertex -30.8861 7.4563 2.8
      vertex -31.071 7.33276 5
      vertex -30.8861 7.4563 5
    endloop
  endfacet
  facet normal -0.555551 0.831483 0
    outer loop
      vertex -31.071 7.33276 5
      vertex -30.8861 7.4563 2.8
      vertex -31.071 7.33276 2.8
    endloop
  endfacet
  facet normal -0.321363 0.946956 0
    outer loop
      vertex -31.2704 7.2344 2.8
      vertex -31.481 7.16293 5
      vertex -31.2704 7.2344 5
    endloop
  endfacet
  facet normal -0.321363 0.946956 0
    outer loop
      vertex -31.481 7.16293 5
      vertex -31.2704 7.2344 2.8
      vertex -31.481 7.16293 2.8
    endloop
  endfacet
  facet normal 0.555551 0.831483 -0
    outer loop
      vertex -32.771 7.33276 2.8
      vertex -32.9559 7.4563 5
      vertex -32.771 7.33276 5
    endloop
  endfacet
  facet normal 0.555551 0.831483 0
    outer loop
      vertex -32.9559 7.4563 5
      vertex -32.771 7.33276 2.8
      vertex -32.9559 7.4563 2.8
    endloop
  endfacet
  facet normal -0.659319 0.751863 0
    outer loop
      vertex -30.7189 7.60292 2.8
      vertex -30.8861 7.4563 5
      vertex -30.7189 7.60292 5
    endloop
  endfacet
  facet normal -0.659319 0.751863 0
    outer loop
      vertex -30.8861 7.4563 5
      vertex -30.7189 7.60292 2.8
      vertex -30.8861 7.4563 2.8
    endloop
  endfacet
  facet normal -0.442386 0.896825 0
    outer loop
      vertex -31.071 7.33276 2.8
      vertex -31.2704 7.2344 5
      vertex -31.071 7.33276 5
    endloop
  endfacet
  facet normal -0.442386 0.896825 0
    outer loop
      vertex -31.2704 7.2344 5
      vertex -31.071 7.33276 2.8
      vertex -31.2704 7.2344 2.8
    endloop
  endfacet
  facet normal 0.44253 -0.896754 0
    outer loop
      vertex -32.771 10.2772 2.8
      vertex -32.5716 10.3756 5
      vertex -32.771 10.2772 5
    endloop
  endfacet
  facet normal 0.44253 -0.896754 0
    outer loop
      vertex -32.5716 10.3756 5
      vertex -32.771 10.2772 2.8
      vertex -32.5716 10.3756 2.8
    endloop
  endfacet
  facet normal -0.896789 -0.442459 0
    outer loop
      vertex -30.3504 9.45556 2.8
      vertex -30.4488 9.655 5
      vertex -30.4488 9.655 2.8
    endloop
  endfacet
  facet normal -0.896789 -0.442459 0
    outer loop
      vertex -30.4488 9.655 5
      vertex -30.3504 9.45556 2.8
      vertex -30.3504 9.45556 5
    endloop
  endfacet
  facet normal 0.831552 0.555447 0
    outer loop
      vertex -33.2697 7.77011 5
      vertex -33.3932 7.955 2.8
      vertex -33.3932 7.955 5
    endloop
  endfacet
  facet normal 0.831552 0.555447 0
    outer loop
      vertex -33.3932 7.955 2.8
      vertex -33.2697 7.77011 5
      vertex -33.2697 7.77011 2.8
    endloop
  endfacet
  facet normal 0.831552 -0.555447 0
    outer loop
      vertex -33.3932 9.655 5
      vertex -33.2697 9.83989 2.8
      vertex -33.2697 9.83989 5
    endloop
  endfacet
  facet normal 0.831552 -0.555447 0
    outer loop
      vertex -33.2697 9.83989 2.8
      vertex -33.3932 9.655 5
      vertex -33.3932 9.655 2.8
    endloop
  endfacet
  facet normal 0.659319 0.751863 -0
    outer loop
      vertex -32.9559 7.4563 2.8
      vertex -33.1231 7.60292 5
      vertex -32.9559 7.4563 5
    endloop
  endfacet
  facet normal 0.659319 0.751863 0
    outer loop
      vertex -33.1231 7.60292 5
      vertex -32.9559 7.4563 2.8
      vertex -33.1231 7.60292 2.8
    endloop
  endfacet
  facet normal 0.321484 -0.946915 0
    outer loop
      vertex -32.5716 10.3756 2.8
      vertex -32.361 10.4471 5
      vertex -32.5716 10.3756 5
    endloop
  endfacet
  facet normal 0.321484 -0.946915 0
    outer loop
      vertex -32.361 10.4471 5
      vertex -32.5716 10.3756 2.8
      vertex -32.361 10.4471 2.8
    endloop
  endfacet
  facet normal -0.831552 0.555447 0
    outer loop
      vertex -30.5723 7.77011 2.8
      vertex -30.4488 7.955 5
      vertex -30.4488 7.955 2.8
    endloop
  endfacet
  facet normal -0.831552 0.555447 0
    outer loop
      vertex -30.4488 7.955 5
      vertex -30.5723 7.77011 2.8
      vertex -30.5723 7.77011 5
    endloop
  endfacet
  facet normal -0.946901 0.321525 0
    outer loop
      vertex -30.3504 8.15444 2.8
      vertex -30.2789 8.36501 5
      vertex -30.2789 8.36501 2.8
    endloop
  endfacet
  facet normal -0.946901 0.321525 0
    outer loop
      vertex -30.2789 8.36501 5
      vertex -30.3504 8.15444 2.8
      vertex -30.3504 8.15444 5
    endloop
  endfacet
  facet normal 0.195122 0.980779 -0
    outer loop
      vertex -32.1429 7.11954 2.8
      vertex -32.361 7.16293 5
      vertex -32.1429 7.11954 5
    endloop
  endfacet
  facet normal 0.195122 0.980779 0
    outer loop
      vertex -32.361 7.16293 5
      vertex -32.1429 7.11954 2.8
      vertex -32.361 7.16293 2.8
    endloop
  endfacet
  facet normal 0.98077 -0.195165 0
    outer loop
      vertex -33.6065 9.02689 5
      vertex -33.5631 9.24499 2.8
      vertex -33.5631 9.24499 5
    endloop
  endfacet
  facet normal 0.98077 -0.195165 0
    outer loop
      vertex -33.5631 9.24499 2.8
      vertex -33.6065 9.02689 5
      vertex -33.6065 9.02689 2.8
    endloop
  endfacet
  facet normal -0.195165 -0.98077 0
    outer loop
      vertex -31.6991 10.4905 2.8
      vertex -31.481 10.4471 5
      vertex -31.6991 10.4905 5
    endloop
  endfacet
  facet normal -0.195165 -0.98077 -0
    outer loop
      vertex -31.481 10.4471 5
      vertex -31.6991 10.4905 2.8
      vertex -31.481 10.4471 2.8
    endloop
  endfacet
  facet normal 0.997872 0.0652086 0
    outer loop
      vertex -33.6065 8.58311 5
      vertex -33.621 8.805 2.8
      vertex -33.621 8.805 5
    endloop
  endfacet
  facet normal 0.997872 0.0652086 0
    outer loop
      vertex -33.621 8.805 2.8
      vertex -33.6065 8.58311 5
      vertex -33.6065 8.58311 2.8
    endloop
  endfacet
  facet normal 0.946901 -0.321525 0
    outer loop
      vertex -33.5631 9.24499 5
      vertex -33.4916 9.45556 2.8
      vertex -33.4916 9.45556 5
    endloop
  endfacet
  facet normal 0.946901 -0.321525 0
    outer loop
      vertex -33.4916 9.45556 2.8
      vertex -33.5631 9.24499 5
      vertex -33.5631 9.24499 2.8
    endloop
  endfacet
  facet normal -0.751927 -0.659246 0
    outer loop
      vertex -30.5723 9.83989 2.8
      vertex -30.7189 10.0071 5
      vertex -30.7189 10.0071 2.8
    endloop
  endfacet
  facet normal -0.751927 -0.659246 0
    outer loop
      vertex -30.7189 10.0071 5
      vertex -30.5723 9.83989 2.8
      vertex -30.5723 9.83989 5
    endloop
  endfacet
  facet normal -0.946901 -0.321525 0
    outer loop
      vertex -30.2789 9.24499 2.8
      vertex -30.3504 9.45556 5
      vertex -30.3504 9.45556 2.8
    endloop
  endfacet
  facet normal -0.946901 -0.321525 0
    outer loop
      vertex -30.3504 9.45556 5
      vertex -30.2789 9.24499 2.8
      vertex -30.2789 9.24499 5
    endloop
  endfacet
  facet normal 0.0653848 0.99786 -0
    outer loop
      vertex -31.921 7.105 2.8
      vertex -32.1429 7.11954 5
      vertex -31.921 7.105 5
    endloop
  endfacet
  facet normal 0.0653848 0.99786 0
    outer loop
      vertex -32.1429 7.11954 5
      vertex -31.921 7.105 2.8
      vertex -32.1429 7.11954 2.8
    endloop
  endfacet
  facet normal -0.0652057 -0.997872 0
    outer loop
      vertex -31.921 10.505 2.8
      vertex -31.6991 10.4905 5
      vertex -31.921 10.505 5
    endloop
  endfacet
  facet normal -0.0652057 -0.997872 -0
    outer loop
      vertex -31.6991 10.4905 5
      vertex -31.921 10.505 2.8
      vertex -31.6991 10.4905 2.8
    endloop
  endfacet
  facet normal -0.0653848 0.99786 0
    outer loop
      vertex -31.6991 7.11954 2.8
      vertex -31.921 7.105 5
      vertex -31.6991 7.11954 5
    endloop
  endfacet
  facet normal -0.0653848 0.99786 0
    outer loop
      vertex -31.921 7.105 5
      vertex -31.6991 7.11954 2.8
      vertex -31.921 7.105 2.8
    endloop
  endfacet
  facet normal 0.0652057 -0.997872 0
    outer loop
      vertex -32.1429 10.4905 2.8
      vertex -31.921 10.505 5
      vertex -32.1429 10.4905 5
    endloop
  endfacet
  facet normal 0.0652057 -0.997872 0
    outer loop
      vertex -31.921 10.505 5
      vertex -32.1429 10.4905 2.8
      vertex -31.921 10.505 2.8
    endloop
  endfacet
  facet normal 0.555426 -0.831566 0
    outer loop
      vertex -32.9559 10.1537 2.8
      vertex -32.771 10.2772 5
      vertex -32.9559 10.1537 5
    endloop
  endfacet
  facet normal 0.555426 -0.831566 0
    outer loop
      vertex -32.771 10.2772 5
      vertex -32.9559 10.1537 2.8
      vertex -32.771 10.2772 2.8
    endloop
  endfacet
  facet normal -0.896789 0.442459 0
    outer loop
      vertex -30.4488 7.955 2.8
      vertex -30.3504 8.15444 5
      vertex -30.3504 8.15444 2.8
    endloop
  endfacet
  facet normal -0.896789 0.442459 0
    outer loop
      vertex -30.3504 8.15444 5
      vertex -30.4488 7.955 2.8
      vertex -30.4488 7.955 5
    endloop
  endfacet
  facet normal 0.442386 0.896825 -0
    outer loop
      vertex -32.5716 7.2344 2.8
      vertex -32.771 7.33276 5
      vertex -32.5716 7.2344 5
    endloop
  endfacet
  facet normal 0.442386 0.896825 0
    outer loop
      vertex -32.771 7.33276 5
      vertex -32.5716 7.2344 2.8
      vertex -32.771 7.33276 2.8
    endloop
  endfacet
  facet normal 0 1 -0
    outer loop
      vertex 32.8688 5.70506 0
      vertex 29.2892 5.70506 2.8
      vertex 32.8688 5.70506 2.8
    endloop
  endfacet
  facet normal 0 1 0
    outer loop
      vertex 29.2892 5.70506 2.8
      vertex 32.8688 5.70506 0
      vertex 29.2892 5.70506 0
    endloop
  endfacet
  facet normal -0.866032 0.499989 0
    outer loop
      vertex 32.8688 5.70506 0
      vertex 34.6585 8.805 2.8
      vertex 34.6585 8.805 0
    endloop
  endfacet
  facet normal -0.866032 0.499989 0
    outer loop
      vertex 34.6585 8.805 2.8
      vertex 32.8688 5.70506 0
      vertex 32.8688 5.70506 2.8
    endloop
  endfacet
  facet normal 0 -1 0
    outer loop
      vertex 29.2892 11.9049 0
      vertex 32.8688 11.9049 2.8
      vertex 29.2892 11.9049 2.8
    endloop
  endfacet
  facet normal 0 -1 -0
    outer loop
      vertex 32.8688 11.9049 2.8
      vertex 29.2892 11.9049 0
      vertex 32.8688 11.9049 0
    endloop
  endfacet
  facet normal -0.866029 -0.499994 0
    outer loop
      vertex 34.6585 8.805 0
      vertex 32.8688 11.9049 2.8
      vertex 32.8688 11.9049 0
    endloop
  endfacet
  facet normal -0.866029 -0.499994 0
    outer loop
      vertex 32.8688 11.9049 2.8
      vertex 34.6585 8.805 0
      vertex 34.6585 8.805 2.8
    endloop
  endfacet
  facet normal 0.866029 -0.499994 0
    outer loop
      vertex 27.4995 8.805 2.8
      vertex 29.2892 11.9049 0
      vertex 29.2892 11.9049 2.8
    endloop
  endfacet
  facet normal 0.866029 -0.499994 0
    outer loop
      vertex 29.2892 11.9049 0
      vertex 27.4995 8.805 2.8
      vertex 27.4995 8.805 0
    endloop
  endfacet
  facet normal 0.866032 0.499989 0
    outer loop
      vertex 29.2892 5.70506 2.8
      vertex 27.4995 8.805 0
      vertex 27.4995 8.805 2.8
    endloop
  endfacet
  facet normal 0.866032 0.499989 0
    outer loop
      vertex 27.4995 8.805 0
      vertex 29.2892 5.70506 2.8
      vertex 29.2892 5.70506 0
    endloop
  endfacet
  facet normal 0 0 -1
    outer loop
      vertex 32.5512 7.955 2.8
      vertex 34.6585 8.805 2.8
      vertex 32.8688 5.70506 2.8
    endloop
  endfacet
  facet normal 0 0 -1
    outer loop
      vertex 32.7645 9.02689 2.8
      vertex 34.6585 8.805 2.8
      vertex 32.779 8.805 2.8
    endloop
  endfacet
  facet normal -0 0 -1
    outer loop
      vertex 34.6585 8.805 2.8
      vertex 32.7645 8.58311 2.8
      vertex 32.779 8.805 2.8
    endloop
  endfacet
  facet normal 0 0 -1
    outer loop
      vertex 34.6585 8.805 2.8
      vertex 32.7211 8.36501 2.8
      vertex 32.7645 8.58311 2.8
    endloop
  endfacet
  facet normal 0 0 -1
    outer loop
      vertex 34.6585 8.805 2.8
      vertex 32.6496 8.15444 2.8
      vertex 32.7211 8.36501 2.8
    endloop
  endfacet
  facet normal 0 0 -1
    outer loop
      vertex 34.6585 8.805 2.8
      vertex 32.5512 7.955 2.8
      vertex 32.6496 8.15444 2.8
    endloop
  endfacet
  facet normal 0 0 -1
    outer loop
      vertex 32.8688 5.70506 2.8
      vertex 32.4277 7.77011 2.8
      vertex 32.5512 7.955 2.8
    endloop
  endfacet
  facet normal 0 0 -1
    outer loop
      vertex 32.8688 5.70506 2.8
      vertex 32.2811 7.60292 2.8
      vertex 32.4277 7.77011 2.8
    endloop
  endfacet
  facet normal 0 0 -1
    outer loop
      vertex 32.8688 5.70506 2.8
      vertex 32.1139 7.4563 2.8
      vertex 32.2811 7.60292 2.8
    endloop
  endfacet
  facet normal 0 0 -1
    outer loop
      vertex 32.8688 5.70506 2.8
      vertex 31.929 7.33276 2.8
      vertex 32.1139 7.4563 2.8
    endloop
  endfacet
  facet normal 0 0 -1
    outer loop
      vertex 32.8688 5.70506 2.8
      vertex 31.7296 7.2344 2.8
      vertex 31.929 7.33276 2.8
    endloop
  endfacet
  facet normal 0 0 -1
    outer loop
      vertex 32.8688 5.70506 2.8
      vertex 31.519 7.16293 2.8
      vertex 31.7296 7.2344 2.8
    endloop
  endfacet
  facet normal 0 0 -1
    outer loop
      vertex 32.8688 5.70506 2.8
      vertex 31.3009 7.11954 2.8
      vertex 31.519 7.16293 2.8
    endloop
  endfacet
  facet normal 0 0 -1
    outer loop
      vertex 32.8688 5.70506 2.8
      vertex 31.079 7.105 2.8
      vertex 31.3009 7.11954 2.8
    endloop
  endfacet
  facet normal 0 0 -1
    outer loop
      vertex 29.2892 5.70506 2.8
      vertex 31.079 7.105 2.8
      vertex 32.8688 5.70506 2.8
    endloop
  endfacet
  facet normal -0 0 -1
    outer loop
      vertex 31.079 7.105 2.8
      vertex 29.2892 5.70506 2.8
      vertex 30.8571 7.11954 2.8
    endloop
  endfacet
  facet normal -0 0 -1
    outer loop
      vertex 30.8571 7.11954 2.8
      vertex 29.2892 5.70506 2.8
      vertex 30.639 7.16293 2.8
    endloop
  endfacet
  facet normal -0 0 -1
    outer loop
      vertex 30.639 7.16293 2.8
      vertex 29.2892 5.70506 2.8
      vertex 30.4284 7.2344 2.8
    endloop
  endfacet
  facet normal 0 0 -1
    outer loop
      vertex 29.4369 8.36501 2.8
      vertex 27.4995 8.805 2.8
      vertex 29.3935 8.58311 2.8
    endloop
  endfacet
  facet normal 0 0 -1
    outer loop
      vertex 29.5084 8.15444 2.8
      vertex 27.4995 8.805 2.8
      vertex 29.4369 8.36501 2.8
    endloop
  endfacet
  facet normal 0 0 -1
    outer loop
      vertex 29.6068 7.955 2.8
      vertex 27.4995 8.805 2.8
      vertex 29.5084 8.15444 2.8
    endloop
  endfacet
  facet normal 0 0 -1
    outer loop
      vertex 27.4995 8.805 2.8
      vertex 29.6068 7.955 2.8
      vertex 29.2892 5.70506 2.8
    endloop
  endfacet
  facet normal -0 0 -1
    outer loop
      vertex 29.7303 7.77011 2.8
      vertex 29.2892 5.70506 2.8
      vertex 29.6068 7.955 2.8
    endloop
  endfacet
  facet normal -0 0 -1
    outer loop
      vertex 29.8769 7.60292 2.8
      vertex 29.2892 5.70506 2.8
      vertex 29.7303 7.77011 2.8
    endloop
  endfacet
  facet normal -0 0 -1
    outer loop
      vertex 30.0441 7.4563 2.8
      vertex 29.2892 5.70506 2.8
      vertex 29.8769 7.60292 2.8
    endloop
  endfacet
  facet normal -0 0 -1
    outer loop
      vertex 30.229 7.33276 2.8
      vertex 29.2892 5.70506 2.8
      vertex 30.0441 7.4563 2.8
    endloop
  endfacet
  facet normal -0 0 -1
    outer loop
      vertex 30.4284 7.2344 2.8
      vertex 29.2892 5.70506 2.8
      vertex 30.229 7.33276 2.8
    endloop
  endfacet
  facet normal 0 0 -1
    outer loop
      vertex 32.7211 9.24499 2.8
      vertex 34.6585 8.805 2.8
      vertex 32.7645 9.02689 2.8
    endloop
  endfacet
  facet normal 0 0 -1
    outer loop
      vertex 32.6496 9.45556 2.8
      vertex 34.6585 8.805 2.8
      vertex 32.7211 9.24499 2.8
    endloop
  endfacet
  facet normal 0 0 -1
    outer loop
      vertex 32.5512 9.655 2.8
      vertex 34.6585 8.805 2.8
      vertex 32.6496 9.45556 2.8
    endloop
  endfacet
  facet normal 0 0 -1
    outer loop
      vertex 34.6585 8.805 2.8
      vertex 32.5512 9.655 2.8
      vertex 32.8688 11.9049 2.8
    endloop
  endfacet
  facet normal 0 0 -1
    outer loop
      vertex 32.4277 9.83989 2.8
      vertex 32.8688 11.9049 2.8
      vertex 32.5512 9.655 2.8
    endloop
  endfacet
  facet normal 0 0 -1
    outer loop
      vertex 32.2811 10.0071 2.8
      vertex 32.8688 11.9049 2.8
      vertex 32.4277 9.83989 2.8
    endloop
  endfacet
  facet normal 0 0 -1
    outer loop
      vertex 32.1139 10.1537 2.8
      vertex 32.8688 11.9049 2.8
      vertex 32.2811 10.0071 2.8
    endloop
  endfacet
  facet normal 0 0 -1
    outer loop
      vertex 31.929 10.2772 2.8
      vertex 32.8688 11.9049 2.8
      vertex 32.1139 10.1537 2.8
    endloop
  endfacet
  facet normal 0 0 -1
    outer loop
      vertex 31.7296 10.3756 2.8
      vertex 32.8688 11.9049 2.8
      vertex 31.929 10.2772 2.8
    endloop
  endfacet
  facet normal 0 0 -1
    outer loop
      vertex 31.519 10.4471 2.8
      vertex 32.8688 11.9049 2.8
      vertex 31.7296 10.3756 2.8
    endloop
  endfacet
  facet normal 0 0 -1
    outer loop
      vertex 31.3009 10.4905 2.8
      vertex 32.8688 11.9049 2.8
      vertex 31.519 10.4471 2.8
    endloop
  endfacet
  facet normal 0 0 -1
    outer loop
      vertex 31.079 10.505 2.8
      vertex 32.8688 11.9049 2.8
      vertex 31.3009 10.4905 2.8
    endloop
  endfacet
  facet normal 0 0 -1
    outer loop
      vertex 29.2892 11.9049 2.8
      vertex 31.079 10.505 2.8
      vertex 30.8571 10.4905 2.8
    endloop
  endfacet
  facet normal 0 0 -1
    outer loop
      vertex 29.2892 11.9049 2.8
      vertex 30.8571 10.4905 2.8
      vertex 30.639 10.4471 2.8
    endloop
  endfacet
  facet normal 0 0 -1
    outer loop
      vertex 29.2892 11.9049 2.8
      vertex 30.639 10.4471 2.8
      vertex 30.4284 10.3756 2.8
    endloop
  endfacet
  facet normal 0 0 -1
    outer loop
      vertex 29.2892 11.9049 2.8
      vertex 30.4284 10.3756 2.8
      vertex 30.229 10.2772 2.8
    endloop
  endfacet
  facet normal 0 0 -1
    outer loop
      vertex 31.079 10.505 2.8
      vertex 29.2892 11.9049 2.8
      vertex 32.8688 11.9049 2.8
    endloop
  endfacet
  facet normal 0 0 -1
    outer loop
      vertex 30.0441 10.1537 2.8
      vertex 29.2892 11.9049 2.8
      vertex 30.229 10.2772 2.8
    endloop
  endfacet
  facet normal 0 0 -1
    outer loop
      vertex 29.8769 10.0071 2.8
      vertex 29.2892 11.9049 2.8
      vertex 30.0441 10.1537 2.8
    endloop
  endfacet
  facet normal 0 0 -1
    outer loop
      vertex 29.7303 9.83989 2.8
      vertex 29.2892 11.9049 2.8
      vertex 29.8769 10.0071 2.8
    endloop
  endfacet
  facet normal 0 0 -1
    outer loop
      vertex 29.6068 9.655 2.8
      vertex 29.2892 11.9049 2.8
      vertex 29.7303 9.83989 2.8
    endloop
  endfacet
  facet normal 0 0 -1
    outer loop
      vertex 27.4995 8.805 2.8
      vertex 29.6068 9.655 2.8
      vertex 29.5084 9.45556 2.8
    endloop
  endfacet
  facet normal 0 0 -1
    outer loop
      vertex 27.4995 8.805 2.8
      vertex 29.5084 9.45556 2.8
      vertex 29.4369 9.24499 2.8
    endloop
  endfacet
  facet normal 0 0 -1
    outer loop
      vertex 27.4995 8.805 2.8
      vertex 29.4369 9.24499 2.8
      vertex 29.3935 9.02689 2.8
    endloop
  endfacet
  facet normal 0 0 -1
    outer loop
      vertex 27.4995 8.805 2.8
      vertex 29.3935 9.02689 2.8
      vertex 29.379 8.805 2.8
    endloop
  endfacet
  facet normal 0 0 -1
    outer loop
      vertex 29.3935 8.58311 2.8
      vertex 27.4995 8.805 2.8
      vertex 29.379 8.805 2.8
    endloop
  endfacet
  facet normal -0 0 -1
    outer loop
      vertex 29.6068 9.655 2.8
      vertex 27.4995 8.805 2.8
      vertex 29.2892 11.9049 2.8
    endloop
  endfacet
  facet normal -0.98077 -0.195165 0
    outer loop
      vertex 32.7645 9.02689 2.8
      vertex 32.7211 9.24499 5
      vertex 32.7211 9.24499 2.8
    endloop
  endfacet
  facet normal -0.98077 -0.195165 0
    outer loop
      vertex 32.7211 9.24499 5
      vertex 32.7645 9.02689 2.8
      vertex 32.7645 9.02689 5
    endloop
  endfacet
  facet normal -0.997872 -0.0652086 0
    outer loop
      vertex 32.779 8.805 2.8
      vertex 32.7645 9.02689 5
      vertex 32.7645 9.02689 2.8
    endloop
  endfacet
  facet normal -0.997872 -0.0652086 0
    outer loop
      vertex 32.7645 9.02689 5
      vertex 32.779 8.805 2.8
      vertex 32.779 8.805 5
    endloop
  endfacet
  facet normal -0.659268 -0.751908 0
    outer loop
      vertex 32.1139 10.1537 2.8
      vertex 32.2811 10.0071 5
      vertex 32.1139 10.1537 5
    endloop
  endfacet
  facet normal -0.659268 -0.751908 -0
    outer loop
      vertex 32.2811 10.0071 5
      vertex 32.1139 10.1537 2.8
      vertex 32.2811 10.0071 2.8
    endloop
  endfacet
  facet normal 0.321363 0.946956 -0
    outer loop
      vertex 30.639 7.16293 2.8
      vertex 30.4284 7.2344 5
      vertex 30.639 7.16293 5
    endloop
  endfacet
  facet normal 0.321363 0.946956 0
    outer loop
      vertex 30.4284 7.2344 5
      vertex 30.639 7.16293 2.8
      vertex 30.4284 7.2344 2.8
    endloop
  endfacet
  facet normal -0.195122 0.980779 0
    outer loop
      vertex 31.519 7.16293 2.8
      vertex 31.3009 7.11954 5
      vertex 31.519 7.16293 5
    endloop
  endfacet
  facet normal -0.195122 0.980779 0
    outer loop
      vertex 31.3009 7.11954 5
      vertex 31.519 7.16293 2.8
      vertex 31.3009 7.11954 2.8
    endloop
  endfacet
  facet normal 0.896789 -0.442459 0
    outer loop
      vertex 29.5084 9.45556 5
      vertex 29.6068 9.655 2.8
      vertex 29.6068 9.655 5
    endloop
  endfacet
  facet normal 0.896789 -0.442459 0
    outer loop
      vertex 29.6068 9.655 2.8
      vertex 29.5084 9.45556 5
      vertex 29.5084 9.45556 2.8
    endloop
  endfacet
  facet normal 0.195165 -0.98077 0
    outer loop
      vertex 30.639 10.4471 2.8
      vertex 30.8571 10.4905 5
      vertex 30.639 10.4471 5
    endloop
  endfacet
  facet normal 0.195165 -0.98077 0
    outer loop
      vertex 30.8571 10.4905 5
      vertex 30.639 10.4471 2.8
      vertex 30.8571 10.4905 2.8
    endloop
  endfacet
  facet normal -0.997872 0.0652086 0
    outer loop
      vertex 32.7645 8.58311 2.8
      vertex 32.779 8.805 5
      vertex 32.779 8.805 2.8
    endloop
  endfacet
  facet normal -0.997872 0.0652086 0
    outer loop
      vertex 32.779 8.805 5
      vertex 32.7645 8.58311 2.8
      vertex 32.7645 8.58311 5
    endloop
  endfacet
  facet normal 0.997872 -0.0652086 0
    outer loop
      vertex 29.379 8.805 5
      vertex 29.3935 9.02689 2.8
      vertex 29.3935 9.02689 5
    endloop
  endfacet
  facet normal 0.997872 -0.0652086 0
    outer loop
      vertex 29.3935 9.02689 2.8
      vertex 29.379 8.805 5
      vertex 29.379 8.805 2.8
    endloop
  endfacet
  facet normal -0.831552 -0.555447 0
    outer loop
      vertex 32.5512 9.655 2.8
      vertex 32.4277 9.83989 5
      vertex 32.4277 9.83989 2.8
    endloop
  endfacet
  facet normal -0.831552 -0.555447 0
    outer loop
      vertex 32.4277 9.83989 5
      vertex 32.5512 9.655 2.8
      vertex 32.5512 9.655 5
    endloop
  endfacet
  facet normal -0.321484 -0.946915 0
    outer loop
      vertex 31.519 10.4471 2.8
      vertex 31.7296 10.3756 5
      vertex 31.519 10.4471 5
    endloop
  endfacet
  facet normal -0.321484 -0.946915 -0
    outer loop
      vertex 31.7296 10.3756 5
      vertex 31.519 10.4471 2.8
      vertex 31.7296 10.3756 2.8
    endloop
  endfacet
  facet normal -0.751888 0.659291 0
    outer loop
      vertex 32.2811 7.60292 2.8
      vertex 32.4277 7.77011 5
      vertex 32.4277 7.77011 2.8
    endloop
  endfacet
  facet normal -0.751888 0.659291 0
    outer loop
      vertex 32.4277 7.77011 5
      vertex 32.2811 7.60292 2.8
      vertex 32.2811 7.60292 5
    endloop
  endfacet
  facet normal -0.555426 -0.831566 0
    outer loop
      vertex 31.929 10.2772 2.8
      vertex 32.1139 10.1537 5
      vertex 31.929 10.2772 5
    endloop
  endfacet
  facet normal -0.555426 -0.831566 -0
    outer loop
      vertex 32.1139 10.1537 5
      vertex 31.929 10.2772 2.8
      vertex 32.1139 10.1537 2.8
    endloop
  endfacet
  facet normal 0.896789 0.442459 0
    outer loop
      vertex 29.6068 7.955 5
      vertex 29.5084 8.15444 2.8
      vertex 29.5084 8.15444 5
    endloop
  endfacet
  facet normal 0.896789 0.442459 0
    outer loop
      vertex 29.5084 8.15444 2.8
      vertex 29.6068 7.955 5
      vertex 29.6068 7.955 2.8
    endloop
  endfacet
  facet normal 0.946901 0.321525 0
    outer loop
      vertex 29.5084 8.15444 5
      vertex 29.4369 8.36501 2.8
      vertex 29.4369 8.36501 5
    endloop
  endfacet
  facet normal 0.946901 0.321525 0
    outer loop
      vertex 29.4369 8.36501 2.8
      vertex 29.5084 8.15444 5
      vertex 29.5084 8.15444 2.8
    endloop
  endfacet
  facet normal 0.751927 -0.659246 0
    outer loop
      vertex 29.7303 9.83989 5
      vertex 29.8769 10.0071 2.8
      vertex 29.8769 10.0071 5
    endloop
  endfacet
  facet normal 0.751927 -0.659246 0
    outer loop
      vertex 29.8769 10.0071 2.8
      vertex 29.7303 9.83989 5
      vertex 29.7303 9.83989 2.8
    endloop
  endfacet
  facet normal -0.98077 0.195165 0
    outer loop
      vertex 32.7211 8.36501 2.8
      vertex 32.7645 8.58311 5
      vertex 32.7645 8.58311 2.8
    endloop
  endfacet
  facet normal -0.98077 0.195165 0
    outer loop
      vertex 32.7645 8.58311 5
      vertex 32.7211 8.36501 2.8
      vertex 32.7211 8.36501 5
    endloop
  endfacet
  facet normal -0.44253 -0.896754 0
    outer loop
      vertex 31.7296 10.3756 2.8
      vertex 31.929 10.2772 5
      vertex 31.7296 10.3756 5
    endloop
  endfacet
  facet normal -0.44253 -0.896754 -0
    outer loop
      vertex 31.929 10.2772 5
      vertex 31.7296 10.3756 2.8
      vertex 31.929 10.2772 2.8
    endloop
  endfacet
  facet normal 0.751888 0.659291 0
    outer loop
      vertex 29.8769 7.60292 5
      vertex 29.7303 7.77011 2.8
      vertex 29.7303 7.77011 5
    endloop
  endfacet
  facet normal 0.751888 0.659291 0
    outer loop
      vertex 29.7303 7.77011 2.8
      vertex 29.8769 7.60292 5
      vertex 29.8769 7.60292 2.8
    endloop
  endfacet
  facet normal 0.98077 0.195165 0
    outer loop
      vertex 29.4369 8.36501 5
      vertex 29.3935 8.58311 2.8
      vertex 29.3935 8.58311 5
    endloop
  endfacet
  facet normal 0.98077 0.195165 0
    outer loop
      vertex 29.3935 8.58311 2.8
      vertex 29.4369 8.36501 5
      vertex 29.4369 8.36501 2.8
    endloop
  endfacet
  facet normal 0.659268 -0.751908 0
    outer loop
      vertex 29.8769 10.0071 2.8
      vertex 30.0441 10.1537 5
      vertex 29.8769 10.0071 5
    endloop
  endfacet
  facet normal 0.659268 -0.751908 0
    outer loop
      vertex 30.0441 10.1537 5
      vertex 29.8769 10.0071 2.8
      vertex 30.0441 10.1537 2.8
    endloop
  endfacet
  facet normal -0.555551 0.831483 0
    outer loop
      vertex 32.1139 7.4563 2.8
      vertex 31.929 7.33276 5
      vertex 32.1139 7.4563 5
    endloop
  endfacet
  facet normal -0.555551 0.831483 0
    outer loop
      vertex 31.929 7.33276 5
      vertex 32.1139 7.4563 2.8
      vertex 31.929 7.33276 2.8
    endloop
  endfacet
  facet normal -0.321363 0.946956 0
    outer loop
      vertex 31.7296 7.2344 2.8
      vertex 31.519 7.16293 5
      vertex 31.7296 7.2344 5
    endloop
  endfacet
  facet normal -0.321363 0.946956 0
    outer loop
      vertex 31.519 7.16293 5
      vertex 31.7296 7.2344 2.8
      vertex 31.519 7.16293 2.8
    endloop
  endfacet
  facet normal 0.555551 0.831483 -0
    outer loop
      vertex 30.229 7.33276 2.8
      vertex 30.0441 7.4563 5
      vertex 30.229 7.33276 5
    endloop
  endfacet
  facet normal 0.555551 0.831483 0
    outer loop
      vertex 30.0441 7.4563 5
      vertex 30.229 7.33276 2.8
      vertex 30.0441 7.4563 2.8
    endloop
  endfacet
  facet normal -0.659319 0.751863 0
    outer loop
      vertex 32.2811 7.60292 2.8
      vertex 32.1139 7.4563 5
      vertex 32.2811 7.60292 5
    endloop
  endfacet
  facet normal -0.659319 0.751863 0
    outer loop
      vertex 32.1139 7.4563 5
      vertex 32.2811 7.60292 2.8
      vertex 32.1139 7.4563 2.8
    endloop
  endfacet
  facet normal -0.442386 0.896825 0
    outer loop
      vertex 31.929 7.33276 2.8
      vertex 31.7296 7.2344 5
      vertex 31.929 7.33276 5
    endloop
  endfacet
  facet normal -0.442386 0.896825 0
    outer loop
      vertex 31.7296 7.2344 5
      vertex 31.929 7.33276 2.8
      vertex 31.7296 7.2344 2.8
    endloop
  endfacet
  facet normal 0.44253 -0.896754 0
    outer loop
      vertex 30.229 10.2772 2.8
      vertex 30.4284 10.3756 5
      vertex 30.229 10.2772 5
    endloop
  endfacet
  facet normal 0.44253 -0.896754 0
    outer loop
      vertex 30.4284 10.3756 5
      vertex 30.229 10.2772 2.8
      vertex 30.4284 10.3756 2.8
    endloop
  endfacet
  facet normal -0.896789 -0.442459 0
    outer loop
      vertex 32.6496 9.45556 2.8
      vertex 32.5512 9.655 5
      vertex 32.5512 9.655 2.8
    endloop
  endfacet
  facet normal -0.896789 -0.442459 0
    outer loop
      vertex 32.5512 9.655 5
      vertex 32.6496 9.45556 2.8
      vertex 32.6496 9.45556 5
    endloop
  endfacet
  facet normal 0.831552 0.555447 0
    outer loop
      vertex 29.7303 7.77011 5
      vertex 29.6068 7.955 2.8
      vertex 29.6068 7.955 5
    endloop
  endfacet
  facet normal 0.831552 0.555447 0
    outer loop
      vertex 29.6068 7.955 2.8
      vertex 29.7303 7.77011 5
      vertex 29.7303 7.77011 2.8
    endloop
  endfacet
  facet normal 0.831552 -0.555447 0
    outer loop
      vertex 29.6068 9.655 5
      vertex 29.7303 9.83989 2.8
      vertex 29.7303 9.83989 5
    endloop
  endfacet
  facet normal 0.831552 -0.555447 0
    outer loop
      vertex 29.7303 9.83989 2.8
      vertex 29.6068 9.655 5
      vertex 29.6068 9.655 2.8
    endloop
  endfacet
  facet normal 0.659319 0.751863 -0
    outer loop
      vertex 30.0441 7.4563 2.8
      vertex 29.8769 7.60292 5
      vertex 30.0441 7.4563 5
    endloop
  endfacet
  facet normal 0.659319 0.751863 0
    outer loop
      vertex 29.8769 7.60292 5
      vertex 30.0441 7.4563 2.8
      vertex 29.8769 7.60292 2.8
    endloop
  endfacet
  facet normal 0.321484 -0.946915 0
    outer loop
      vertex 30.4284 10.3756 2.8
      vertex 30.639 10.4471 5
      vertex 30.4284 10.3756 5
    endloop
  endfacet
  facet normal 0.321484 -0.946915 0
    outer loop
      vertex 30.639 10.4471 5
      vertex 30.4284 10.3756 2.8
      vertex 30.639 10.4471 2.8
    endloop
  endfacet
  facet normal -0.831552 0.555447 0
    outer loop
      vertex 32.4277 7.77011 2.8
      vertex 32.5512 7.955 5
      vertex 32.5512 7.955 2.8
    endloop
  endfacet
  facet normal -0.831552 0.555447 0
    outer loop
      vertex 32.5512 7.955 5
      vertex 32.4277 7.77011 2.8
      vertex 32.4277 7.77011 5
    endloop
  endfacet
  facet normal -0.946901 0.321525 0
    outer loop
      vertex 32.6496 8.15444 2.8
      vertex 32.7211 8.36501 5
      vertex 32.7211 8.36501 2.8
    endloop
  endfacet
  facet normal -0.946901 0.321525 0
    outer loop
      vertex 32.7211 8.36501 5
      vertex 32.6496 8.15444 2.8
      vertex 32.6496 8.15444 5
    endloop
  endfacet
  facet normal 0.195122 0.980779 -0
    outer loop
      vertex 30.8571 7.11954 2.8
      vertex 30.639 7.16293 5
      vertex 30.8571 7.11954 5
    endloop
  endfacet
  facet normal 0.195122 0.980779 0
    outer loop
      vertex 30.639 7.16293 5
      vertex 30.8571 7.11954 2.8
      vertex 30.639 7.16293 2.8
    endloop
  endfacet
  facet normal 0.98077 -0.195165 0
    outer loop
      vertex 29.3935 9.02689 5
      vertex 29.4369 9.24499 2.8
      vertex 29.4369 9.24499 5
    endloop
  endfacet
  facet normal 0.98077 -0.195165 0
    outer loop
      vertex 29.4369 9.24499 2.8
      vertex 29.3935 9.02689 5
      vertex 29.3935 9.02689 2.8
    endloop
  endfacet
  facet normal -0.195165 -0.98077 0
    outer loop
      vertex 31.3009 10.4905 2.8
      vertex 31.519 10.4471 5
      vertex 31.3009 10.4905 5
    endloop
  endfacet
  facet normal -0.195165 -0.98077 -0
    outer loop
      vertex 31.519 10.4471 5
      vertex 31.3009 10.4905 2.8
      vertex 31.519 10.4471 2.8
    endloop
  endfacet
  facet normal 0.997872 0.0652086 0
    outer loop
      vertex 29.3935 8.58311 5
      vertex 29.379 8.805 2.8
      vertex 29.379 8.805 5
    endloop
  endfacet
  facet normal 0.997872 0.0652086 0
    outer loop
      vertex 29.379 8.805 2.8
      vertex 29.3935 8.58311 5
      vertex 29.3935 8.58311 2.8
    endloop
  endfacet
  facet normal 0.946901 -0.321525 0
    outer loop
      vertex 29.4369 9.24499 5
      vertex 29.5084 9.45556 2.8
      vertex 29.5084 9.45556 5
    endloop
  endfacet
  facet normal 0.946901 -0.321525 0
    outer loop
      vertex 29.5084 9.45556 2.8
      vertex 29.4369 9.24499 5
      vertex 29.4369 9.24499 2.8
    endloop
  endfacet
  facet normal -0.751927 -0.659246 0
    outer loop
      vertex 32.4277 9.83989 2.8
      vertex 32.2811 10.0071 5
      vertex 32.2811 10.0071 2.8
    endloop
  endfacet
  facet normal -0.751927 -0.659246 0
    outer loop
      vertex 32.2811 10.0071 5
      vertex 32.4277 9.83989 2.8
      vertex 32.4277 9.83989 5
    endloop
  endfacet
  facet normal -0.946901 -0.321525 0
    outer loop
      vertex 32.7211 9.24499 2.8
      vertex 32.6496 9.45556 5
      vertex 32.6496 9.45556 2.8
    endloop
  endfacet
  facet normal -0.946901 -0.321525 0
    outer loop
      vertex 32.6496 9.45556 5
      vertex 32.7211 9.24499 2.8
      vertex 32.7211 9.24499 5
    endloop
  endfacet
  facet normal 0.0653848 0.99786 -0
    outer loop
      vertex 31.079 7.105 2.8
      vertex 30.8571 7.11954 5
      vertex 31.079 7.105 5
    endloop
  endfacet
  facet normal 0.0653848 0.99786 0
    outer loop
      vertex 30.8571 7.11954 5
      vertex 31.079 7.105 2.8
      vertex 30.8571 7.11954 2.8
    endloop
  endfacet
  facet normal -0.0652057 -0.997872 0
    outer loop
      vertex 31.079 10.505 2.8
      vertex 31.3009 10.4905 5
      vertex 31.079 10.505 5
    endloop
  endfacet
  facet normal -0.0652057 -0.997872 -0
    outer loop
      vertex 31.3009 10.4905 5
      vertex 31.079 10.505 2.8
      vertex 31.3009 10.4905 2.8
    endloop
  endfacet
  facet normal -0.0653848 0.99786 0
    outer loop
      vertex 31.3009 7.11954 2.8
      vertex 31.079 7.105 5
      vertex 31.3009 7.11954 5
    endloop
  endfacet
  facet normal -0.0653848 0.99786 0
    outer loop
      vertex 31.079 7.105 5
      vertex 31.3009 7.11954 2.8
      vertex 31.079 7.105 2.8
    endloop
  endfacet
  facet normal 0.0652057 -0.997872 0
    outer loop
      vertex 30.8571 10.4905 2.8
      vertex 31.079 10.505 5
      vertex 30.8571 10.4905 5
    endloop
  endfacet
  facet normal 0.0652057 -0.997872 0
    outer loop
      vertex 31.079 10.505 5
      vertex 30.8571 10.4905 2.8
      vertex 31.079 10.505 2.8
    endloop
  endfacet
  facet normal 0.555426 -0.831566 0
    outer loop
      vertex 30.0441 10.1537 2.8
      vertex 30.229 10.2772 5
      vertex 30.0441 10.1537 5
    endloop
  endfacet
  facet normal 0.555426 -0.831566 0
    outer loop
      vertex 30.229 10.2772 5
      vertex 30.0441 10.1537 2.8
      vertex 30.229 10.2772 2.8
    endloop
  endfacet
  facet normal -0.896789 0.442459 0
    outer loop
      vertex 32.5512 7.955 2.8
      vertex 32.6496 8.15444 5
      vertex 32.6496 8.15444 2.8
    endloop
  endfacet
  facet normal -0.896789 0.442459 0
    outer loop
      vertex 32.6496 8.15444 5
      vertex 32.5512 7.955 2.8
      vertex 32.5512 7.955 5
    endloop
  endfacet
  facet normal 0.442386 0.896825 -0
    outer loop
      vertex 30.4284 7.2344 2.8
      vertex 30.229 7.33276 5
      vertex 30.4284 7.2344 5
    endloop
  endfacet
  facet normal 0.442386 0.896825 0
    outer loop
      vertex 30.229 7.33276 5
      vertex 30.4284 7.2344 2.8
      vertex 30.229 7.33276 2.8
    endloop
  endfacet
  facet normal 0 1 -0
    outer loop
      vertex -10.1312 -29.2949 0
      vertex -13.7107 -29.2949 2.8
      vertex -10.1312 -29.2949 2.8
    endloop
  endfacet
  facet normal 0 1 0
    outer loop
      vertex -13.7107 -29.2949 2.8
      vertex -10.1312 -29.2949 0
      vertex -13.7107 -29.2949 0
    endloop
  endfacet
  facet normal -0.866029 0.499994 0
    outer loop
      vertex -10.1312 -29.2949 0
      vertex -8.3415 -26.195 2.8
      vertex -8.3415 -26.195 0
    endloop
  endfacet
  facet normal -0.866029 0.499994 0
    outer loop
      vertex -8.3415 -26.195 2.8
      vertex -10.1312 -29.2949 0
      vertex -10.1312 -29.2949 2.8
    endloop
  endfacet
  facet normal 0 -1 0
    outer loop
      vertex -13.7107 -23.0951 0
      vertex -10.1312 -23.0951 2.8
      vertex -13.7107 -23.0951 2.8
    endloop
  endfacet
  facet normal 0 -1 -0
    outer loop
      vertex -10.1312 -23.0951 2.8
      vertex -13.7107 -23.0951 0
      vertex -10.1312 -23.0951 0
    endloop
  endfacet
  facet normal -0.866029 -0.499994 0
    outer loop
      vertex -8.3415 -26.195 0
      vertex -10.1312 -23.0951 2.8
      vertex -10.1312 -23.0951 0
    endloop
  endfacet
  facet normal -0.866029 -0.499994 0
    outer loop
      vertex -10.1312 -23.0951 2.8
      vertex -8.3415 -26.195 0
      vertex -8.3415 -26.195 2.8
    endloop
  endfacet
  facet normal 0.866017 -0.500015 0
    outer loop
      vertex -15.5005 -26.195 2.8
      vertex -13.7107 -23.0951 0
      vertex -13.7107 -23.0951 2.8
    endloop
  endfacet
  facet normal 0.866017 -0.500015 0
    outer loop
      vertex -13.7107 -23.0951 0
      vertex -15.5005 -26.195 2.8
      vertex -15.5005 -26.195 0
    endloop
  endfacet
  facet normal 0.866017 0.500015 0
    outer loop
      vertex -13.7107 -29.2949 2.8
      vertex -15.5005 -26.195 0
      vertex -15.5005 -26.195 2.8
    endloop
  endfacet
  facet normal 0.866017 0.500015 0
    outer loop
      vertex -15.5005 -26.195 0
      vertex -13.7107 -29.2949 2.8
      vertex -13.7107 -29.2949 0
    endloop
  endfacet
  facet normal 0 0 -1
    outer loop
      vertex -10.4488 -27.045 2.8
      vertex -8.3415 -26.195 2.8
      vertex -10.1312 -29.2949 2.8
    endloop
  endfacet
  facet normal 0 0 -1
    outer loop
      vertex -10.2355 -25.9731 2.8
      vertex -8.3415 -26.195 2.8
      vertex -10.221 -26.195 2.8
    endloop
  endfacet
  facet normal -0 0 -1
    outer loop
      vertex -8.3415 -26.195 2.8
      vertex -10.2355 -26.4169 2.8
      vertex -10.221 -26.195 2.8
    endloop
  endfacet
  facet normal 0 0 -1
    outer loop
      vertex -8.3415 -26.195 2.8
      vertex -10.2789 -26.635 2.8
      vertex -10.2355 -26.4169 2.8
    endloop
  endfacet
  facet normal 0 0 -1
    outer loop
      vertex -8.3415 -26.195 2.8
      vertex -10.3504 -26.8456 2.8
      vertex -10.2789 -26.635 2.8
    endloop
  endfacet
  facet normal 0 0 -1
    outer loop
      vertex -8.3415 -26.195 2.8
      vertex -10.4488 -27.045 2.8
      vertex -10.3504 -26.8456 2.8
    endloop
  endfacet
  facet normal 0 0 -1
    outer loop
      vertex -10.1312 -29.2949 2.8
      vertex -10.5723 -27.2299 2.8
      vertex -10.4488 -27.045 2.8
    endloop
  endfacet
  facet normal 0 0 -1
    outer loop
      vertex -10.1312 -29.2949 2.8
      vertex -10.7189 -27.3971 2.8
      vertex -10.5723 -27.2299 2.8
    endloop
  endfacet
  facet normal 0 0 -1
    outer loop
      vertex -10.1312 -29.2949 2.8
      vertex -10.8861 -27.5437 2.8
      vertex -10.7189 -27.3971 2.8
    endloop
  endfacet
  facet normal 0 0 -1
    outer loop
      vertex -10.1312 -29.2949 2.8
      vertex -11.071 -27.6672 2.8
      vertex -10.8861 -27.5437 2.8
    endloop
  endfacet
  facet normal 0 0 -1
    outer loop
      vertex -10.1312 -29.2949 2.8
      vertex -11.2704 -27.7656 2.8
      vertex -11.071 -27.6672 2.8
    endloop
  endfacet
  facet normal 0 0 -1
    outer loop
      vertex -10.1312 -29.2949 2.8
      vertex -11.481 -27.8371 2.8
      vertex -11.2704 -27.7656 2.8
    endloop
  endfacet
  facet normal 0 0 -1
    outer loop
      vertex -10.1312 -29.2949 2.8
      vertex -11.6991 -27.8805 2.8
      vertex -11.481 -27.8371 2.8
    endloop
  endfacet
  facet normal 0 0 -1
    outer loop
      vertex -10.1312 -29.2949 2.8
      vertex -11.921 -27.895 2.8
      vertex -11.6991 -27.8805 2.8
    endloop
  endfacet
  facet normal 0 0 -1
    outer loop
      vertex -13.7107 -29.2949 2.8
      vertex -11.921 -27.895 2.8
      vertex -10.1312 -29.2949 2.8
    endloop
  endfacet
  facet normal -0 0 -1
    outer loop
      vertex -11.921 -27.895 2.8
      vertex -13.7107 -29.2949 2.8
      vertex -12.1429 -27.8805 2.8
    endloop
  endfacet
  facet normal -0 0 -1
    outer loop
      vertex -12.1429 -27.8805 2.8
      vertex -13.7107 -29.2949 2.8
      vertex -12.361 -27.8371 2.8
    endloop
  endfacet
  facet normal -0 0 -1
    outer loop
      vertex -12.361 -27.8371 2.8
      vertex -13.7107 -29.2949 2.8
      vertex -12.5716 -27.7656 2.8
    endloop
  endfacet
  facet normal 0 0 -1
    outer loop
      vertex -13.5631 -26.635 2.8
      vertex -15.5005 -26.195 2.8
      vertex -13.6065 -26.4169 2.8
    endloop
  endfacet
  facet normal 0 0 -1
    outer loop
      vertex -13.4916 -26.8456 2.8
      vertex -15.5005 -26.195 2.8
      vertex -13.5631 -26.635 2.8
    endloop
  endfacet
  facet normal 0 0 -1
    outer loop
      vertex -13.3932 -27.045 2.8
      vertex -15.5005 -26.195 2.8
      vertex -13.4916 -26.8456 2.8
    endloop
  endfacet
  facet normal 0 0 -1
    outer loop
      vertex -15.5005 -26.195 2.8
      vertex -13.3932 -27.045 2.8
      vertex -13.7107 -29.2949 2.8
    endloop
  endfacet
  facet normal -0 0 -1
    outer loop
      vertex -13.2697 -27.2299 2.8
      vertex -13.7107 -29.2949 2.8
      vertex -13.3932 -27.045 2.8
    endloop
  endfacet
  facet normal -0 0 -1
    outer loop
      vertex -13.1231 -27.3971 2.8
      vertex -13.7107 -29.2949 2.8
      vertex -13.2697 -27.2299 2.8
    endloop
  endfacet
  facet normal -0 0 -1
    outer loop
      vertex -12.9559 -27.5437 2.8
      vertex -13.7107 -29.2949 2.8
      vertex -13.1231 -27.3971 2.8
    endloop
  endfacet
  facet normal -0 0 -1
    outer loop
      vertex -12.771 -27.6672 2.8
      vertex -13.7107 -29.2949 2.8
      vertex -12.9559 -27.5437 2.8
    endloop
  endfacet
  facet normal -0 0 -1
    outer loop
      vertex -12.5716 -27.7656 2.8
      vertex -13.7107 -29.2949 2.8
      vertex -12.771 -27.6672 2.8
    endloop
  endfacet
  facet normal 0 0 -1
    outer loop
      vertex -10.2789 -25.755 2.8
      vertex -8.3415 -26.195 2.8
      vertex -10.2355 -25.9731 2.8
    endloop
  endfacet
  facet normal 0 0 -1
    outer loop
      vertex -10.3504 -25.5444 2.8
      vertex -8.3415 -26.195 2.8
      vertex -10.2789 -25.755 2.8
    endloop
  endfacet
  facet normal 0 0 -1
    outer loop
      vertex -10.4488 -25.345 2.8
      vertex -8.3415 -26.195 2.8
      vertex -10.3504 -25.5444 2.8
    endloop
  endfacet
  facet normal 0 0 -1
    outer loop
      vertex -8.3415 -26.195 2.8
      vertex -10.4488 -25.345 2.8
      vertex -10.1312 -23.0951 2.8
    endloop
  endfacet
  facet normal 0 0 -1
    outer loop
      vertex -10.5723 -25.1601 2.8
      vertex -10.1312 -23.0951 2.8
      vertex -10.4488 -25.345 2.8
    endloop
  endfacet
  facet normal 0 0 -1
    outer loop
      vertex -10.7189 -24.9929 2.8
      vertex -10.1312 -23.0951 2.8
      vertex -10.5723 -25.1601 2.8
    endloop
  endfacet
  facet normal 0 0 -1
    outer loop
      vertex -10.8861 -24.8463 2.8
      vertex -10.1312 -23.0951 2.8
      vertex -10.7189 -24.9929 2.8
    endloop
  endfacet
  facet normal 0 0 -1
    outer loop
      vertex -11.071 -24.7228 2.8
      vertex -10.1312 -23.0951 2.8
      vertex -10.8861 -24.8463 2.8
    endloop
  endfacet
  facet normal 0 0 -1
    outer loop
      vertex -11.2704 -24.6244 2.8
      vertex -10.1312 -23.0951 2.8
      vertex -11.071 -24.7228 2.8
    endloop
  endfacet
  facet normal 0 0 -1
    outer loop
      vertex -11.481 -24.5529 2.8
      vertex -10.1312 -23.0951 2.8
      vertex -11.2704 -24.6244 2.8
    endloop
  endfacet
  facet normal 0 0 -1
    outer loop
      vertex -11.6991 -24.5095 2.8
      vertex -10.1312 -23.0951 2.8
      vertex -11.481 -24.5529 2.8
    endloop
  endfacet
  facet normal 0 0 -1
    outer loop
      vertex -11.921 -24.495 2.8
      vertex -10.1312 -23.0951 2.8
      vertex -11.6991 -24.5095 2.8
    endloop
  endfacet
  facet normal 0 0 -1
    outer loop
      vertex -13.7107 -23.0951 2.8
      vertex -11.921 -24.495 2.8
      vertex -12.1429 -24.5095 2.8
    endloop
  endfacet
  facet normal 0 0 -1
    outer loop
      vertex -13.7107 -23.0951 2.8
      vertex -12.1429 -24.5095 2.8
      vertex -12.361 -24.5529 2.8
    endloop
  endfacet
  facet normal 0 0 -1
    outer loop
      vertex -13.7107 -23.0951 2.8
      vertex -12.361 -24.5529 2.8
      vertex -12.5716 -24.6244 2.8
    endloop
  endfacet
  facet normal 0 0 -1
    outer loop
      vertex -13.7107 -23.0951 2.8
      vertex -12.5716 -24.6244 2.8
      vertex -12.771 -24.7228 2.8
    endloop
  endfacet
  facet normal 0 0 -1
    outer loop
      vertex -11.921 -24.495 2.8
      vertex -13.7107 -23.0951 2.8
      vertex -10.1312 -23.0951 2.8
    endloop
  endfacet
  facet normal 0 0 -1
    outer loop
      vertex -12.9559 -24.8463 2.8
      vertex -13.7107 -23.0951 2.8
      vertex -12.771 -24.7228 2.8
    endloop
  endfacet
  facet normal 0 0 -1
    outer loop
      vertex -13.1231 -24.9929 2.8
      vertex -13.7107 -23.0951 2.8
      vertex -12.9559 -24.8463 2.8
    endloop
  endfacet
  facet normal 0 0 -1
    outer loop
      vertex -13.2697 -25.1601 2.8
      vertex -13.7107 -23.0951 2.8
      vertex -13.1231 -24.9929 2.8
    endloop
  endfacet
  facet normal 0 0 -1
    outer loop
      vertex -13.3932 -25.345 2.8
      vertex -13.7107 -23.0951 2.8
      vertex -13.2697 -25.1601 2.8
    endloop
  endfacet
  facet normal 0 0 -1
    outer loop
      vertex -15.5005 -26.195 2.8
      vertex -13.3932 -25.345 2.8
      vertex -13.4916 -25.5444 2.8
    endloop
  endfacet
  facet normal 0 0 -1
    outer loop
      vertex -15.5005 -26.195 2.8
      vertex -13.4916 -25.5444 2.8
      vertex -13.5631 -25.755 2.8
    endloop
  endfacet
  facet normal 0 0 -1
    outer loop
      vertex -15.5005 -26.195 2.8
      vertex -13.5631 -25.755 2.8
      vertex -13.6065 -25.9731 2.8
    endloop
  endfacet
  facet normal 0 0 -1
    outer loop
      vertex -15.5005 -26.195 2.8
      vertex -13.6065 -25.9731 2.8
      vertex -13.621 -26.195 2.8
    endloop
  endfacet
  facet normal 0 0 -1
    outer loop
      vertex -13.6065 -26.4169 2.8
      vertex -15.5005 -26.195 2.8
      vertex -13.621 -26.195 2.8
    endloop
  endfacet
  facet normal -0 0 -1
    outer loop
      vertex -13.3932 -25.345 2.8
      vertex -15.5005 -26.195 2.8
      vertex -13.7107 -23.0951 2.8
    endloop
  endfacet
  facet normal -0.98077 -0.195165 0
    outer loop
      vertex -10.2355 -25.9731 2.8
      vertex -10.2789 -25.755 5
      vertex -10.2789 -25.755 2.8
    endloop
  endfacet
  facet normal -0.98077 -0.195165 0
    outer loop
      vertex -10.2789 -25.755 5
      vertex -10.2355 -25.9731 2.8
      vertex -10.2355 -25.9731 5
    endloop
  endfacet
  facet normal -0.997872 -0.0652057 0
    outer loop
      vertex -10.221 -26.195 2.8
      vertex -10.2355 -25.9731 5
      vertex -10.2355 -25.9731 2.8
    endloop
  endfacet
  facet normal -0.997872 -0.0652057 0
    outer loop
      vertex -10.2355 -25.9731 5
      vertex -10.221 -26.195 2.8
      vertex -10.221 -26.195 5
    endloop
  endfacet
  facet normal -0.659268 -0.751908 0
    outer loop
      vertex -10.8861 -24.8463 2.8
      vertex -10.7189 -24.9929 5
      vertex -10.8861 -24.8463 5
    endloop
  endfacet
  facet normal -0.659268 -0.751908 -0
    outer loop
      vertex -10.7189 -24.9929 5
      vertex -10.8861 -24.8463 2.8
      vertex -10.7189 -24.9929 2.8
    endloop
  endfacet
  facet normal 0.321484 0.946915 -0
    outer loop
      vertex -12.361 -27.8371 2.8
      vertex -12.5716 -27.7656 5
      vertex -12.361 -27.8371 5
    endloop
  endfacet
  facet normal 0.321484 0.946915 0
    outer loop
      vertex -12.5716 -27.7656 5
      vertex -12.361 -27.8371 2.8
      vertex -12.5716 -27.7656 2.8
    endloop
  endfacet
  facet normal -0.195165 0.98077 0
    outer loop
      vertex -11.481 -27.8371 2.8
      vertex -11.6991 -27.8805 5
      vertex -11.481 -27.8371 5
    endloop
  endfacet
  facet normal -0.195165 0.98077 0
    outer loop
      vertex -11.6991 -27.8805 5
      vertex -11.481 -27.8371 2.8
      vertex -11.6991 -27.8805 2.8
    endloop
  endfacet
  facet normal 0.896754 -0.44253 0
    outer loop
      vertex -13.4916 -25.5444 5
      vertex -13.3932 -25.345 2.8
      vertex -13.3932 -25.345 5
    endloop
  endfacet
  facet normal 0.896754 -0.44253 0
    outer loop
      vertex -13.3932 -25.345 2.8
      vertex -13.4916 -25.5444 5
      vertex -13.4916 -25.5444 2.8
    endloop
  endfacet
  facet normal 0.195165 -0.98077 0
    outer loop
      vertex -12.361 -24.5529 2.8
      vertex -12.1429 -24.5095 5
      vertex -12.361 -24.5529 5
    endloop
  endfacet
  facet normal 0.195165 -0.98077 0
    outer loop
      vertex -12.1429 -24.5095 5
      vertex -12.361 -24.5529 2.8
      vertex -12.1429 -24.5095 2.8
    endloop
  endfacet
  facet normal -0.997872 0.0652057 0
    outer loop
      vertex -10.2355 -26.4169 2.8
      vertex -10.221 -26.195 5
      vertex -10.221 -26.195 2.8
    endloop
  endfacet
  facet normal -0.997872 0.0652057 0
    outer loop
      vertex -10.221 -26.195 5
      vertex -10.2355 -26.4169 2.8
      vertex -10.2355 -26.4169 5
    endloop
  endfacet
  facet normal 0.997872 -0.0652057 0
    outer loop
      vertex -13.621 -26.195 5
      vertex -13.6065 -25.9731 2.8
      vertex -13.6065 -25.9731 5
    endloop
  endfacet
  facet normal 0.997872 -0.0652057 0
    outer loop
      vertex -13.6065 -25.9731 2.8
      vertex -13.621 -26.195 5
      vertex -13.621 -26.195 2.8
    endloop
  endfacet
  facet normal -0.831566 -0.555426 0
    outer loop
      vertex -10.4488 -25.345 2.8
      vertex -10.5723 -25.1601 5
      vertex -10.5723 -25.1601 2.8
    endloop
  endfacet
  facet normal -0.831566 -0.555426 0
    outer loop
      vertex -10.5723 -25.1601 5
      vertex -10.4488 -25.345 2.8
      vertex -10.4488 -25.345 5
    endloop
  endfacet
  facet normal -0.321484 -0.946915 0
    outer loop
      vertex -11.481 -24.5529 2.8
      vertex -11.2704 -24.6244 5
      vertex -11.481 -24.5529 5
    endloop
  endfacet
  facet normal -0.321484 -0.946915 -0
    outer loop
      vertex -11.2704 -24.6244 5
      vertex -11.481 -24.5529 2.8
      vertex -11.2704 -24.6244 2.8
    endloop
  endfacet
  facet normal 0.0652057 -0.997872 0
    outer loop
      vertex -12.1429 -24.5095 2.8
      vertex -11.921 -24.495 5
      vertex -12.1429 -24.5095 5
    endloop
  endfacet
  facet normal 0.0652057 -0.997872 0
    outer loop
      vertex -11.921 -24.495 5
      vertex -12.1429 -24.5095 2.8
      vertex -11.921 -24.495 2.8
    endloop
  endfacet
  facet normal -0.751908 0.659268 0
    outer loop
      vertex -10.7189 -27.3971 2.8
      vertex -10.5723 -27.2299 5
      vertex -10.5723 -27.2299 2.8
    endloop
  endfacet
  facet normal -0.751908 0.659268 0
    outer loop
      vertex -10.5723 -27.2299 5
      vertex -10.7189 -27.3971 2.8
      vertex -10.7189 -27.3971 5
    endloop
  endfacet
  facet normal -0.555426 -0.831566 0
    outer loop
      vertex -11.071 -24.7228 2.8
      vertex -10.8861 -24.8463 5
      vertex -11.071 -24.7228 5
    endloop
  endfacet
  facet normal -0.555426 -0.831566 -0
    outer loop
      vertex -10.8861 -24.8463 5
      vertex -11.071 -24.7228 2.8
      vertex -10.8861 -24.8463 2.8
    endloop
  endfacet
  facet normal 0.896754 0.44253 0
    outer loop
      vertex -13.3932 -27.045 5
      vertex -13.4916 -26.8456 2.8
      vertex -13.4916 -26.8456 5
    endloop
  endfacet
  facet normal 0.896754 0.44253 0
    outer loop
      vertex -13.4916 -26.8456 2.8
      vertex -13.3932 -27.045 5
      vertex -13.3932 -27.045 2.8
    endloop
  endfacet
  facet normal 0.946915 0.321484 0
    outer loop
      vertex -13.4916 -26.8456 5
      vertex -13.5631 -26.635 2.8
      vertex -13.5631 -26.635 5
    endloop
  endfacet
  facet normal 0.946915 0.321484 0
    outer loop
      vertex -13.5631 -26.635 2.8
      vertex -13.4916 -26.8456 5
      vertex -13.4916 -26.8456 2.8
    endloop
  endfacet
  facet normal 0.751908 -0.659268 0
    outer loop
      vertex -13.2697 -25.1601 5
      vertex -13.1231 -24.9929 2.8
      vertex -13.1231 -24.9929 5
    endloop
  endfacet
  facet normal 0.751908 -0.659268 0
    outer loop
      vertex -13.1231 -24.9929 2.8
      vertex -13.2697 -25.1601 5
      vertex -13.2697 -25.1601 2.8
    endloop
  endfacet
  facet normal -0.98077 0.195165 0
    outer loop
      vertex -10.2789 -26.635 2.8
      vertex -10.2355 -26.4169 5
      vertex -10.2355 -26.4169 2.8
    endloop
  endfacet
  facet normal -0.98077 0.195165 0
    outer loop
      vertex -10.2355 -26.4169 5
      vertex -10.2789 -26.635 2.8
      vertex -10.2789 -26.635 5
    endloop
  endfacet
  facet normal -0.44253 -0.896754 0
    outer loop
      vertex -11.2704 -24.6244 2.8
      vertex -11.071 -24.7228 5
      vertex -11.2704 -24.6244 5
    endloop
  endfacet
  facet normal -0.44253 -0.896754 -0
    outer loop
      vertex -11.071 -24.7228 5
      vertex -11.2704 -24.6244 2.8
      vertex -11.071 -24.7228 2.8
    endloop
  endfacet
  facet normal 0.751908 0.659268 0
    outer loop
      vertex -13.1231 -27.3971 5
      vertex -13.2697 -27.2299 2.8
      vertex -13.2697 -27.2299 5
    endloop
  endfacet
  facet normal 0.751908 0.659268 0
    outer loop
      vertex -13.2697 -27.2299 2.8
      vertex -13.1231 -27.3971 5
      vertex -13.1231 -27.3971 2.8
    endloop
  endfacet
  facet normal 0.98077 0.195165 0
    outer loop
      vertex -13.5631 -26.635 5
      vertex -13.6065 -26.4169 2.8
      vertex -13.6065 -26.4169 5
    endloop
  endfacet
  facet normal 0.98077 0.195165 0
    outer loop
      vertex -13.6065 -26.4169 2.8
      vertex -13.5631 -26.635 5
      vertex -13.5631 -26.635 2.8
    endloop
  endfacet
  facet normal 0.659268 -0.751908 0
    outer loop
      vertex -13.1231 -24.9929 2.8
      vertex -12.9559 -24.8463 5
      vertex -13.1231 -24.9929 5
    endloop
  endfacet
  facet normal 0.659268 -0.751908 0
    outer loop
      vertex -12.9559 -24.8463 5
      vertex -13.1231 -24.9929 2.8
      vertex -12.9559 -24.8463 2.8
    endloop
  endfacet
  facet normal -0.555426 0.831566 0
    outer loop
      vertex -10.8861 -27.5437 2.8
      vertex -11.071 -27.6672 5
      vertex -10.8861 -27.5437 5
    endloop
  endfacet
  facet normal -0.555426 0.831566 0
    outer loop
      vertex -11.071 -27.6672 5
      vertex -10.8861 -27.5437 2.8
      vertex -11.071 -27.6672 2.8
    endloop
  endfacet
  facet normal -0.321484 0.946915 0
    outer loop
      vertex -11.2704 -27.7656 2.8
      vertex -11.481 -27.8371 5
      vertex -11.2704 -27.7656 5
    endloop
  endfacet
  facet normal -0.321484 0.946915 0
    outer loop
      vertex -11.481 -27.8371 5
      vertex -11.2704 -27.7656 2.8
      vertex -11.481 -27.8371 2.8
    endloop
  endfacet
  facet normal 0.555426 0.831566 -0
    outer loop
      vertex -12.771 -27.6672 2.8
      vertex -12.9559 -27.5437 5
      vertex -12.771 -27.6672 5
    endloop
  endfacet
  facet normal 0.555426 0.831566 0
    outer loop
      vertex -12.9559 -27.5437 5
      vertex -12.771 -27.6672 2.8
      vertex -12.9559 -27.5437 2.8
    endloop
  endfacet
  facet normal -0.659268 0.751908 0
    outer loop
      vertex -10.7189 -27.3971 2.8
      vertex -10.8861 -27.5437 5
      vertex -10.7189 -27.3971 5
    endloop
  endfacet
  facet normal -0.659268 0.751908 0
    outer loop
      vertex -10.8861 -27.5437 5
      vertex -10.7189 -27.3971 2.8
      vertex -10.8861 -27.5437 2.8
    endloop
  endfacet
  facet normal -0.44253 0.896754 0
    outer loop
      vertex -11.071 -27.6672 2.8
      vertex -11.2704 -27.7656 5
      vertex -11.071 -27.6672 5
    endloop
  endfacet
  facet normal -0.44253 0.896754 0
    outer loop
      vertex -11.2704 -27.7656 5
      vertex -11.071 -27.6672 2.8
      vertex -11.2704 -27.7656 2.8
    endloop
  endfacet
  facet normal 0.44253 -0.896754 0
    outer loop
      vertex -12.771 -24.7228 2.8
      vertex -12.5716 -24.6244 5
      vertex -12.771 -24.7228 5
    endloop
  endfacet
  facet normal 0.44253 -0.896754 0
    outer loop
      vertex -12.5716 -24.6244 5
      vertex -12.771 -24.7228 2.8
      vertex -12.5716 -24.6244 2.8
    endloop
  endfacet
  facet normal -0.896754 -0.44253 0
    outer loop
      vertex -10.3504 -25.5444 2.8
      vertex -10.4488 -25.345 5
      vertex -10.4488 -25.345 2.8
    endloop
  endfacet
  facet normal -0.896754 -0.44253 0
    outer loop
      vertex -10.4488 -25.345 5
      vertex -10.3504 -25.5444 2.8
      vertex -10.3504 -25.5444 5
    endloop
  endfacet
  facet normal 0.831566 0.555426 0
    outer loop
      vertex -13.2697 -27.2299 5
      vertex -13.3932 -27.045 2.8
      vertex -13.3932 -27.045 5
    endloop
  endfacet
  facet normal 0.831566 0.555426 0
    outer loop
      vertex -13.3932 -27.045 2.8
      vertex -13.2697 -27.2299 5
      vertex -13.2697 -27.2299 2.8
    endloop
  endfacet
  facet normal 0.831566 -0.555426 0
    outer loop
      vertex -13.3932 -25.345 5
      vertex -13.2697 -25.1601 2.8
      vertex -13.2697 -25.1601 5
    endloop
  endfacet
  facet normal 0.831566 -0.555426 0
    outer loop
      vertex -13.2697 -25.1601 2.8
      vertex -13.3932 -25.345 5
      vertex -13.3932 -25.345 2.8
    endloop
  endfacet
  facet normal 0.659268 0.751908 -0
    outer loop
      vertex -12.9559 -27.5437 2.8
      vertex -13.1231 -27.3971 5
      vertex -12.9559 -27.5437 5
    endloop
  endfacet
  facet normal 0.659268 0.751908 0
    outer loop
      vertex -13.1231 -27.3971 5
      vertex -12.9559 -27.5437 2.8
      vertex -13.1231 -27.3971 2.8
    endloop
  endfacet
  facet normal 0.321484 -0.946915 0
    outer loop
      vertex -12.5716 -24.6244 2.8
      vertex -12.361 -24.5529 5
      vertex -12.5716 -24.6244 5
    endloop
  endfacet
  facet normal 0.321484 -0.946915 0
    outer loop
      vertex -12.361 -24.5529 5
      vertex -12.5716 -24.6244 2.8
      vertex -12.361 -24.5529 2.8
    endloop
  endfacet
  facet normal -0.831566 0.555426 0
    outer loop
      vertex -10.5723 -27.2299 2.8
      vertex -10.4488 -27.045 5
      vertex -10.4488 -27.045 2.8
    endloop
  endfacet
  facet normal -0.831566 0.555426 0
    outer loop
      vertex -10.4488 -27.045 5
      vertex -10.5723 -27.2299 2.8
      vertex -10.5723 -27.2299 5
    endloop
  endfacet
  facet normal -0.946915 0.321484 0
    outer loop
      vertex -10.3504 -26.8456 2.8
      vertex -10.2789 -26.635 5
      vertex -10.2789 -26.635 2.8
    endloop
  endfacet
  facet normal -0.946915 0.321484 0
    outer loop
      vertex -10.2789 -26.635 5
      vertex -10.3504 -26.8456 2.8
      vertex -10.3504 -26.8456 5
    endloop
  endfacet
  facet normal 0.195165 0.98077 -0
    outer loop
      vertex -12.1429 -27.8805 2.8
      vertex -12.361 -27.8371 5
      vertex -12.1429 -27.8805 5
    endloop
  endfacet
  facet normal 0.195165 0.98077 0
    outer loop
      vertex -12.361 -27.8371 5
      vertex -12.1429 -27.8805 2.8
      vertex -12.361 -27.8371 2.8
    endloop
  endfacet
  facet normal 0.98077 -0.195165 0
    outer loop
      vertex -13.6065 -25.9731 5
      vertex -13.5631 -25.755 2.8
      vertex -13.5631 -25.755 5
    endloop
  endfacet
  facet normal 0.98077 -0.195165 0
    outer loop
      vertex -13.5631 -25.755 2.8
      vertex -13.6065 -25.9731 5
      vertex -13.6065 -25.9731 2.8
    endloop
  endfacet
  facet normal -0.195165 -0.98077 0
    outer loop
      vertex -11.6991 -24.5095 2.8
      vertex -11.481 -24.5529 5
      vertex -11.6991 -24.5095 5
    endloop
  endfacet
  facet normal -0.195165 -0.98077 -0
    outer loop
      vertex -11.481 -24.5529 5
      vertex -11.6991 -24.5095 2.8
      vertex -11.481 -24.5529 2.8
    endloop
  endfacet
  facet normal 0.997872 0.0652057 0
    outer loop
      vertex -13.6065 -26.4169 5
      vertex -13.621 -26.195 2.8
      vertex -13.621 -26.195 5
    endloop
  endfacet
  facet normal 0.997872 0.0652057 0
    outer loop
      vertex -13.621 -26.195 2.8
      vertex -13.6065 -26.4169 5
      vertex -13.6065 -26.4169 2.8
    endloop
  endfacet
  facet normal 0.946915 -0.321484 0
    outer loop
      vertex -13.5631 -25.755 5
      vertex -13.4916 -25.5444 2.8
      vertex -13.4916 -25.5444 5
    endloop
  endfacet
  facet normal 0.946915 -0.321484 0
    outer loop
      vertex -13.4916 -25.5444 2.8
      vertex -13.5631 -25.755 5
      vertex -13.5631 -25.755 2.8
    endloop
  endfacet
  facet normal -0.751908 -0.659268 0
    outer loop
      vertex -10.5723 -25.1601 2.8
      vertex -10.7189 -24.9929 5
      vertex -10.7189 -24.9929 2.8
    endloop
  endfacet
  facet normal -0.751908 -0.659268 0
    outer loop
      vertex -10.7189 -24.9929 5
      vertex -10.5723 -25.1601 2.8
      vertex -10.5723 -25.1601 5
    endloop
  endfacet
  facet normal -0.946915 -0.321484 0
    outer loop
      vertex -10.2789 -25.755 2.8
      vertex -10.3504 -25.5444 5
      vertex -10.3504 -25.5444 2.8
    endloop
  endfacet
  facet normal -0.946915 -0.321484 0
    outer loop
      vertex -10.3504 -25.5444 5
      vertex -10.2789 -25.755 2.8
      vertex -10.2789 -25.755 5
    endloop
  endfacet
  facet normal 0.0652057 0.997872 -0
    outer loop
      vertex -11.921 -27.895 2.8
      vertex -12.1429 -27.8805 5
      vertex -11.921 -27.895 5
    endloop
  endfacet
  facet normal 0.0652057 0.997872 0
    outer loop
      vertex -12.1429 -27.8805 5
      vertex -11.921 -27.895 2.8
      vertex -12.1429 -27.8805 2.8
    endloop
  endfacet
  facet normal -0.0652057 -0.997872 0
    outer loop
      vertex -11.921 -24.495 2.8
      vertex -11.6991 -24.5095 5
      vertex -11.921 -24.495 5
    endloop
  endfacet
  facet normal -0.0652057 -0.997872 -0
    outer loop
      vertex -11.6991 -24.5095 5
      vertex -11.921 -24.495 2.8
      vertex -11.6991 -24.5095 2.8
    endloop
  endfacet
  facet normal -0.0652057 0.997872 0
    outer loop
      vertex -11.6991 -27.8805 2.8
      vertex -11.921 -27.895 5
      vertex -11.6991 -27.8805 5
    endloop
  endfacet
  facet normal -0.0652057 0.997872 0
    outer loop
      vertex -11.921 -27.895 5
      vertex -11.6991 -27.8805 2.8
      vertex -11.921 -27.895 2.8
    endloop
  endfacet
  facet normal 0.555426 -0.831566 0
    outer loop
      vertex -12.9559 -24.8463 2.8
      vertex -12.771 -24.7228 5
      vertex -12.9559 -24.8463 5
    endloop
  endfacet
  facet normal 0.555426 -0.831566 0
    outer loop
      vertex -12.771 -24.7228 5
      vertex -12.9559 -24.8463 2.8
      vertex -12.771 -24.7228 2.8
    endloop
  endfacet
  facet normal -0.896754 0.44253 0
    outer loop
      vertex -10.4488 -27.045 2.8
      vertex -10.3504 -26.8456 5
      vertex -10.3504 -26.8456 2.8
    endloop
  endfacet
  facet normal -0.896754 0.44253 0
    outer loop
      vertex -10.3504 -26.8456 5
      vertex -10.4488 -27.045 2.8
      vertex -10.4488 -27.045 5
    endloop
  endfacet
  facet normal 0.44253 0.896754 -0
    outer loop
      vertex -12.5716 -27.7656 2.8
      vertex -12.771 -27.6672 5
      vertex -12.5716 -27.7656 5
    endloop
  endfacet
  facet normal 0.44253 0.896754 0
    outer loop
      vertex -12.771 -27.6672 5
      vertex -12.5716 -27.7656 2.8
      vertex -12.771 -27.6672 2.8
    endloop
  endfacet
  facet normal 0 1 -0
    outer loop
      vertex 1.86875 -24.2949 0
      vertex -1.71075 -24.2949 2.8
      vertex 1.86875 -24.2949 2.8
    endloop
  endfacet
  facet normal 0 1 0
    outer loop
      vertex -1.71075 -24.2949 2.8
      vertex 1.86875 -24.2949 0
      vertex -1.71075 -24.2949 0
    endloop
  endfacet
  facet normal -0.866023 0.500005 0
    outer loop
      vertex 1.86875 -24.2949 0
      vertex 3.6585 -21.195 2.8
      vertex 3.6585 -21.195 0
    endloop
  endfacet
  facet normal -0.866023 0.500005 0
    outer loop
      vertex 3.6585 -21.195 2.8
      vertex 1.86875 -24.2949 0
      vertex 1.86875 -24.2949 2.8
    endloop
  endfacet
  facet normal 0 -1 0
    outer loop
      vertex -1.71075 -18.0951 0
      vertex 1.86875 -18.0951 2.8
      vertex -1.71075 -18.0951 2.8
    endloop
  endfacet
  facet normal 0 -1 -0
    outer loop
      vertex 1.86875 -18.0951 2.8
      vertex -1.71075 -18.0951 0
      vertex 1.86875 -18.0951 0
    endloop
  endfacet
  facet normal -0.866023 -0.500005 0
    outer loop
      vertex 3.6585 -21.195 0
      vertex 1.86875 -18.0951 2.8
      vertex 1.86875 -18.0951 0
    endloop
  endfacet
  facet normal -0.866023 -0.500005 0
    outer loop
      vertex 1.86875 -18.0951 2.8
      vertex 3.6585 -21.195 0
      vertex 3.6585 -21.195 2.8
    endloop
  endfacet
  facet normal 0.866023 -0.500005 0
    outer loop
      vertex -3.5005 -21.195 2.8
      vertex -1.71075 -18.0951 0
      vertex -1.71075 -18.0951 2.8
    endloop
  endfacet
  facet normal 0.866023 -0.500005 0
    outer loop
      vertex -1.71075 -18.0951 0
      vertex -3.5005 -21.195 2.8
      vertex -3.5005 -21.195 0
    endloop
  endfacet
  facet normal 0.866023 0.500005 0
    outer loop
      vertex -1.71075 -24.2949 2.8
      vertex -3.5005 -21.195 0
      vertex -3.5005 -21.195 2.8
    endloop
  endfacet
  facet normal 0.866023 0.500005 0
    outer loop
      vertex -3.5005 -21.195 0
      vertex -1.71075 -24.2949 2.8
      vertex -1.71075 -24.2949 0
    endloop
  endfacet
  facet normal 0 0 -1
    outer loop
      vertex 1.55124 -22.045 2.8
      vertex 3.6585 -21.195 2.8
      vertex 1.86875 -24.2949 2.8
    endloop
  endfacet
  facet normal 0 0 -1
    outer loop
      vertex 1.76446 -20.9731 2.8
      vertex 3.6585 -21.195 2.8
      vertex 1.779 -21.195 2.8
    endloop
  endfacet
  facet normal -0 0 -1
    outer loop
      vertex 3.6585 -21.195 2.8
      vertex 1.76446 -21.4169 2.8
      vertex 1.779 -21.195 2.8
    endloop
  endfacet
  facet normal 0 0 -1
    outer loop
      vertex 3.6585 -21.195 2.8
      vertex 1.72107 -21.635 2.8
      vertex 1.76446 -21.4169 2.8
    endloop
  endfacet
  facet normal 0 0 -1
    outer loop
      vertex 3.6585 -21.195 2.8
      vertex 1.64959 -21.8456 2.8
      vertex 1.72107 -21.635 2.8
    endloop
  endfacet
  facet normal 0 0 -1
    outer loop
      vertex 3.6585 -21.195 2.8
      vertex 1.55124 -22.045 2.8
      vertex 1.64959 -21.8456 2.8
    endloop
  endfacet
  facet normal 0 0 -1
    outer loop
      vertex 1.86875 -24.2949 2.8
      vertex 1.4277 -22.2299 2.8
      vertex 1.55124 -22.045 2.8
    endloop
  endfacet
  facet normal 0 0 -1
    outer loop
      vertex 1.86875 -24.2949 2.8
      vertex 1.28108 -22.3971 2.8
      vertex 1.4277 -22.2299 2.8
    endloop
  endfacet
  facet normal 0 0 -1
    outer loop
      vertex 1.86875 -24.2949 2.8
      vertex 1.11389 -22.5437 2.8
      vertex 1.28108 -22.3971 2.8
    endloop
  endfacet
  facet normal 0 0 -1
    outer loop
      vertex 1.86875 -24.2949 2.8
      vertex 0.929 -22.6672 2.8
      vertex 1.11389 -22.5437 2.8
    endloop
  endfacet
  facet normal 0 0 -1
    outer loop
      vertex 1.86875 -24.2949 2.8
      vertex 0.729562 -22.7656 2.8
      vertex 0.929 -22.6672 2.8
    endloop
  endfacet
  facet normal 0 0 -1
    outer loop
      vertex 1.86875 -24.2949 2.8
      vertex 0.518991 -22.8371 2.8
      vertex 0.729562 -22.7656 2.8
    endloop
  endfacet
  facet normal 0 0 -1
    outer loop
      vertex 1.86875 -24.2949 2.8
      vertex 0.300894 -22.8805 2.8
      vertex 0.518991 -22.8371 2.8
    endloop
  endfacet
  facet normal 0 0 -1
    outer loop
      vertex 1.86875 -24.2949 2.8
      vertex 0.0789995 -22.895 2.8
      vertex 0.300894 -22.8805 2.8
    endloop
  endfacet
  facet normal 0 0 -1
    outer loop
      vertex -1.71075 -24.2949 2.8
      vertex 0.0789995 -22.895 2.8
      vertex 1.86875 -24.2949 2.8
    endloop
  endfacet
  facet normal -0 0 -1
    outer loop
      vertex 0.0789995 -22.895 2.8
      vertex -1.71075 -24.2949 2.8
      vertex -0.142894 -22.8805 2.8
    endloop
  endfacet
  facet normal -0 0 -1
    outer loop
      vertex -0.142894 -22.8805 2.8
      vertex -1.71075 -24.2949 2.8
      vertex -0.360991 -22.8371 2.8
    endloop
  endfacet
  facet normal -0 0 -1
    outer loop
      vertex -0.360991 -22.8371 2.8
      vertex -1.71075 -24.2949 2.8
      vertex -0.571562 -22.7656 2.8
    endloop
  endfacet
  facet normal 0 0 -1
    outer loop
      vertex -1.56307 -21.635 2.8
      vertex -3.5005 -21.195 2.8
      vertex -1.60646 -21.4169 2.8
    endloop
  endfacet
  facet normal 0 0 -1
    outer loop
      vertex -1.49159 -21.8456 2.8
      vertex -3.5005 -21.195 2.8
      vertex -1.56307 -21.635 2.8
    endloop
  endfacet
  facet normal 0 0 -1
    outer loop
      vertex -1.39324 -22.045 2.8
      vertex -3.5005 -21.195 2.8
      vertex -1.49159 -21.8456 2.8
    endloop
  endfacet
  facet normal 0 0 -1
    outer loop
      vertex -3.5005 -21.195 2.8
      vertex -1.39324 -22.045 2.8
      vertex -1.71075 -24.2949 2.8
    endloop
  endfacet
  facet normal -0 0 -1
    outer loop
      vertex -1.2697 -22.2299 2.8
      vertex -1.71075 -24.2949 2.8
      vertex -1.39324 -22.045 2.8
    endloop
  endfacet
  facet normal -0 0 -1
    outer loop
      vertex -1.12308 -22.3971 2.8
      vertex -1.71075 -24.2949 2.8
      vertex -1.2697 -22.2299 2.8
    endloop
  endfacet
  facet normal -0 0 -1
    outer loop
      vertex -0.955894 -22.5437 2.8
      vertex -1.71075 -24.2949 2.8
      vertex -1.12308 -22.3971 2.8
    endloop
  endfacet
  facet normal -0 0 -1
    outer loop
      vertex -0.771 -22.6672 2.8
      vertex -1.71075 -24.2949 2.8
      vertex -0.955894 -22.5437 2.8
    endloop
  endfacet
  facet normal -0 0 -1
    outer loop
      vertex -0.571562 -22.7656 2.8
      vertex -1.71075 -24.2949 2.8
      vertex -0.771 -22.6672 2.8
    endloop
  endfacet
  facet normal 0 0 -1
    outer loop
      vertex 1.72107 -20.755 2.8
      vertex 3.6585 -21.195 2.8
      vertex 1.76446 -20.9731 2.8
    endloop
  endfacet
  facet normal 0 0 -1
    outer loop
      vertex 1.64959 -20.5444 2.8
      vertex 3.6585 -21.195 2.8
      vertex 1.72107 -20.755 2.8
    endloop
  endfacet
  facet normal 0 0 -1
    outer loop
      vertex 1.55124 -20.345 2.8
      vertex 3.6585 -21.195 2.8
      vertex 1.64959 -20.5444 2.8
    endloop
  endfacet
  facet normal 0 0 -1
    outer loop
      vertex 3.6585 -21.195 2.8
      vertex 1.55124 -20.345 2.8
      vertex 1.86875 -18.0951 2.8
    endloop
  endfacet
  facet normal 0 0 -1
    outer loop
      vertex 1.4277 -20.1601 2.8
      vertex 1.86875 -18.0951 2.8
      vertex 1.55124 -20.345 2.8
    endloop
  endfacet
  facet normal 0 0 -1
    outer loop
      vertex 1.28108 -19.9929 2.8
      vertex 1.86875 -18.0951 2.8
      vertex 1.4277 -20.1601 2.8
    endloop
  endfacet
  facet normal 0 0 -1
    outer loop
      vertex 1.11389 -19.8463 2.8
      vertex 1.86875 -18.0951 2.8
      vertex 1.28108 -19.9929 2.8
    endloop
  endfacet
  facet normal 0 0 -1
    outer loop
      vertex 0.929 -19.7228 2.8
      vertex 1.86875 -18.0951 2.8
      vertex 1.11389 -19.8463 2.8
    endloop
  endfacet
  facet normal 0 0 -1
    outer loop
      vertex 0.729562 -19.6244 2.8
      vertex 1.86875 -18.0951 2.8
      vertex 0.929 -19.7228 2.8
    endloop
  endfacet
  facet normal 0 0 -1
    outer loop
      vertex 0.518991 -19.5529 2.8
      vertex 1.86875 -18.0951 2.8
      vertex 0.729562 -19.6244 2.8
    endloop
  endfacet
  facet normal 0 0 -1
    outer loop
      vertex 0.300894 -19.5095 2.8
      vertex 1.86875 -18.0951 2.8
      vertex 0.518991 -19.5529 2.8
    endloop
  endfacet
  facet normal 0 0 -1
    outer loop
      vertex 0.0789995 -19.495 2.8
      vertex 1.86875 -18.0951 2.8
      vertex 0.300894 -19.5095 2.8
    endloop
  endfacet
  facet normal 0 0 -1
    outer loop
      vertex -1.71075 -18.0951 2.8
      vertex 0.0789995 -19.495 2.8
      vertex -0.142894 -19.5095 2.8
    endloop
  endfacet
  facet normal 0 0 -1
    outer loop
      vertex -1.71075 -18.0951 2.8
      vertex -0.142894 -19.5095 2.8
      vertex -0.360991 -19.5529 2.8
    endloop
  endfacet
  facet normal 0 0 -1
    outer loop
      vertex -1.71075 -18.0951 2.8
      vertex -0.360991 -19.5529 2.8
      vertex -0.571562 -19.6244 2.8
    endloop
  endfacet
  facet normal 0 0 -1
    outer loop
      vertex -1.71075 -18.0951 2.8
      vertex -0.571562 -19.6244 2.8
      vertex -0.771 -19.7228 2.8
    endloop
  endfacet
  facet normal 0 0 -1
    outer loop
      vertex 0.0789995 -19.495 2.8
      vertex -1.71075 -18.0951 2.8
      vertex 1.86875 -18.0951 2.8
    endloop
  endfacet
  facet normal 0 0 -1
    outer loop
      vertex -0.955894 -19.8463 2.8
      vertex -1.71075 -18.0951 2.8
      vertex -0.771 -19.7228 2.8
    endloop
  endfacet
  facet normal 0 0 -1
    outer loop
      vertex -1.12308 -19.9929 2.8
      vertex -1.71075 -18.0951 2.8
      vertex -0.955894 -19.8463 2.8
    endloop
  endfacet
  facet normal 0 0 -1
    outer loop
      vertex -1.2697 -20.1601 2.8
      vertex -1.71075 -18.0951 2.8
      vertex -1.12308 -19.9929 2.8
    endloop
  endfacet
  facet normal 0 0 -1
    outer loop
      vertex -1.39324 -20.345 2.8
      vertex -1.71075 -18.0951 2.8
      vertex -1.2697 -20.1601 2.8
    endloop
  endfacet
  facet normal 0 0 -1
    outer loop
      vertex -3.5005 -21.195 2.8
      vertex -1.39324 -20.345 2.8
      vertex -1.49159 -20.5444 2.8
    endloop
  endfacet
  facet normal 0 0 -1
    outer loop
      vertex -3.5005 -21.195 2.8
      vertex -1.49159 -20.5444 2.8
      vertex -1.56307 -20.755 2.8
    endloop
  endfacet
  facet normal 0 0 -1
    outer loop
      vertex -3.5005 -21.195 2.8
      vertex -1.56307 -20.755 2.8
      vertex -1.60646 -20.9731 2.8
    endloop
  endfacet
  facet normal 0 0 -1
    outer loop
      vertex -3.5005 -21.195 2.8
      vertex -1.60646 -20.9731 2.8
      vertex -1.621 -21.195 2.8
    endloop
  endfacet
  facet normal 0 0 -1
    outer loop
      vertex -1.60646 -21.4169 2.8
      vertex -3.5005 -21.195 2.8
      vertex -1.621 -21.195 2.8
    endloop
  endfacet
  facet normal -0 0 -1
    outer loop
      vertex -1.39324 -20.345 2.8
      vertex -3.5005 -21.195 2.8
      vertex -1.71075 -18.0951 2.8
    endloop
  endfacet
  facet normal -0.980779 -0.195122 0
    outer loop
      vertex 1.76446 -20.9731 2.8
      vertex 1.72107 -20.755 5
      vertex 1.72107 -20.755 2.8
    endloop
  endfacet
  facet normal -0.980779 -0.195122 0
    outer loop
      vertex 1.72107 -20.755 5
      vertex 1.76446 -20.9731 2.8
      vertex 1.76446 -20.9731 5
    endloop
  endfacet
  facet normal -0.99786 -0.0653848 0
    outer loop
      vertex 1.779 -21.195 2.8
      vertex 1.76446 -20.9731 5
      vertex 1.76446 -20.9731 2.8
    endloop
  endfacet
  facet normal -0.99786 -0.0653848 0
    outer loop
      vertex 1.76446 -20.9731 5
      vertex 1.779 -21.195 2.8
      vertex 1.779 -21.195 5
    endloop
  endfacet
  facet normal -0.659291 -0.751888 0
    outer loop
      vertex 1.11389 -19.8463 2.8
      vertex 1.28108 -19.9929 5
      vertex 1.11389 -19.8463 5
    endloop
  endfacet
  facet normal -0.659291 -0.751888 -0
    outer loop
      vertex 1.28108 -19.9929 5
      vertex 1.11389 -19.8463 2.8
      vertex 1.28108 -19.9929 2.8
    endloop
  endfacet
  facet normal 0.321523 0.946902 -0
    outer loop
      vertex -0.360991 -22.8371 2.8
      vertex -0.571562 -22.7656 5
      vertex -0.360991 -22.8371 5
    endloop
  endfacet
  facet normal 0.321523 0.946902 0
    outer loop
      vertex -0.571562 -22.7656 5
      vertex -0.360991 -22.8371 2.8
      vertex -0.571562 -22.7656 2.8
    endloop
  endfacet
  facet normal -0.195167 0.98077 0
    outer loop
      vertex 0.518991 -22.8371 2.8
      vertex 0.300894 -22.8805 5
      vertex 0.518991 -22.8371 5
    endloop
  endfacet
  facet normal -0.195167 0.98077 0
    outer loop
      vertex 0.300894 -22.8805 5
      vertex 0.518991 -22.8371 2.8
      vertex 0.300894 -22.8805 2.8
    endloop
  endfacet
  facet normal 0.896843 -0.442349 0
    outer loop
      vertex -1.49159 -20.5444 5
      vertex -1.39324 -20.345 2.8
      vertex -1.39324 -20.345 5
    endloop
  endfacet
  facet normal 0.896843 -0.442349 0
    outer loop
      vertex -1.39324 -20.345 2.8
      vertex -1.49159 -20.5444 5
      vertex -1.49159 -20.5444 2.8
    endloop
  endfacet
  facet normal 0.195167 -0.98077 0
    outer loop
      vertex -0.360991 -19.5529 2.8
      vertex -0.142894 -19.5095 5
      vertex -0.360991 -19.5529 5
    endloop
  endfacet
  facet normal 0.195167 -0.98077 0
    outer loop
      vertex -0.142894 -19.5095 5
      vertex -0.360991 -19.5529 2.8
      vertex -0.142894 -19.5095 2.8
    endloop
  endfacet
  facet normal -0.99786 0.0653848 0
    outer loop
      vertex 1.76446 -21.4169 2.8
      vertex 1.779 -21.195 5
      vertex 1.779 -21.195 2.8
    endloop
  endfacet
  facet normal -0.99786 0.0653848 0
    outer loop
      vertex 1.779 -21.195 5
      vertex 1.76446 -21.4169 2.8
      vertex 1.76446 -21.4169 5
    endloop
  endfacet
  facet normal 0.99786 -0.0653848 0
    outer loop
      vertex -1.621 -21.195 5
      vertex -1.60646 -20.9731 2.8
      vertex -1.60646 -20.9731 5
    endloop
  endfacet
  facet normal 0.99786 -0.0653848 0
    outer loop
      vertex -1.60646 -20.9731 2.8
      vertex -1.621 -21.195 5
      vertex -1.621 -21.195 2.8
    endloop
  endfacet
  facet normal -0.831483 -0.555551 0
    outer loop
      vertex 1.55124 -20.345 2.8
      vertex 1.4277 -20.1601 5
      vertex 1.4277 -20.1601 2.8
    endloop
  endfacet
  facet normal -0.831483 -0.555551 0
    outer loop
      vertex 1.4277 -20.1601 5
      vertex 1.55124 -20.345 2.8
      vertex 1.55124 -20.345 5
    endloop
  endfacet
  facet normal -0.321523 -0.946902 0
    outer loop
      vertex 0.518991 -19.5529 2.8
      vertex 0.729562 -19.6244 5
      vertex 0.518991 -19.5529 5
    endloop
  endfacet
  facet normal -0.321523 -0.946902 -0
    outer loop
      vertex 0.729562 -19.6244 5
      vertex 0.518991 -19.5529 2.8
      vertex 0.729562 -19.6244 2.8
    endloop
  endfacet
  facet normal 0.0652076 -0.997872 0
    outer loop
      vertex -0.142894 -19.5095 2.8
      vertex 0.0789995 -19.495 5
      vertex -0.142894 -19.5095 5
    endloop
  endfacet
  facet normal 0.0652076 -0.997872 0
    outer loop
      vertex 0.0789995 -19.495 5
      vertex -0.142894 -19.5095 2.8
      vertex 0.0789995 -19.495 2.8
    endloop
  endfacet
  facet normal -0.751863 0.659319 0
    outer loop
      vertex 1.28108 -22.3971 2.8
      vertex 1.4277 -22.2299 5
      vertex 1.4277 -22.2299 2.8
    endloop
  endfacet
  facet normal -0.751863 0.659319 0
    outer loop
      vertex 1.4277 -22.2299 5
      vertex 1.28108 -22.3971 2.8
      vertex 1.28108 -22.3971 5
    endloop
  endfacet
  facet normal -0.555447 -0.831552 0
    outer loop
      vertex 0.929 -19.7228 2.8
      vertex 1.11389 -19.8463 5
      vertex 0.929 -19.7228 5
    endloop
  endfacet
  facet normal -0.555447 -0.831552 -0
    outer loop
      vertex 1.11389 -19.8463 5
      vertex 0.929 -19.7228 2.8
      vertex 1.11389 -19.8463 2.8
    endloop
  endfacet
  facet normal 0.896843 0.442349 0
    outer loop
      vertex -1.39324 -22.045 5
      vertex -1.49159 -21.8456 2.8
      vertex -1.49159 -21.8456 5
    endloop
  endfacet
  facet normal 0.896843 0.442349 0
    outer loop
      vertex -1.49159 -21.8456 2.8
      vertex -1.39324 -22.045 5
      vertex -1.39324 -22.045 2.8
    endloop
  endfacet
  facet normal 0.946943 0.321403 0
    outer loop
      vertex -1.49159 -21.8456 5
      vertex -1.56307 -21.635 2.8
      vertex -1.56307 -21.635 5
    endloop
  endfacet
  facet normal 0.946943 0.321403 0
    outer loop
      vertex -1.56307 -21.635 2.8
      vertex -1.49159 -21.8456 5
      vertex -1.49159 -21.8456 2.8
    endloop
  endfacet
  facet normal 0.751863 -0.659319 0
    outer loop
      vertex -1.2697 -20.1601 5
      vertex -1.12308 -19.9929 2.8
      vertex -1.12308 -19.9929 5
    endloop
  endfacet
  facet normal 0.751863 -0.659319 0
    outer loop
      vertex -1.12308 -19.9929 2.8
      vertex -1.2697 -20.1601 5
      vertex -1.2697 -20.1601 2.8
    endloop
  endfacet
  facet normal -0.980779 0.195122 0
    outer loop
      vertex 1.72107 -21.635 2.8
      vertex 1.76446 -21.4169 5
      vertex 1.76446 -21.4169 2.8
    endloop
  endfacet
  facet normal -0.980779 0.195122 0
    outer loop
      vertex 1.76446 -21.4169 5
      vertex 1.72107 -21.635 2.8
      vertex 1.72107 -21.635 5
    endloop
  endfacet
  facet normal -0.442463 -0.896787 0
    outer loop
      vertex 0.729562 -19.6244 2.8
      vertex 0.929 -19.7228 5
      vertex 0.729562 -19.6244 5
    endloop
  endfacet
  facet normal -0.442463 -0.896787 -0
    outer loop
      vertex 0.929 -19.7228 5
      vertex 0.729562 -19.6244 2.8
      vertex 0.929 -19.7228 2.8
    endloop
  endfacet
  facet normal 0.751863 0.659319 0
    outer loop
      vertex -1.12308 -22.3971 5
      vertex -1.2697 -22.2299 2.8
      vertex -1.2697 -22.2299 5
    endloop
  endfacet
  facet normal 0.751863 0.659319 0
    outer loop
      vertex -1.2697 -22.2299 2.8
      vertex -1.12308 -22.3971 5
      vertex -1.12308 -22.3971 2.8
    endloop
  endfacet
  facet normal 0.980779 0.195122 0
    outer loop
      vertex -1.56307 -21.635 5
      vertex -1.60646 -21.4169 2.8
      vertex -1.60646 -21.4169 5
    endloop
  endfacet
  facet normal 0.980779 0.195122 0
    outer loop
      vertex -1.60646 -21.4169 2.8
      vertex -1.56307 -21.635 5
      vertex -1.56307 -21.635 2.8
    endloop
  endfacet
  facet normal 0.6593 -0.75188 0
    outer loop
      vertex -1.12308 -19.9929 2.8
      vertex -0.955894 -19.8463 5
      vertex -1.12308 -19.9929 5
    endloop
  endfacet
  facet normal 0.6593 -0.75188 0
    outer loop
      vertex -0.955894 -19.8463 5
      vertex -1.12308 -19.9929 2.8
      vertex -0.955894 -19.8463 2.8
    endloop
  endfacet
  facet normal -0.555447 0.831552 0
    outer loop
      vertex 1.11389 -22.5437 2.8
      vertex 0.929 -22.6672 5
      vertex 1.11389 -22.5437 5
    endloop
  endfacet
  facet normal -0.555447 0.831552 0
    outer loop
      vertex 0.929 -22.6672 5
      vertex 1.11389 -22.5437 2.8
      vertex 0.929 -22.6672 2.8
    endloop
  endfacet
  facet normal -0.321523 0.946902 0
    outer loop
      vertex 0.729562 -22.7656 2.8
      vertex 0.518991 -22.8371 5
      vertex 0.729562 -22.7656 5
    endloop
  endfacet
  facet normal -0.321523 0.946902 0
    outer loop
      vertex 0.518991 -22.8371 5
      vertex 0.729562 -22.7656 2.8
      vertex 0.518991 -22.8371 2.8
    endloop
  endfacet
  facet normal 0.555439 0.831557 -0
    outer loop
      vertex -0.771 -22.6672 2.8
      vertex -0.955894 -22.5437 5
      vertex -0.771 -22.6672 5
    endloop
  endfacet
  facet normal 0.555439 0.831557 0
    outer loop
      vertex -0.955894 -22.5437 5
      vertex -0.771 -22.6672 2.8
      vertex -0.955894 -22.5437 2.8
    endloop
  endfacet
  facet normal -0.659291 0.751888 0
    outer loop
      vertex 1.28108 -22.3971 2.8
      vertex 1.11389 -22.5437 5
      vertex 1.28108 -22.3971 5
    endloop
  endfacet
  facet normal -0.659291 0.751888 0
    outer loop
      vertex 1.11389 -22.5437 5
      vertex 1.28108 -22.3971 2.8
      vertex 1.11389 -22.5437 2.8
    endloop
  endfacet
  facet normal -0.442463 0.896787 0
    outer loop
      vertex 0.929 -22.6672 2.8
      vertex 0.729562 -22.7656 5
      vertex 0.929 -22.6672 5
    endloop
  endfacet
  facet normal -0.442463 0.896787 0
    outer loop
      vertex 0.729562 -22.7656 5
      vertex 0.929 -22.6672 2.8
      vertex 0.729562 -22.7656 2.8
    endloop
  endfacet
  facet normal 0.442463 -0.896787 0
    outer loop
      vertex -0.771 -19.7228 2.8
      vertex -0.571562 -19.6244 5
      vertex -0.771 -19.7228 5
    endloop
  endfacet
  facet normal 0.442463 -0.896787 0
    outer loop
      vertex -0.571562 -19.6244 5
      vertex -0.771 -19.7228 2.8
      vertex -0.571562 -19.6244 2.8
    endloop
  endfacet
  facet normal -0.896843 -0.442349 0
    outer loop
      vertex 1.64959 -20.5444 2.8
      vertex 1.55124 -20.345 5
      vertex 1.55124 -20.345 2.8
    endloop
  endfacet
  facet normal -0.896843 -0.442349 0
    outer loop
      vertex 1.55124 -20.345 5
      vertex 1.64959 -20.5444 2.8
      vertex 1.64959 -20.5444 5
    endloop
  endfacet
  facet normal 0.831483 0.555551 0
    outer loop
      vertex -1.2697 -22.2299 5
      vertex -1.39324 -22.045 2.8
      vertex -1.39324 -22.045 5
    endloop
  endfacet
  facet normal 0.831483 0.555551 0
    outer loop
      vertex -1.39324 -22.045 2.8
      vertex -1.2697 -22.2299 5
      vertex -1.2697 -22.2299 2.8
    endloop
  endfacet
  facet normal 0.831483 -0.555551 0
    outer loop
      vertex -1.39324 -20.345 5
      vertex -1.2697 -20.1601 2.8
      vertex -1.2697 -20.1601 5
    endloop
  endfacet
  facet normal 0.831483 -0.555551 0
    outer loop
      vertex -1.2697 -20.1601 2.8
      vertex -1.39324 -20.345 5
      vertex -1.39324 -20.345 2.8
    endloop
  endfacet
  facet normal 0.6593 0.75188 -0
    outer loop
      vertex -0.955894 -22.5437 2.8
      vertex -1.12308 -22.3971 5
      vertex -0.955894 -22.5437 5
    endloop
  endfacet
  facet normal 0.6593 0.75188 0
    outer loop
      vertex -1.12308 -22.3971 5
      vertex -0.955894 -22.5437 2.8
      vertex -1.12308 -22.3971 2.8
    endloop
  endfacet
  facet normal 0.321523 -0.946902 0
    outer loop
      vertex -0.571562 -19.6244 2.8
      vertex -0.360991 -19.5529 5
      vertex -0.571562 -19.6244 5
    endloop
  endfacet
  facet normal 0.321523 -0.946902 0
    outer loop
      vertex -0.360991 -19.5529 5
      vertex -0.571562 -19.6244 2.8
      vertex -0.360991 -19.5529 2.8
    endloop
  endfacet
  facet normal -0.831483 0.555551 0
    outer loop
      vertex 1.4277 -22.2299 2.8
      vertex 1.55124 -22.045 5
      vertex 1.55124 -22.045 2.8
    endloop
  endfacet
  facet normal -0.831483 0.555551 0
    outer loop
      vertex 1.55124 -22.045 5
      vertex 1.4277 -22.2299 2.8
      vertex 1.4277 -22.2299 5
    endloop
  endfacet
  facet normal -0.946943 0.321403 0
    outer loop
      vertex 1.64959 -21.8456 2.8
      vertex 1.72107 -21.635 5
      vertex 1.72107 -21.635 2.8
    endloop
  endfacet
  facet normal -0.946943 0.321403 0
    outer loop
      vertex 1.72107 -21.635 5
      vertex 1.64959 -21.8456 2.8
      vertex 1.64959 -21.8456 5
    endloop
  endfacet
  facet normal 0.195167 0.98077 -0
    outer loop
      vertex -0.142894 -22.8805 2.8
      vertex -0.360991 -22.8371 5
      vertex -0.142894 -22.8805 5
    endloop
  endfacet
  facet normal 0.195167 0.98077 0
    outer loop
      vertex -0.360991 -22.8371 5
      vertex -0.142894 -22.8805 2.8
      vertex -0.360991 -22.8371 2.8
    endloop
  endfacet
  facet normal 0.980779 -0.195122 0
    outer loop
      vertex -1.60646 -20.9731 5
      vertex -1.56307 -20.755 2.8
      vertex -1.56307 -20.755 5
    endloop
  endfacet
  facet normal 0.980779 -0.195122 0
    outer loop
      vertex -1.56307 -20.755 2.8
      vertex -1.60646 -20.9731 5
      vertex -1.60646 -20.9731 2.8
    endloop
  endfacet
  facet normal -0.195167 -0.98077 0
    outer loop
      vertex 0.300894 -19.5095 2.8
      vertex 0.518991 -19.5529 5
      vertex 0.300894 -19.5095 5
    endloop
  endfacet
  facet normal -0.195167 -0.98077 -0
    outer loop
      vertex 0.518991 -19.5529 5
      vertex 0.300894 -19.5095 2.8
      vertex 0.518991 -19.5529 2.8
    endloop
  endfacet
  facet normal 0.99786 0.0653848 0
    outer loop
      vertex -1.60646 -21.4169 5
      vertex -1.621 -21.195 2.8
      vertex -1.621 -21.195 5
    endloop
  endfacet
  facet normal 0.99786 0.0653848 0
    outer loop
      vertex -1.621 -21.195 2.8
      vertex -1.60646 -21.4169 5
      vertex -1.60646 -21.4169 2.8
    endloop
  endfacet
  facet normal 0.946943 -0.321403 0
    outer loop
      vertex -1.56307 -20.755 5
      vertex -1.49159 -20.5444 2.8
      vertex -1.49159 -20.5444 5
    endloop
  endfacet
  facet normal 0.946943 -0.321403 0
    outer loop
      vertex -1.49159 -20.5444 2.8
      vertex -1.56307 -20.755 5
      vertex -1.56307 -20.755 2.8
    endloop
  endfacet
  facet normal -0.751863 -0.659319 0
    outer loop
      vertex 1.4277 -20.1601 2.8
      vertex 1.28108 -19.9929 5
      vertex 1.28108 -19.9929 2.8
    endloop
  endfacet
  facet normal -0.751863 -0.659319 0
    outer loop
      vertex 1.28108 -19.9929 5
      vertex 1.4277 -20.1601 2.8
      vertex 1.4277 -20.1601 5
    endloop
  endfacet
  facet normal -0.946943 -0.321403 0
    outer loop
      vertex 1.72107 -20.755 2.8
      vertex 1.64959 -20.5444 5
      vertex 1.64959 -20.5444 2.8
    endloop
  endfacet
  facet normal -0.946943 -0.321403 0
    outer loop
      vertex 1.64959 -20.5444 5
      vertex 1.72107 -20.755 2.8
      vertex 1.72107 -20.755 5
    endloop
  endfacet
  facet normal 0.0652076 0.997872 -0
    outer loop
      vertex 0.0789995 -22.895 2.8
      vertex -0.142894 -22.8805 5
      vertex 0.0789995 -22.895 5
    endloop
  endfacet
  facet normal 0.0652076 0.997872 0
    outer loop
      vertex -0.142894 -22.8805 5
      vertex 0.0789995 -22.895 2.8
      vertex -0.142894 -22.8805 2.8
    endloop
  endfacet
  facet normal -0.0652073 -0.997872 0
    outer loop
      vertex 0.0789995 -19.495 2.8
      vertex 0.300894 -19.5095 5
      vertex 0.0789995 -19.495 5
    endloop
  endfacet
  facet normal -0.0652073 -0.997872 -0
    outer loop
      vertex 0.300894 -19.5095 5
      vertex 0.0789995 -19.495 2.8
      vertex 0.300894 -19.5095 2.8
    endloop
  endfacet
  facet normal -0.0652073 0.997872 0
    outer loop
      vertex 0.300894 -22.8805 2.8
      vertex 0.0789995 -22.895 5
      vertex 0.300894 -22.8805 5
    endloop
  endfacet
  facet normal -0.0652073 0.997872 0
    outer loop
      vertex 0.0789995 -22.895 5
      vertex 0.300894 -22.8805 2.8
      vertex 0.0789995 -22.895 2.8
    endloop
  endfacet
  facet normal 0.555439 -0.831557 0
    outer loop
      vertex -0.955894 -19.8463 2.8
      vertex -0.771 -19.7228 5
      vertex -0.955894 -19.8463 5
    endloop
  endfacet
  facet normal 0.555439 -0.831557 0
    outer loop
      vertex -0.771 -19.7228 5
      vertex -0.955894 -19.8463 2.8
      vertex -0.771 -19.7228 2.8
    endloop
  endfacet
  facet normal -0.896843 0.442349 0
    outer loop
      vertex 1.55124 -22.045 2.8
      vertex 1.64959 -21.8456 5
      vertex 1.64959 -21.8456 2.8
    endloop
  endfacet
  facet normal -0.896843 0.442349 0
    outer loop
      vertex 1.64959 -21.8456 5
      vertex 1.55124 -22.045 2.8
      vertex 1.55124 -22.045 5
    endloop
  endfacet
  facet normal 0.442463 0.896787 -0
    outer loop
      vertex -0.571562 -22.7656 2.8
      vertex -0.771 -22.6672 5
      vertex -0.571562 -22.7656 5
    endloop
  endfacet
  facet normal 0.442463 0.896787 0
    outer loop
      vertex -0.771 -22.6672 5
      vertex -0.571562 -22.7656 2.8
      vertex -0.771 -22.6672 2.8
    endloop
  endfacet
  facet normal 0 1 -0
    outer loop
      vertex -39.1312 -3.79494 0
      vertex -42.7108 -3.79494 2.8
      vertex -39.1312 -3.79494 2.8
    endloop
  endfacet
  facet normal 0 1 0
    outer loop
      vertex -42.7108 -3.79494 2.8
      vertex -39.1312 -3.79494 0
      vertex -42.7108 -3.79494 0
    endloop
  endfacet
  facet normal -0.866032 0.499989 0
    outer loop
      vertex -39.1312 -3.79494 0
      vertex -37.3415 -0.695 2.8
      vertex -37.3415 -0.695 0
    endloop
  endfacet
  facet normal -0.866032 0.499989 0
    outer loop
      vertex -37.3415 -0.695 2.8
      vertex -39.1312 -3.79494 0
      vertex -39.1312 -3.79494 2.8
    endloop
  endfacet
  facet normal 0 -1 0
    outer loop
      vertex -42.7108 2.40494 0
      vertex -39.1312 2.40494 2.8
      vertex -42.7108 2.40494 2.8
    endloop
  endfacet
  facet normal 0 -1 -0
    outer loop
      vertex -39.1312 2.40494 2.8
      vertex -42.7108 2.40494 0
      vertex -39.1312 2.40494 0
    endloop
  endfacet
  facet normal -0.866032 -0.499989 0
    outer loop
      vertex -37.3415 -0.695 0
      vertex -39.1312 2.40494 2.8
      vertex -39.1312 2.40494 0
    endloop
  endfacet
  facet normal -0.866032 -0.499989 0
    outer loop
      vertex -39.1312 2.40494 2.8
      vertex -37.3415 -0.695 0
      vertex -37.3415 -0.695 2.8
    endloop
  endfacet
  facet normal 0.866032 -0.499989 0
    outer loop
      vertex -44.5005 -0.695 2.8
      vertex -42.7108 2.40494 0
      vertex -42.7108 2.40494 2.8
    endloop
  endfacet
  facet normal 0.866032 -0.499989 0
    outer loop
      vertex -42.7108 2.40494 0
      vertex -44.5005 -0.695 2.8
      vertex -44.5005 -0.695 0
    endloop
  endfacet
  facet normal 0.866032 0.499989 0
    outer loop
      vertex -42.7108 -3.79494 2.8
      vertex -44.5005 -0.695 0
      vertex -44.5005 -0.695 2.8
    endloop
  endfacet
  facet normal 0.866032 0.499989 0
    outer loop
      vertex -44.5005 -0.695 0
      vertex -42.7108 -3.79494 2.8
      vertex -42.7108 -3.79494 0
    endloop
  endfacet
  facet normal 0 0 -1
    outer loop
      vertex -39.4488 -1.545 2.8
      vertex -37.3415 -0.695 2.8
      vertex -39.1312 -3.79494 2.8
    endloop
  endfacet
  facet normal 0 0 -1
    outer loop
      vertex -39.2355 -0.473105 2.8
      vertex -37.3415 -0.695 2.8
      vertex -39.221 -0.695 2.8
    endloop
  endfacet
  facet normal -0 0 -1
    outer loop
      vertex -37.3415 -0.695 2.8
      vertex -39.2355 -0.916894 2.8
      vertex -39.221 -0.695 2.8
    endloop
  endfacet
  facet normal 0 0 -1
    outer loop
      vertex -37.3415 -0.695 2.8
      vertex -39.2789 -1.13499 2.8
      vertex -39.2355 -0.916894 2.8
    endloop
  endfacet
  facet normal 0 0 -1
    outer loop
      vertex -37.3415 -0.695 2.8
      vertex -39.3504 -1.34556 2.8
      vertex -39.2789 -1.13499 2.8
    endloop
  endfacet
  facet normal 0 0 -1
    outer loop
      vertex -37.3415 -0.695 2.8
      vertex -39.4488 -1.545 2.8
      vertex -39.3504 -1.34556 2.8
    endloop
  endfacet
  facet normal 0 0 -1
    outer loop
      vertex -39.1312 -3.79494 2.8
      vertex -39.5723 -1.72989 2.8
      vertex -39.4488 -1.545 2.8
    endloop
  endfacet
  facet normal 0 0 -1
    outer loop
      vertex -39.1312 -3.79494 2.8
      vertex -39.7189 -1.89708 2.8
      vertex -39.5723 -1.72989 2.8
    endloop
  endfacet
  facet normal 0 0 -1
    outer loop
      vertex -39.1312 -3.79494 2.8
      vertex -39.8861 -2.0437 2.8
      vertex -39.7189 -1.89708 2.8
    endloop
  endfacet
  facet normal 0 0 -1
    outer loop
      vertex -39.1312 -3.79494 2.8
      vertex -40.071 -2.16724 2.8
      vertex -39.8861 -2.0437 2.8
    endloop
  endfacet
  facet normal 0 0 -1
    outer loop
      vertex -39.1312 -3.79494 2.8
      vertex -40.2704 -2.26559 2.8
      vertex -40.071 -2.16724 2.8
    endloop
  endfacet
  facet normal 0 0 -1
    outer loop
      vertex -39.1312 -3.79494 2.8
      vertex -40.481 -2.33707 2.8
      vertex -40.2704 -2.26559 2.8
    endloop
  endfacet
  facet normal 0 0 -1
    outer loop
      vertex -39.1312 -3.79494 2.8
      vertex -40.6991 -2.38046 2.8
      vertex -40.481 -2.33707 2.8
    endloop
  endfacet
  facet normal 0 0 -1
    outer loop
      vertex -39.1312 -3.79494 2.8
      vertex -40.921 -2.395 2.8
      vertex -40.6991 -2.38046 2.8
    endloop
  endfacet
  facet normal 0 0 -1
    outer loop
      vertex -42.7108 -3.79494 2.8
      vertex -40.921 -2.395 2.8
      vertex -39.1312 -3.79494 2.8
    endloop
  endfacet
  facet normal -0 0 -1
    outer loop
      vertex -40.921 -2.395 2.8
      vertex -42.7108 -3.79494 2.8
      vertex -41.1429 -2.38046 2.8
    endloop
  endfacet
  facet normal -0 0 -1
    outer loop
      vertex -41.1429 -2.38046 2.8
      vertex -42.7108 -3.79494 2.8
      vertex -41.361 -2.33707 2.8
    endloop
  endfacet
  facet normal -0 0 -1
    outer loop
      vertex -41.361 -2.33707 2.8
      vertex -42.7108 -3.79494 2.8
      vertex -41.5716 -2.26559 2.8
    endloop
  endfacet
  facet normal 0 0 -1
    outer loop
      vertex -42.5631 -1.13499 2.8
      vertex -44.5005 -0.695 2.8
      vertex -42.6065 -0.916894 2.8
    endloop
  endfacet
  facet normal 0 0 -1
    outer loop
      vertex -42.4916 -1.34556 2.8
      vertex -44.5005 -0.695 2.8
      vertex -42.5631 -1.13499 2.8
    endloop
  endfacet
  facet normal 0 0 -1
    outer loop
      vertex -42.3932 -1.545 2.8
      vertex -44.5005 -0.695 2.8
      vertex -42.4916 -1.34556 2.8
    endloop
  endfacet
  facet normal 0 0 -1
    outer loop
      vertex -44.5005 -0.695 2.8
      vertex -42.3932 -1.545 2.8
      vertex -42.7108 -3.79494 2.8
    endloop
  endfacet
  facet normal -0 0 -1
    outer loop
      vertex -42.2697 -1.72989 2.8
      vertex -42.7108 -3.79494 2.8
      vertex -42.3932 -1.545 2.8
    endloop
  endfacet
  facet normal -0 0 -1
    outer loop
      vertex -42.1231 -1.89708 2.8
      vertex -42.7108 -3.79494 2.8
      vertex -42.2697 -1.72989 2.8
    endloop
  endfacet
  facet normal -0 0 -1
    outer loop
      vertex -41.9559 -2.0437 2.8
      vertex -42.7108 -3.79494 2.8
      vertex -42.1231 -1.89708 2.8
    endloop
  endfacet
  facet normal -0 0 -1
    outer loop
      vertex -41.771 -2.16724 2.8
      vertex -42.7108 -3.79494 2.8
      vertex -41.9559 -2.0437 2.8
    endloop
  endfacet
  facet normal -0 0 -1
    outer loop
      vertex -41.5716 -2.26559 2.8
      vertex -42.7108 -3.79494 2.8
      vertex -41.771 -2.16724 2.8
    endloop
  endfacet
  facet normal 0 0 -1
    outer loop
      vertex -39.2789 -0.255007 2.8
      vertex -37.3415 -0.695 2.8
      vertex -39.2355 -0.473105 2.8
    endloop
  endfacet
  facet normal 0 0 -1
    outer loop
      vertex -39.3504 -0.0444374 2.8
      vertex -37.3415 -0.695 2.8
      vertex -39.2789 -0.255007 2.8
    endloop
  endfacet
  facet normal 0 0 -1
    outer loop
      vertex -39.4488 0.155 2.8
      vertex -37.3415 -0.695 2.8
      vertex -39.3504 -0.0444374 2.8
    endloop
  endfacet
  facet normal 0 0 -1
    outer loop
      vertex -37.3415 -0.695 2.8
      vertex -39.4488 0.155 2.8
      vertex -39.1312 2.40494 2.8
    endloop
  endfacet
  facet normal 0 0 -1
    outer loop
      vertex -39.5723 0.339894 2.8
      vertex -39.1312 2.40494 2.8
      vertex -39.4488 0.155 2.8
    endloop
  endfacet
  facet normal 0 0 -1
    outer loop
      vertex -39.7189 0.507081 2.8
      vertex -39.1312 2.40494 2.8
      vertex -39.5723 0.339894 2.8
    endloop
  endfacet
  facet normal 0 0 -1
    outer loop
      vertex -39.8861 0.6537 2.8
      vertex -39.1312 2.40494 2.8
      vertex -39.7189 0.507081 2.8
    endloop
  endfacet
  facet normal 0 0 -1
    outer loop
      vertex -40.071 0.777243 2.8
      vertex -39.1312 2.40494 2.8
      vertex -39.8861 0.6537 2.8
    endloop
  endfacet
  facet normal 0 0 -1
    outer loop
      vertex -40.2704 0.875595 2.8
      vertex -39.1312 2.40494 2.8
      vertex -40.071 0.777243 2.8
    endloop
  endfacet
  facet normal 0 0 -1
    outer loop
      vertex -40.481 0.947073 2.8
      vertex -39.1312 2.40494 2.8
      vertex -40.2704 0.875595 2.8
    endloop
  endfacet
  facet normal 0 0 -1
    outer loop
      vertex -40.6991 0.990456 2.8
      vertex -39.1312 2.40494 2.8
      vertex -40.481 0.947073 2.8
    endloop
  endfacet
  facet normal 0 0 -1
    outer loop
      vertex -40.921 1.005 2.8
      vertex -39.1312 2.40494 2.8
      vertex -40.6991 0.990456 2.8
    endloop
  endfacet
  facet normal 0 0 -1
    outer loop
      vertex -42.7108 2.40494 2.8
      vertex -40.921 1.005 2.8
      vertex -41.1429 0.990456 2.8
    endloop
  endfacet
  facet normal 0 0 -1
    outer loop
      vertex -42.7108 2.40494 2.8
      vertex -41.1429 0.990456 2.8
      vertex -41.361 0.947073 2.8
    endloop
  endfacet
  facet normal 0 0 -1
    outer loop
      vertex -42.7108 2.40494 2.8
      vertex -41.361 0.947073 2.8
      vertex -41.5716 0.875595 2.8
    endloop
  endfacet
  facet normal 0 0 -1
    outer loop
      vertex -42.7108 2.40494 2.8
      vertex -41.5716 0.875595 2.8
      vertex -41.771 0.777243 2.8
    endloop
  endfacet
  facet normal 0 0 -1
    outer loop
      vertex -40.921 1.005 2.8
      vertex -42.7108 2.40494 2.8
      vertex -39.1312 2.40494 2.8
    endloop
  endfacet
  facet normal 0 0 -1
    outer loop
      vertex -41.9559 0.6537 2.8
      vertex -42.7108 2.40494 2.8
      vertex -41.771 0.777243 2.8
    endloop
  endfacet
  facet normal 0 0 -1
    outer loop
      vertex -42.1231 0.507081 2.8
      vertex -42.7108 2.40494 2.8
      vertex -41.9559 0.6537 2.8
    endloop
  endfacet
  facet normal 0 0 -1
    outer loop
      vertex -42.2697 0.339894 2.8
      vertex -42.7108 2.40494 2.8
      vertex -42.1231 0.507081 2.8
    endloop
  endfacet
  facet normal 0 0 -1
    outer loop
      vertex -42.3932 0.155 2.8
      vertex -42.7108 2.40494 2.8
      vertex -42.2697 0.339894 2.8
    endloop
  endfacet
  facet normal 0 0 -1
    outer loop
      vertex -44.5005 -0.695 2.8
      vertex -42.3932 0.155 2.8
      vertex -42.4916 -0.0444374 2.8
    endloop
  endfacet
  facet normal 0 0 -1
    outer loop
      vertex -44.5005 -0.695 2.8
      vertex -42.4916 -0.0444374 2.8
      vertex -42.5631 -0.255007 2.8
    endloop
  endfacet
  facet normal 0 0 -1
    outer loop
      vertex -44.5005 -0.695 2.8
      vertex -42.5631 -0.255007 2.8
      vertex -42.6065 -0.473105 2.8
    endloop
  endfacet
  facet normal 0 0 -1
    outer loop
      vertex -44.5005 -0.695 2.8
      vertex -42.6065 -0.473105 2.8
      vertex -42.621 -0.695 2.8
    endloop
  endfacet
  facet normal 0 0 -1
    outer loop
      vertex -42.6065 -0.916894 2.8
      vertex -44.5005 -0.695 2.8
      vertex -42.621 -0.695 2.8
    endloop
  endfacet
  facet normal -0 0 -1
    outer loop
      vertex -42.3932 0.155 2.8
      vertex -44.5005 -0.695 2.8
      vertex -42.7108 2.40494 2.8
    endloop
  endfacet
  facet normal 0.896789 0.442459 0
    outer loop
      vertex -42.3932 -1.545 5
      vertex -42.4916 -1.34556 2.8
      vertex -42.4916 -1.34556 5
    endloop
  endfacet
  facet normal 0.896789 0.442459 0
    outer loop
      vertex -42.4916 -1.34556 2.8
      vertex -42.3932 -1.545 5
      vertex -42.3932 -1.545 2.8
    endloop
  endfacet
  facet normal -0.321403 0.946943 0
    outer loop
      vertex -40.2704 -2.26559 2.8
      vertex -40.481 -2.33707 5
      vertex -40.2704 -2.26559 5
    endloop
  endfacet
  facet normal -0.321403 0.946943 0
    outer loop
      vertex -40.481 -2.33707 5
      vertex -40.2704 -2.26559 2.8
      vertex -40.481 -2.33707 2.8
    endloop
  endfacet
  facet normal -0.896789 0.442459 0
    outer loop
      vertex -39.4488 -1.545 2.8
      vertex -39.3504 -1.34556 5
      vertex -39.3504 -1.34556 2.8
    endloop
  endfacet
  facet normal -0.896789 0.442459 0
    outer loop
      vertex -39.3504 -1.34556 5
      vertex -39.4488 -1.545 2.8
      vertex -39.4488 -1.545 5
    endloop
  endfacet
  facet normal -0.442357 -0.896839 0
    outer loop
      vertex -40.2704 0.875595 2.8
      vertex -40.071 0.777243 5
      vertex -40.2704 0.875595 5
    endloop
  endfacet
  facet normal -0.442357 -0.896839 -0
    outer loop
      vertex -40.071 0.777243 5
      vertex -40.2704 0.875595 2.8
      vertex -40.071 0.777243 2.8
    endloop
  endfacet
  facet normal -0.831557 -0.555439 0
    outer loop
      vertex -39.4488 0.155 2.8
      vertex -39.5723 0.339894 5
      vertex -39.5723 0.339894 2.8
    endloop
  endfacet
  facet normal -0.831557 -0.555439 0
    outer loop
      vertex -39.5723 0.339894 5
      vertex -39.4488 0.155 2.8
      vertex -39.4488 0.155 5
    endloop
  endfacet
  facet normal 0.997872 -0.0652071 0
    outer loop
      vertex -42.621 -0.695 5
      vertex -42.6065 -0.473105 2.8
      vertex -42.6065 -0.473105 5
    endloop
  endfacet
  facet normal 0.997872 -0.0652071 0
    outer loop
      vertex -42.6065 -0.473105 2.8
      vertex -42.621 -0.695 5
      vertex -42.621 -0.695 2.8
    endloop
  endfacet
  facet normal -0.555551 0.831483 0
    outer loop
      vertex -39.8861 -2.0437 2.8
      vertex -40.071 -2.16724 5
      vertex -39.8861 -2.0437 5
    endloop
  endfacet
  facet normal -0.555551 0.831483 0
    outer loop
      vertex -40.071 -2.16724 5
      vertex -39.8861 -2.0437 2.8
      vertex -40.071 -2.16724 2.8
    endloop
  endfacet
  facet normal 0.896786 -0.442464 0
    outer loop
      vertex -42.4916 -0.0444374 5
      vertex -42.3932 0.155 2.8
      vertex -42.3932 0.155 5
    endloop
  endfacet
  facet normal 0.896786 -0.442464 0
    outer loop
      vertex -42.3932 0.155 2.8
      vertex -42.4916 -0.0444374 5
      vertex -42.4916 -0.0444374 2.8
    endloop
  endfacet
  facet normal -0.98077 -0.195167 0
    outer loop
      vertex -39.2355 -0.473105 2.8
      vertex -39.2789 -0.255007 5
      vertex -39.2789 -0.255007 2.8
    endloop
  endfacet
  facet normal -0.98077 -0.195167 0
    outer loop
      vertex -39.2789 -0.255007 5
      vertex -39.2355 -0.473105 2.8
      vertex -39.2355 -0.473105 5
    endloop
  endfacet
  facet normal 0.195122 0.980779 -0
    outer loop
      vertex -41.1429 -2.38046 2.8
      vertex -41.361 -2.33707 5
      vertex -41.1429 -2.38046 5
    endloop
  endfacet
  facet normal 0.195122 0.980779 0
    outer loop
      vertex -41.361 -2.33707 5
      vertex -41.1429 -2.38046 2.8
      vertex -41.361 -2.33707 2.8
    endloop
  endfacet
  facet normal 0.831557 -0.555439 0
    outer loop
      vertex -42.3932 0.155 5
      vertex -42.2697 0.339894 2.8
      vertex -42.2697 0.339894 5
    endloop
  endfacet
  facet normal 0.831557 -0.555439 0
    outer loop
      vertex -42.2697 0.339894 2.8
      vertex -42.3932 0.155 5
      vertex -42.3932 0.155 2.8
    endloop
  endfacet
  facet normal -0.946901 -0.321525 0
    outer loop
      vertex -39.2789 -0.255007 2.8
      vertex -39.3504 -0.0444374 5
      vertex -39.3504 -0.0444374 2.8
    endloop
  endfacet
  facet normal -0.946901 -0.321525 0
    outer loop
      vertex -39.3504 -0.0444374 5
      vertex -39.2789 -0.255007 2.8
      vertex -39.2789 -0.255007 5
    endloop
  endfacet
  facet normal 0.555551 0.831483 -0
    outer loop
      vertex -41.771 -2.16724 2.8
      vertex -41.9559 -2.0437 5
      vertex -41.771 -2.16724 5
    endloop
  endfacet
  facet normal 0.555551 0.831483 0
    outer loop
      vertex -41.9559 -2.0437 5
      vertex -41.771 -2.16724 2.8
      vertex -41.9559 -2.0437 2.8
    endloop
  endfacet
  facet normal -0.751888 0.659291 0
    outer loop
      vertex -39.7189 -1.89708 2.8
      vertex -39.5723 -1.72989 5
      vertex -39.5723 -1.72989 2.8
    endloop
  endfacet
  facet normal -0.751888 0.659291 0
    outer loop
      vertex -39.5723 -1.72989 5
      vertex -39.7189 -1.89708 2.8
      vertex -39.7189 -1.89708 5
    endloop
  endfacet
  facet normal -0.997872 -0.0652071 0
    outer loop
      vertex -39.221 -0.695 2.8
      vertex -39.2355 -0.473105 5
      vertex -39.2355 -0.473105 2.8
    endloop
  endfacet
  facet normal -0.997872 -0.0652071 0
    outer loop
      vertex -39.2355 -0.473105 5
      vertex -39.221 -0.695 2.8
      vertex -39.221 -0.695 5
    endloop
  endfacet
  facet normal -0.55556 -0.831476 0
    outer loop
      vertex -40.071 0.777243 2.8
      vertex -39.8861 0.6537 5
      vertex -40.071 0.777243 5
    endloop
  endfacet
  facet normal -0.55556 -0.831476 -0
    outer loop
      vertex -39.8861 0.6537 5
      vertex -40.071 0.777243 2.8
      vertex -39.8861 0.6537 2.8
    endloop
  endfacet
  facet normal -0.751882 -0.659297 0
    outer loop
      vertex -39.5723 0.339894 2.8
      vertex -39.7189 0.507081 5
      vertex -39.7189 0.507081 2.8
    endloop
  endfacet
  facet normal -0.751882 -0.659297 0
    outer loop
      vertex -39.7189 0.507081 5
      vertex -39.5723 0.339894 2.8
      vertex -39.5723 0.339894 5
    endloop
  endfacet
  facet normal -0.195091 -0.980785 0
    outer loop
      vertex -40.6991 0.990456 2.8
      vertex -40.481 0.947073 5
      vertex -40.6991 0.990456 5
    endloop
  endfacet
  facet normal -0.195091 -0.980785 -0
    outer loop
      vertex -40.481 0.947073 5
      vertex -40.6991 0.990456 2.8
      vertex -40.481 0.947073 2.8
    endloop
  endfacet
  facet normal -0.659317 -0.751865 0
    outer loop
      vertex -39.8861 0.6537 2.8
      vertex -39.7189 0.507081 5
      vertex -39.8861 0.6537 5
    endloop
  endfacet
  facet normal -0.659317 -0.751865 -0
    outer loop
      vertex -39.7189 0.507081 5
      vertex -39.8861 0.6537 2.8
      vertex -39.7189 0.507081 2.8
    endloop
  endfacet
  facet normal -0.997872 0.0652074 0
    outer loop
      vertex -39.2355 -0.916894 2.8
      vertex -39.221 -0.695 5
      vertex -39.221 -0.695 2.8
    endloop
  endfacet
  facet normal -0.997872 0.0652074 0
    outer loop
      vertex -39.221 -0.695 5
      vertex -39.2355 -0.916894 2.8
      vertex -39.2355 -0.916894 5
    endloop
  endfacet
  facet normal 0.997872 0.0652074 0
    outer loop
      vertex -42.6065 -0.916894 5
      vertex -42.621 -0.695 2.8
      vertex -42.621 -0.695 5
    endloop
  endfacet
  facet normal 0.997872 0.0652074 0
    outer loop
      vertex -42.621 -0.695 2.8
      vertex -42.6065 -0.916894 5
      vertex -42.6065 -0.916894 2.8
    endloop
  endfacet
  facet normal -0.98077 0.195168 0
    outer loop
      vertex -39.2789 -1.13499 2.8
      vertex -39.2355 -0.916894 5
      vertex -39.2355 -0.916894 2.8
    endloop
  endfacet
  facet normal -0.98077 0.195168 0
    outer loop
      vertex -39.2355 -0.916894 5
      vertex -39.2789 -1.13499 2.8
      vertex -39.2789 -1.13499 5
    endloop
  endfacet
  facet normal 0.195091 -0.980785 0
    outer loop
      vertex -41.361 0.947073 2.8
      vertex -41.1429 0.990456 5
      vertex -41.361 0.947073 5
    endloop
  endfacet
  facet normal 0.195091 -0.980785 0
    outer loop
      vertex -41.1429 0.990456 5
      vertex -41.361 0.947073 2.8
      vertex -41.1429 0.990456 2.8
    endloop
  endfacet
  facet normal 0.442349 0.896843 -0
    outer loop
      vertex -41.5716 -2.26559 2.8
      vertex -41.771 -2.16724 5
      vertex -41.5716 -2.26559 5
    endloop
  endfacet
  facet normal 0.442349 0.896843 0
    outer loop
      vertex -41.771 -2.16724 5
      vertex -41.5716 -2.26559 2.8
      vertex -41.771 -2.16724 2.8
    endloop
  endfacet
  facet normal 0.321403 0.946943 -0
    outer loop
      vertex -41.361 -2.33707 2.8
      vertex -41.5716 -2.26559 5
      vertex -41.361 -2.33707 5
    endloop
  endfacet
  facet normal 0.321403 0.946943 0
    outer loop
      vertex -41.5716 -2.26559 5
      vertex -41.361 -2.33707 2.8
      vertex -41.5716 -2.26559 2.8
    endloop
  endfacet
  facet normal -0.442349 0.896843 0
    outer loop
      vertex -40.071 -2.16724 2.8
      vertex -40.2704 -2.26559 5
      vertex -40.071 -2.16724 5
    endloop
  endfacet
  facet normal -0.442349 0.896843 0
    outer loop
      vertex -40.2704 -2.26559 5
      vertex -40.071 -2.16724 2.8
      vertex -40.2704 -2.26559 2.8
    endloop
  endfacet
  facet normal 0.0654027 -0.997859 0
    outer loop
      vertex -41.1429 0.990456 2.8
      vertex -40.921 1.005 5
      vertex -41.1429 0.990456 5
    endloop
  endfacet
  facet normal 0.0654027 -0.997859 0
    outer loop
      vertex -40.921 1.005 5
      vertex -41.1429 0.990456 2.8
      vertex -40.921 1.005 2.8
    endloop
  endfacet
  facet normal -0.0653848 0.99786 0
    outer loop
      vertex -40.6991 -2.38046 2.8
      vertex -40.921 -2.395 5
      vertex -40.6991 -2.38046 5
    endloop
  endfacet
  facet normal -0.0653848 0.99786 0
    outer loop
      vertex -40.921 -2.395 5
      vertex -40.6991 -2.38046 2.8
      vertex -40.921 -2.395 2.8
    endloop
  endfacet
  facet normal -0.321395 -0.946945 0
    outer loop
      vertex -40.481 0.947073 2.8
      vertex -40.2704 0.875595 5
      vertex -40.481 0.947073 5
    endloop
  endfacet
  facet normal -0.321395 -0.946945 -0
    outer loop
      vertex -40.2704 0.875595 5
      vertex -40.481 0.947073 2.8
      vertex -40.2704 0.875595 2.8
    endloop
  endfacet
  facet normal 0.98077 -0.195167 0
    outer loop
      vertex -42.6065 -0.473105 5
      vertex -42.5631 -0.255007 2.8
      vertex -42.5631 -0.255007 5
    endloop
  endfacet
  facet normal 0.98077 -0.195167 0
    outer loop
      vertex -42.5631 -0.255007 2.8
      vertex -42.6065 -0.473105 5
      vertex -42.6065 -0.473105 2.8
    endloop
  endfacet
  facet normal -0.831552 0.555447 0
    outer loop
      vertex -39.5723 -1.72989 2.8
      vertex -39.4488 -1.545 5
      vertex -39.4488 -1.545 2.8
    endloop
  endfacet
  facet normal -0.831552 0.555447 0
    outer loop
      vertex -39.4488 -1.545 5
      vertex -39.5723 -1.72989 2.8
      vertex -39.5723 -1.72989 5
    endloop
  endfacet
  facet normal 0.442357 -0.896839 0
    outer loop
      vertex -41.771 0.777243 2.8
      vertex -41.5716 0.875595 5
      vertex -41.771 0.777243 5
    endloop
  endfacet
  facet normal 0.442357 -0.896839 0
    outer loop
      vertex -41.5716 0.875595 5
      vertex -41.771 0.777243 2.8
      vertex -41.5716 0.875595 2.8
    endloop
  endfacet
  facet normal 0.946901 -0.321525 0
    outer loop
      vertex -42.5631 -0.255007 5
      vertex -42.4916 -0.0444374 2.8
      vertex -42.4916 -0.0444374 5
    endloop
  endfacet
  facet normal 0.946901 -0.321525 0
    outer loop
      vertex -42.4916 -0.0444374 2.8
      vertex -42.5631 -0.255007 5
      vertex -42.5631 -0.255007 2.8
    endloop
  endfacet
  facet normal 0.321395 -0.946945 0
    outer loop
      vertex -41.5716 0.875595 2.8
      vertex -41.361 0.947073 5
      vertex -41.5716 0.875595 5
    endloop
  endfacet
  facet normal 0.321395 -0.946945 0
    outer loop
      vertex -41.361 0.947073 5
      vertex -41.5716 0.875595 2.8
      vertex -41.361 0.947073 2.8
    endloop
  endfacet
  facet normal -0.946901 0.321525 0
    outer loop
      vertex -39.3504 -1.34556 2.8
      vertex -39.2789 -1.13499 5
      vertex -39.2789 -1.13499 2.8
    endloop
  endfacet
  facet normal -0.946901 0.321525 0
    outer loop
      vertex -39.2789 -1.13499 5
      vertex -39.3504 -1.34556 2.8
      vertex -39.3504 -1.34556 5
    endloop
  endfacet
  facet normal 0.659319 0.751863 -0
    outer loop
      vertex -41.9559 -2.0437 2.8
      vertex -42.1231 -1.89708 5
      vertex -41.9559 -2.0437 5
    endloop
  endfacet
  facet normal 0.659319 0.751863 0
    outer loop
      vertex -42.1231 -1.89708 5
      vertex -41.9559 -2.0437 2.8
      vertex -42.1231 -1.89708 2.8
    endloop
  endfacet
  facet normal -0.195122 0.980779 0
    outer loop
      vertex -40.481 -2.33707 2.8
      vertex -40.6991 -2.38046 5
      vertex -40.481 -2.33707 5
    endloop
  endfacet
  facet normal -0.195122 0.980779 0
    outer loop
      vertex -40.6991 -2.38046 5
      vertex -40.481 -2.33707 2.8
      vertex -40.6991 -2.38046 2.8
    endloop
  endfacet
  facet normal 0.659317 -0.751865 0
    outer loop
      vertex -42.1231 0.507081 2.8
      vertex -41.9559 0.6537 5
      vertex -42.1231 0.507081 5
    endloop
  endfacet
  facet normal 0.659317 -0.751865 0
    outer loop
      vertex -41.9559 0.6537 5
      vertex -42.1231 0.507081 2.8
      vertex -41.9559 0.6537 2.8
    endloop
  endfacet
  facet normal 0.751882 -0.659297 0
    outer loop
      vertex -42.2697 0.339894 5
      vertex -42.1231 0.507081 2.8
      vertex -42.1231 0.507081 5
    endloop
  endfacet
  facet normal 0.751882 -0.659297 0
    outer loop
      vertex -42.1231 0.507081 2.8
      vertex -42.2697 0.339894 5
      vertex -42.2697 0.339894 2.8
    endloop
  endfacet
  facet normal 0.98077 0.195168 0
    outer loop
      vertex -42.5631 -1.13499 5
      vertex -42.6065 -0.916894 2.8
      vertex -42.6065 -0.916894 5
    endloop
  endfacet
  facet normal 0.98077 0.195168 0
    outer loop
      vertex -42.6065 -0.916894 2.8
      vertex -42.5631 -1.13499 5
      vertex -42.5631 -1.13499 2.8
    endloop
  endfacet
  facet normal -0.896786 -0.442464 0
    outer loop
      vertex -39.3504 -0.0444374 2.8
      vertex -39.4488 0.155 5
      vertex -39.4488 0.155 2.8
    endloop
  endfacet
  facet normal -0.896786 -0.442464 0
    outer loop
      vertex -39.4488 0.155 5
      vertex -39.3504 -0.0444374 2.8
      vertex -39.3504 -0.0444374 5
    endloop
  endfacet
  facet normal -0.659319 0.751863 0
    outer loop
      vertex -39.7189 -1.89708 2.8
      vertex -39.8861 -2.0437 5
      vertex -39.7189 -1.89708 5
    endloop
  endfacet
  facet normal -0.659319 0.751863 0
    outer loop
      vertex -39.8861 -2.0437 5
      vertex -39.7189 -1.89708 2.8
      vertex -39.8861 -2.0437 2.8
    endloop
  endfacet
  facet normal 0.0653848 0.99786 -0
    outer loop
      vertex -40.921 -2.395 2.8
      vertex -41.1429 -2.38046 5
      vertex -40.921 -2.395 5
    endloop
  endfacet
  facet normal 0.0653848 0.99786 0
    outer loop
      vertex -41.1429 -2.38046 5
      vertex -40.921 -2.395 2.8
      vertex -41.1429 -2.38046 2.8
    endloop
  endfacet
  facet normal 0.55556 -0.831476 0
    outer loop
      vertex -41.9559 0.6537 2.8
      vertex -41.771 0.777243 5
      vertex -41.9559 0.6537 5
    endloop
  endfacet
  facet normal 0.55556 -0.831476 0
    outer loop
      vertex -41.771 0.777243 5
      vertex -41.9559 0.6537 2.8
      vertex -41.771 0.777243 2.8
    endloop
  endfacet
  facet normal 0.751888 0.659291 0
    outer loop
      vertex -42.1231 -1.89708 5
      vertex -42.2697 -1.72989 2.8
      vertex -42.2697 -1.72989 5
    endloop
  endfacet
  facet normal 0.751888 0.659291 0
    outer loop
      vertex -42.2697 -1.72989 2.8
      vertex -42.1231 -1.89708 5
      vertex -42.1231 -1.89708 2.8
    endloop
  endfacet
  facet normal 0.831552 0.555447 0
    outer loop
      vertex -42.2697 -1.72989 5
      vertex -42.3932 -1.545 2.8
      vertex -42.3932 -1.545 5
    endloop
  endfacet
  facet normal 0.831552 0.555447 0
    outer loop
      vertex -42.3932 -1.545 2.8
      vertex -42.2697 -1.72989 5
      vertex -42.2697 -1.72989 2.8
    endloop
  endfacet
  facet normal -0.0654027 -0.997859 0
    outer loop
      vertex -40.921 1.005 2.8
      vertex -40.6991 0.990456 5
      vertex -40.921 1.005 5
    endloop
  endfacet
  facet normal -0.0654027 -0.997859 -0
    outer loop
      vertex -40.6991 0.990456 5
      vertex -40.921 1.005 2.8
      vertex -40.6991 0.990456 2.8
    endloop
  endfacet
  facet normal 0.946901 0.321525 0
    outer loop
      vertex -42.4916 -1.34556 5
      vertex -42.5631 -1.13499 2.8
      vertex -42.5631 -1.13499 5
    endloop
  endfacet
  facet normal 0.946901 0.321525 0
    outer loop
      vertex -42.5631 -1.13499 2.8
      vertex -42.4916 -1.34556 5
      vertex -42.4916 -1.34556 2.8
    endloop
  endfacet
  facet normal 0 1 -0
    outer loop
      vertex 42.0397 -3.79494 0
      vertex 38.4603 -3.79494 2.8
      vertex 42.0397 -3.79494 2.8
    endloop
  endfacet
  facet normal 0 1 0
    outer loop
      vertex 38.4603 -3.79494 2.8
      vertex 42.0397 -3.79494 0
      vertex 38.4603 -3.79494 0
    endloop
  endfacet
  facet normal -0.866019 0.50001 0
    outer loop
      vertex 42.0397 -3.79494 0
      vertex 43.8295 -0.695 2.8
      vertex 43.8295 -0.695 0
    endloop
  endfacet
  facet normal -0.866019 0.50001 0
    outer loop
      vertex 43.8295 -0.695 2.8
      vertex 42.0397 -3.79494 0
      vertex 42.0397 -3.79494 2.8
    endloop
  endfacet
  facet normal 0 -1 0
    outer loop
      vertex 38.4603 2.40494 0
      vertex 42.0397 2.40494 2.8
      vertex 38.4603 2.40494 2.8
    endloop
  endfacet
  facet normal 0 -1 -0
    outer loop
      vertex 42.0397 2.40494 2.8
      vertex 38.4603 2.40494 0
      vertex 42.0397 2.40494 0
    endloop
  endfacet
  facet normal -0.866019 -0.50001 0
    outer loop
      vertex 43.8295 -0.695 0
      vertex 42.0397 2.40494 2.8
      vertex 42.0397 2.40494 0
    endloop
  endfacet
  facet normal -0.866019 -0.50001 0
    outer loop
      vertex 42.0397 2.40494 2.8
      vertex 43.8295 -0.695 0
      vertex 43.8295 -0.695 2.8
    endloop
  endfacet
  facet normal 0.866019 -0.50001 0
    outer loop
      vertex 36.6705 -0.695 2.8
      vertex 38.4603 2.40494 0
      vertex 38.4603 2.40494 2.8
    endloop
  endfacet
  facet normal 0.866019 -0.50001 0
    outer loop
      vertex 38.4603 2.40494 0
      vertex 36.6705 -0.695 2.8
      vertex 36.6705 -0.695 0
    endloop
  endfacet
  facet normal 0.866019 0.50001 0
    outer loop
      vertex 38.4603 -3.79494 2.8
      vertex 36.6705 -0.695 0
      vertex 36.6705 -0.695 2.8
    endloop
  endfacet
  facet normal 0.866019 0.50001 0
    outer loop
      vertex 36.6705 -0.695 0
      vertex 38.4603 -3.79494 2.8
      vertex 38.4603 -3.79494 0
    endloop
  endfacet
  facet normal 0 0 -1
    outer loop
      vertex 41.7222 -1.545 2.8
      vertex 43.8295 -0.695 2.8
      vertex 42.0397 -3.79494 2.8
    endloop
  endfacet
  facet normal 0 0 -1
    outer loop
      vertex 41.9355 -0.473105 2.8
      vertex 43.8295 -0.695 2.8
      vertex 41.95 -0.695 2.8
    endloop
  endfacet
  facet normal -0 0 -1
    outer loop
      vertex 43.8295 -0.695 2.8
      vertex 41.9355 -0.916894 2.8
      vertex 41.95 -0.695 2.8
    endloop
  endfacet
  facet normal 0 0 -1
    outer loop
      vertex 43.8295 -0.695 2.8
      vertex 41.8921 -1.13499 2.8
      vertex 41.9355 -0.916894 2.8
    endloop
  endfacet
  facet normal 0 0 -1
    outer loop
      vertex 43.8295 -0.695 2.8
      vertex 41.8206 -1.34556 2.8
      vertex 41.8921 -1.13499 2.8
    endloop
  endfacet
  facet normal 0 0 -1
    outer loop
      vertex 43.8295 -0.695 2.8
      vertex 41.7222 -1.545 2.8
      vertex 41.8206 -1.34556 2.8
    endloop
  endfacet
  facet normal 0 0 -1
    outer loop
      vertex 42.0397 -3.79494 2.8
      vertex 41.5987 -1.72989 2.8
      vertex 41.7222 -1.545 2.8
    endloop
  endfacet
  facet normal 0 0 -1
    outer loop
      vertex 42.0397 -3.79494 2.8
      vertex 41.4521 -1.89708 2.8
      vertex 41.5987 -1.72989 2.8
    endloop
  endfacet
  facet normal 0 0 -1
    outer loop
      vertex 42.0397 -3.79494 2.8
      vertex 41.2849 -2.0437 2.8
      vertex 41.4521 -1.89708 2.8
    endloop
  endfacet
  facet normal 0 0 -1
    outer loop
      vertex 42.0397 -3.79494 2.8
      vertex 41.1 -2.16724 2.8
      vertex 41.2849 -2.0437 2.8
    endloop
  endfacet
  facet normal 0 0 -1
    outer loop
      vertex 42.0397 -3.79494 2.8
      vertex 40.9006 -2.26559 2.8
      vertex 41.1 -2.16724 2.8
    endloop
  endfacet
  facet normal 0 0 -1
    outer loop
      vertex 42.0397 -3.79494 2.8
      vertex 40.69 -2.33707 2.8
      vertex 40.9006 -2.26559 2.8
    endloop
  endfacet
  facet normal 0 0 -1
    outer loop
      vertex 42.0397 -3.79494 2.8
      vertex 40.4719 -2.38046 2.8
      vertex 40.69 -2.33707 2.8
    endloop
  endfacet
  facet normal 0 0 -1
    outer loop
      vertex 42.0397 -3.79494 2.8
      vertex 40.25 -2.395 2.8
      vertex 40.4719 -2.38046 2.8
    endloop
  endfacet
  facet normal 0 0 -1
    outer loop
      vertex 38.4603 -3.79494 2.8
      vertex 40.25 -2.395 2.8
      vertex 42.0397 -3.79494 2.8
    endloop
  endfacet
  facet normal -0 0 -1
    outer loop
      vertex 40.25 -2.395 2.8
      vertex 38.4603 -3.79494 2.8
      vertex 40.0281 -2.38046 2.8
    endloop
  endfacet
  facet normal -0 0 -1
    outer loop
      vertex 40.0281 -2.38046 2.8
      vertex 38.4603 -3.79494 2.8
      vertex 39.81 -2.33707 2.8
    endloop
  endfacet
  facet normal -0 0 -1
    outer loop
      vertex 39.81 -2.33707 2.8
      vertex 38.4603 -3.79494 2.8
      vertex 39.5994 -2.26559 2.8
    endloop
  endfacet
  facet normal 0 0 -1
    outer loop
      vertex 38.6079 -1.13499 2.8
      vertex 36.6705 -0.695 2.8
      vertex 38.5645 -0.916894 2.8
    endloop
  endfacet
  facet normal 0 0 -1
    outer loop
      vertex 38.6794 -1.34556 2.8
      vertex 36.6705 -0.695 2.8
      vertex 38.6079 -1.13499 2.8
    endloop
  endfacet
  facet normal 0 0 -1
    outer loop
      vertex 38.7778 -1.545 2.8
      vertex 36.6705 -0.695 2.8
      vertex 38.6794 -1.34556 2.8
    endloop
  endfacet
  facet normal 0 0 -1
    outer loop
      vertex 36.6705 -0.695 2.8
      vertex 38.7778 -1.545 2.8
      vertex 38.4603 -3.79494 2.8
    endloop
  endfacet
  facet normal -0 0 -1
    outer loop
      vertex 38.9013 -1.72989 2.8
      vertex 38.4603 -3.79494 2.8
      vertex 38.7778 -1.545 2.8
    endloop
  endfacet
  facet normal -0 0 -1
    outer loop
      vertex 39.0479 -1.89708 2.8
      vertex 38.4603 -3.79494 2.8
      vertex 38.9013 -1.72989 2.8
    endloop
  endfacet
  facet normal -0 0 -1
    outer loop
      vertex 39.2151 -2.0437 2.8
      vertex 38.4603 -3.79494 2.8
      vertex 39.0479 -1.89708 2.8
    endloop
  endfacet
  facet normal -0 0 -1
    outer loop
      vertex 39.4 -2.16724 2.8
      vertex 38.4603 -3.79494 2.8
      vertex 39.2151 -2.0437 2.8
    endloop
  endfacet
  facet normal -0 0 -1
    outer loop
      vertex 39.5994 -2.26559 2.8
      vertex 38.4603 -3.79494 2.8
      vertex 39.4 -2.16724 2.8
    endloop
  endfacet
  facet normal 0 0 -1
    outer loop
      vertex 41.8921 -0.255007 2.8
      vertex 43.8295 -0.695 2.8
      vertex 41.9355 -0.473105 2.8
    endloop
  endfacet
  facet normal 0 0 -1
    outer loop
      vertex 41.8206 -0.0444374 2.8
      vertex 43.8295 -0.695 2.8
      vertex 41.8921 -0.255007 2.8
    endloop
  endfacet
  facet normal 0 0 -1
    outer loop
      vertex 41.7222 0.155 2.8
      vertex 43.8295 -0.695 2.8
      vertex 41.8206 -0.0444374 2.8
    endloop
  endfacet
  facet normal 0 0 -1
    outer loop
      vertex 43.8295 -0.695 2.8
      vertex 41.7222 0.155 2.8
      vertex 42.0397 2.40494 2.8
    endloop
  endfacet
  facet normal 0 0 -1
    outer loop
      vertex 41.5987 0.339894 2.8
      vertex 42.0397 2.40494 2.8
      vertex 41.7222 0.155 2.8
    endloop
  endfacet
  facet normal 0 0 -1
    outer loop
      vertex 41.4521 0.507081 2.8
      vertex 42.0397 2.40494 2.8
      vertex 41.5987 0.339894 2.8
    endloop
  endfacet
  facet normal 0 0 -1
    outer loop
      vertex 41.2849 0.6537 2.8
      vertex 42.0397 2.40494 2.8
      vertex 41.4521 0.507081 2.8
    endloop
  endfacet
  facet normal 0 0 -1
    outer loop
      vertex 41.1 0.777243 2.8
      vertex 42.0397 2.40494 2.8
      vertex 41.2849 0.6537 2.8
    endloop
  endfacet
  facet normal 0 0 -1
    outer loop
      vertex 40.9006 0.875595 2.8
      vertex 42.0397 2.40494 2.8
      vertex 41.1 0.777243 2.8
    endloop
  endfacet
  facet normal 0 0 -1
    outer loop
      vertex 40.69 0.947073 2.8
      vertex 42.0397 2.40494 2.8
      vertex 40.9006 0.875595 2.8
    endloop
  endfacet
  facet normal 0 0 -1
    outer loop
      vertex 40.4719 0.990456 2.8
      vertex 42.0397 2.40494 2.8
      vertex 40.69 0.947073 2.8
    endloop
  endfacet
  facet normal 0 0 -1
    outer loop
      vertex 40.25 1.005 2.8
      vertex 42.0397 2.40494 2.8
      vertex 40.4719 0.990456 2.8
    endloop
  endfacet
  facet normal 0 0 -1
    outer loop
      vertex 38.4603 2.40494 2.8
      vertex 40.25 1.005 2.8
      vertex 40.0281 0.990456 2.8
    endloop
  endfacet
  facet normal 0 0 -1
    outer loop
      vertex 38.4603 2.40494 2.8
      vertex 40.0281 0.990456 2.8
      vertex 39.81 0.947073 2.8
    endloop
  endfacet
  facet normal 0 0 -1
    outer loop
      vertex 38.4603 2.40494 2.8
      vertex 39.81 0.947073 2.8
      vertex 39.5994 0.875595 2.8
    endloop
  endfacet
  facet normal 0 0 -1
    outer loop
      vertex 38.4603 2.40494 2.8
      vertex 39.5994 0.875595 2.8
      vertex 39.4 0.777243 2.8
    endloop
  endfacet
  facet normal 0 0 -1
    outer loop
      vertex 40.25 1.005 2.8
      vertex 38.4603 2.40494 2.8
      vertex 42.0397 2.40494 2.8
    endloop
  endfacet
  facet normal 0 0 -1
    outer loop
      vertex 39.2151 0.6537 2.8
      vertex 38.4603 2.40494 2.8
      vertex 39.4 0.777243 2.8
    endloop
  endfacet
  facet normal 0 0 -1
    outer loop
      vertex 39.0479 0.507081 2.8
      vertex 38.4603 2.40494 2.8
      vertex 39.2151 0.6537 2.8
    endloop
  endfacet
  facet normal 0 0 -1
    outer loop
      vertex 38.9013 0.339894 2.8
      vertex 38.4603 2.40494 2.8
      vertex 39.0479 0.507081 2.8
    endloop
  endfacet
  facet normal 0 0 -1
    outer loop
      vertex 38.7778 0.155 2.8
      vertex 38.4603 2.40494 2.8
      vertex 38.9013 0.339894 2.8
    endloop
  endfacet
  facet normal 0 0 -1
    outer loop
      vertex 36.6705 -0.695 2.8
      vertex 38.7778 0.155 2.8
      vertex 38.6794 -0.0444374 2.8
    endloop
  endfacet
  facet normal 0 0 -1
    outer loop
      vertex 36.6705 -0.695 2.8
      vertex 38.6794 -0.0444374 2.8
      vertex 38.6079 -0.255007 2.8
    endloop
  endfacet
  facet normal 0 0 -1
    outer loop
      vertex 36.6705 -0.695 2.8
      vertex 38.6079 -0.255007 2.8
      vertex 38.5645 -0.473105 2.8
    endloop
  endfacet
  facet normal 0 0 -1
    outer loop
      vertex 36.6705 -0.695 2.8
      vertex 38.5645 -0.473105 2.8
      vertex 38.55 -0.695 2.8
    endloop
  endfacet
  facet normal 0 0 -1
    outer loop
      vertex 38.5645 -0.916894 2.8
      vertex 36.6705 -0.695 2.8
      vertex 38.55 -0.695 2.8
    endloop
  endfacet
  facet normal -0 0 -1
    outer loop
      vertex 38.7778 0.155 2.8
      vertex 36.6705 -0.695 2.8
      vertex 38.4603 2.40494 2.8
    endloop
  endfacet
  facet normal -0.98077 -0.195167 0
    outer loop
      vertex 41.9355 -0.473105 2.8
      vertex 41.8921 -0.255007 5
      vertex 41.8921 -0.255007 2.8
    endloop
  endfacet
  facet normal -0.98077 -0.195167 0
    outer loop
      vertex 41.8921 -0.255007 5
      vertex 41.9355 -0.473105 2.8
      vertex 41.9355 -0.473105 5
    endloop
  endfacet
  facet normal -0.997872 -0.0652071 0
    outer loop
      vertex 41.95 -0.695 2.8
      vertex 41.9355 -0.473105 5
      vertex 41.9355 -0.473105 2.8
    endloop
  endfacet
  facet normal -0.997872 -0.0652071 0
    outer loop
      vertex 41.9355 -0.473105 5
      vertex 41.95 -0.695 2.8
      vertex 41.95 -0.695 5
    endloop
  endfacet
  facet normal -0.751888 0.659291 0
    outer loop
      vertex 41.4521 -1.89708 2.8
      vertex 41.5987 -1.72989 5
      vertex 41.5987 -1.72989 2.8
    endloop
  endfacet
  facet normal -0.751888 0.659291 0
    outer loop
      vertex 41.5987 -1.72989 5
      vertex 41.4521 -1.89708 2.8
      vertex 41.4521 -1.89708 5
    endloop
  endfacet
  facet normal 0.321395 -0.946945 0
    outer loop
      vertex 39.5994 0.875595 2.8
      vertex 39.81 0.947073 5
      vertex 39.5994 0.875595 5
    endloop
  endfacet
  facet normal 0.321395 -0.946945 0
    outer loop
      vertex 39.81 0.947073 5
      vertex 39.5994 0.875595 2.8
      vertex 39.81 0.947073 2.8
    endloop
  endfacet
  facet normal -0.0654027 -0.997859 0
    outer loop
      vertex 40.25 1.005 2.8
      vertex 40.4719 0.990456 5
      vertex 40.25 1.005 5
    endloop
  endfacet
  facet normal -0.0654027 -0.997859 -0
    outer loop
      vertex 40.4719 0.990456 5
      vertex 40.25 1.005 2.8
      vertex 40.4719 0.990456 2.8
    endloop
  endfacet
  facet normal 0.831557 -0.555439 0
    outer loop
      vertex 38.7778 0.155 5
      vertex 38.9013 0.339894 2.8
      vertex 38.9013 0.339894 5
    endloop
  endfacet
  facet normal 0.831557 -0.555439 0
    outer loop
      vertex 38.9013 0.339894 2.8
      vertex 38.7778 0.155 5
      vertex 38.7778 0.155 2.8
    endloop
  endfacet
  facet normal -0.831557 -0.555439 0
    outer loop
      vertex 41.7222 0.155 2.8
      vertex 41.5987 0.339894 5
      vertex 41.5987 0.339894 2.8
    endloop
  endfacet
  facet normal -0.831557 -0.555439 0
    outer loop
      vertex 41.5987 0.339894 5
      vertex 41.7222 0.155 2.8
      vertex 41.7222 0.155 5
    endloop
  endfacet
  facet normal -0.321403 0.946943 0
    outer loop
      vertex 40.9006 -2.26559 2.8
      vertex 40.69 -2.33707 5
      vertex 40.9006 -2.26559 5
    endloop
  endfacet
  facet normal -0.321403 0.946943 0
    outer loop
      vertex 40.69 -2.33707 5
      vertex 40.9006 -2.26559 2.8
      vertex 40.69 -2.33707 2.8
    endloop
  endfacet
  facet normal -0.896786 -0.442464 0
    outer loop
      vertex 41.8206 -0.0444374 2.8
      vertex 41.7222 0.155 5
      vertex 41.7222 0.155 2.8
    endloop
  endfacet
  facet normal -0.896786 -0.442464 0
    outer loop
      vertex 41.7222 0.155 5
      vertex 41.8206 -0.0444374 2.8
      vertex 41.8206 -0.0444374 5
    endloop
  endfacet
  facet normal -0.442349 0.896843 0
    outer loop
      vertex 41.1 -2.16724 2.8
      vertex 40.9006 -2.26559 5
      vertex 41.1 -2.16724 5
    endloop
  endfacet
  facet normal -0.442349 0.896843 0
    outer loop
      vertex 40.9006 -2.26559 5
      vertex 41.1 -2.16724 2.8
      vertex 40.9006 -2.26559 2.8
    endloop
  endfacet
  facet normal -0.946901 0.321525 0
    outer loop
      vertex 41.8206 -1.34556 2.8
      vertex 41.8921 -1.13499 5
      vertex 41.8921 -1.13499 2.8
    endloop
  endfacet
  facet normal -0.946901 0.321525 0
    outer loop
      vertex 41.8921 -1.13499 5
      vertex 41.8206 -1.34556 2.8
      vertex 41.8206 -1.34556 5
    endloop
  endfacet
  facet normal -0.321395 -0.946945 0
    outer loop
      vertex 40.69 0.947073 2.8
      vertex 40.9006 0.875595 5
      vertex 40.69 0.947073 5
    endloop
  endfacet
  facet normal -0.321395 -0.946945 -0
    outer loop
      vertex 40.9006 0.875595 5
      vertex 40.69 0.947073 2.8
      vertex 40.9006 0.875595 2.8
    endloop
  endfacet
  facet normal -0.997872 0.0652074 0
    outer loop
      vertex 41.9355 -0.916894 2.8
      vertex 41.95 -0.695 5
      vertex 41.95 -0.695 2.8
    endloop
  endfacet
  facet normal -0.997872 0.0652074 0
    outer loop
      vertex 41.95 -0.695 5
      vertex 41.9355 -0.916894 2.8
      vertex 41.9355 -0.916894 5
    endloop
  endfacet
  facet normal 0.896789 0.442459 0
    outer loop
      vertex 38.7778 -1.545 5
      vertex 38.6794 -1.34556 2.8
      vertex 38.6794 -1.34556 5
    endloop
  endfacet
  facet normal 0.896789 0.442459 0
    outer loop
      vertex 38.6794 -1.34556 2.8
      vertex 38.7778 -1.545 5
      vertex 38.7778 -1.545 2.8
    endloop
  endfacet
  facet normal -0.442357 -0.896839 0
    outer loop
      vertex 40.9006 0.875595 2.8
      vertex 41.1 0.777243 5
      vertex 40.9006 0.875595 5
    endloop
  endfacet
  facet normal -0.442357 -0.896839 -0
    outer loop
      vertex 41.1 0.777243 5
      vertex 40.9006 0.875595 2.8
      vertex 41.1 0.777243 2.8
    endloop
  endfacet
  facet normal 0.55556 -0.831476 0
    outer loop
      vertex 39.2151 0.6537 2.8
      vertex 39.4 0.777243 5
      vertex 39.2151 0.6537 5
    endloop
  endfacet
  facet normal 0.55556 -0.831476 0
    outer loop
      vertex 39.4 0.777243 5
      vertex 39.2151 0.6537 2.8
      vertex 39.4 0.777243 2.8
    endloop
  endfacet
  facet normal -0.98077 0.195168 0
    outer loop
      vertex 41.8921 -1.13499 2.8
      vertex 41.9355 -0.916894 5
      vertex 41.9355 -0.916894 2.8
    endloop
  endfacet
  facet normal -0.98077 0.195168 0
    outer loop
      vertex 41.9355 -0.916894 5
      vertex 41.8921 -1.13499 2.8
      vertex 41.8921 -1.13499 5
    endloop
  endfacet
  facet normal 0.896786 -0.442464 0
    outer loop
      vertex 38.6794 -0.0444374 5
      vertex 38.7778 0.155 2.8
      vertex 38.7778 0.155 5
    endloop
  endfacet
  facet normal 0.896786 -0.442464 0
    outer loop
      vertex 38.7778 0.155 2.8
      vertex 38.6794 -0.0444374 5
      vertex 38.6794 -0.0444374 2.8
    endloop
  endfacet
  facet normal 0.946901 0.321525 0
    outer loop
      vertex 38.6794 -1.34556 5
      vertex 38.6079 -1.13499 2.8
      vertex 38.6079 -1.13499 5
    endloop
  endfacet
  facet normal 0.946901 0.321525 0
    outer loop
      vertex 38.6079 -1.13499 2.8
      vertex 38.6794 -1.34556 5
      vertex 38.6794 -1.34556 2.8
    endloop
  endfacet
  facet normal 0.751888 0.659291 0
    outer loop
      vertex 39.0479 -1.89708 5
      vertex 38.9013 -1.72989 2.8
      vertex 38.9013 -1.72989 5
    endloop
  endfacet
  facet normal 0.751888 0.659291 0
    outer loop
      vertex 38.9013 -1.72989 2.8
      vertex 39.0479 -1.89708 5
      vertex 39.0479 -1.89708 2.8
    endloop
  endfacet
  facet normal 0.831552 0.555447 0
    outer loop
      vertex 38.9013 -1.72989 5
      vertex 38.7778 -1.545 2.8
      vertex 38.7778 -1.545 5
    endloop
  endfacet
  facet normal 0.831552 0.555447 0
    outer loop
      vertex 38.7778 -1.545 2.8
      vertex 38.9013 -1.72989 5
      vertex 38.9013 -1.72989 2.8
    endloop
  endfacet
  facet normal -0.195122 0.980779 0
    outer loop
      vertex 40.69 -2.33707 2.8
      vertex 40.4719 -2.38046 5
      vertex 40.69 -2.33707 5
    endloop
  endfacet
  facet normal -0.195122 0.980779 0
    outer loop
      vertex 40.4719 -2.38046 5
      vertex 40.69 -2.33707 2.8
      vertex 40.4719 -2.38046 2.8
    endloop
  endfacet
  facet normal 0.997872 0.0652074 0
    outer loop
      vertex 38.5645 -0.916894 5
      vertex 38.55 -0.695 2.8
      vertex 38.55 -0.695 5
    endloop
  endfacet
  facet normal 0.997872 0.0652074 0
    outer loop
      vertex 38.55 -0.695 2.8
      vertex 38.5645 -0.916894 5
      vertex 38.5645 -0.916894 2.8
    endloop
  endfacet
  facet normal -0.896789 0.442459 0
    outer loop
      vertex 41.7222 -1.545 2.8
      vertex 41.8206 -1.34556 5
      vertex 41.8206 -1.34556 2.8
    endloop
  endfacet
  facet normal -0.896789 0.442459 0
    outer loop
      vertex 41.8206 -1.34556 5
      vertex 41.7222 -1.545 2.8
      vertex 41.7222 -1.545 5
    endloop
  endfacet
  facet normal 0.0654027 -0.997859 0
    outer loop
      vertex 40.0281 0.990456 2.8
      vertex 40.25 1.005 5
      vertex 40.0281 0.990456 5
    endloop
  endfacet
  facet normal 0.0654027 -0.997859 0
    outer loop
      vertex 40.25 1.005 5
      vertex 40.0281 0.990456 2.8
      vertex 40.25 1.005 2.8
    endloop
  endfacet
  facet normal -0.195091 -0.980785 0
    outer loop
      vertex 40.4719 0.990456 2.8
      vertex 40.69 0.947073 5
      vertex 40.4719 0.990456 5
    endloop
  endfacet
  facet normal -0.195091 -0.980785 -0
    outer loop
      vertex 40.69 0.947073 5
      vertex 40.4719 0.990456 2.8
      vertex 40.69 0.947073 2.8
    endloop
  endfacet
  facet normal 0.659317 -0.751865 0
    outer loop
      vertex 39.0479 0.507081 2.8
      vertex 39.2151 0.6537 5
      vertex 39.0479 0.507081 5
    endloop
  endfacet
  facet normal 0.659317 -0.751865 0
    outer loop
      vertex 39.2151 0.6537 5
      vertex 39.0479 0.507081 2.8
      vertex 39.2151 0.6537 2.8
    endloop
  endfacet
  facet normal -0.55556 -0.831476 0
    outer loop
      vertex 41.1 0.777243 2.8
      vertex 41.2849 0.6537 5
      vertex 41.1 0.777243 5
    endloop
  endfacet
  facet normal -0.55556 -0.831476 -0
    outer loop
      vertex 41.2849 0.6537 5
      vertex 41.1 0.777243 2.8
      vertex 41.2849 0.6537 2.8
    endloop
  endfacet
  facet normal 0.442357 -0.896839 0
    outer loop
      vertex 39.4 0.777243 2.8
      vertex 39.5994 0.875595 5
      vertex 39.4 0.777243 5
    endloop
  endfacet
  facet normal 0.442357 -0.896839 0
    outer loop
      vertex 39.5994 0.875595 5
      vertex 39.4 0.777243 2.8
      vertex 39.5994 0.875595 2.8
    endloop
  endfacet
  facet normal -0.751882 -0.659297 0
    outer loop
      vertex 41.5987 0.339894 2.8
      vertex 41.4521 0.507081 5
      vertex 41.4521 0.507081 2.8
    endloop
  endfacet
  facet normal -0.751882 -0.659297 0
    outer loop
      vertex 41.4521 0.507081 5
      vertex 41.5987 0.339894 2.8
      vertex 41.5987 0.339894 5
    endloop
  endfacet
  facet normal 0.195091 -0.980785 0
    outer loop
      vertex 39.81 0.947073 2.8
      vertex 40.0281 0.990456 5
      vertex 39.81 0.947073 5
    endloop
  endfacet
  facet normal 0.195091 -0.980785 0
    outer loop
      vertex 40.0281 0.990456 5
      vertex 39.81 0.947073 2.8
      vertex 40.0281 0.990456 2.8
    endloop
  endfacet
  facet normal 0.98077 -0.195167 0
    outer loop
      vertex 38.5645 -0.473105 5
      vertex 38.6079 -0.255007 2.8
      vertex 38.6079 -0.255007 5
    endloop
  endfacet
  facet normal 0.98077 -0.195167 0
    outer loop
      vertex 38.6079 -0.255007 2.8
      vertex 38.5645 -0.473105 5
      vertex 38.5645 -0.473105 2.8
    endloop
  endfacet
  facet normal 0.195122 0.980779 -0
    outer loop
      vertex 40.0281 -2.38046 2.8
      vertex 39.81 -2.33707 5
      vertex 40.0281 -2.38046 5
    endloop
  endfacet
  facet normal 0.195122 0.980779 0
    outer loop
      vertex 39.81 -2.33707 5
      vertex 40.0281 -2.38046 2.8
      vertex 39.81 -2.33707 2.8
    endloop
  endfacet
  facet normal 0.442349 0.896843 -0
    outer loop
      vertex 39.5994 -2.26559 2.8
      vertex 39.4 -2.16724 5
      vertex 39.5994 -2.26559 5
    endloop
  endfacet
  facet normal 0.442349 0.896843 0
    outer loop
      vertex 39.4 -2.16724 5
      vertex 39.5994 -2.26559 2.8
      vertex 39.4 -2.16724 2.8
    endloop
  endfacet
  facet normal -0.831552 0.555447 0
    outer loop
      vertex 41.5987 -1.72989 2.8
      vertex 41.7222 -1.545 5
      vertex 41.7222 -1.545 2.8
    endloop
  endfacet
  facet normal -0.831552 0.555447 0
    outer loop
      vertex 41.7222 -1.545 5
      vertex 41.5987 -1.72989 2.8
      vertex 41.5987 -1.72989 5
    endloop
  endfacet
  facet normal -0.555551 0.831483 0
    outer loop
      vertex 41.2849 -2.0437 2.8
      vertex 41.1 -2.16724 5
      vertex 41.2849 -2.0437 5
    endloop
  endfacet
  facet normal -0.555551 0.831483 0
    outer loop
      vertex 41.1 -2.16724 5
      vertex 41.2849 -2.0437 2.8
      vertex 41.1 -2.16724 2.8
    endloop
  endfacet
  facet normal -0.659317 -0.751865 0
    outer loop
      vertex 41.2849 0.6537 2.8
      vertex 41.4521 0.507081 5
      vertex 41.2849 0.6537 5
    endloop
  endfacet
  facet normal -0.659317 -0.751865 -0
    outer loop
      vertex 41.4521 0.507081 5
      vertex 41.2849 0.6537 2.8
      vertex 41.4521 0.507081 2.8
    endloop
  endfacet
  facet normal 0.321403 0.946943 -0
    outer loop
      vertex 39.81 -2.33707 2.8
      vertex 39.5994 -2.26559 5
      vertex 39.81 -2.33707 5
    endloop
  endfacet
  facet normal 0.321403 0.946943 0
    outer loop
      vertex 39.5994 -2.26559 5
      vertex 39.81 -2.33707 2.8
      vertex 39.5994 -2.26559 2.8
    endloop
  endfacet
  facet normal 0.0653848 0.99786 -0
    outer loop
      vertex 40.25 -2.395 2.8
      vertex 40.0281 -2.38046 5
      vertex 40.25 -2.395 5
    endloop
  endfacet
  facet normal 0.0653848 0.99786 0
    outer loop
      vertex 40.0281 -2.38046 5
      vertex 40.25 -2.395 2.8
      vertex 40.0281 -2.38046 2.8
    endloop
  endfacet
  facet normal 0.659319 0.751863 -0
    outer loop
      vertex 39.2151 -2.0437 2.8
      vertex 39.0479 -1.89708 5
      vertex 39.2151 -2.0437 5
    endloop
  endfacet
  facet normal 0.659319 0.751863 0
    outer loop
      vertex 39.0479 -1.89708 5
      vertex 39.2151 -2.0437 2.8
      vertex 39.0479 -1.89708 2.8
    endloop
  endfacet
  facet normal -0.946901 -0.321525 0
    outer loop
      vertex 41.8921 -0.255007 2.8
      vertex 41.8206 -0.0444374 5
      vertex 41.8206 -0.0444374 2.8
    endloop
  endfacet
  facet normal -0.946901 -0.321525 0
    outer loop
      vertex 41.8206 -0.0444374 5
      vertex 41.8921 -0.255007 2.8
      vertex 41.8921 -0.255007 5
    endloop
  endfacet
  facet normal 0.751882 -0.659297 0
    outer loop
      vertex 38.9013 0.339894 5
      vertex 39.0479 0.507081 2.8
      vertex 39.0479 0.507081 5
    endloop
  endfacet
  facet normal 0.751882 -0.659297 0
    outer loop
      vertex 39.0479 0.507081 2.8
      vertex 38.9013 0.339894 5
      vertex 38.9013 0.339894 2.8
    endloop
  endfacet
  facet normal -0.0653848 0.99786 0
    outer loop
      vertex 40.4719 -2.38046 2.8
      vertex 40.25 -2.395 5
      vertex 40.4719 -2.38046 5
    endloop
  endfacet
  facet normal -0.0653848 0.99786 0
    outer loop
      vertex 40.25 -2.395 5
      vertex 40.4719 -2.38046 2.8
      vertex 40.25 -2.395 2.8
    endloop
  endfacet
  facet normal 0.997872 -0.0652071 0
    outer loop
      vertex 38.55 -0.695 5
      vertex 38.5645 -0.473105 2.8
      vertex 38.5645 -0.473105 5
    endloop
  endfacet
  facet normal 0.997872 -0.0652071 0
    outer loop
      vertex 38.5645 -0.473105 2.8
      vertex 38.55 -0.695 5
      vertex 38.55 -0.695 2.8
    endloop
  endfacet
  facet normal 0.946901 -0.321525 0
    outer loop
      vertex 38.6079 -0.255007 5
      vertex 38.6794 -0.0444374 2.8
      vertex 38.6794 -0.0444374 5
    endloop
  endfacet
  facet normal 0.946901 -0.321525 0
    outer loop
      vertex 38.6794 -0.0444374 2.8
      vertex 38.6079 -0.255007 5
      vertex 38.6079 -0.255007 2.8
    endloop
  endfacet
  facet normal 0.555551 0.831483 -0
    outer loop
      vertex 39.4 -2.16724 2.8
      vertex 39.2151 -2.0437 5
      vertex 39.4 -2.16724 5
    endloop
  endfacet
  facet normal 0.555551 0.831483 0
    outer loop
      vertex 39.2151 -2.0437 5
      vertex 39.4 -2.16724 2.8
      vertex 39.2151 -2.0437 2.8
    endloop
  endfacet
  facet normal -0.659319 0.751863 0
    outer loop
      vertex 41.4521 -1.89708 2.8
      vertex 41.2849 -2.0437 5
      vertex 41.4521 -1.89708 5
    endloop
  endfacet
  facet normal -0.659319 0.751863 0
    outer loop
      vertex 41.2849 -2.0437 5
      vertex 41.4521 -1.89708 2.8
      vertex 41.2849 -2.0437 2.8
    endloop
  endfacet
  facet normal 0.98077 0.195168 0
    outer loop
      vertex 38.6079 -1.13499 5
      vertex 38.5645 -0.916894 2.8
      vertex 38.5645 -0.916894 5
    endloop
  endfacet
  facet normal 0.98077 0.195168 0
    outer loop
      vertex 38.5645 -0.916894 2.8
      vertex 38.6079 -1.13499 5
      vertex 38.6079 -1.13499 2.8
    endloop
  endfacet
  facet normal 0 1 -0
    outer loop
      vertex -15.0112 19.8231 0
      vertex -18.5907 19.8231 2.8
      vertex -15.0112 19.8231 2.8
    endloop
  endfacet
  facet normal 0 1 0
    outer loop
      vertex -18.5907 19.8231 2.8
      vertex -15.0112 19.8231 0
      vertex -18.5907 19.8231 0
    endloop
  endfacet
  facet normal -0.866029 0.499994 0
    outer loop
      vertex -15.0112 19.8231 0
      vertex -13.2215 22.923 2.8
      vertex -13.2215 22.923 0
    endloop
  endfacet
  facet normal -0.866029 0.499994 0
    outer loop
      vertex -13.2215 22.923 2.8
      vertex -15.0112 19.8231 0
      vertex -15.0112 19.8231 2.8
    endloop
  endfacet
  facet normal 0 -1 0
    outer loop
      vertex -18.5907 26.0229 0
      vertex -15.0112 26.0229 2.8
      vertex -18.5907 26.0229 2.8
    endloop
  endfacet
  facet normal 0 -1 -0
    outer loop
      vertex -15.0112 26.0229 2.8
      vertex -18.5907 26.0229 0
      vertex -15.0112 26.0229 0
    endloop
  endfacet
  facet normal -0.866029 -0.499994 0
    outer loop
      vertex -13.2215 22.923 0
      vertex -15.0112 26.0229 2.8
      vertex -15.0112 26.0229 0
    endloop
  endfacet
  facet normal -0.866029 -0.499994 0
    outer loop
      vertex -15.0112 26.0229 2.8
      vertex -13.2215 22.923 0
      vertex -13.2215 22.923 2.8
    endloop
  endfacet
  facet normal 0.866017 -0.500015 0
    outer loop
      vertex -20.3805 22.923 2.8
      vertex -18.5907 26.0229 0
      vertex -18.5907 26.0229 2.8
    endloop
  endfacet
  facet normal 0.866017 -0.500015 0
    outer loop
      vertex -18.5907 26.0229 0
      vertex -20.3805 22.923 2.8
      vertex -20.3805 22.923 0
    endloop
  endfacet
  facet normal 0.866017 0.500015 0
    outer loop
      vertex -18.5907 19.8231 2.8
      vertex -20.3805 22.923 0
      vertex -20.3805 22.923 2.8
    endloop
  endfacet
  facet normal 0.866017 0.500015 0
    outer loop
      vertex -20.3805 22.923 0
      vertex -18.5907 19.8231 2.8
      vertex -18.5907 19.8231 0
    endloop
  endfacet
  facet normal 0 0 -1
    outer loop
      vertex -15.3288 22.073 2.8
      vertex -13.2215 22.923 2.8
      vertex -15.0112 19.8231 2.8
    endloop
  endfacet
  facet normal 0 0 -1
    outer loop
      vertex -15.1155 23.1449 2.8
      vertex -13.2215 22.923 2.8
      vertex -15.101 22.923 2.8
    endloop
  endfacet
  facet normal -0 0 -1
    outer loop
      vertex -13.2215 22.923 2.8
      vertex -15.1155 22.7011 2.8
      vertex -15.101 22.923 2.8
    endloop
  endfacet
  facet normal 0 0 -1
    outer loop
      vertex -13.2215 22.923 2.8
      vertex -15.1589 22.483 2.8
      vertex -15.1155 22.7011 2.8
    endloop
  endfacet
  facet normal 0 0 -1
    outer loop
      vertex -13.2215 22.923 2.8
      vertex -15.2304 22.2724 2.8
      vertex -15.1589 22.483 2.8
    endloop
  endfacet
  facet normal 0 0 -1
    outer loop
      vertex -13.2215 22.923 2.8
      vertex -15.3288 22.073 2.8
      vertex -15.2304 22.2724 2.8
    endloop
  endfacet
  facet normal 0 0 -1
    outer loop
      vertex -15.0112 19.8231 2.8
      vertex -15.4523 21.8881 2.8
      vertex -15.3288 22.073 2.8
    endloop
  endfacet
  facet normal 0 0 -1
    outer loop
      vertex -15.0112 19.8231 2.8
      vertex -15.5989 21.7209 2.8
      vertex -15.4523 21.8881 2.8
    endloop
  endfacet
  facet normal 0 0 -1
    outer loop
      vertex -15.0112 19.8231 2.8
      vertex -15.7661 21.5743 2.8
      vertex -15.5989 21.7209 2.8
    endloop
  endfacet
  facet normal 0 0 -1
    outer loop
      vertex -15.0112 19.8231 2.8
      vertex -15.951 21.4508 2.8
      vertex -15.7661 21.5743 2.8
    endloop
  endfacet
  facet normal 0 0 -1
    outer loop
      vertex -15.0112 19.8231 2.8
      vertex -16.1504 21.3524 2.8
      vertex -15.951 21.4508 2.8
    endloop
  endfacet
  facet normal 0 0 -1
    outer loop
      vertex -15.0112 19.8231 2.8
      vertex -16.361 21.2809 2.8
      vertex -16.1504 21.3524 2.8
    endloop
  endfacet
  facet normal 0 0 -1
    outer loop
      vertex -15.0112 19.8231 2.8
      vertex -16.5791 21.2375 2.8
      vertex -16.361 21.2809 2.8
    endloop
  endfacet
  facet normal 0 0 -1
    outer loop
      vertex -15.0112 19.8231 2.8
      vertex -16.801 21.223 2.8
      vertex -16.5791 21.2375 2.8
    endloop
  endfacet
  facet normal 0 0 -1
    outer loop
      vertex -18.5907 19.8231 2.8
      vertex -16.801 21.223 2.8
      vertex -15.0112 19.8231 2.8
    endloop
  endfacet
  facet normal -0 0 -1
    outer loop
      vertex -16.801 21.223 2.8
      vertex -18.5907 19.8231 2.8
      vertex -17.0229 21.2375 2.8
    endloop
  endfacet
  facet normal -0 0 -1
    outer loop
      vertex -17.0229 21.2375 2.8
      vertex -18.5907 19.8231 2.8
      vertex -17.241 21.2809 2.8
    endloop
  endfacet
  facet normal -0 0 -1
    outer loop
      vertex -17.241 21.2809 2.8
      vertex -18.5907 19.8231 2.8
      vertex -17.4516 21.3524 2.8
    endloop
  endfacet
  facet normal 0 0 -1
    outer loop
      vertex -18.4431 22.483 2.8
      vertex -20.3805 22.923 2.8
      vertex -18.4865 22.7011 2.8
    endloop
  endfacet
  facet normal 0 0 -1
    outer loop
      vertex -18.3716 22.2724 2.8
      vertex -20.3805 22.923 2.8
      vertex -18.4431 22.483 2.8
    endloop
  endfacet
  facet normal 0 0 -1
    outer loop
      vertex -18.2732 22.073 2.8
      vertex -20.3805 22.923 2.8
      vertex -18.3716 22.2724 2.8
    endloop
  endfacet
  facet normal 0 0 -1
    outer loop
      vertex -20.3805 22.923 2.8
      vertex -18.2732 22.073 2.8
      vertex -18.5907 19.8231 2.8
    endloop
  endfacet
  facet normal -0 0 -1
    outer loop
      vertex -18.1497 21.8881 2.8
      vertex -18.5907 19.8231 2.8
      vertex -18.2732 22.073 2.8
    endloop
  endfacet
  facet normal -0 0 -1
    outer loop
      vertex -18.0031 21.7209 2.8
      vertex -18.5907 19.8231 2.8
      vertex -18.1497 21.8881 2.8
    endloop
  endfacet
  facet normal -0 0 -1
    outer loop
      vertex -17.8359 21.5743 2.8
      vertex -18.5907 19.8231 2.8
      vertex -18.0031 21.7209 2.8
    endloop
  endfacet
  facet normal -0 0 -1
    outer loop
      vertex -17.651 21.4508 2.8
      vertex -18.5907 19.8231 2.8
      vertex -17.8359 21.5743 2.8
    endloop
  endfacet
  facet normal -0 0 -1
    outer loop
      vertex -17.4516 21.3524 2.8
      vertex -18.5907 19.8231 2.8
      vertex -17.651 21.4508 2.8
    endloop
  endfacet
  facet normal 0 0 -1
    outer loop
      vertex -15.1589 23.363 2.8
      vertex -13.2215 22.923 2.8
      vertex -15.1155 23.1449 2.8
    endloop
  endfacet
  facet normal 0 0 -1
    outer loop
      vertex -15.2304 23.5736 2.8
      vertex -13.2215 22.923 2.8
      vertex -15.1589 23.363 2.8
    endloop
  endfacet
  facet normal 0 0 -1
    outer loop
      vertex -15.3288 23.773 2.8
      vertex -13.2215 22.923 2.8
      vertex -15.2304 23.5736 2.8
    endloop
  endfacet
  facet normal 0 0 -1
    outer loop
      vertex -13.2215 22.923 2.8
      vertex -15.3288 23.773 2.8
      vertex -15.0112 26.0229 2.8
    endloop
  endfacet
  facet normal 0 0 -1
    outer loop
      vertex -15.4523 23.9579 2.8
      vertex -15.0112 26.0229 2.8
      vertex -15.3288 23.773 2.8
    endloop
  endfacet
  facet normal 0 0 -1
    outer loop
      vertex -15.5989 24.1251 2.8
      vertex -15.0112 26.0229 2.8
      vertex -15.4523 23.9579 2.8
    endloop
  endfacet
  facet normal 0 0 -1
    outer loop
      vertex -15.7661 24.2717 2.8
      vertex -15.0112 26.0229 2.8
      vertex -15.5989 24.1251 2.8
    endloop
  endfacet
  facet normal 0 0 -1
    outer loop
      vertex -15.951 24.3952 2.8
      vertex -15.0112 26.0229 2.8
      vertex -15.7661 24.2717 2.8
    endloop
  endfacet
  facet normal 0 0 -1
    outer loop
      vertex -16.1504 24.4936 2.8
      vertex -15.0112 26.0229 2.8
      vertex -15.951 24.3952 2.8
    endloop
  endfacet
  facet normal 0 0 -1
    outer loop
      vertex -16.361 24.5651 2.8
      vertex -15.0112 26.0229 2.8
      vertex -16.1504 24.4936 2.8
    endloop
  endfacet
  facet normal 0 0 -1
    outer loop
      vertex -16.5791 24.6085 2.8
      vertex -15.0112 26.0229 2.8
      vertex -16.361 24.5651 2.8
    endloop
  endfacet
  facet normal 0 0 -1
    outer loop
      vertex -16.801 24.623 2.8
      vertex -15.0112 26.0229 2.8
      vertex -16.5791 24.6085 2.8
    endloop
  endfacet
  facet normal 0 0 -1
    outer loop
      vertex -18.5907 26.0229 2.8
      vertex -16.801 24.623 2.8
      vertex -17.0229 24.6085 2.8
    endloop
  endfacet
  facet normal 0 0 -1
    outer loop
      vertex -18.5907 26.0229 2.8
      vertex -17.0229 24.6085 2.8
      vertex -17.241 24.5651 2.8
    endloop
  endfacet
  facet normal 0 0 -1
    outer loop
      vertex -18.5907 26.0229 2.8
      vertex -17.241 24.5651 2.8
      vertex -17.4516 24.4936 2.8
    endloop
  endfacet
  facet normal 0 0 -1
    outer loop
      vertex -18.5907 26.0229 2.8
      vertex -17.4516 24.4936 2.8
      vertex -17.651 24.3952 2.8
    endloop
  endfacet
  facet normal 0 0 -1
    outer loop
      vertex -16.801 24.623 2.8
      vertex -18.5907 26.0229 2.8
      vertex -15.0112 26.0229 2.8
    endloop
  endfacet
  facet normal 0 0 -1
    outer loop
      vertex -17.8359 24.2717 2.8
      vertex -18.5907 26.0229 2.8
      vertex -17.651 24.3952 2.8
    endloop
  endfacet
  facet normal 0 0 -1
    outer loop
      vertex -18.0031 24.1251 2.8
      vertex -18.5907 26.0229 2.8
      vertex -17.8359 24.2717 2.8
    endloop
  endfacet
  facet normal 0 0 -1
    outer loop
      vertex -18.1497 23.9579 2.8
      vertex -18.5907 26.0229 2.8
      vertex -18.0031 24.1251 2.8
    endloop
  endfacet
  facet normal 0 0 -1
    outer loop
      vertex -18.2732 23.773 2.8
      vertex -18.5907 26.0229 2.8
      vertex -18.1497 23.9579 2.8
    endloop
  endfacet
  facet normal 0 0 -1
    outer loop
      vertex -20.3805 22.923 2.8
      vertex -18.2732 23.773 2.8
      vertex -18.3716 23.5736 2.8
    endloop
  endfacet
  facet normal 0 0 -1
    outer loop
      vertex -20.3805 22.923 2.8
      vertex -18.3716 23.5736 2.8
      vertex -18.4431 23.363 2.8
    endloop
  endfacet
  facet normal 0 0 -1
    outer loop
      vertex -20.3805 22.923 2.8
      vertex -18.4431 23.363 2.8
      vertex -18.4865 23.1449 2.8
    endloop
  endfacet
  facet normal 0 0 -1
    outer loop
      vertex -20.3805 22.923 2.8
      vertex -18.4865 23.1449 2.8
      vertex -18.501 22.923 2.8
    endloop
  endfacet
  facet normal 0 0 -1
    outer loop
      vertex -18.4865 22.7011 2.8
      vertex -20.3805 22.923 2.8
      vertex -18.501 22.923 2.8
    endloop
  endfacet
  facet normal -0 0 -1
    outer loop
      vertex -18.2732 23.773 2.8
      vertex -20.3805 22.923 2.8
      vertex -18.5907 26.0229 2.8
    endloop
  endfacet
  facet normal -0.98077 -0.195165 0
    outer loop
      vertex -15.1155 23.1449 2.8
      vertex -15.1589 23.363 5
      vertex -15.1589 23.363 2.8
    endloop
  endfacet
  facet normal -0.98077 -0.195165 0
    outer loop
      vertex -15.1589 23.363 5
      vertex -15.1155 23.1449 2.8
      vertex -15.1155 23.1449 5
    endloop
  endfacet
  facet normal -0.997872 -0.0652057 0
    outer loop
      vertex -15.101 22.923 2.8
      vertex -15.1155 23.1449 5
      vertex -15.1155 23.1449 2.8
    endloop
  endfacet
  facet normal -0.997872 -0.0652057 0
    outer loop
      vertex -15.1155 23.1449 5
      vertex -15.101 22.923 2.8
      vertex -15.101 22.923 5
    endloop
  endfacet
  facet normal -0.946915 -0.321484 0
    outer loop
      vertex -15.1589 23.363 2.8
      vertex -15.2304 23.5736 5
      vertex -15.2304 23.5736 2.8
    endloop
  endfacet
  facet normal -0.946915 -0.321484 0
    outer loop
      vertex -15.2304 23.5736 5
      vertex -15.1589 23.363 2.8
      vertex -15.1589 23.363 5
    endloop
  endfacet
  facet normal -0.0652057 -0.997872 0
    outer loop
      vertex -16.801 24.623 2.8
      vertex -16.5791 24.6085 5
      vertex -16.801 24.623 5
    endloop
  endfacet
  facet normal -0.0652057 -0.997872 -0
    outer loop
      vertex -16.5791 24.6085 5
      vertex -16.801 24.623 2.8
      vertex -16.5791 24.6085 2.8
    endloop
  endfacet
  facet normal -0.659268 0.751908 0
    outer loop
      vertex -15.5989 21.7209 2.8
      vertex -15.7661 21.5743 5
      vertex -15.5989 21.7209 5
    endloop
  endfacet
  facet normal -0.659268 0.751908 0
    outer loop
      vertex -15.7661 21.5743 5
      vertex -15.5989 21.7209 2.8
      vertex -15.7661 21.5743 2.8
    endloop
  endfacet
  facet normal -0.321484 -0.946915 0
    outer loop
      vertex -16.361 24.5651 2.8
      vertex -16.1504 24.4936 5
      vertex -16.361 24.5651 5
    endloop
  endfacet
  facet normal -0.321484 -0.946915 -0
    outer loop
      vertex -16.1504 24.4936 5
      vertex -16.361 24.5651 2.8
      vertex -16.1504 24.4936 2.8
    endloop
  endfacet
  facet normal -0.555426 -0.831566 0
    outer loop
      vertex -15.951 24.3952 2.8
      vertex -15.7661 24.2717 5
      vertex -15.951 24.3952 5
    endloop
  endfacet
  facet normal -0.555426 -0.831566 -0
    outer loop
      vertex -15.7661 24.2717 5
      vertex -15.951 24.3952 2.8
      vertex -15.7661 24.2717 2.8
    endloop
  endfacet
  facet normal 0.321484 -0.946915 0
    outer loop
      vertex -17.4516 24.4936 2.8
      vertex -17.241 24.5651 5
      vertex -17.4516 24.4936 5
    endloop
  endfacet
  facet normal 0.321484 -0.946915 0
    outer loop
      vertex -17.241 24.5651 5
      vertex -17.4516 24.4936 2.8
      vertex -17.241 24.5651 2.8
    endloop
  endfacet
  facet normal 0.896754 0.44253 0
    outer loop
      vertex -18.2732 22.073 5
      vertex -18.3716 22.2724 2.8
      vertex -18.3716 22.2724 5
    endloop
  endfacet
  facet normal 0.896754 0.44253 0
    outer loop
      vertex -18.3716 22.2724 2.8
      vertex -18.2732 22.073 5
      vertex -18.2732 22.073 2.8
    endloop
  endfacet
  facet normal -0.0652057 0.997872 0
    outer loop
      vertex -16.5791 21.2375 2.8
      vertex -16.801 21.223 5
      vertex -16.5791 21.2375 5
    endloop
  endfacet
  facet normal -0.0652057 0.997872 0
    outer loop
      vertex -16.801 21.223 5
      vertex -16.5791 21.2375 2.8
      vertex -16.801 21.223 2.8
    endloop
  endfacet
  facet normal -0.321484 0.946915 0
    outer loop
      vertex -16.1504 21.3524 2.8
      vertex -16.361 21.2809 5
      vertex -16.1504 21.3524 5
    endloop
  endfacet
  facet normal -0.321484 0.946915 0
    outer loop
      vertex -16.361 21.2809 5
      vertex -16.1504 21.3524 2.8
      vertex -16.361 21.2809 2.8
    endloop
  endfacet
  facet normal -0.896754 -0.44253 0
    outer loop
      vertex -15.2304 23.5736 2.8
      vertex -15.3288 23.773 5
      vertex -15.3288 23.773 2.8
    endloop
  endfacet
  facet normal -0.896754 -0.44253 0
    outer loop
      vertex -15.3288 23.773 5
      vertex -15.2304 23.5736 2.8
      vertex -15.2304 23.5736 5
    endloop
  endfacet
  facet normal -0.44253 0.896754 0
    outer loop
      vertex -15.951 21.4508 2.8
      vertex -16.1504 21.3524 5
      vertex -15.951 21.4508 5
    endloop
  endfacet
  facet normal -0.44253 0.896754 0
    outer loop
      vertex -16.1504 21.3524 5
      vertex -15.951 21.4508 2.8
      vertex -16.1504 21.3524 2.8
    endloop
  endfacet
  facet normal 0.321484 0.946915 -0
    outer loop
      vertex -17.241 21.2809 2.8
      vertex -17.4516 21.3524 5
      vertex -17.241 21.2809 5
    endloop
  endfacet
  facet normal 0.321484 0.946915 0
    outer loop
      vertex -17.4516 21.3524 5
      vertex -17.241 21.2809 2.8
      vertex -17.4516 21.3524 2.8
    endloop
  endfacet
  facet normal -0.946915 0.321484 0
    outer loop
      vertex -15.2304 22.2724 2.8
      vertex -15.1589 22.483 5
      vertex -15.1589 22.483 2.8
    endloop
  endfacet
  facet normal -0.946915 0.321484 0
    outer loop
      vertex -15.1589 22.483 5
      vertex -15.2304 22.2724 2.8
      vertex -15.2304 22.2724 5
    endloop
  endfacet
  facet normal 0.751908 -0.659268 0
    outer loop
      vertex -18.1497 23.9579 5
      vertex -18.0031 24.1251 2.8
      vertex -18.0031 24.1251 5
    endloop
  endfacet
  facet normal 0.751908 -0.659268 0
    outer loop
      vertex -18.0031 24.1251 2.8
      vertex -18.1497 23.9579 5
      vertex -18.1497 23.9579 2.8
    endloop
  endfacet
  facet normal -0.555426 0.831566 0
    outer loop
      vertex -15.7661 21.5743 2.8
      vertex -15.951 21.4508 5
      vertex -15.7661 21.5743 5
    endloop
  endfacet
  facet normal -0.555426 0.831566 0
    outer loop
      vertex -15.951 21.4508 5
      vertex -15.7661 21.5743 2.8
      vertex -15.951 21.4508 2.8
    endloop
  endfacet
  facet normal 0.831566 -0.555426 0
    outer loop
      vertex -18.2732 23.773 5
      vertex -18.1497 23.9579 2.8
      vertex -18.1497 23.9579 5
    endloop
  endfacet
  facet normal 0.831566 -0.555426 0
    outer loop
      vertex -18.1497 23.9579 2.8
      vertex -18.2732 23.773 5
      vertex -18.2732 23.773 2.8
    endloop
  endfacet
  facet normal 0.44253 -0.896754 0
    outer loop
      vertex -17.651 24.3952 2.8
      vertex -17.4516 24.4936 5
      vertex -17.651 24.3952 5
    endloop
  endfacet
  facet normal 0.44253 -0.896754 0
    outer loop
      vertex -17.4516 24.4936 5
      vertex -17.651 24.3952 2.8
      vertex -17.4516 24.4936 2.8
    endloop
  endfacet
  facet normal 0.44253 0.896754 -0
    outer loop
      vertex -17.4516 21.3524 2.8
      vertex -17.651 21.4508 5
      vertex -17.4516 21.3524 5
    endloop
  endfacet
  facet normal 0.44253 0.896754 0
    outer loop
      vertex -17.651 21.4508 5
      vertex -17.4516 21.3524 2.8
      vertex -17.651 21.4508 2.8
    endloop
  endfacet
  facet normal -0.997872 0.0652057 0
    outer loop
      vertex -15.1155 22.7011 2.8
      vertex -15.101 22.923 5
      vertex -15.101 22.923 2.8
    endloop
  endfacet
  facet normal -0.997872 0.0652057 0
    outer loop
      vertex -15.101 22.923 5
      vertex -15.1155 22.7011 2.8
      vertex -15.1155 22.7011 5
    endloop
  endfacet
  facet normal -0.831566 -0.555426 0
    outer loop
      vertex -15.3288 23.773 2.8
      vertex -15.4523 23.9579 5
      vertex -15.4523 23.9579 2.8
    endloop
  endfacet
  facet normal -0.831566 -0.555426 0
    outer loop
      vertex -15.4523 23.9579 5
      vertex -15.3288 23.773 2.8
      vertex -15.3288 23.773 5
    endloop
  endfacet
  facet normal -0.195165 0.98077 0
    outer loop
      vertex -16.361 21.2809 2.8
      vertex -16.5791 21.2375 5
      vertex -16.361 21.2809 5
    endloop
  endfacet
  facet normal -0.195165 0.98077 0
    outer loop
      vertex -16.5791 21.2375 5
      vertex -16.361 21.2809 2.8
      vertex -16.5791 21.2375 2.8
    endloop
  endfacet
  facet normal 0.751908 0.659268 0
    outer loop
      vertex -18.0031 21.7209 5
      vertex -18.1497 21.8881 2.8
      vertex -18.1497 21.8881 5
    endloop
  endfacet
  facet normal 0.751908 0.659268 0
    outer loop
      vertex -18.1497 21.8881 2.8
      vertex -18.0031 21.7209 5
      vertex -18.0031 21.7209 2.8
    endloop
  endfacet
  facet normal 0.0652057 -0.997872 0
    outer loop
      vertex -17.0229 24.6085 2.8
      vertex -16.801 24.623 5
      vertex -17.0229 24.6085 5
    endloop
  endfacet
  facet normal 0.0652057 -0.997872 0
    outer loop
      vertex -16.801 24.623 5
      vertex -17.0229 24.6085 2.8
      vertex -16.801 24.623 2.8
    endloop
  endfacet
  facet normal 0.946915 -0.321484 0
    outer loop
      vertex -18.4431 23.363 5
      vertex -18.3716 23.5736 2.8
      vertex -18.3716 23.5736 5
    endloop
  endfacet
  facet normal 0.946915 -0.321484 0
    outer loop
      vertex -18.3716 23.5736 2.8
      vertex -18.4431 23.363 5
      vertex -18.4431 23.363 2.8
    endloop
  endfacet
  facet normal -0.659268 -0.751908 0
    outer loop
      vertex -15.7661 24.2717 2.8
      vertex -15.5989 24.1251 5
      vertex -15.7661 24.2717 5
    endloop
  endfacet
  facet normal -0.659268 -0.751908 -0
    outer loop
      vertex -15.5989 24.1251 5
      vertex -15.7661 24.2717 2.8
      vertex -15.5989 24.1251 2.8
    endloop
  endfacet
  facet normal 0.195165 -0.98077 0
    outer loop
      vertex -17.241 24.5651 2.8
      vertex -17.0229 24.6085 5
      vertex -17.241 24.5651 5
    endloop
  endfacet
  facet normal 0.195165 -0.98077 0
    outer loop
      vertex -17.0229 24.6085 5
      vertex -17.241 24.5651 2.8
      vertex -17.0229 24.6085 2.8
    endloop
  endfacet
  facet normal 0.997872 -0.0652057 0
    outer loop
      vertex -18.501 22.923 5
      vertex -18.4865 23.1449 2.8
      vertex -18.4865 23.1449 5
    endloop
  endfacet
  facet normal 0.997872 -0.0652057 0
    outer loop
      vertex -18.4865 23.1449 2.8
      vertex -18.501 22.923 5
      vertex -18.501 22.923 2.8
    endloop
  endfacet
  facet normal -0.751908 -0.659268 0
    outer loop
      vertex -15.4523 23.9579 2.8
      vertex -15.5989 24.1251 5
      vertex -15.5989 24.1251 2.8
    endloop
  endfacet
  facet normal -0.751908 -0.659268 0
    outer loop
      vertex -15.5989 24.1251 5
      vertex -15.4523 23.9579 2.8
      vertex -15.4523 23.9579 5
    endloop
  endfacet
  facet normal 0.555426 0.831566 -0
    outer loop
      vertex -17.651 21.4508 2.8
      vertex -17.8359 21.5743 5
      vertex -17.651 21.4508 5
    endloop
  endfacet
  facet normal 0.555426 0.831566 0
    outer loop
      vertex -17.8359 21.5743 5
      vertex -17.651 21.4508 2.8
      vertex -17.8359 21.5743 2.8
    endloop
  endfacet
  facet normal -0.831566 0.555426 0
    outer loop
      vertex -15.4523 21.8881 2.8
      vertex -15.3288 22.073 5
      vertex -15.3288 22.073 2.8
    endloop
  endfacet
  facet normal -0.831566 0.555426 0
    outer loop
      vertex -15.3288 22.073 5
      vertex -15.4523 21.8881 2.8
      vertex -15.4523 21.8881 5
    endloop
  endfacet
  facet normal -0.98077 0.195165 0
    outer loop
      vertex -15.1589 22.483 2.8
      vertex -15.1155 22.7011 5
      vertex -15.1155 22.7011 2.8
    endloop
  endfacet
  facet normal -0.98077 0.195165 0
    outer loop
      vertex -15.1155 22.7011 5
      vertex -15.1589 22.483 2.8
      vertex -15.1589 22.483 5
    endloop
  endfacet
  facet normal -0.896754 0.44253 0
    outer loop
      vertex -15.3288 22.073 2.8
      vertex -15.2304 22.2724 5
      vertex -15.2304 22.2724 2.8
    endloop
  endfacet
  facet normal -0.896754 0.44253 0
    outer loop
      vertex -15.2304 22.2724 5
      vertex -15.3288 22.073 2.8
      vertex -15.3288 22.073 5
    endloop
  endfacet
  facet normal 0.831566 0.555426 0
    outer loop
      vertex -18.1497 21.8881 5
      vertex -18.2732 22.073 2.8
      vertex -18.2732 22.073 5
    endloop
  endfacet
  facet normal 0.831566 0.555426 0
    outer loop
      vertex -18.2732 22.073 2.8
      vertex -18.1497 21.8881 5
      vertex -18.1497 21.8881 2.8
    endloop
  endfacet
  facet normal 0.659268 0.751908 -0
    outer loop
      vertex -17.8359 21.5743 2.8
      vertex -18.0031 21.7209 5
      vertex -17.8359 21.5743 5
    endloop
  endfacet
  facet normal 0.659268 0.751908 0
    outer loop
      vertex -18.0031 21.7209 5
      vertex -17.8359 21.5743 2.8
      vertex -18.0031 21.7209 2.8
    endloop
  endfacet
  facet normal -0.44253 -0.896754 0
    outer loop
      vertex -16.1504 24.4936 2.8
      vertex -15.951 24.3952 5
      vertex -16.1504 24.4936 5
    endloop
  endfacet
  facet normal -0.44253 -0.896754 -0
    outer loop
      vertex -15.951 24.3952 5
      vertex -16.1504 24.4936 2.8
      vertex -15.951 24.3952 2.8
    endloop
  endfacet
  facet normal 0.997872 0.0652057 0
    outer loop
      vertex -18.4865 22.7011 5
      vertex -18.501 22.923 2.8
      vertex -18.501 22.923 5
    endloop
  endfacet
  facet normal 0.997872 0.0652057 0
    outer loop
      vertex -18.501 22.923 2.8
      vertex -18.4865 22.7011 5
      vertex -18.4865 22.7011 2.8
    endloop
  endfacet
  facet normal 0.98077 -0.195165 0
    outer loop
      vertex -18.4865 23.1449 5
      vertex -18.4431 23.363 2.8
      vertex -18.4431 23.363 5
    endloop
  endfacet
  facet normal 0.98077 -0.195165 0
    outer loop
      vertex -18.4431 23.363 2.8
      vertex -18.4865 23.1449 5
      vertex -18.4865 23.1449 2.8
    endloop
  endfacet
  facet normal -0.195165 -0.98077 0
    outer loop
      vertex -16.5791 24.6085 2.8
      vertex -16.361 24.5651 5
      vertex -16.5791 24.6085 5
    endloop
  endfacet
  facet normal -0.195165 -0.98077 -0
    outer loop
      vertex -16.361 24.5651 5
      vertex -16.5791 24.6085 2.8
      vertex -16.361 24.5651 2.8
    endloop
  endfacet
  facet normal 0.659268 -0.751908 0
    outer loop
      vertex -18.0031 24.1251 2.8
      vertex -17.8359 24.2717 5
      vertex -18.0031 24.1251 5
    endloop
  endfacet
  facet normal 0.659268 -0.751908 0
    outer loop
      vertex -17.8359 24.2717 5
      vertex -18.0031 24.1251 2.8
      vertex -17.8359 24.2717 2.8
    endloop
  endfacet
  facet normal 0.896754 -0.44253 0
    outer loop
      vertex -18.3716 23.5736 5
      vertex -18.2732 23.773 2.8
      vertex -18.2732 23.773 5
    endloop
  endfacet
  facet normal 0.896754 -0.44253 0
    outer loop
      vertex -18.2732 23.773 2.8
      vertex -18.3716 23.5736 5
      vertex -18.3716 23.5736 2.8
    endloop
  endfacet
  facet normal -0.751908 0.659268 0
    outer loop
      vertex -15.5989 21.7209 2.8
      vertex -15.4523 21.8881 5
      vertex -15.4523 21.8881 2.8
    endloop
  endfacet
  facet normal -0.751908 0.659268 0
    outer loop
      vertex -15.4523 21.8881 5
      vertex -15.5989 21.7209 2.8
      vertex -15.5989 21.7209 5
    endloop
  endfacet
  facet normal 0.946915 0.321484 0
    outer loop
      vertex -18.3716 22.2724 5
      vertex -18.4431 22.483 2.8
      vertex -18.4431 22.483 5
    endloop
  endfacet
  facet normal 0.946915 0.321484 0
    outer loop
      vertex -18.4431 22.483 2.8
      vertex -18.3716 22.2724 5
      vertex -18.3716 22.2724 2.8
    endloop
  endfacet
  facet normal 0.98077 0.195165 0
    outer loop
      vertex -18.4431 22.483 5
      vertex -18.4865 22.7011 2.8
      vertex -18.4865 22.7011 5
    endloop
  endfacet
  facet normal 0.98077 0.195165 0
    outer loop
      vertex -18.4865 22.7011 2.8
      vertex -18.4431 22.483 5
      vertex -18.4431 22.483 2.8
    endloop
  endfacet
  facet normal 0.0652057 0.997872 -0
    outer loop
      vertex -16.801 21.223 2.8
      vertex -17.0229 21.2375 5
      vertex -16.801 21.223 5
    endloop
  endfacet
  facet normal 0.0652057 0.997872 0
    outer loop
      vertex -17.0229 21.2375 5
      vertex -16.801 21.223 2.8
      vertex -17.0229 21.2375 2.8
    endloop
  endfacet
  facet normal 0.195165 0.98077 -0
    outer loop
      vertex -17.0229 21.2375 2.8
      vertex -17.241 21.2809 5
      vertex -17.0229 21.2375 5
    endloop
  endfacet
  facet normal 0.195165 0.98077 0
    outer loop
      vertex -17.241 21.2809 5
      vertex -17.0229 21.2375 2.8
      vertex -17.241 21.2809 2.8
    endloop
  endfacet
  facet normal 0.555426 -0.831566 0
    outer loop
      vertex -17.8359 24.2717 2.8
      vertex -17.651 24.3952 5
      vertex -17.8359 24.2717 5
    endloop
  endfacet
  facet normal 0.555426 -0.831566 0
    outer loop
      vertex -17.651 24.3952 5
      vertex -17.8359 24.2717 2.8
      vertex -17.651 24.3952 2.8
    endloop
  endfacet
  facet normal 0 1 -0
    outer loop
      vertex 17.7487 19.8231 0
      vertex 14.1692 19.8231 2.8
      vertex 17.7487 19.8231 2.8
    endloop
  endfacet
  facet normal 0 1 0
    outer loop
      vertex 14.1692 19.8231 2.8
      vertex 17.7487 19.8231 0
      vertex 14.1692 19.8231 0
    endloop
  endfacet
  facet normal -0.866017 0.500015 0
    outer loop
      vertex 17.7487 19.8231 0
      vertex 19.5385 22.923 2.8
      vertex 19.5385 22.923 0
    endloop
  endfacet
  facet normal -0.866017 0.500015 0
    outer loop
      vertex 19.5385 22.923 2.8
      vertex 17.7487 19.8231 0
      vertex 17.7487 19.8231 2.8
    endloop
  endfacet
  facet normal 0 -1 0
    outer loop
      vertex 14.1692 26.0229 0
      vertex 17.7487 26.0229 2.8
      vertex 14.1692 26.0229 2.8
    endloop
  endfacet
  facet normal 0 -1 -0
    outer loop
      vertex 17.7487 26.0229 2.8
      vertex 14.1692 26.0229 0
      vertex 17.7487 26.0229 0
    endloop
  endfacet
  facet normal -0.866017 -0.500015 0
    outer loop
      vertex 19.5385 22.923 0
      vertex 17.7487 26.0229 2.8
      vertex 17.7487 26.0229 0
    endloop
  endfacet
  facet normal -0.866017 -0.500015 0
    outer loop
      vertex 17.7487 26.0229 2.8
      vertex 19.5385 22.923 0
      vertex 19.5385 22.923 2.8
    endloop
  endfacet
  facet normal 0.866029 -0.499994 0
    outer loop
      vertex 12.3795 22.923 2.8
      vertex 14.1692 26.0229 0
      vertex 14.1692 26.0229 2.8
    endloop
  endfacet
  facet normal 0.866029 -0.499994 0
    outer loop
      vertex 14.1692 26.0229 0
      vertex 12.3795 22.923 2.8
      vertex 12.3795 22.923 0
    endloop
  endfacet
  facet normal 0.866029 0.499994 0
    outer loop
      vertex 14.1692 19.8231 2.8
      vertex 12.3795 22.923 0
      vertex 12.3795 22.923 2.8
    endloop
  endfacet
  facet normal 0.866029 0.499994 0
    outer loop
      vertex 12.3795 22.923 0
      vertex 14.1692 19.8231 2.8
      vertex 14.1692 19.8231 0
    endloop
  endfacet
  facet normal 0 0 -1
    outer loop
      vertex 17.4312 22.073 2.8
      vertex 19.5385 22.923 2.8
      vertex 17.7487 19.8231 2.8
    endloop
  endfacet
  facet normal 0 0 -1
    outer loop
      vertex 17.6445 23.1449 2.8
      vertex 19.5385 22.923 2.8
      vertex 17.659 22.923 2.8
    endloop
  endfacet
  facet normal -0 0 -1
    outer loop
      vertex 19.5385 22.923 2.8
      vertex 17.6445 22.7011 2.8
      vertex 17.659 22.923 2.8
    endloop
  endfacet
  facet normal 0 0 -1
    outer loop
      vertex 19.5385 22.923 2.8
      vertex 17.6011 22.483 2.8
      vertex 17.6445 22.7011 2.8
    endloop
  endfacet
  facet normal 0 0 -1
    outer loop
      vertex 19.5385 22.923 2.8
      vertex 17.5296 22.2724 2.8
      vertex 17.6011 22.483 2.8
    endloop
  endfacet
  facet normal 0 0 -1
    outer loop
      vertex 19.5385 22.923 2.8
      vertex 17.4312 22.073 2.8
      vertex 17.5296 22.2724 2.8
    endloop
  endfacet
  facet normal 0 0 -1
    outer loop
      vertex 17.7487 19.8231 2.8
      vertex 17.3077 21.8881 2.8
      vertex 17.4312 22.073 2.8
    endloop
  endfacet
  facet normal 0 0 -1
    outer loop
      vertex 17.7487 19.8231 2.8
      vertex 17.1611 21.7209 2.8
      vertex 17.3077 21.8881 2.8
    endloop
  endfacet
  facet normal 0 0 -1
    outer loop
      vertex 17.7487 19.8231 2.8
      vertex 16.9939 21.5743 2.8
      vertex 17.1611 21.7209 2.8
    endloop
  endfacet
  facet normal 0 0 -1
    outer loop
      vertex 17.7487 19.8231 2.8
      vertex 16.809 21.4508 2.8
      vertex 16.9939 21.5743 2.8
    endloop
  endfacet
  facet normal 0 0 -1
    outer loop
      vertex 17.7487 19.8231 2.8
      vertex 16.6096 21.3524 2.8
      vertex 16.809 21.4508 2.8
    endloop
  endfacet
  facet normal 0 0 -1
    outer loop
      vertex 17.7487 19.8231 2.8
      vertex 16.399 21.2809 2.8
      vertex 16.6096 21.3524 2.8
    endloop
  endfacet
  facet normal 0 0 -1
    outer loop
      vertex 17.7487 19.8231 2.8
      vertex 16.1809 21.2375 2.8
      vertex 16.399 21.2809 2.8
    endloop
  endfacet
  facet normal 0 0 -1
    outer loop
      vertex 17.7487 19.8231 2.8
      vertex 15.959 21.223 2.8
      vertex 16.1809 21.2375 2.8
    endloop
  endfacet
  facet normal 0 0 -1
    outer loop
      vertex 14.1692 19.8231 2.8
      vertex 15.959 21.223 2.8
      vertex 17.7487 19.8231 2.8
    endloop
  endfacet
  facet normal -0 0 -1
    outer loop
      vertex 15.959 21.223 2.8
      vertex 14.1692 19.8231 2.8
      vertex 15.7371 21.2375 2.8
    endloop
  endfacet
  facet normal -0 0 -1
    outer loop
      vertex 15.7371 21.2375 2.8
      vertex 14.1692 19.8231 2.8
      vertex 15.519 21.2809 2.8
    endloop
  endfacet
  facet normal -0 0 -1
    outer loop
      vertex 15.519 21.2809 2.8
      vertex 14.1692 19.8231 2.8
      vertex 15.3084 21.3524 2.8
    endloop
  endfacet
  facet normal 0 0 -1
    outer loop
      vertex 14.3169 22.483 2.8
      vertex 12.3795 22.923 2.8
      vertex 14.2735 22.7011 2.8
    endloop
  endfacet
  facet normal 0 0 -1
    outer loop
      vertex 14.3884 22.2724 2.8
      vertex 12.3795 22.923 2.8
      vertex 14.3169 22.483 2.8
    endloop
  endfacet
  facet normal 0 0 -1
    outer loop
      vertex 14.4868 22.073 2.8
      vertex 12.3795 22.923 2.8
      vertex 14.3884 22.2724 2.8
    endloop
  endfacet
  facet normal 0 0 -1
    outer loop
      vertex 12.3795 22.923 2.8
      vertex 14.4868 22.073 2.8
      vertex 14.1692 19.8231 2.8
    endloop
  endfacet
  facet normal -0 0 -1
    outer loop
      vertex 14.6103 21.8881 2.8
      vertex 14.1692 19.8231 2.8
      vertex 14.4868 22.073 2.8
    endloop
  endfacet
  facet normal -0 0 -1
    outer loop
      vertex 14.7569 21.7209 2.8
      vertex 14.1692 19.8231 2.8
      vertex 14.6103 21.8881 2.8
    endloop
  endfacet
  facet normal -0 0 -1
    outer loop
      vertex 14.9241 21.5743 2.8
      vertex 14.1692 19.8231 2.8
      vertex 14.7569 21.7209 2.8
    endloop
  endfacet
  facet normal -0 0 -1
    outer loop
      vertex 15.109 21.4508 2.8
      vertex 14.1692 19.8231 2.8
      vertex 14.9241 21.5743 2.8
    endloop
  endfacet
  facet normal -0 0 -1
    outer loop
      vertex 15.3084 21.3524 2.8
      vertex 14.1692 19.8231 2.8
      vertex 15.109 21.4508 2.8
    endloop
  endfacet
  facet normal 0 0 -1
    outer loop
      vertex 17.6011 23.363 2.8
      vertex 19.5385 22.923 2.8
      vertex 17.6445 23.1449 2.8
    endloop
  endfacet
  facet normal 0 0 -1
    outer loop
      vertex 17.5296 23.5736 2.8
      vertex 19.5385 22.923 2.8
      vertex 17.6011 23.363 2.8
    endloop
  endfacet
  facet normal 0 0 -1
    outer loop
      vertex 17.4312 23.773 2.8
      vertex 19.5385 22.923 2.8
      vertex 17.5296 23.5736 2.8
    endloop
  endfacet
  facet normal 0 0 -1
    outer loop
      vertex 19.5385 22.923 2.8
      vertex 17.4312 23.773 2.8
      vertex 17.7487 26.0229 2.8
    endloop
  endfacet
  facet normal 0 0 -1
    outer loop
      vertex 17.3077 23.9579 2.8
      vertex 17.7487 26.0229 2.8
      vertex 17.4312 23.773 2.8
    endloop
  endfacet
  facet normal 0 0 -1
    outer loop
      vertex 17.1611 24.1251 2.8
      vertex 17.7487 26.0229 2.8
      vertex 17.3077 23.9579 2.8
    endloop
  endfacet
  facet normal 0 0 -1
    outer loop
      vertex 16.9939 24.2717 2.8
      vertex 17.7487 26.0229 2.8
      vertex 17.1611 24.1251 2.8
    endloop
  endfacet
  facet normal 0 0 -1
    outer loop
      vertex 16.809 24.3952 2.8
      vertex 17.7487 26.0229 2.8
      vertex 16.9939 24.2717 2.8
    endloop
  endfacet
  facet normal 0 0 -1
    outer loop
      vertex 16.6096 24.4936 2.8
      vertex 17.7487 26.0229 2.8
      vertex 16.809 24.3952 2.8
    endloop
  endfacet
  facet normal 0 0 -1
    outer loop
      vertex 16.399 24.5651 2.8
      vertex 17.7487 26.0229 2.8
      vertex 16.6096 24.4936 2.8
    endloop
  endfacet
  facet normal 0 0 -1
    outer loop
      vertex 16.1809 24.6085 2.8
      vertex 17.7487 26.0229 2.8
      vertex 16.399 24.5651 2.8
    endloop
  endfacet
  facet normal 0 0 -1
    outer loop
      vertex 15.959 24.623 2.8
      vertex 17.7487 26.0229 2.8
      vertex 16.1809 24.6085 2.8
    endloop
  endfacet
  facet normal 0 0 -1
    outer loop
      vertex 14.1692 26.0229 2.8
      vertex 15.959 24.623 2.8
      vertex 15.7371 24.6085 2.8
    endloop
  endfacet
  facet normal 0 0 -1
    outer loop
      vertex 14.1692 26.0229 2.8
      vertex 15.7371 24.6085 2.8
      vertex 15.519 24.5651 2.8
    endloop
  endfacet
  facet normal 0 0 -1
    outer loop
      vertex 14.1692 26.0229 2.8
      vertex 15.519 24.5651 2.8
      vertex 15.3084 24.4936 2.8
    endloop
  endfacet
  facet normal 0 0 -1
    outer loop
      vertex 14.1692 26.0229 2.8
      vertex 15.3084 24.4936 2.8
      vertex 15.109 24.3952 2.8
    endloop
  endfacet
  facet normal 0 0 -1
    outer loop
      vertex 15.959 24.623 2.8
      vertex 14.1692 26.0229 2.8
      vertex 17.7487 26.0229 2.8
    endloop
  endfacet
  facet normal 0 0 -1
    outer loop
      vertex 14.9241 24.2717 2.8
      vertex 14.1692 26.0229 2.8
      vertex 15.109 24.3952 2.8
    endloop
  endfacet
  facet normal 0 0 -1
    outer loop
      vertex 14.7569 24.1251 2.8
      vertex 14.1692 26.0229 2.8
      vertex 14.9241 24.2717 2.8
    endloop
  endfacet
  facet normal 0 0 -1
    outer loop
      vertex 14.6103 23.9579 2.8
      vertex 14.1692 26.0229 2.8
      vertex 14.7569 24.1251 2.8
    endloop
  endfacet
  facet normal 0 0 -1
    outer loop
      vertex 14.4868 23.773 2.8
      vertex 14.1692 26.0229 2.8
      vertex 14.6103 23.9579 2.8
    endloop
  endfacet
  facet normal 0 0 -1
    outer loop
      vertex 12.3795 22.923 2.8
      vertex 14.4868 23.773 2.8
      vertex 14.3884 23.5736 2.8
    endloop
  endfacet
  facet normal 0 0 -1
    outer loop
      vertex 12.3795 22.923 2.8
      vertex 14.3884 23.5736 2.8
      vertex 14.3169 23.363 2.8
    endloop
  endfacet
  facet normal 0 0 -1
    outer loop
      vertex 12.3795 22.923 2.8
      vertex 14.3169 23.363 2.8
      vertex 14.2735 23.1449 2.8
    endloop
  endfacet
  facet normal 0 0 -1
    outer loop
      vertex 12.3795 22.923 2.8
      vertex 14.2735 23.1449 2.8
      vertex 14.259 22.923 2.8
    endloop
  endfacet
  facet normal 0 0 -1
    outer loop
      vertex 14.2735 22.7011 2.8
      vertex 12.3795 22.923 2.8
      vertex 14.259 22.923 2.8
    endloop
  endfacet
  facet normal -0 0 -1
    outer loop
      vertex 14.4868 23.773 2.8
      vertex 12.3795 22.923 2.8
      vertex 14.1692 26.0229 2.8
    endloop
  endfacet
  facet normal -0.98077 -0.195165 0
    outer loop
      vertex 17.6445 23.1449 2.8
      vertex 17.6011 23.363 5
      vertex 17.6011 23.363 2.8
    endloop
  endfacet
  facet normal -0.98077 -0.195165 0
    outer loop
      vertex 17.6011 23.363 5
      vertex 17.6445 23.1449 2.8
      vertex 17.6445 23.1449 5
    endloop
  endfacet
  facet normal -0.997872 -0.0652057 0
    outer loop
      vertex 17.659 22.923 2.8
      vertex 17.6445 23.1449 5
      vertex 17.6445 23.1449 2.8
    endloop
  endfacet
  facet normal -0.997872 -0.0652057 0
    outer loop
      vertex 17.6445 23.1449 5
      vertex 17.659 22.923 2.8
      vertex 17.659 22.923 5
    endloop
  endfacet
  facet normal 0.659268 -0.751908 0
    outer loop
      vertex 14.7569 24.1251 2.8
      vertex 14.9241 24.2717 5
      vertex 14.7569 24.1251 5
    endloop
  endfacet
  facet normal 0.659268 -0.751908 0
    outer loop
      vertex 14.9241 24.2717 5
      vertex 14.7569 24.1251 2.8
      vertex 14.9241 24.2717 2.8
    endloop
  endfacet
  facet normal -0.0652057 -0.997872 0
    outer loop
      vertex 15.959 24.623 2.8
      vertex 16.1809 24.6085 5
      vertex 15.959 24.623 5
    endloop
  endfacet
  facet normal -0.0652057 -0.997872 -0
    outer loop
      vertex 16.1809 24.6085 5
      vertex 15.959 24.623 2.8
      vertex 16.1809 24.6085 2.8
    endloop
  endfacet
  facet normal 0.0652057 -0.997872 0
    outer loop
      vertex 15.7371 24.6085 2.8
      vertex 15.959 24.623 5
      vertex 15.7371 24.6085 5
    endloop
  endfacet
  facet normal 0.0652057 -0.997872 0
    outer loop
      vertex 15.959 24.623 5
      vertex 15.7371 24.6085 2.8
      vertex 15.959 24.623 2.8
    endloop
  endfacet
  facet normal -0.659268 -0.751908 0
    outer loop
      vertex 16.9939 24.2717 2.8
      vertex 17.1611 24.1251 5
      vertex 16.9939 24.2717 5
    endloop
  endfacet
  facet normal -0.659268 -0.751908 -0
    outer loop
      vertex 17.1611 24.1251 5
      vertex 16.9939 24.2717 2.8
      vertex 17.1611 24.1251 2.8
    endloop
  endfacet
  facet normal -0.195165 0.98077 0
    outer loop
      vertex 16.399 21.2809 2.8
      vertex 16.1809 21.2375 5
      vertex 16.399 21.2809 5
    endloop
  endfacet
  facet normal -0.195165 0.98077 0
    outer loop
      vertex 16.1809 21.2375 5
      vertex 16.399 21.2809 2.8
      vertex 16.1809 21.2375 2.8
    endloop
  endfacet
  facet normal 0.98077 0.195165 0
    outer loop
      vertex 14.3169 22.483 5
      vertex 14.2735 22.7011 2.8
      vertex 14.2735 22.7011 5
    endloop
  endfacet
  facet normal 0.98077 0.195165 0
    outer loop
      vertex 14.2735 22.7011 2.8
      vertex 14.3169 22.483 5
      vertex 14.3169 22.483 2.8
    endloop
  endfacet
  facet normal -0.997872 0.0652057 0
    outer loop
      vertex 17.6445 22.7011 2.8
      vertex 17.659 22.923 5
      vertex 17.659 22.923 2.8
    endloop
  endfacet
  facet normal -0.997872 0.0652057 0
    outer loop
      vertex 17.659 22.923 5
      vertex 17.6445 22.7011 2.8
      vertex 17.6445 22.7011 5
    endloop
  endfacet
  facet normal 0.997872 -0.0652057 0
    outer loop
      vertex 14.259 22.923 5
      vertex 14.2735 23.1449 2.8
      vertex 14.2735 23.1449 5
    endloop
  endfacet
  facet normal 0.997872 -0.0652057 0
    outer loop
      vertex 14.2735 23.1449 2.8
      vertex 14.259 22.923 5
      vertex 14.259 22.923 2.8
    endloop
  endfacet
  facet normal -0.831566 -0.555426 0
    outer loop
      vertex 17.4312 23.773 2.8
      vertex 17.3077 23.9579 5
      vertex 17.3077 23.9579 2.8
    endloop
  endfacet
  facet normal -0.831566 -0.555426 0
    outer loop
      vertex 17.3077 23.9579 5
      vertex 17.4312 23.773 2.8
      vertex 17.4312 23.773 5
    endloop
  endfacet
  facet normal 0.555426 -0.831566 0
    outer loop
      vertex 14.9241 24.2717 2.8
      vertex 15.109 24.3952 5
      vertex 14.9241 24.2717 5
    endloop
  endfacet
  facet normal 0.555426 -0.831566 0
    outer loop
      vertex 15.109 24.3952 5
      vertex 14.9241 24.2717 2.8
      vertex 15.109 24.3952 2.8
    endloop
  endfacet
  facet normal -0.321484 -0.946915 0
    outer loop
      vertex 16.399 24.5651 2.8
      vertex 16.6096 24.4936 5
      vertex 16.399 24.5651 5
    endloop
  endfacet
  facet normal -0.321484 -0.946915 -0
    outer loop
      vertex 16.6096 24.4936 5
      vertex 16.399 24.5651 2.8
      vertex 16.6096 24.4936 2.8
    endloop
  endfacet
  facet normal 0.195165 0.98077 -0
    outer loop
      vertex 15.7371 21.2375 2.8
      vertex 15.519 21.2809 5
      vertex 15.7371 21.2375 5
    endloop
  endfacet
  facet normal 0.195165 0.98077 0
    outer loop
      vertex 15.519 21.2809 5
      vertex 15.7371 21.2375 2.8
      vertex 15.519 21.2809 2.8
    endloop
  endfacet
  facet normal -0.751908 0.659268 0
    outer loop
      vertex 17.1611 21.7209 2.8
      vertex 17.3077 21.8881 5
      vertex 17.3077 21.8881 2.8
    endloop
  endfacet
  facet normal -0.751908 0.659268 0
    outer loop
      vertex 17.3077 21.8881 5
      vertex 17.1611 21.7209 2.8
      vertex 17.1611 21.7209 5
    endloop
  endfacet
  facet normal -0.555426 -0.831566 0
    outer loop
      vertex 16.809 24.3952 2.8
      vertex 16.9939 24.2717 5
      vertex 16.809 24.3952 5
    endloop
  endfacet
  facet normal -0.555426 -0.831566 -0
    outer loop
      vertex 16.9939 24.2717 5
      vertex 16.809 24.3952 2.8
      vertex 16.9939 24.2717 2.8
    endloop
  endfacet
  facet normal 0.896754 0.44253 0
    outer loop
      vertex 14.4868 22.073 5
      vertex 14.3884 22.2724 2.8
      vertex 14.3884 22.2724 5
    endloop
  endfacet
  facet normal 0.896754 0.44253 0
    outer loop
      vertex 14.3884 22.2724 2.8
      vertex 14.4868 22.073 5
      vertex 14.4868 22.073 2.8
    endloop
  endfacet
  facet normal 0.751908 -0.659268 0
    outer loop
      vertex 14.6103 23.9579 5
      vertex 14.7569 24.1251 2.8
      vertex 14.7569 24.1251 5
    endloop
  endfacet
  facet normal 0.751908 -0.659268 0
    outer loop
      vertex 14.7569 24.1251 2.8
      vertex 14.6103 23.9579 5
      vertex 14.6103 23.9579 2.8
    endloop
  endfacet
  facet normal -0.98077 0.195165 0
    outer loop
      vertex 17.6011 22.483 2.8
      vertex 17.6445 22.7011 5
      vertex 17.6445 22.7011 2.8
    endloop
  endfacet
  facet normal -0.98077 0.195165 0
    outer loop
      vertex 17.6445 22.7011 5
      vertex 17.6011 22.483 2.8
      vertex 17.6011 22.483 5
    endloop
  endfacet
  facet normal 0.321484 -0.946915 0
    outer loop
      vertex 15.3084 24.4936 2.8
      vertex 15.519 24.5651 5
      vertex 15.3084 24.4936 5
    endloop
  endfacet
  facet normal 0.321484 -0.946915 0
    outer loop
      vertex 15.519 24.5651 5
      vertex 15.3084 24.4936 2.8
      vertex 15.519 24.5651 2.8
    endloop
  endfacet
  facet normal 0.751908 0.659268 0
    outer loop
      vertex 14.7569 21.7209 5
      vertex 14.6103 21.8881 2.8
      vertex 14.6103 21.8881 5
    endloop
  endfacet
  facet normal 0.751908 0.659268 0
    outer loop
      vertex 14.6103 21.8881 2.8
      vertex 14.7569 21.7209 5
      vertex 14.7569 21.7209 2.8
    endloop
  endfacet
  facet normal -0.44253 -0.896754 0
    outer loop
      vertex 16.6096 24.4936 2.8
      vertex 16.809 24.3952 5
      vertex 16.6096 24.4936 5
    endloop
  endfacet
  facet normal -0.44253 -0.896754 -0
    outer loop
      vertex 16.809 24.3952 5
      vertex 16.6096 24.4936 2.8
      vertex 16.809 24.3952 2.8
    endloop
  endfacet
  facet normal -0.659268 0.751908 0
    outer loop
      vertex 17.1611 21.7209 2.8
      vertex 16.9939 21.5743 5
      vertex 17.1611 21.7209 5
    endloop
  endfacet
  facet normal -0.659268 0.751908 0
    outer loop
      vertex 16.9939 21.5743 5
      vertex 17.1611 21.7209 2.8
      vertex 16.9939 21.5743 2.8
    endloop
  endfacet
  facet normal -0.555426 0.831566 0
    outer loop
      vertex 16.9939 21.5743 2.8
      vertex 16.809 21.4508 5
      vertex 16.9939 21.5743 5
    endloop
  endfacet
  facet normal -0.555426 0.831566 0
    outer loop
      vertex 16.809 21.4508 5
      vertex 16.9939 21.5743 2.8
      vertex 16.809 21.4508 2.8
    endloop
  endfacet
  facet normal -0.321484 0.946915 0
    outer loop
      vertex 16.6096 21.3524 2.8
      vertex 16.399 21.2809 5
      vertex 16.6096 21.3524 5
    endloop
  endfacet
  facet normal -0.321484 0.946915 0
    outer loop
      vertex 16.399 21.2809 5
      vertex 16.6096 21.3524 2.8
      vertex 16.399 21.2809 2.8
    endloop
  endfacet
  facet normal 0.555426 0.831566 -0
    outer loop
      vertex 15.109 21.4508 2.8
      vertex 14.9241 21.5743 5
      vertex 15.109 21.4508 5
    endloop
  endfacet
  facet normal 0.555426 0.831566 0
    outer loop
      vertex 14.9241 21.5743 5
      vertex 15.109 21.4508 2.8
      vertex 14.9241 21.5743 2.8
    endloop
  endfacet
  facet normal 0.321484 0.946915 -0
    outer loop
      vertex 15.519 21.2809 2.8
      vertex 15.3084 21.3524 5
      vertex 15.519 21.2809 5
    endloop
  endfacet
  facet normal 0.321484 0.946915 0
    outer loop
      vertex 15.3084 21.3524 5
      vertex 15.519 21.2809 2.8
      vertex 15.3084 21.3524 2.8
    endloop
  endfacet
  facet normal -0.44253 0.896754 0
    outer loop
      vertex 16.809 21.4508 2.8
      vertex 16.6096 21.3524 5
      vertex 16.809 21.4508 5
    endloop
  endfacet
  facet normal -0.44253 0.896754 0
    outer loop
      vertex 16.6096 21.3524 5
      vertex 16.809 21.4508 2.8
      vertex 16.6096 21.3524 2.8
    endloop
  endfacet
  facet normal 0.98077 -0.195165 0
    outer loop
      vertex 14.2735 23.1449 5
      vertex 14.3169 23.363 2.8
      vertex 14.3169 23.363 5
    endloop
  endfacet
  facet normal 0.98077 -0.195165 0
    outer loop
      vertex 14.3169 23.363 2.8
      vertex 14.2735 23.1449 5
      vertex 14.2735 23.1449 2.8
    endloop
  endfacet
  facet normal 0.44253 -0.896754 0
    outer loop
      vertex 15.109 24.3952 2.8
      vertex 15.3084 24.4936 5
      vertex 15.109 24.3952 5
    endloop
  endfacet
  facet normal 0.44253 -0.896754 0
    outer loop
      vertex 15.3084 24.4936 5
      vertex 15.109 24.3952 2.8
      vertex 15.3084 24.4936 2.8
    endloop
  endfacet
  facet normal -0.896754 -0.44253 0
    outer loop
      vertex 17.5296 23.5736 2.8
      vertex 17.4312 23.773 5
      vertex 17.4312 23.773 2.8
    endloop
  endfacet
  facet normal -0.896754 -0.44253 0
    outer loop
      vertex 17.4312 23.773 5
      vertex 17.5296 23.5736 2.8
      vertex 17.5296 23.5736 5
    endloop
  endfacet
  facet normal 0.831566 -0.555426 0
    outer loop
      vertex 14.4868 23.773 5
      vertex 14.6103 23.9579 2.8
      vertex 14.6103 23.9579 5
    endloop
  endfacet
  facet normal 0.831566 -0.555426 0
    outer loop
      vertex 14.6103 23.9579 2.8
      vertex 14.4868 23.773 5
      vertex 14.4868 23.773 2.8
    endloop
  endfacet
  facet normal -0.831566 0.555426 0
    outer loop
      vertex 17.3077 21.8881 2.8
      vertex 17.4312 22.073 5
      vertex 17.4312 22.073 2.8
    endloop
  endfacet
  facet normal -0.831566 0.555426 0
    outer loop
      vertex 17.4312 22.073 5
      vertex 17.3077 21.8881 2.8
      vertex 17.3077 21.8881 5
    endloop
  endfacet
  facet normal -0.946915 0.321484 0
    outer loop
      vertex 17.5296 22.2724 2.8
      vertex 17.6011 22.483 5
      vertex 17.6011 22.483 2.8
    endloop
  endfacet
  facet normal -0.946915 0.321484 0
    outer loop
      vertex 17.6011 22.483 5
      vertex 17.5296 22.2724 2.8
      vertex 17.5296 22.2724 5
    endloop
  endfacet
  facet normal -0.195165 -0.98077 0
    outer loop
      vertex 16.1809 24.6085 2.8
      vertex 16.399 24.5651 5
      vertex 16.1809 24.6085 5
    endloop
  endfacet
  facet normal -0.195165 -0.98077 -0
    outer loop
      vertex 16.399 24.5651 5
      vertex 16.1809 24.6085 2.8
      vertex 16.399 24.5651 2.8
    endloop
  endfacet
  facet normal 0.997872 0.0652057 0
    outer loop
      vertex 14.2735 22.7011 5
      vertex 14.259 22.923 2.8
      vertex 14.259 22.923 5
    endloop
  endfacet
  facet normal 0.997872 0.0652057 0
    outer loop
      vertex 14.259 22.923 2.8
      vertex 14.2735 22.7011 5
      vertex 14.2735 22.7011 2.8
    endloop
  endfacet
  facet normal -0.751908 -0.659268 0
    outer loop
      vertex 17.3077 23.9579 2.8
      vertex 17.1611 24.1251 5
      vertex 17.1611 24.1251 2.8
    endloop
  endfacet
  facet normal -0.751908 -0.659268 0
    outer loop
      vertex 17.1611 24.1251 5
      vertex 17.3077 23.9579 2.8
      vertex 17.3077 23.9579 5
    endloop
  endfacet
  facet normal 0.44253 0.896754 -0
    outer loop
      vertex 15.3084 21.3524 2.8
      vertex 15.109 21.4508 5
      vertex 15.3084 21.3524 5
    endloop
  endfacet
  facet normal 0.44253 0.896754 0
    outer loop
      vertex 15.109 21.4508 5
      vertex 15.3084 21.3524 2.8
      vertex 15.109 21.4508 2.8
    endloop
  endfacet
  facet normal -0.946915 -0.321484 0
    outer loop
      vertex 17.6011 23.363 2.8
      vertex 17.5296 23.5736 5
      vertex 17.5296 23.5736 2.8
    endloop
  endfacet
  facet normal -0.946915 -0.321484 0
    outer loop
      vertex 17.5296 23.5736 5
      vertex 17.6011 23.363 2.8
      vertex 17.6011 23.363 5
    endloop
  endfacet
  facet normal 0.946915 0.321484 0
    outer loop
      vertex 14.3884 22.2724 5
      vertex 14.3169 22.483 2.8
      vertex 14.3169 22.483 5
    endloop
  endfacet
  facet normal 0.946915 0.321484 0
    outer loop
      vertex 14.3169 22.483 2.8
      vertex 14.3884 22.2724 5
      vertex 14.3884 22.2724 2.8
    endloop
  endfacet
  facet normal 0.831566 0.555426 0
    outer loop
      vertex 14.6103 21.8881 5
      vertex 14.4868 22.073 2.8
      vertex 14.4868 22.073 5
    endloop
  endfacet
  facet normal 0.831566 0.555426 0
    outer loop
      vertex 14.4868 22.073 2.8
      vertex 14.6103 21.8881 5
      vertex 14.6103 21.8881 2.8
    endloop
  endfacet
  facet normal 0.195165 -0.98077 0
    outer loop
      vertex 15.519 24.5651 2.8
      vertex 15.7371 24.6085 5
      vertex 15.519 24.5651 5
    endloop
  endfacet
  facet normal 0.195165 -0.98077 0
    outer loop
      vertex 15.7371 24.6085 5
      vertex 15.519 24.5651 2.8
      vertex 15.7371 24.6085 2.8
    endloop
  endfacet
  facet normal 0.0652057 0.997872 -0
    outer loop
      vertex 15.959 21.223 2.8
      vertex 15.7371 21.2375 5
      vertex 15.959 21.223 5
    endloop
  endfacet
  facet normal 0.0652057 0.997872 0
    outer loop
      vertex 15.7371 21.2375 5
      vertex 15.959 21.223 2.8
      vertex 15.7371 21.2375 2.8
    endloop
  endfacet
  facet normal -0.0652057 0.997872 0
    outer loop
      vertex 16.1809 21.2375 2.8
      vertex 15.959 21.223 5
      vertex 16.1809 21.2375 5
    endloop
  endfacet
  facet normal -0.0652057 0.997872 0
    outer loop
      vertex 15.959 21.223 5
      vertex 16.1809 21.2375 2.8
      vertex 15.959 21.223 2.8
    endloop
  endfacet
  facet normal 0.946915 -0.321484 0
    outer loop
      vertex 14.3169 23.363 5
      vertex 14.3884 23.5736 2.8
      vertex 14.3884 23.5736 5
    endloop
  endfacet
  facet normal 0.946915 -0.321484 0
    outer loop
      vertex 14.3884 23.5736 2.8
      vertex 14.3169 23.363 5
      vertex 14.3169 23.363 2.8
    endloop
  endfacet
  facet normal 0.659268 0.751908 -0
    outer loop
      vertex 14.9241 21.5743 2.8
      vertex 14.7569 21.7209 5
      vertex 14.9241 21.5743 5
    endloop
  endfacet
  facet normal 0.659268 0.751908 0
    outer loop
      vertex 14.7569 21.7209 5
      vertex 14.9241 21.5743 2.8
      vertex 14.7569 21.7209 2.8
    endloop
  endfacet
  facet normal -0.896754 0.44253 0
    outer loop
      vertex 17.4312 22.073 2.8
      vertex 17.5296 22.2724 5
      vertex 17.5296 22.2724 2.8
    endloop
  endfacet
  facet normal -0.896754 0.44253 0
    outer loop
      vertex 17.5296 22.2724 5
      vertex 17.4312 22.073 2.8
      vertex 17.4312 22.073 5
    endloop
  endfacet
  facet normal 0.896754 -0.44253 0
    outer loop
      vertex 14.3884 23.5736 5
      vertex 14.4868 23.773 2.8
      vertex 14.4868 23.773 5
    endloop
  endfacet
  facet normal 0.896754 -0.44253 0
    outer loop
      vertex 14.4868 23.773 2.8
      vertex 14.3884 23.5736 5
      vertex 14.3884 23.5736 2.8
    endloop
  endfacet
  facet normal 1 -0 0
    outer loop
      vertex 158.442 -63.421 12
      vertex 158.442 -50.921 0
      vertex 158.442 -50.921 12
    endloop
  endfacet
  facet normal 1 0 0
    outer loop
      vertex 158.442 -50.921 0
      vertex 158.442 -63.421 12
      vertex 158.442 -63.421 0
    endloop
  endfacet
  facet normal -0 0 1
    outer loop
      vertex 28.523 -37.195 12
      vertex 48.079 -42.421 12
      vertex 48.079 -37.195 12
    endloop
  endfacet
  facet normal 0 0 1
    outer loop
      vertex 48.079 -42.421 12
      vertex 44.6153 -52.3387 12
      vertex 44.692 -52.921 12
    endloop
  endfacet
  facet normal 0 0 1
    outer loop
      vertex 48.079 -42.421 12
      vertex 44.3906 -51.796 12
      vertex 44.6153 -52.3387 12
    endloop
  endfacet
  facet normal 0 0 1
    outer loop
      vertex 48.079 -42.421 12
      vertex 44.033 -51.33 12
      vertex 44.3906 -51.796 12
    endloop
  endfacet
  facet normal 0 0 1
    outer loop
      vertex 48.079 -42.421 12
      vertex 43.567 -50.9724 12
      vertex 44.033 -51.33 12
    endloop
  endfacet
  facet normal 0 0 1
    outer loop
      vertex 48.079 -42.421 12
      vertex 43.4428 -50.921 12
      vertex 43.567 -50.9724 12
    endloop
  endfacet
  facet normal 0 0 1
    outer loop
      vertex 48.079 -42.421 12
      vertex 41.4412 -50.921 12
      vertex 43.4428 -50.921 12
    endloop
  endfacet
  facet normal 0 0 1
    outer loop
      vertex 48.079 -42.421 12
      vertex 28.523 -37.195 12
      vertex 41.4412 -50.921 12
    endloop
  endfacet
  facet normal 0 0 1
    outer loop
      vertex 41.4412 -50.921 12
      vertex 28.523 -37.195 12
      vertex 41.317 -50.9724 12
    endloop
  endfacet
  facet normal 0 0 1
    outer loop
      vertex 41.317 -50.9724 12
      vertex 28.523 -37.195 12
      vertex 40.851 -51.33 12
    endloop
  endfacet
  facet normal 0 0 1
    outer loop
      vertex 40.4934 -51.796 12
      vertex 28.523 -50.921 12
      vertex 40.2687 -52.3387 12
    endloop
  endfacet
  facet normal 0 0 1
    outer loop
      vertex 40.851 -51.33 12
      vertex 28.523 -50.921 12
      vertex 40.4934 -51.796 12
    endloop
  endfacet
  facet normal -0 0 1
    outer loop
      vertex 28.523 -50.921 12
      vertex 40.851 -51.33 12
      vertex 28.523 -37.195 12
    endloop
  endfacet
  facet normal 0 0 1
    outer loop
      vertex 65.567 -50.9724 12
      vertex 70.442 -50.921 12
      vertex 70.442 -42.421 12
    endloop
  endfacet
  facet normal 0 0 1
    outer loop
      vertex 70.442 -50.921 12
      vertex 66.6153 -52.3387 12
      vertex 66.692 -52.921 12
    endloop
  endfacet
  facet normal 0 0 1
    outer loop
      vertex 70.442 -50.921 12
      vertex 66.3906 -51.796 12
      vertex 66.6153 -52.3387 12
    endloop
  endfacet
  facet normal 0 0 1
    outer loop
      vertex 70.442 -50.921 12
      vertex 66.033 -51.33 12
      vertex 66.3906 -51.796 12
    endloop
  endfacet
  facet normal 0 0 1
    outer loop
      vertex 70.442 -50.921 12
      vertex 65.567 -50.9724 12
      vertex 66.033 -51.33 12
    endloop
  endfacet
  facet normal 0 0 1
    outer loop
      vertex 70.442 -42.421 12
      vertex 65.0243 -50.7477 12
      vertex 65.567 -50.9724 12
    endloop
  endfacet
  facet normal 0 0 1
    outer loop
      vertex 70.442 -42.421 12
      vertex 64.442 -50.671 12
      vertex 65.0243 -50.7477 12
    endloop
  endfacet
  facet normal 0 0 1
    outer loop
      vertex 70.442 -42.421 12
      vertex 63.8597 -50.7477 12
      vertex 64.442 -50.671 12
    endloop
  endfacet
  facet normal -0 0 1
    outer loop
      vertex 55.3309 -50.094 12
      vertex 63.8597 -50.7477 12
      vertex 70.442 -42.421 12
    endloop
  endfacet
  facet normal 0 0 1
    outer loop
      vertex 63.8597 -50.7477 12
      vertex 55.3309 -50.094 12
      vertex 63.317 -50.9724 12
    endloop
  endfacet
  facet normal 0 0 1
    outer loop
      vertex 56.7767 -52.2577 12
      vertex 62.192 -52.921 12
      vertex 62.2687 -52.3387 12
    endloop
  endfacet
  facet normal 0 0 1
    outer loop
      vertex 56.5832 -51.6199 12
      vertex 62.2687 -52.3387 12
      vertex 62.4934 -51.796 12
    endloop
  endfacet
  facet normal 0 0 1
    outer loop
      vertex 56.269 -51.0321 12
      vertex 62.4934 -51.796 12
      vertex 62.851 -51.33 12
    endloop
  endfacet
  facet normal -0 -0 1
    outer loop
      vertex 55.8462 -50.5168 12
      vertex 63.317 -50.9724 12
      vertex 55.3309 -50.094 12
    endloop
  endfacet
  facet normal 0 0 1
    outer loop
      vertex 62.192 -52.921 12
      vertex 56.7767 -52.2577 12
      vertex 56.842 -52.921 12
    endloop
  endfacet
  facet normal 0 0 1
    outer loop
      vertex 62.2687 -52.3387 12
      vertex 56.5832 -51.6199 12
      vertex 56.7767 -52.2577 12
    endloop
  endfacet
  facet normal 0 0 1
    outer loop
      vertex 62.4934 -51.796 12
      vertex 56.269 -51.0321 12
      vertex 56.5832 -51.6199 12
    endloop
  endfacet
  facet normal 0 0 1
    outer loop
      vertex 62.851 -51.33 12
      vertex 55.8462 -50.5168 12
      vertex 56.269 -51.0321 12
    endloop
  endfacet
  facet normal 0 0 1
    outer loop
      vertex 63.317 -50.9724 12
      vertex 55.8462 -50.5168 12
      vertex 62.851 -51.33 12
    endloop
  endfacet
  facet normal 0 0 1
    outer loop
      vertex 70.442 -42.421 12
      vertex 54.7431 -49.7798 12
      vertex 55.3309 -50.094 12
    endloop
  endfacet
  facet normal -0 0 1
    outer loop
      vertex 48.079 -42.421 12
      vertex 54.7431 -49.7798 12
      vertex 70.442 -42.421 12
    endloop
  endfacet
  facet normal 0 0 1
    outer loop
      vertex 54.7431 -49.7798 12
      vertex 48.079 -42.421 12
      vertex 54.1053 -49.5863 12
    endloop
  endfacet
  facet normal 0 0 1
    outer loop
      vertex 54.1053 -49.5863 12
      vertex 48.079 -42.421 12
      vertex 53.442 -49.521 12
    endloop
  endfacet
  facet normal 0 0 1
    outer loop
      vertex 53.442 -49.521 12
      vertex 48.079 -42.421 12
      vertex 52.7787 -49.5863 12
    endloop
  endfacet
  facet normal 0 0 1
    outer loop
      vertex 50.3008 -51.6199 12
      vertex 44.692 -52.921 12
      vertex 50.1073 -52.2577 12
    endloop
  endfacet
  facet normal 0 0 1
    outer loop
      vertex 50.615 -51.0321 12
      vertex 44.692 -52.921 12
      vertex 50.3008 -51.6199 12
    endloop
  endfacet
  facet normal 0 0 1
    outer loop
      vertex 44.692 -52.921 12
      vertex 50.615 -51.0321 12
      vertex 48.079 -42.421 12
    endloop
  endfacet
  facet normal 0 0 1
    outer loop
      vertex 51.0378 -50.5168 12
      vertex 48.079 -42.421 12
      vertex 50.615 -51.0321 12
    endloop
  endfacet
  facet normal 0 0 1
    outer loop
      vertex 51.5531 -50.094 12
      vertex 48.079 -42.421 12
      vertex 51.0378 -50.5168 12
    endloop
  endfacet
  facet normal 0 0 1
    outer loop
      vertex 52.1409 -49.7798 12
      vertex 48.079 -42.421 12
      vertex 51.5531 -50.094 12
    endloop
  endfacet
  facet normal 0 0 1
    outer loop
      vertex 52.7787 -49.5863 12
      vertex 48.079 -42.421 12
      vertex 52.1409 -49.7798 12
    endloop
  endfacet
  facet normal -0 0 1
    outer loop
      vertex 70.442 -50.921 12
      vertex 158.442 -63.421 12
      vertex 158.442 -50.921 12
    endloop
  endfacet
  facet normal 0 0 1
    outer loop
      vertex 66.6153 -53.5033 12
      vertex 70.442 -50.921 12
      vertex 66.692 -52.921 12
    endloop
  endfacet
  facet normal 0 0 1
    outer loop
      vertex 66.3906 -54.046 12
      vertex 70.442 -50.921 12
      vertex 66.6153 -53.5033 12
    endloop
  endfacet
  facet normal 0 0 1
    outer loop
      vertex 66.033 -54.512 12
      vertex 70.442 -50.921 12
      vertex 66.3906 -54.046 12
    endloop
  endfacet
  facet normal 0 0 1
    outer loop
      vertex 70.442 -50.921 12
      vertex 66.033 -54.512 12
      vertex 158.442 -63.421 12
    endloop
  endfacet
  facet normal -0 0 1
    outer loop
      vertex 65.567 -54.8696 12
      vertex 158.442 -63.421 12
      vertex 66.033 -54.512 12
    endloop
  endfacet
  facet normal -0 0 1
    outer loop
      vertex 65.0243 -55.0943 12
      vertex 158.442 -63.421 12
      vertex 65.567 -54.8696 12
    endloop
  endfacet
  facet normal -0 0 1
    outer loop
      vertex 64.442 -55.171 12
      vertex 158.442 -63.421 12
      vertex 65.0243 -55.0943 12
    endloop
  endfacet
  facet normal 0 0 1
    outer loop
      vertex 56.7767 -53.5843 12
      vertex 62.192 -52.921 12
      vertex 56.842 -52.921 12
    endloop
  endfacet
  facet normal 0 0 1
    outer loop
      vertex 62.192 -52.921 12
      vertex 56.7767 -53.5843 12
      vertex 62.2687 -53.5033 12
    endloop
  endfacet
  facet normal 0 0 1
    outer loop
      vertex 56.5832 -54.2221 12
      vertex 62.2687 -53.5033 12
      vertex 56.7767 -53.5843 12
    endloop
  endfacet
  facet normal 0 0 1
    outer loop
      vertex 62.2687 -53.5033 12
      vertex 56.5832 -54.2221 12
      vertex 62.4934 -54.046 12
    endloop
  endfacet
  facet normal 0 0 1
    outer loop
      vertex 56.269 -54.8099 12
      vertex 62.4934 -54.046 12
      vertex 56.5832 -54.2221 12
    endloop
  endfacet
  facet normal 0 0 1
    outer loop
      vertex 62.4934 -54.046 12
      vertex 56.269 -54.8099 12
      vertex 62.851 -54.512 12
    endloop
  endfacet
  facet normal 0 0 1
    outer loop
      vertex 55.8462 -55.3252 12
      vertex 62.851 -54.512 12
      vertex 56.269 -54.8099 12
    endloop
  endfacet
  facet normal 0 0 1
    outer loop
      vertex 62.851 -54.512 12
      vertex 55.8462 -55.3252 12
      vertex 63.317 -54.8696 12
    endloop
  endfacet
  facet normal 0 0 1
    outer loop
      vertex 55.3309 -55.748 12
      vertex 63.317 -54.8696 12
      vertex 55.8462 -55.3252 12
    endloop
  endfacet
  facet normal 0 0 1
    outer loop
      vertex 63.317 -54.8696 12
      vertex 55.3309 -55.748 12
      vertex 63.8597 -55.0943 12
    endloop
  endfacet
  facet normal 0 0 1
    outer loop
      vertex 54.7431 -56.0622 12
      vertex 63.8597 -55.0943 12
      vertex 55.3309 -55.748 12
    endloop
  endfacet
  facet normal 0 0 1
    outer loop
      vertex 63.8597 -55.0943 12
      vertex 54.7431 -56.0622 12
      vertex 64.442 -55.171 12
    endloop
  endfacet
  facet normal 0 0 1
    outer loop
      vertex 54.1053 -56.2557 12
      vertex 64.442 -55.171 12
      vertex 54.7431 -56.0622 12
    endloop
  endfacet
  facet normal 0 0 1
    outer loop
      vertex 64.442 -55.171 12
      vertex 54.1053 -56.2557 12
      vertex 158.442 -63.421 12
    endloop
  endfacet
  facet normal 0 0 1
    outer loop
      vertex 14.079 -63.421 12
      vertex 54.1053 -56.2557 12
      vertex 53.442 -56.321 12
    endloop
  endfacet
  facet normal 0 0 1
    outer loop
      vertex 50.1073 -52.2577 12
      vertex 44.692 -52.921 12
      vertex 50.042 -52.921 12
    endloop
  endfacet
  facet normal 0 0 1
    outer loop
      vertex 50.042 -52.921 12
      vertex 44.692 -52.921 12
      vertex 50.1073 -53.5843 12
    endloop
  endfacet
  facet normal -0 0 1
    outer loop
      vertex 44.6153 -53.5033 12
      vertex 50.1073 -53.5843 12
      vertex 44.692 -52.921 12
    endloop
  endfacet
  facet normal 0 0 1
    outer loop
      vertex 50.1073 -53.5843 12
      vertex 44.6153 -53.5033 12
      vertex 50.3008 -54.2221 12
    endloop
  endfacet
  facet normal -0 0 1
    outer loop
      vertex 44.3906 -54.046 12
      vertex 50.3008 -54.2221 12
      vertex 44.6153 -53.5033 12
    endloop
  endfacet
  facet normal 0 0 1
    outer loop
      vertex 50.3008 -54.2221 12
      vertex 44.3906 -54.046 12
      vertex 50.615 -54.8099 12
    endloop
  endfacet
  facet normal -0 0 1
    outer loop
      vertex 44.033 -54.512 12
      vertex 50.615 -54.8099 12
      vertex 44.3906 -54.046 12
    endloop
  endfacet
  facet normal 0 0 1
    outer loop
      vertex 50.615 -54.8099 12
      vertex 44.033 -54.512 12
      vertex 51.0378 -55.3252 12
    endloop
  endfacet
  facet normal -0 0 1
    outer loop
      vertex 43.567 -54.8696 12
      vertex 51.0378 -55.3252 12
      vertex 44.033 -54.512 12
    endloop
  endfacet
  facet normal 0 0 1
    outer loop
      vertex 51.0378 -55.3252 12
      vertex 43.567 -54.8696 12
      vertex 51.5531 -55.748 12
    endloop
  endfacet
  facet normal -0 0 1
    outer loop
      vertex 43.0243 -55.0943 12
      vertex 51.5531 -55.748 12
      vertex 43.567 -54.8696 12
    endloop
  endfacet
  facet normal 0 0 1
    outer loop
      vertex 51.5531 -55.748 12
      vertex 43.0243 -55.0943 12
      vertex 52.1409 -56.0622 12
    endloop
  endfacet
  facet normal -0 0 1
    outer loop
      vertex 42.442 -55.171 12
      vertex 52.1409 -56.0622 12
      vertex 43.0243 -55.0943 12
    endloop
  endfacet
  facet normal 0 0 1
    outer loop
      vertex 52.1409 -56.0622 12
      vertex 42.442 -55.171 12
      vertex 52.7787 -56.2557 12
    endloop
  endfacet
  facet normal 0 0 1
    outer loop
      vertex 40.2687 -52.3387 12
      vertex 28.523 -50.921 12
      vertex 40.192 -52.921 12
    endloop
  endfacet
  facet normal 0 0 1
    outer loop
      vertex 40.192 -52.921 12
      vertex 28.523 -50.921 12
      vertex 40.2687 -53.5033 12
    endloop
  endfacet
  facet normal 0 0 1
    outer loop
      vertex 40.2687 -53.5033 12
      vertex 28.523 -50.921 12
      vertex 40.4934 -54.046 12
    endloop
  endfacet
  facet normal 0 0 1
    outer loop
      vertex 28.523 -50.921 12
      vertex 40.851 -54.512 12
      vertex 40.4934 -54.046 12
    endloop
  endfacet
  facet normal 0 0 1
    outer loop
      vertex 14.079 -63.421 12
      vertex 40.851 -54.512 12
      vertex 28.523 -50.921 12
    endloop
  endfacet
  facet normal 0 0 1
    outer loop
      vertex 40.851 -54.512 12
      vertex 14.079 -63.421 12
      vertex 41.317 -54.8696 12
    endloop
  endfacet
  facet normal 0 0 1
    outer loop
      vertex 14.079 -63.421 12
      vertex 28.523 -50.921 12
      vertex 14.079 -50.921 12
    endloop
  endfacet
  facet normal 0 0 1
    outer loop
      vertex 54.1053 -56.2557 12
      vertex 14.079 -63.421 12
      vertex 158.442 -63.421 12
    endloop
  endfacet
  facet normal 0 0 1
    outer loop
      vertex 52.7787 -56.2557 12
      vertex 14.079 -63.421 12
      vertex 53.442 -56.321 12
    endloop
  endfacet
  facet normal 0 0 1
    outer loop
      vertex 42.442 -55.171 12
      vertex 14.079 -63.421 12
      vertex 52.7787 -56.2557 12
    endloop
  endfacet
  facet normal 0 0 1
    outer loop
      vertex 41.8597 -55.0943 12
      vertex 14.079 -63.421 12
      vertex 42.442 -55.171 12
    endloop
  endfacet
  facet normal 0 0 1
    outer loop
      vertex 41.317 -54.8696 12
      vertex 14.079 -63.421 12
      vertex 41.8597 -55.0943 12
    endloop
  endfacet
  facet normal -1 0 0
    outer loop
      vertex 14.079 -63.421 0
      vertex 14.079 -50.921 12
      vertex 14.079 -50.921 0
    endloop
  endfacet
  facet normal -1 -0 0
    outer loop
      vertex 14.079 -50.921 12
      vertex 14.079 -63.421 0
      vertex 14.079 -63.421 12
    endloop
  endfacet
  facet normal 0 -1 0
    outer loop
      vertex 48.0147 -50.921 0
      vertex 48.079 -50.921 5.99
      vertex 48.0147 -50.921 5.99
    endloop
  endfacet
  facet normal 0 -1 -0
    outer loop
      vertex 48.079 -50.921 5.99
      vertex 48.0147 -50.921 0
      vertex 48.079 -50.921 0
    endloop
  endfacet
  facet normal 0 1 -0
    outer loop
      vertex 98.002 -50.921 7.64207
      vertex 88.442 -50.921 7.7
      vertex 98.442 -50.921 7.7
    endloop
  endfacet
  facet normal 0 1 0
    outer loop
      vertex 98.002 -50.921 7.64207
      vertex 88.882 -50.921 7.64207
      vertex 88.442 -50.921 7.7
    endloop
  endfacet
  facet normal 0 1 -0
    outer loop
      vertex 97.592 -50.921 7.47224
      vertex 88.882 -50.921 7.64207
      vertex 98.002 -50.921 7.64207
    endloop
  endfacet
  facet normal 0 1 0
    outer loop
      vertex 97.592 -50.921 7.47224
      vertex 89.292 -50.921 7.47224
      vertex 88.882 -50.921 7.64207
    endloop
  endfacet
  facet normal 0 1 -0
    outer loop
      vertex 97.2399 -50.921 7.20208
      vertex 89.292 -50.921 7.47224
      vertex 97.592 -50.921 7.47224
    endloop
  endfacet
  facet normal 0 1 0
    outer loop
      vertex 97.2399 -50.921 7.20208
      vertex 89.6441 -50.921 7.20208
      vertex 89.292 -50.921 7.47224
    endloop
  endfacet
  facet normal 0 1 -0
    outer loop
      vertex 96.9698 -50.921 6.85
      vertex 89.6441 -50.921 7.20208
      vertex 97.2399 -50.921 7.20208
    endloop
  endfacet
  facet normal 0 1 0
    outer loop
      vertex 96.9698 -50.921 6.85
      vertex 89.9142 -50.921 6.85
      vertex 89.6441 -50.921 7.20208
    endloop
  endfacet
  facet normal 0 1 -0
    outer loop
      vertex 96.7999 -50.921 6.43999
      vertex 89.9142 -50.921 6.85
      vertex 96.9698 -50.921 6.85
    endloop
  endfacet
  facet normal 0 1 0
    outer loop
      vertex 96.7999 -50.921 6.43999
      vertex 90.0841 -50.921 6.43999
      vertex 89.9142 -50.921 6.85
    endloop
  endfacet
  facet normal 0 1 -0
    outer loop
      vertex 96.742 -50.921 6
      vertex 90.0841 -50.921 6.43999
      vertex 96.7999 -50.921 6.43999
    endloop
  endfacet
  facet normal 0 1 0
    outer loop
      vertex 96.742 -50.921 6
      vertex 90.142 -50.921 6
      vertex 90.0841 -50.921 6.43999
    endloop
  endfacet
  facet normal 0 1 0
    outer loop
      vertex 96.7999 -50.921 5.56001
      vertex 90.142 -50.921 6
      vertex 96.742 -50.921 6
    endloop
  endfacet
  facet normal 0 1 0
    outer loop
      vertex 96.7999 -50.921 5.56001
      vertex 90.0841 -50.921 5.56001
      vertex 90.142 -50.921 6
    endloop
  endfacet
  facet normal 0 1 0
    outer loop
      vertex 96.9698 -50.921 5.15
      vertex 90.0841 -50.921 5.56001
      vertex 96.7999 -50.921 5.56001
    endloop
  endfacet
  facet normal 0 1 0
    outer loop
      vertex 96.9698 -50.921 5.15
      vertex 89.9142 -50.921 5.15
      vertex 90.0841 -50.921 5.56001
    endloop
  endfacet
  facet normal 0 1 0
    outer loop
      vertex 97.2399 -50.921 4.79792
      vertex 89.9142 -50.921 5.15
      vertex 96.9698 -50.921 5.15
    endloop
  endfacet
  facet normal 0 1 0
    outer loop
      vertex 97.2399 -50.921 4.79792
      vertex 89.6441 -50.921 4.79792
      vertex 89.9142 -50.921 5.15
    endloop
  endfacet
  facet normal 0 1 0
    outer loop
      vertex 97.592 -50.921 4.52776
      vertex 89.6441 -50.921 4.79792
      vertex 97.2399 -50.921 4.79792
    endloop
  endfacet
  facet normal 0 1 0
    outer loop
      vertex 97.592 -50.921 4.52776
      vertex 89.292 -50.921 4.52776
      vertex 89.6441 -50.921 4.79792
    endloop
  endfacet
  facet normal 0 1 0
    outer loop
      vertex 98.002 -50.921 4.35793
      vertex 89.292 -50.921 4.52776
      vertex 97.592 -50.921 4.52776
    endloop
  endfacet
  facet normal 0 1 0
    outer loop
      vertex 98.002 -50.921 4.35793
      vertex 88.882 -50.921 4.35793
      vertex 89.292 -50.921 4.52776
    endloop
  endfacet
  facet normal 0 1 0
    outer loop
      vertex 98.442 -50.921 4.3
      vertex 88.882 -50.921 4.35793
      vertex 98.002 -50.921 4.35793
    endloop
  endfacet
  facet normal 0 1 0
    outer loop
      vertex 88.882 -50.921 4.35793
      vertex 98.442 -50.921 4.3
      vertex 88.442 -50.921 4.3
    endloop
  endfacet
  facet normal 0 1 -0
    outer loop
      vertex 108.002 -50.921 7.64207
      vertex 98.442 -50.921 7.7
      vertex 108.442 -50.921 7.7
    endloop
  endfacet
  facet normal 0 1 0
    outer loop
      vertex 108.002 -50.921 7.64207
      vertex 98.882 -50.921 7.64207
      vertex 98.442 -50.921 7.7
    endloop
  endfacet
  facet normal 0 1 -0
    outer loop
      vertex 107.592 -50.921 7.47224
      vertex 98.882 -50.921 7.64207
      vertex 108.002 -50.921 7.64207
    endloop
  endfacet
  facet normal 0 1 0
    outer loop
      vertex 107.592 -50.921 7.47224
      vertex 99.292 -50.921 7.47224
      vertex 98.882 -50.921 7.64207
    endloop
  endfacet
  facet normal 0 1 -0
    outer loop
      vertex 107.24 -50.921 7.20208
      vertex 99.292 -50.921 7.47224
      vertex 107.592 -50.921 7.47224
    endloop
  endfacet
  facet normal 0 1 0
    outer loop
      vertex 107.24 -50.921 7.20208
      vertex 99.6441 -50.921 7.20208
      vertex 99.292 -50.921 7.47224
    endloop
  endfacet
  facet normal 0 1 -0
    outer loop
      vertex 106.97 -50.921 6.85
      vertex 99.6441 -50.921 7.20208
      vertex 107.24 -50.921 7.20208
    endloop
  endfacet
  facet normal 0 1 0
    outer loop
      vertex 106.97 -50.921 6.85
      vertex 99.9142 -50.921 6.85
      vertex 99.6441 -50.921 7.20208
    endloop
  endfacet
  facet normal 0 1 -0
    outer loop
      vertex 106.8 -50.921 6.43999
      vertex 99.9142 -50.921 6.85
      vertex 106.97 -50.921 6.85
    endloop
  endfacet
  facet normal 0 1 0
    outer loop
      vertex 106.8 -50.921 6.43999
      vertex 100.084 -50.921 6.43999
      vertex 99.9142 -50.921 6.85
    endloop
  endfacet
  facet normal 0 1 -0
    outer loop
      vertex 106.742 -50.921 6
      vertex 100.084 -50.921 6.43999
      vertex 106.8 -50.921 6.43999
    endloop
  endfacet
  facet normal 0 1 0
    outer loop
      vertex 106.742 -50.921 6
      vertex 100.142 -50.921 6
      vertex 100.084 -50.921 6.43999
    endloop
  endfacet
  facet normal 0 1 0
    outer loop
      vertex 106.8 -50.921 5.56001
      vertex 100.142 -50.921 6
      vertex 106.742 -50.921 6
    endloop
  endfacet
  facet normal 0 1 0
    outer loop
      vertex 106.8 -50.921 5.56001
      vertex 100.084 -50.921 5.56001
      vertex 100.142 -50.921 6
    endloop
  endfacet
  facet normal 0 1 0
    outer loop
      vertex 106.97 -50.921 5.15
      vertex 100.084 -50.921 5.56001
      vertex 106.8 -50.921 5.56001
    endloop
  endfacet
  facet normal 0 1 0
    outer loop
      vertex 106.97 -50.921 5.15
      vertex 99.9142 -50.921 5.15
      vertex 100.084 -50.921 5.56001
    endloop
  endfacet
  facet normal 0 1 0
    outer loop
      vertex 107.24 -50.921 4.79792
      vertex 99.9142 -50.921 5.15
      vertex 106.97 -50.921 5.15
    endloop
  endfacet
  facet normal 0 1 0
    outer loop
      vertex 107.24 -50.921 4.79792
      vertex 99.6441 -50.921 4.79792
      vertex 99.9142 -50.921 5.15
    endloop
  endfacet
  facet normal 0 1 0
    outer loop
      vertex 107.592 -50.921 4.52776
      vertex 99.6441 -50.921 4.79792
      vertex 107.24 -50.921 4.79792
    endloop
  endfacet
  facet normal 0 1 0
    outer loop
      vertex 107.592 -50.921 4.52776
      vertex 99.292 -50.921 4.52776
      vertex 99.6441 -50.921 4.79792
    endloop
  endfacet
  facet normal 0 1 0
    outer loop
      vertex 108.002 -50.921 4.35793
      vertex 99.292 -50.921 4.52776
      vertex 107.592 -50.921 4.52776
    endloop
  endfacet
  facet normal 0 1 0
    outer loop
      vertex 108.002 -50.921 4.35793
      vertex 98.882 -50.921 4.35793
      vertex 99.292 -50.921 4.52776
    endloop
  endfacet
  facet normal 0 1 0
    outer loop
      vertex 108.442 -50.921 4.3
      vertex 98.882 -50.921 4.35793
      vertex 108.002 -50.921 4.35793
    endloop
  endfacet
  facet normal 0 1 0
    outer loop
      vertex 98.882 -50.921 4.35793
      vertex 108.442 -50.921 4.3
      vertex 98.442 -50.921 4.3
    endloop
  endfacet
  facet normal 0 1 -0
    outer loop
      vertex 118.002 -50.921 7.64207
      vertex 108.442 -50.921 7.7
      vertex 118.442 -50.921 7.7
    endloop
  endfacet
  facet normal 0 1 0
    outer loop
      vertex 118.002 -50.921 7.64207
      vertex 108.882 -50.921 7.64207
      vertex 108.442 -50.921 7.7
    endloop
  endfacet
  facet normal 0 1 -0
    outer loop
      vertex 117.592 -50.921 7.47224
      vertex 108.882 -50.921 7.64207
      vertex 118.002 -50.921 7.64207
    endloop
  endfacet
  facet normal 0 1 0
    outer loop
      vertex 117.592 -50.921 7.47224
      vertex 109.292 -50.921 7.47224
      vertex 108.882 -50.921 7.64207
    endloop
  endfacet
  facet normal 0 1 -0
    outer loop
      vertex 117.24 -50.921 7.20208
      vertex 109.292 -50.921 7.47224
      vertex 117.592 -50.921 7.47224
    endloop
  endfacet
  facet normal 0 1 0
    outer loop
      vertex 117.24 -50.921 7.20208
      vertex 109.644 -50.921 7.20208
      vertex 109.292 -50.921 7.47224
    endloop
  endfacet
  facet normal 0 1 -0
    outer loop
      vertex 116.97 -50.921 6.85
      vertex 109.644 -50.921 7.20208
      vertex 117.24 -50.921 7.20208
    endloop
  endfacet
  facet normal 0 1 0
    outer loop
      vertex 116.97 -50.921 6.85
      vertex 109.914 -50.921 6.85
      vertex 109.644 -50.921 7.20208
    endloop
  endfacet
  facet normal 0 1 -0
    outer loop
      vertex 116.8 -50.921 6.43999
      vertex 109.914 -50.921 6.85
      vertex 116.97 -50.921 6.85
    endloop
  endfacet
  facet normal 0 1 0
    outer loop
      vertex 116.8 -50.921 6.43999
      vertex 110.084 -50.921 6.43999
      vertex 109.914 -50.921 6.85
    endloop
  endfacet
  facet normal 0 1 -0
    outer loop
      vertex 116.742 -50.921 6
      vertex 110.084 -50.921 6.43999
      vertex 116.8 -50.921 6.43999
    endloop
  endfacet
  facet normal 0 1 0
    outer loop
      vertex 116.742 -50.921 6
      vertex 110.142 -50.921 6
      vertex 110.084 -50.921 6.43999
    endloop
  endfacet
  facet normal 0 1 0
    outer loop
      vertex 116.8 -50.921 5.56001
      vertex 110.142 -50.921 6
      vertex 116.742 -50.921 6
    endloop
  endfacet
  facet normal 0 1 0
    outer loop
      vertex 116.8 -50.921 5.56001
      vertex 110.084 -50.921 5.56001
      vertex 110.142 -50.921 6
    endloop
  endfacet
  facet normal 0 1 0
    outer loop
      vertex 116.97 -50.921 5.15
      vertex 110.084 -50.921 5.56001
      vertex 116.8 -50.921 5.56001
    endloop
  endfacet
  facet normal 0 1 0
    outer loop
      vertex 116.97 -50.921 5.15
      vertex 109.914 -50.921 5.15
      vertex 110.084 -50.921 5.56001
    endloop
  endfacet
  facet normal 0 1 0
    outer loop
      vertex 117.24 -50.921 4.79792
      vertex 109.914 -50.921 5.15
      vertex 116.97 -50.921 5.15
    endloop
  endfacet
  facet normal 0 1 0
    outer loop
      vertex 117.24 -50.921 4.79792
      vertex 109.644 -50.921 4.79792
      vertex 109.914 -50.921 5.15
    endloop
  endfacet
  facet normal 0 1 0
    outer loop
      vertex 117.592 -50.921 4.52776
      vertex 109.644 -50.921 4.79792
      vertex 117.24 -50.921 4.79792
    endloop
  endfacet
  facet normal 0 1 0
    outer loop
      vertex 117.592 -50.921 4.52776
      vertex 109.292 -50.921 4.52776
      vertex 109.644 -50.921 4.79792
    endloop
  endfacet
  facet normal 0 1 0
    outer loop
      vertex 118.002 -50.921 4.35793
      vertex 109.292 -50.921 4.52776
      vertex 117.592 -50.921 4.52776
    endloop
  endfacet
  facet normal 0 1 0
    outer loop
      vertex 118.002 -50.921 4.35793
      vertex 108.882 -50.921 4.35793
      vertex 109.292 -50.921 4.52776
    endloop
  endfacet
  facet normal 0 1 0
    outer loop
      vertex 118.442 -50.921 4.3
      vertex 108.882 -50.921 4.35793
      vertex 118.002 -50.921 4.35793
    endloop
  endfacet
  facet normal 0 1 0
    outer loop
      vertex 108.882 -50.921 4.35793
      vertex 118.442 -50.921 4.3
      vertex 108.442 -50.921 4.3
    endloop
  endfacet
  facet normal 0 1 -0
    outer loop
      vertex 128.002 -50.921 7.64207
      vertex 118.442 -50.921 7.7
      vertex 128.442 -50.921 7.7
    endloop
  endfacet
  facet normal 0 1 0
    outer loop
      vertex 128.002 -50.921 7.64207
      vertex 118.882 -50.921 7.64207
      vertex 118.442 -50.921 7.7
    endloop
  endfacet
  facet normal 0 1 -0
    outer loop
      vertex 127.592 -50.921 7.47224
      vertex 118.882 -50.921 7.64207
      vertex 128.002 -50.921 7.64207
    endloop
  endfacet
  facet normal 0 1 0
    outer loop
      vertex 127.592 -50.921 7.47224
      vertex 119.292 -50.921 7.47224
      vertex 118.882 -50.921 7.64207
    endloop
  endfacet
  facet normal 0 1 -0
    outer loop
      vertex 127.24 -50.921 7.20208
      vertex 119.292 -50.921 7.47224
      vertex 127.592 -50.921 7.47224
    endloop
  endfacet
  facet normal 0 1 0
    outer loop
      vertex 127.24 -50.921 7.20208
      vertex 119.644 -50.921 7.20208
      vertex 119.292 -50.921 7.47224
    endloop
  endfacet
  facet normal 0 1 -0
    outer loop
      vertex 126.97 -50.921 6.85
      vertex 119.644 -50.921 7.20208
      vertex 127.24 -50.921 7.20208
    endloop
  endfacet
  facet normal 0 1 0
    outer loop
      vertex 126.97 -50.921 6.85
      vertex 119.914 -50.921 6.85
      vertex 119.644 -50.921 7.20208
    endloop
  endfacet
  facet normal 0 1 -0
    outer loop
      vertex 126.8 -50.921 6.43999
      vertex 119.914 -50.921 6.85
      vertex 126.97 -50.921 6.85
    endloop
  endfacet
  facet normal 0 1 0
    outer loop
      vertex 126.8 -50.921 6.43999
      vertex 120.084 -50.921 6.43999
      vertex 119.914 -50.921 6.85
    endloop
  endfacet
  facet normal 0 1 -0
    outer loop
      vertex 126.742 -50.921 6
      vertex 120.084 -50.921 6.43999
      vertex 126.8 -50.921 6.43999
    endloop
  endfacet
  facet normal 0 1 0
    outer loop
      vertex 126.742 -50.921 6
      vertex 120.142 -50.921 6
      vertex 120.084 -50.921 6.43999
    endloop
  endfacet
  facet normal 0 1 0
    outer loop
      vertex 126.8 -50.921 5.56001
      vertex 120.142 -50.921 6
      vertex 126.742 -50.921 6
    endloop
  endfacet
  facet normal 0 1 0
    outer loop
      vertex 126.8 -50.921 5.56001
      vertex 120.084 -50.921 5.56001
      vertex 120.142 -50.921 6
    endloop
  endfacet
  facet normal 0 1 0
    outer loop
      vertex 126.97 -50.921 5.15
      vertex 120.084 -50.921 5.56001
      vertex 126.8 -50.921 5.56001
    endloop
  endfacet
  facet normal 0 1 0
    outer loop
      vertex 126.97 -50.921 5.15
      vertex 119.914 -50.921 5.15
      vertex 120.084 -50.921 5.56001
    endloop
  endfacet
  facet normal 0 1 0
    outer loop
      vertex 127.24 -50.921 4.79792
      vertex 119.914 -50.921 5.15
      vertex 126.97 -50.921 5.15
    endloop
  endfacet
  facet normal 0 1 0
    outer loop
      vertex 127.24 -50.921 4.79792
      vertex 119.644 -50.921 4.79792
      vertex 119.914 -50.921 5.15
    endloop
  endfacet
  facet normal 0 1 0
    outer loop
      vertex 127.592 -50.921 4.52776
      vertex 119.644 -50.921 4.79792
      vertex 127.24 -50.921 4.79792
    endloop
  endfacet
  facet normal 0 1 0
    outer loop
      vertex 127.592 -50.921 4.52776
      vertex 119.292 -50.921 4.52776
      vertex 119.644 -50.921 4.79792
    endloop
  endfacet
  facet normal 0 1 0
    outer loop
      vertex 128.002 -50.921 4.35793
      vertex 119.292 -50.921 4.52776
      vertex 127.592 -50.921 4.52776
    endloop
  endfacet
  facet normal 0 1 0
    outer loop
      vertex 128.002 -50.921 4.35793
      vertex 118.882 -50.921 4.35793
      vertex 119.292 -50.921 4.52776
    endloop
  endfacet
  facet normal 0 1 0
    outer loop
      vertex 128.442 -50.921 4.3
      vertex 118.882 -50.921 4.35793
      vertex 128.002 -50.921 4.35793
    endloop
  endfacet
  facet normal 0 1 0
    outer loop
      vertex 118.882 -50.921 4.35793
      vertex 128.442 -50.921 4.3
      vertex 118.442 -50.921 4.3
    endloop
  endfacet
  facet normal 0 1 -0
    outer loop
      vertex 138.002 -50.921 7.64207
      vertex 128.442 -50.921 7.7
      vertex 138.442 -50.921 7.7
    endloop
  endfacet
  facet normal 0 1 0
    outer loop
      vertex 138.002 -50.921 7.64207
      vertex 128.882 -50.921 7.64207
      vertex 128.442 -50.921 7.7
    endloop
  endfacet
  facet normal 0 1 -0
    outer loop
      vertex 137.592 -50.921 7.47224
      vertex 128.882 -50.921 7.64207
      vertex 138.002 -50.921 7.64207
    endloop
  endfacet
  facet normal 0 1 0
    outer loop
      vertex 137.592 -50.921 7.47224
      vertex 129.292 -50.921 7.47224
      vertex 128.882 -50.921 7.64207
    endloop
  endfacet
  facet normal 0 1 -0
    outer loop
      vertex 137.24 -50.921 7.20208
      vertex 129.292 -50.921 7.47224
      vertex 137.592 -50.921 7.47224
    endloop
  endfacet
  facet normal 0 1 0
    outer loop
      vertex 137.24 -50.921 7.20208
      vertex 129.644 -50.921 7.20208
      vertex 129.292 -50.921 7.47224
    endloop
  endfacet
  facet normal 0 1 -0
    outer loop
      vertex 136.97 -50.921 6.85
      vertex 129.644 -50.921 7.20208
      vertex 137.24 -50.921 7.20208
    endloop
  endfacet
  facet normal 0 1 0
    outer loop
      vertex 136.97 -50.921 6.85
      vertex 129.914 -50.921 6.85
      vertex 129.644 -50.921 7.20208
    endloop
  endfacet
  facet normal 0 1 -0
    outer loop
      vertex 136.8 -50.921 6.43999
      vertex 129.914 -50.921 6.85
      vertex 136.97 -50.921 6.85
    endloop
  endfacet
  facet normal 0 1 0
    outer loop
      vertex 136.8 -50.921 6.43999
      vertex 130.084 -50.921 6.43999
      vertex 129.914 -50.921 6.85
    endloop
  endfacet
  facet normal 0 1 -0
    outer loop
      vertex 136.742 -50.921 6
      vertex 130.084 -50.921 6.43999
      vertex 136.8 -50.921 6.43999
    endloop
  endfacet
  facet normal 0 1 0
    outer loop
      vertex 136.742 -50.921 6
      vertex 130.142 -50.921 6
      vertex 130.084 -50.921 6.43999
    endloop
  endfacet
  facet normal 0 1 0
    outer loop
      vertex 136.8 -50.921 5.56001
      vertex 130.142 -50.921 6
      vertex 136.742 -50.921 6
    endloop
  endfacet
  facet normal 0 1 0
    outer loop
      vertex 136.8 -50.921 5.56001
      vertex 130.084 -50.921 5.56001
      vertex 130.142 -50.921 6
    endloop
  endfacet
  facet normal 0 1 0
    outer loop
      vertex 136.97 -50.921 5.15
      vertex 130.084 -50.921 5.56001
      vertex 136.8 -50.921 5.56001
    endloop
  endfacet
  facet normal 0 1 0
    outer loop
      vertex 136.97 -50.921 5.15
      vertex 129.914 -50.921 5.15
      vertex 130.084 -50.921 5.56001
    endloop
  endfacet
  facet normal 0 1 0
    outer loop
      vertex 137.24 -50.921 4.79792
      vertex 129.914 -50.921 5.15
      vertex 136.97 -50.921 5.15
    endloop
  endfacet
  facet normal 0 1 0
    outer loop
      vertex 137.24 -50.921 4.79792
      vertex 129.644 -50.921 4.79792
      vertex 129.914 -50.921 5.15
    endloop
  endfacet
  facet normal 0 1 0
    outer loop
      vertex 137.592 -50.921 4.52776
      vertex 129.644 -50.921 4.79792
      vertex 137.24 -50.921 4.79792
    endloop
  endfacet
  facet normal 0 1 0
    outer loop
      vertex 137.592 -50.921 4.52776
      vertex 129.292 -50.921 4.52776
      vertex 129.644 -50.921 4.79792
    endloop
  endfacet
  facet normal 0 1 0
    outer loop
      vertex 138.002 -50.921 4.35793
      vertex 129.292 -50.921 4.52776
      vertex 137.592 -50.921 4.52776
    endloop
  endfacet
  facet normal 0 1 0
    outer loop
      vertex 138.002 -50.921 4.35793
      vertex 128.882 -50.921 4.35793
      vertex 129.292 -50.921 4.52776
    endloop
  endfacet
  facet normal 0 1 0
    outer loop
      vertex 138.442 -50.921 4.3
      vertex 128.882 -50.921 4.35793
      vertex 138.002 -50.921 4.35793
    endloop
  endfacet
  facet normal 0 1 0
    outer loop
      vertex 128.882 -50.921 4.35793
      vertex 138.442 -50.921 4.3
      vertex 128.442 -50.921 4.3
    endloop
  endfacet
  facet normal 0 1 0
    outer loop
      vertex 138.882 -50.921 7.64207
      vertex 158.442 -50.921 12
      vertex 148.002 -50.921 7.64207
    endloop
  endfacet
  facet normal 0 1 0
    outer loop
      vertex 158.442 -50.921 12
      vertex 138.882 -50.921 7.64207
      vertex 138.442 -50.921 7.7
    endloop
  endfacet
  facet normal 0 1 -0
    outer loop
      vertex 147.592 -50.921 7.47224
      vertex 138.882 -50.921 7.64207
      vertex 148.002 -50.921 7.64207
    endloop
  endfacet
  facet normal 0 1 0
    outer loop
      vertex 147.592 -50.921 7.47224
      vertex 139.292 -50.921 7.47224
      vertex 138.882 -50.921 7.64207
    endloop
  endfacet
  facet normal 0 1 -0
    outer loop
      vertex 147.24 -50.921 7.20208
      vertex 139.292 -50.921 7.47224
      vertex 147.592 -50.921 7.47224
    endloop
  endfacet
  facet normal 0 1 0
    outer loop
      vertex 147.24 -50.921 7.20208
      vertex 139.644 -50.921 7.20208
      vertex 139.292 -50.921 7.47224
    endloop
  endfacet
  facet normal 0 1 -0
    outer loop
      vertex 146.97 -50.921 6.85
      vertex 139.644 -50.921 7.20208
      vertex 147.24 -50.921 7.20208
    endloop
  endfacet
  facet normal 0 1 0
    outer loop
      vertex 146.97 -50.921 6.85
      vertex 139.914 -50.921 6.85
      vertex 139.644 -50.921 7.20208
    endloop
  endfacet
  facet normal 0 1 -0
    outer loop
      vertex 146.8 -50.921 6.43999
      vertex 139.914 -50.921 6.85
      vertex 146.97 -50.921 6.85
    endloop
  endfacet
  facet normal 0 1 0
    outer loop
      vertex 146.8 -50.921 6.43999
      vertex 140.084 -50.921 6.43999
      vertex 139.914 -50.921 6.85
    endloop
  endfacet
  facet normal 0 1 -0
    outer loop
      vertex 146.742 -50.921 6
      vertex 140.084 -50.921 6.43999
      vertex 146.8 -50.921 6.43999
    endloop
  endfacet
  facet normal 0 1 0
    outer loop
      vertex 146.742 -50.921 6
      vertex 140.142 -50.921 6
      vertex 140.084 -50.921 6.43999
    endloop
  endfacet
  facet normal 0 1 0
    outer loop
      vertex 146.8 -50.921 5.56001
      vertex 140.142 -50.921 6
      vertex 146.742 -50.921 6
    endloop
  endfacet
  facet normal 0 1 0
    outer loop
      vertex 146.8 -50.921 5.56001
      vertex 140.084 -50.921 5.56001
      vertex 140.142 -50.921 6
    endloop
  endfacet
  facet normal 0 1 0
    outer loop
      vertex 146.97 -50.921 5.15
      vertex 140.084 -50.921 5.56001
      vertex 146.8 -50.921 5.56001
    endloop
  endfacet
  facet normal 0 1 0
    outer loop
      vertex 146.97 -50.921 5.15
      vertex 139.914 -50.921 5.15
      vertex 140.084 -50.921 5.56001
    endloop
  endfacet
  facet normal 0 1 0
    outer loop
      vertex 147.24 -50.921 4.79792
      vertex 139.914 -50.921 5.15
      vertex 146.97 -50.921 5.15
    endloop
  endfacet
  facet normal 0 1 0
    outer loop
      vertex 147.24 -50.921 4.79792
      vertex 139.644 -50.921 4.79792
      vertex 139.914 -50.921 5.15
    endloop
  endfacet
  facet normal 0 1 0
    outer loop
      vertex 147.592 -50.921 4.52776
      vertex 139.644 -50.921 4.79792
      vertex 147.24 -50.921 4.79792
    endloop
  endfacet
  facet normal 0 1 0
    outer loop
      vertex 147.592 -50.921 4.52776
      vertex 139.292 -50.921 4.52776
      vertex 139.644 -50.921 4.79792
    endloop
  endfacet
  facet normal 0 1 0
    outer loop
      vertex 148.002 -50.921 4.35793
      vertex 139.292 -50.921 4.52776
      vertex 147.592 -50.921 4.52776
    endloop
  endfacet
  facet normal 0 1 0
    outer loop
      vertex 148.002 -50.921 4.35793
      vertex 138.882 -50.921 4.35793
      vertex 139.292 -50.921 4.52776
    endloop
  endfacet
  facet normal 0 1 0
    outer loop
      vertex 158.442 -50.921 0
      vertex 148.002 -50.921 4.35793
      vertex 148.442 -50.921 4.3
    endloop
  endfacet
  facet normal 0 1 0
    outer loop
      vertex 148.002 -50.921 4.35793
      vertex 158.442 -50.921 0
      vertex 138.882 -50.921 4.35793
    endloop
  endfacet
  facet normal 0 1 0
    outer loop
      vertex 148.002 -50.921 7.64207
      vertex 158.442 -50.921 12
      vertex 148.442 -50.921 7.7
    endloop
  endfacet
  facet normal 0 1 0
    outer loop
      vertex 158.442 -50.921 12
      vertex 148.882 -50.921 7.64207
      vertex 148.442 -50.921 7.7
    endloop
  endfacet
  facet normal 0 1 0
    outer loop
      vertex 158.442 -50.921 12
      vertex 149.292 -50.921 7.47224
      vertex 148.882 -50.921 7.64207
    endloop
  endfacet
  facet normal 0 1 0
    outer loop
      vertex 158.442 -50.921 12
      vertex 149.644 -50.921 7.20208
      vertex 149.292 -50.921 7.47224
    endloop
  endfacet
  facet normal 0 1 0
    outer loop
      vertex 158.442 -50.921 12
      vertex 149.914 -50.921 6.85
      vertex 149.644 -50.921 7.20208
    endloop
  endfacet
  facet normal 0 1 0
    outer loop
      vertex 158.442 -50.921 12
      vertex 150.084 -50.921 6.43999
      vertex 149.914 -50.921 6.85
    endloop
  endfacet
  facet normal 0 1 0
    outer loop
      vertex 158.442 -50.921 12
      vertex 150.142 -50.921 6
      vertex 150.084 -50.921 6.43999
    endloop
  endfacet
  facet normal 0 1 -0
    outer loop
      vertex 158.442 -50.921 0
      vertex 150.142 -50.921 6
      vertex 158.442 -50.921 12
    endloop
  endfacet
  facet normal 0 1 0
    outer loop
      vertex 150.142 -50.921 6
      vertex 158.442 -50.921 0
      vertex 150.084 -50.921 5.56001
    endloop
  endfacet
  facet normal 0 1 0
    outer loop
      vertex 150.084 -50.921 5.56001
      vertex 158.442 -50.921 0
      vertex 149.914 -50.921 5.15
    endloop
  endfacet
  facet normal 0 1 0
    outer loop
      vertex 138.882 -50.921 4.35793
      vertex 158.442 -50.921 0
      vertex 138.442 -50.921 4.3
    endloop
  endfacet
  facet normal 0 1 0
    outer loop
      vertex 138.442 -50.921 4.3
      vertex 158.442 -50.921 0
      vertex 128.442 -50.921 4.3
    endloop
  endfacet
  facet normal 0 1 0
    outer loop
      vertex 128.442 -50.921 4.3
      vertex 158.442 -50.921 0
      vertex 118.442 -50.921 4.3
    endloop
  endfacet
  facet normal 0 1 0
    outer loop
      vertex 118.442 -50.921 4.3
      vertex 158.442 -50.921 0
      vertex 108.442 -50.921 4.3
    endloop
  endfacet
  facet normal 0 1 0
    outer loop
      vertex 70.442 -50.921 0
      vertex 108.442 -50.921 4.3
      vertex 158.442 -50.921 0
    endloop
  endfacet
  facet normal 0 1 0
    outer loop
      vertex 108.442 -50.921 4.3
      vertex 70.442 -50.921 0
      vertex 98.442 -50.921 4.3
    endloop
  endfacet
  facet normal 0 1 0
    outer loop
      vertex 148.882 -50.921 4.35793
      vertex 158.442 -50.921 0
      vertex 148.442 -50.921 4.3
    endloop
  endfacet
  facet normal 0 1 0
    outer loop
      vertex 149.292 -50.921 4.52776
      vertex 158.442 -50.921 0
      vertex 148.882 -50.921 4.35793
    endloop
  endfacet
  facet normal 0 1 0
    outer loop
      vertex 149.644 -50.921 4.79792
      vertex 158.442 -50.921 0
      vertex 149.292 -50.921 4.52776
    endloop
  endfacet
  facet normal 0 1 0
    outer loop
      vertex 149.914 -50.921 5.15
      vertex 158.442 -50.921 0
      vertex 149.644 -50.921 4.79792
    endloop
  endfacet
  facet normal 0 1 0
    outer loop
      vertex 128.442 -50.921 7.7
      vertex 158.442 -50.921 12
      vertex 138.442 -50.921 7.7
    endloop
  endfacet
  facet normal 0 1 0
    outer loop
      vertex 118.442 -50.921 7.7
      vertex 158.442 -50.921 12
      vertex 128.442 -50.921 7.7
    endloop
  endfacet
  facet normal 0 1 0
    outer loop
      vertex 158.442 -50.921 12
      vertex 118.442 -50.921 7.7
      vertex 70.442 -50.921 12
    endloop
  endfacet
  facet normal 0 1 -0
    outer loop
      vertex 108.442 -50.921 7.7
      vertex 70.442 -50.921 12
      vertex 118.442 -50.921 7.7
    endloop
  endfacet
  facet normal 0 1 -0
    outer loop
      vertex 98.442 -50.921 7.7
      vertex 70.442 -50.921 12
      vertex 108.442 -50.921 7.7
    endloop
  endfacet
  facet normal 0 1 -0
    outer loop
      vertex 88.442 -50.921 7.7
      vertex 70.442 -50.921 12
      vertex 98.442 -50.921 7.7
    endloop
  endfacet
  facet normal 0 1 -0
    outer loop
      vertex 88.002 -50.921 7.64207
      vertex 70.442 -50.921 12
      vertex 88.442 -50.921 7.7
    endloop
  endfacet
  facet normal 0 1 -0
    outer loop
      vertex 87.592 -50.921 7.47224
      vertex 70.442 -50.921 12
      vertex 88.002 -50.921 7.64207
    endloop
  endfacet
  facet normal 0 1 -0
    outer loop
      vertex 87.2399 -50.921 7.20208
      vertex 70.442 -50.921 12
      vertex 87.592 -50.921 7.47224
    endloop
  endfacet
  facet normal 0 1 -0
    outer loop
      vertex 86.9698 -50.921 6.85
      vertex 70.442 -50.921 12
      vertex 87.2399 -50.921 7.20208
    endloop
  endfacet
  facet normal 0 1 -0
    outer loop
      vertex 86.7999 -50.921 6.43999
      vertex 70.442 -50.921 12
      vertex 86.9698 -50.921 6.85
    endloop
  endfacet
  facet normal 0 1 -0
    outer loop
      vertex 86.742 -50.921 6
      vertex 70.442 -50.921 12
      vertex 86.7999 -50.921 6.43999
    endloop
  endfacet
  facet normal 0 1 0
    outer loop
      vertex 70.442 -50.921 0
      vertex 86.742 -50.921 6
      vertex 86.7999 -50.921 5.56001
    endloop
  endfacet
  facet normal 0 1 0
    outer loop
      vertex 70.442 -50.921 0
      vertex 86.7999 -50.921 5.56001
      vertex 86.9698 -50.921 5.15
    endloop
  endfacet
  facet normal 0 1 0
    outer loop
      vertex 70.442 -50.921 0
      vertex 86.9698 -50.921 5.15
      vertex 87.2399 -50.921 4.79792
    endloop
  endfacet
  facet normal 0 1 0
    outer loop
      vertex 70.442 -50.921 0
      vertex 87.2399 -50.921 4.79792
      vertex 87.592 -50.921 4.52776
    endloop
  endfacet
  facet normal 0 1 0
    outer loop
      vertex 86.742 -50.921 6
      vertex 70.442 -50.921 0
      vertex 70.442 -50.921 12
    endloop
  endfacet
  facet normal 0 1 0
    outer loop
      vertex 88.002 -50.921 4.35793
      vertex 70.442 -50.921 0
      vertex 87.592 -50.921 4.52776
    endloop
  endfacet
  facet normal 0 1 0
    outer loop
      vertex 88.442 -50.921 4.3
      vertex 70.442 -50.921 0
      vertex 88.002 -50.921 4.35793
    endloop
  endfacet
  facet normal 0 1 0
    outer loop
      vertex 98.442 -50.921 4.3
      vertex 70.442 -50.921 0
      vertex 88.442 -50.921 4.3
    endloop
  endfacet
  facet normal 0 -1 0
    outer loop
      vertex 41.4412 -50.921 0
      vertex 43.4428 -50.921 12
      vertex 41.4412 -50.921 12
    endloop
  endfacet
  facet normal 0 -1 -0
    outer loop
      vertex 43.4428 -50.921 12
      vertex 41.4412 -50.921 0
      vertex 43.4428 -50.921 0
    endloop
  endfacet
  facet normal 0 -1 0
    outer loop
      vertex 148.002 -63.421 7.64207
      vertex 158.442 -63.421 12
      vertex 138.882 -63.421 7.64207
    endloop
  endfacet
  facet normal 0 -1 0
    outer loop
      vertex 158.442 -63.421 12
      vertex 148.002 -63.421 7.64207
      vertex 148.442 -63.421 7.7
    endloop
  endfacet
  facet normal 0 -1 0
    outer loop
      vertex 139.292 -63.421 7.47224
      vertex 148.002 -63.421 7.64207
      vertex 138.882 -63.421 7.64207
    endloop
  endfacet
  facet normal 0 -1 0
    outer loop
      vertex 139.292 -63.421 7.47224
      vertex 147.592 -63.421 7.47224
      vertex 148.002 -63.421 7.64207
    endloop
  endfacet
  facet normal 0 -1 0
    outer loop
      vertex 139.644 -63.421 7.20208
      vertex 147.592 -63.421 7.47224
      vertex 139.292 -63.421 7.47224
    endloop
  endfacet
  facet normal 0 -1 0
    outer loop
      vertex 139.644 -63.421 7.20208
      vertex 147.24 -63.421 7.20208
      vertex 147.592 -63.421 7.47224
    endloop
  endfacet
  facet normal 0 -1 0
    outer loop
      vertex 139.914 -63.421 6.85
      vertex 147.24 -63.421 7.20208
      vertex 139.644 -63.421 7.20208
    endloop
  endfacet
  facet normal 0 -1 0
    outer loop
      vertex 139.914 -63.421 6.85
      vertex 146.97 -63.421 6.85
      vertex 147.24 -63.421 7.20208
    endloop
  endfacet
  facet normal 0 -1 0
    outer loop
      vertex 140.084 -63.421 6.43999
      vertex 146.97 -63.421 6.85
      vertex 139.914 -63.421 6.85
    endloop
  endfacet
  facet normal 0 -1 0
    outer loop
      vertex 140.084 -63.421 6.43999
      vertex 146.8 -63.421 6.43999
      vertex 146.97 -63.421 6.85
    endloop
  endfacet
  facet normal 0 -1 0
    outer loop
      vertex 140.142 -63.421 6
      vertex 146.8 -63.421 6.43999
      vertex 140.084 -63.421 6.43999
    endloop
  endfacet
  facet normal 0 -1 0
    outer loop
      vertex 140.142 -63.421 6
      vertex 146.742 -63.421 6
      vertex 146.8 -63.421 6.43999
    endloop
  endfacet
  facet normal 0 -1 0
    outer loop
      vertex 140.084 -63.421 5.56001
      vertex 146.742 -63.421 6
      vertex 140.142 -63.421 6
    endloop
  endfacet
  facet normal 0 -1 0
    outer loop
      vertex 140.084 -63.421 5.56001
      vertex 146.8 -63.421 5.56001
      vertex 146.742 -63.421 6
    endloop
  endfacet
  facet normal 0 -1 0
    outer loop
      vertex 139.914 -63.421 5.15
      vertex 146.8 -63.421 5.56001
      vertex 140.084 -63.421 5.56001
    endloop
  endfacet
  facet normal 0 -1 0
    outer loop
      vertex 139.914 -63.421 5.15
      vertex 146.97 -63.421 5.15
      vertex 146.8 -63.421 5.56001
    endloop
  endfacet
  facet normal 0 -1 0
    outer loop
      vertex 139.644 -63.421 4.79792
      vertex 146.97 -63.421 5.15
      vertex 139.914 -63.421 5.15
    endloop
  endfacet
  facet normal 0 -1 0
    outer loop
      vertex 139.644 -63.421 4.79792
      vertex 147.24 -63.421 4.79792
      vertex 146.97 -63.421 5.15
    endloop
  endfacet
  facet normal 0 -1 0
    outer loop
      vertex 139.292 -63.421 4.52776
      vertex 147.24 -63.421 4.79792
      vertex 139.644 -63.421 4.79792
    endloop
  endfacet
  facet normal 0 -1 0
    outer loop
      vertex 139.292 -63.421 4.52776
      vertex 147.592 -63.421 4.52776
      vertex 147.24 -63.421 4.79792
    endloop
  endfacet
  facet normal 0 -1 0
    outer loop
      vertex 138.882 -63.421 4.35793
      vertex 147.592 -63.421 4.52776
      vertex 139.292 -63.421 4.52776
    endloop
  endfacet
  facet normal 0 -1 0
    outer loop
      vertex 138.882 -63.421 4.35793
      vertex 148.002 -63.421 4.35793
      vertex 147.592 -63.421 4.52776
    endloop
  endfacet
  facet normal 0 -1 0
    outer loop
      vertex 158.442 -63.421 0
      vertex 138.882 -63.421 4.35793
      vertex 138.442 -63.421 4.3
    endloop
  endfacet
  facet normal 0 -1 0
    outer loop
      vertex 138.882 -63.421 4.35793
      vertex 158.442 -63.421 0
      vertex 148.002 -63.421 4.35793
    endloop
  endfacet
  facet normal 0 -1 0
    outer loop
      vertex 128.882 -63.421 7.64207
      vertex 138.442 -63.421 7.7
      vertex 128.442 -63.421 7.7
    endloop
  endfacet
  facet normal 0 -1 0
    outer loop
      vertex 128.882 -63.421 7.64207
      vertex 138.002 -63.421 7.64207
      vertex 138.442 -63.421 7.7
    endloop
  endfacet
  facet normal 0 -1 0
    outer loop
      vertex 129.292 -63.421 7.47224
      vertex 138.002 -63.421 7.64207
      vertex 128.882 -63.421 7.64207
    endloop
  endfacet
  facet normal 0 -1 0
    outer loop
      vertex 129.292 -63.421 7.47224
      vertex 137.592 -63.421 7.47224
      vertex 138.002 -63.421 7.64207
    endloop
  endfacet
  facet normal 0 -1 0
    outer loop
      vertex 129.644 -63.421 7.20208
      vertex 137.592 -63.421 7.47224
      vertex 129.292 -63.421 7.47224
    endloop
  endfacet
  facet normal 0 -1 0
    outer loop
      vertex 129.644 -63.421 7.20208
      vertex 137.24 -63.421 7.20208
      vertex 137.592 -63.421 7.47224
    endloop
  endfacet
  facet normal 0 -1 0
    outer loop
      vertex 129.914 -63.421 6.85
      vertex 137.24 -63.421 7.20208
      vertex 129.644 -63.421 7.20208
    endloop
  endfacet
  facet normal 0 -1 0
    outer loop
      vertex 129.914 -63.421 6.85
      vertex 136.97 -63.421 6.85
      vertex 137.24 -63.421 7.20208
    endloop
  endfacet
  facet normal 0 -1 0
    outer loop
      vertex 130.084 -63.421 6.43999
      vertex 136.97 -63.421 6.85
      vertex 129.914 -63.421 6.85
    endloop
  endfacet
  facet normal 0 -1 0
    outer loop
      vertex 130.084 -63.421 6.43999
      vertex 136.8 -63.421 6.43999
      vertex 136.97 -63.421 6.85
    endloop
  endfacet
  facet normal 0 -1 0
    outer loop
      vertex 130.142 -63.421 6
      vertex 136.8 -63.421 6.43999
      vertex 130.084 -63.421 6.43999
    endloop
  endfacet
  facet normal 0 -1 0
    outer loop
      vertex 130.142 -63.421 6
      vertex 136.742 -63.421 6
      vertex 136.8 -63.421 6.43999
    endloop
  endfacet
  facet normal 0 -1 0
    outer loop
      vertex 130.084 -63.421 5.56001
      vertex 136.742 -63.421 6
      vertex 130.142 -63.421 6
    endloop
  endfacet
  facet normal 0 -1 0
    outer loop
      vertex 130.084 -63.421 5.56001
      vertex 136.8 -63.421 5.56001
      vertex 136.742 -63.421 6
    endloop
  endfacet
  facet normal 0 -1 0
    outer loop
      vertex 129.914 -63.421 5.15
      vertex 136.8 -63.421 5.56001
      vertex 130.084 -63.421 5.56001
    endloop
  endfacet
  facet normal 0 -1 0
    outer loop
      vertex 129.914 -63.421 5.15
      vertex 136.97 -63.421 5.15
      vertex 136.8 -63.421 5.56001
    endloop
  endfacet
  facet normal 0 -1 0
    outer loop
      vertex 129.644 -63.421 4.79792
      vertex 136.97 -63.421 5.15
      vertex 129.914 -63.421 5.15
    endloop
  endfacet
  facet normal 0 -1 0
    outer loop
      vertex 129.644 -63.421 4.79792
      vertex 137.24 -63.421 4.79792
      vertex 136.97 -63.421 5.15
    endloop
  endfacet
  facet normal 0 -1 0
    outer loop
      vertex 129.292 -63.421 4.52776
      vertex 137.24 -63.421 4.79792
      vertex 129.644 -63.421 4.79792
    endloop
  endfacet
  facet normal 0 -1 0
    outer loop
      vertex 129.292 -63.421 4.52776
      vertex 137.592 -63.421 4.52776
      vertex 137.24 -63.421 4.79792
    endloop
  endfacet
  facet normal 0 -1 0
    outer loop
      vertex 128.882 -63.421 4.35793
      vertex 137.592 -63.421 4.52776
      vertex 129.292 -63.421 4.52776
    endloop
  endfacet
  facet normal 0 -1 0
    outer loop
      vertex 128.882 -63.421 4.35793
      vertex 138.002 -63.421 4.35793
      vertex 137.592 -63.421 4.52776
    endloop
  endfacet
  facet normal 0 -1 0
    outer loop
      vertex 128.442 -63.421 4.3
      vertex 138.002 -63.421 4.35793
      vertex 128.882 -63.421 4.35793
    endloop
  endfacet
  facet normal 0 -1 -0
    outer loop
      vertex 138.002 -63.421 4.35793
      vertex 128.442 -63.421 4.3
      vertex 138.442 -63.421 4.3
    endloop
  endfacet
  facet normal 0 -1 0
    outer loop
      vertex 118.882 -63.421 7.64207
      vertex 128.442 -63.421 7.7
      vertex 118.442 -63.421 7.7
    endloop
  endfacet
  facet normal 0 -1 0
    outer loop
      vertex 118.882 -63.421 7.64207
      vertex 128.002 -63.421 7.64207
      vertex 128.442 -63.421 7.7
    endloop
  endfacet
  facet normal 0 -1 0
    outer loop
      vertex 119.292 -63.421 7.47224
      vertex 128.002 -63.421 7.64207
      vertex 118.882 -63.421 7.64207
    endloop
  endfacet
  facet normal 0 -1 0
    outer loop
      vertex 119.292 -63.421 7.47224
      vertex 127.592 -63.421 7.47224
      vertex 128.002 -63.421 7.64207
    endloop
  endfacet
  facet normal 0 -1 0
    outer loop
      vertex 119.644 -63.421 7.20208
      vertex 127.592 -63.421 7.47224
      vertex 119.292 -63.421 7.47224
    endloop
  endfacet
  facet normal 0 -1 0
    outer loop
      vertex 119.644 -63.421 7.20208
      vertex 127.24 -63.421 7.20208
      vertex 127.592 -63.421 7.47224
    endloop
  endfacet
  facet normal 0 -1 0
    outer loop
      vertex 119.914 -63.421 6.85
      vertex 127.24 -63.421 7.20208
      vertex 119.644 -63.421 7.20208
    endloop
  endfacet
  facet normal 0 -1 0
    outer loop
      vertex 119.914 -63.421 6.85
      vertex 126.97 -63.421 6.85
      vertex 127.24 -63.421 7.20208
    endloop
  endfacet
  facet normal 0 -1 0
    outer loop
      vertex 120.084 -63.421 6.43999
      vertex 126.97 -63.421 6.85
      vertex 119.914 -63.421 6.85
    endloop
  endfacet
  facet normal 0 -1 0
    outer loop
      vertex 120.084 -63.421 6.43999
      vertex 126.8 -63.421 6.43999
      vertex 126.97 -63.421 6.85
    endloop
  endfacet
  facet normal 0 -1 0
    outer loop
      vertex 120.142 -63.421 6
      vertex 126.8 -63.421 6.43999
      vertex 120.084 -63.421 6.43999
    endloop
  endfacet
  facet normal 0 -1 0
    outer loop
      vertex 120.142 -63.421 6
      vertex 126.742 -63.421 6
      vertex 126.8 -63.421 6.43999
    endloop
  endfacet
  facet normal 0 -1 0
    outer loop
      vertex 120.084 -63.421 5.56001
      vertex 126.742 -63.421 6
      vertex 120.142 -63.421 6
    endloop
  endfacet
  facet normal 0 -1 0
    outer loop
      vertex 120.084 -63.421 5.56001
      vertex 126.8 -63.421 5.56001
      vertex 126.742 -63.421 6
    endloop
  endfacet
  facet normal 0 -1 0
    outer loop
      vertex 119.914 -63.421 5.15
      vertex 126.8 -63.421 5.56001
      vertex 120.084 -63.421 5.56001
    endloop
  endfacet
  facet normal 0 -1 0
    outer loop
      vertex 119.914 -63.421 5.15
      vertex 126.97 -63.421 5.15
      vertex 126.8 -63.421 5.56001
    endloop
  endfacet
  facet normal 0 -1 0
    outer loop
      vertex 119.644 -63.421 4.79792
      vertex 126.97 -63.421 5.15
      vertex 119.914 -63.421 5.15
    endloop
  endfacet
  facet normal 0 -1 0
    outer loop
      vertex 119.644 -63.421 4.79792
      vertex 127.24 -63.421 4.79792
      vertex 126.97 -63.421 5.15
    endloop
  endfacet
  facet normal 0 -1 0
    outer loop
      vertex 119.292 -63.421 4.52776
      vertex 127.24 -63.421 4.79792
      vertex 119.644 -63.421 4.79792
    endloop
  endfacet
  facet normal 0 -1 0
    outer loop
      vertex 119.292 -63.421 4.52776
      vertex 127.592 -63.421 4.52776
      vertex 127.24 -63.421 4.79792
    endloop
  endfacet
  facet normal 0 -1 0
    outer loop
      vertex 118.882 -63.421 4.35793
      vertex 127.592 -63.421 4.52776
      vertex 119.292 -63.421 4.52776
    endloop
  endfacet
  facet normal 0 -1 0
    outer loop
      vertex 118.882 -63.421 4.35793
      vertex 128.002 -63.421 4.35793
      vertex 127.592 -63.421 4.52776
    endloop
  endfacet
  facet normal 0 -1 0
    outer loop
      vertex 118.442 -63.421 4.3
      vertex 128.002 -63.421 4.35793
      vertex 118.882 -63.421 4.35793
    endloop
  endfacet
  facet normal 0 -1 -0
    outer loop
      vertex 128.002 -63.421 4.35793
      vertex 118.442 -63.421 4.3
      vertex 128.442 -63.421 4.3
    endloop
  endfacet
  facet normal 0 -1 0
    outer loop
      vertex 108.882 -63.421 7.64207
      vertex 118.442 -63.421 7.7
      vertex 108.442 -63.421 7.7
    endloop
  endfacet
  facet normal 0 -1 0
    outer loop
      vertex 108.882 -63.421 7.64207
      vertex 118.002 -63.421 7.64207
      vertex 118.442 -63.421 7.7
    endloop
  endfacet
  facet normal 0 -1 0
    outer loop
      vertex 109.292 -63.421 7.47224
      vertex 118.002 -63.421 7.64207
      vertex 108.882 -63.421 7.64207
    endloop
  endfacet
  facet normal 0 -1 0
    outer loop
      vertex 109.292 -63.421 7.47224
      vertex 117.592 -63.421 7.47224
      vertex 118.002 -63.421 7.64207
    endloop
  endfacet
  facet normal 0 -1 0
    outer loop
      vertex 109.644 -63.421 7.20208
      vertex 117.592 -63.421 7.47224
      vertex 109.292 -63.421 7.47224
    endloop
  endfacet
  facet normal 0 -1 0
    outer loop
      vertex 109.644 -63.421 7.20208
      vertex 117.24 -63.421 7.20208
      vertex 117.592 -63.421 7.47224
    endloop
  endfacet
  facet normal 0 -1 0
    outer loop
      vertex 109.914 -63.421 6.85
      vertex 117.24 -63.421 7.20208
      vertex 109.644 -63.421 7.20208
    endloop
  endfacet
  facet normal 0 -1 0
    outer loop
      vertex 109.914 -63.421 6.85
      vertex 116.97 -63.421 6.85
      vertex 117.24 -63.421 7.20208
    endloop
  endfacet
  facet normal 0 -1 0
    outer loop
      vertex 110.084 -63.421 6.43999
      vertex 116.97 -63.421 6.85
      vertex 109.914 -63.421 6.85
    endloop
  endfacet
  facet normal 0 -1 0
    outer loop
      vertex 110.084 -63.421 6.43999
      vertex 116.8 -63.421 6.43999
      vertex 116.97 -63.421 6.85
    endloop
  endfacet
  facet normal 0 -1 0
    outer loop
      vertex 110.142 -63.421 6
      vertex 116.8 -63.421 6.43999
      vertex 110.084 -63.421 6.43999
    endloop
  endfacet
  facet normal 0 -1 0
    outer loop
      vertex 110.142 -63.421 6
      vertex 116.742 -63.421 6
      vertex 116.8 -63.421 6.43999
    endloop
  endfacet
  facet normal 0 -1 0
    outer loop
      vertex 110.084 -63.421 5.56001
      vertex 116.742 -63.421 6
      vertex 110.142 -63.421 6
    endloop
  endfacet
  facet normal 0 -1 0
    outer loop
      vertex 110.084 -63.421 5.56001
      vertex 116.8 -63.421 5.56001
      vertex 116.742 -63.421 6
    endloop
  endfacet
  facet normal 0 -1 0
    outer loop
      vertex 109.914 -63.421 5.15
      vertex 116.8 -63.421 5.56001
      vertex 110.084 -63.421 5.56001
    endloop
  endfacet
  facet normal 0 -1 0
    outer loop
      vertex 109.914 -63.421 5.15
      vertex 116.97 -63.421 5.15
      vertex 116.8 -63.421 5.56001
    endloop
  endfacet
  facet normal 0 -1 0
    outer loop
      vertex 109.644 -63.421 4.79792
      vertex 116.97 -63.421 5.15
      vertex 109.914 -63.421 5.15
    endloop
  endfacet
  facet normal 0 -1 0
    outer loop
      vertex 109.644 -63.421 4.79792
      vertex 117.24 -63.421 4.79792
      vertex 116.97 -63.421 5.15
    endloop
  endfacet
  facet normal 0 -1 0
    outer loop
      vertex 109.292 -63.421 4.52776
      vertex 117.24 -63.421 4.79792
      vertex 109.644 -63.421 4.79792
    endloop
  endfacet
  facet normal 0 -1 0
    outer loop
      vertex 109.292 -63.421 4.52776
      vertex 117.592 -63.421 4.52776
      vertex 117.24 -63.421 4.79792
    endloop
  endfacet
  facet normal 0 -1 0
    outer loop
      vertex 108.882 -63.421 4.35793
      vertex 117.592 -63.421 4.52776
      vertex 109.292 -63.421 4.52776
    endloop
  endfacet
  facet normal 0 -1 0
    outer loop
      vertex 108.882 -63.421 4.35793
      vertex 118.002 -63.421 4.35793
      vertex 117.592 -63.421 4.52776
    endloop
  endfacet
  facet normal 0 -1 0
    outer loop
      vertex 108.442 -63.421 4.3
      vertex 118.002 -63.421 4.35793
      vertex 108.882 -63.421 4.35793
    endloop
  endfacet
  facet normal 0 -1 -0
    outer loop
      vertex 118.002 -63.421 4.35793
      vertex 108.442 -63.421 4.3
      vertex 118.442 -63.421 4.3
    endloop
  endfacet
  facet normal 0 -1 0
    outer loop
      vertex 98.882 -63.421 7.64207
      vertex 108.442 -63.421 7.7
      vertex 98.442 -63.421 7.7
    endloop
  endfacet
  facet normal 0 -1 0
    outer loop
      vertex 98.882 -63.421 7.64207
      vertex 108.002 -63.421 7.64207
      vertex 108.442 -63.421 7.7
    endloop
  endfacet
  facet normal 0 -1 0
    outer loop
      vertex 99.292 -63.421 7.47224
      vertex 108.002 -63.421 7.64207
      vertex 98.882 -63.421 7.64207
    endloop
  endfacet
  facet normal 0 -1 0
    outer loop
      vertex 99.292 -63.421 7.47224
      vertex 107.592 -63.421 7.47224
      vertex 108.002 -63.421 7.64207
    endloop
  endfacet
  facet normal 0 -1 0
    outer loop
      vertex 99.6441 -63.421 7.20208
      vertex 107.592 -63.421 7.47224
      vertex 99.292 -63.421 7.47224
    endloop
  endfacet
  facet normal 0 -1 0
    outer loop
      vertex 99.6441 -63.421 7.20208
      vertex 107.24 -63.421 7.20208
      vertex 107.592 -63.421 7.47224
    endloop
  endfacet
  facet normal 0 -1 0
    outer loop
      vertex 99.9142 -63.421 6.85
      vertex 107.24 -63.421 7.20208
      vertex 99.6441 -63.421 7.20208
    endloop
  endfacet
  facet normal 0 -1 0
    outer loop
      vertex 99.9142 -63.421 6.85
      vertex 106.97 -63.421 6.85
      vertex 107.24 -63.421 7.20208
    endloop
  endfacet
  facet normal 0 -1 0
    outer loop
      vertex 100.084 -63.421 6.43999
      vertex 106.97 -63.421 6.85
      vertex 99.9142 -63.421 6.85
    endloop
  endfacet
  facet normal 0 -1 0
    outer loop
      vertex 100.084 -63.421 6.43999
      vertex 106.8 -63.421 6.43999
      vertex 106.97 -63.421 6.85
    endloop
  endfacet
  facet normal 0 -1 0
    outer loop
      vertex 100.142 -63.421 6
      vertex 106.8 -63.421 6.43999
      vertex 100.084 -63.421 6.43999
    endloop
  endfacet
  facet normal 0 -1 0
    outer loop
      vertex 100.142 -63.421 6
      vertex 106.742 -63.421 6
      vertex 106.8 -63.421 6.43999
    endloop
  endfacet
  facet normal 0 -1 0
    outer loop
      vertex 100.084 -63.421 5.56001
      vertex 106.742 -63.421 6
      vertex 100.142 -63.421 6
    endloop
  endfacet
  facet normal 0 -1 0
    outer loop
      vertex 100.084 -63.421 5.56001
      vertex 106.8 -63.421 5.56001
      vertex 106.742 -63.421 6
    endloop
  endfacet
  facet normal 0 -1 0
    outer loop
      vertex 99.9142 -63.421 5.15
      vertex 106.8 -63.421 5.56001
      vertex 100.084 -63.421 5.56001
    endloop
  endfacet
  facet normal 0 -1 0
    outer loop
      vertex 99.9142 -63.421 5.15
      vertex 106.97 -63.421 5.15
      vertex 106.8 -63.421 5.56001
    endloop
  endfacet
  facet normal 0 -1 0
    outer loop
      vertex 99.6441 -63.421 4.79792
      vertex 106.97 -63.421 5.15
      vertex 99.9142 -63.421 5.15
    endloop
  endfacet
  facet normal 0 -1 0
    outer loop
      vertex 99.6441 -63.421 4.79792
      vertex 107.24 -63.421 4.79792
      vertex 106.97 -63.421 5.15
    endloop
  endfacet
  facet normal 0 -1 0
    outer loop
      vertex 99.292 -63.421 4.52776
      vertex 107.24 -63.421 4.79792
      vertex 99.6441 -63.421 4.79792
    endloop
  endfacet
  facet normal 0 -1 0
    outer loop
      vertex 99.292 -63.421 4.52776
      vertex 107.592 -63.421 4.52776
      vertex 107.24 -63.421 4.79792
    endloop
  endfacet
  facet normal 0 -1 0
    outer loop
      vertex 98.882 -63.421 4.35793
      vertex 107.592 -63.421 4.52776
      vertex 99.292 -63.421 4.52776
    endloop
  endfacet
  facet normal 0 -1 0
    outer loop
      vertex 98.882 -63.421 4.35793
      vertex 108.002 -63.421 4.35793
      vertex 107.592 -63.421 4.52776
    endloop
  endfacet
  facet normal 0 -1 0
    outer loop
      vertex 98.442 -63.421 4.3
      vertex 108.002 -63.421 4.35793
      vertex 98.882 -63.421 4.35793
    endloop
  endfacet
  facet normal 0 -1 -0
    outer loop
      vertex 108.002 -63.421 4.35793
      vertex 98.442 -63.421 4.3
      vertex 108.442 -63.421 4.3
    endloop
  endfacet
  facet normal 0 -1 0
    outer loop
      vertex 88.882 -63.421 7.64207
      vertex 98.442 -63.421 7.7
      vertex 88.442 -63.421 7.7
    endloop
  endfacet
  facet normal 0 -1 0
    outer loop
      vertex 88.882 -63.421 7.64207
      vertex 98.002 -63.421 7.64207
      vertex 98.442 -63.421 7.7
    endloop
  endfacet
  facet normal 0 -1 0
    outer loop
      vertex 89.292 -63.421 7.47224
      vertex 98.002 -63.421 7.64207
      vertex 88.882 -63.421 7.64207
    endloop
  endfacet
  facet normal 0 -1 0
    outer loop
      vertex 89.292 -63.421 7.47224
      vertex 97.592 -63.421 7.47224
      vertex 98.002 -63.421 7.64207
    endloop
  endfacet
  facet normal 0 -1 0
    outer loop
      vertex 89.6441 -63.421 7.20208
      vertex 97.592 -63.421 7.47224
      vertex 89.292 -63.421 7.47224
    endloop
  endfacet
  facet normal 0 -1 0
    outer loop
      vertex 89.6441 -63.421 7.20208
      vertex 97.2399 -63.421 7.20208
      vertex 97.592 -63.421 7.47224
    endloop
  endfacet
  facet normal 0 -1 0
    outer loop
      vertex 89.9142 -63.421 6.85
      vertex 97.2399 -63.421 7.20208
      vertex 89.6441 -63.421 7.20208
    endloop
  endfacet
  facet normal 0 -1 0
    outer loop
      vertex 89.9142 -63.421 6.85
      vertex 96.9698 -63.421 6.85
      vertex 97.2399 -63.421 7.20208
    endloop
  endfacet
  facet normal 0 -1 0
    outer loop
      vertex 90.0841 -63.421 6.43999
      vertex 96.9698 -63.421 6.85
      vertex 89.9142 -63.421 6.85
    endloop
  endfacet
  facet normal 0 -1 0
    outer loop
      vertex 90.0841 -63.421 6.43999
      vertex 96.7999 -63.421 6.43999
      vertex 96.9698 -63.421 6.85
    endloop
  endfacet
  facet normal 0 -1 0
    outer loop
      vertex 90.142 -63.421 6
      vertex 96.7999 -63.421 6.43999
      vertex 90.0841 -63.421 6.43999
    endloop
  endfacet
  facet normal 0 -1 0
    outer loop
      vertex 90.142 -63.421 6
      vertex 96.742 -63.421 6
      vertex 96.7999 -63.421 6.43999
    endloop
  endfacet
  facet normal 0 -1 0
    outer loop
      vertex 90.0841 -63.421 5.56001
      vertex 96.742 -63.421 6
      vertex 90.142 -63.421 6
    endloop
  endfacet
  facet normal 0 -1 0
    outer loop
      vertex 90.0841 -63.421 5.56001
      vertex 96.7999 -63.421 5.56001
      vertex 96.742 -63.421 6
    endloop
  endfacet
  facet normal 0 -1 0
    outer loop
      vertex 89.9142 -63.421 5.15
      vertex 96.7999 -63.421 5.56001
      vertex 90.0841 -63.421 5.56001
    endloop
  endfacet
  facet normal 0 -1 0
    outer loop
      vertex 89.9142 -63.421 5.15
      vertex 96.9698 -63.421 5.15
      vertex 96.7999 -63.421 5.56001
    endloop
  endfacet
  facet normal 0 -1 0
    outer loop
      vertex 89.6441 -63.421 4.79792
      vertex 96.9698 -63.421 5.15
      vertex 89.9142 -63.421 5.15
    endloop
  endfacet
  facet normal 0 -1 0
    outer loop
      vertex 89.6441 -63.421 4.79792
      vertex 97.2399 -63.421 4.79792
      vertex 96.9698 -63.421 5.15
    endloop
  endfacet
  facet normal 0 -1 0
    outer loop
      vertex 89.292 -63.421 4.52776
      vertex 97.2399 -63.421 4.79792
      vertex 89.6441 -63.421 4.79792
    endloop
  endfacet
  facet normal 0 -1 0
    outer loop
      vertex 89.292 -63.421 4.52776
      vertex 97.592 -63.421 4.52776
      vertex 97.2399 -63.421 4.79792
    endloop
  endfacet
  facet normal 0 -1 0
    outer loop
      vertex 88.882 -63.421 4.35793
      vertex 97.592 -63.421 4.52776
      vertex 89.292 -63.421 4.52776
    endloop
  endfacet
  facet normal 0 -1 0
    outer loop
      vertex 88.882 -63.421 4.35793
      vertex 98.002 -63.421 4.35793
      vertex 97.592 -63.421 4.52776
    endloop
  endfacet
  facet normal 0 -1 0
    outer loop
      vertex 88.442 -63.421 4.3
      vertex 98.002 -63.421 4.35793
      vertex 88.882 -63.421 4.35793
    endloop
  endfacet
  facet normal 0 -1 -0
    outer loop
      vertex 98.002 -63.421 4.35793
      vertex 88.442 -63.421 4.3
      vertex 98.442 -63.421 4.3
    endloop
  endfacet
  facet normal 0 -1 0
    outer loop
      vertex 14.079 -63.421 12
      vertex 88.442 -63.421 7.7
      vertex 158.442 -63.421 12
    endloop
  endfacet
  facet normal 0 -1 0
    outer loop
      vertex 14.079 -63.421 12
      vertex 88.002 -63.421 7.64207
      vertex 88.442 -63.421 7.7
    endloop
  endfacet
  facet normal 0 -1 0
    outer loop
      vertex 14.079 -63.421 12
      vertex 87.592 -63.421 7.47224
      vertex 88.002 -63.421 7.64207
    endloop
  endfacet
  facet normal 0 -1 0
    outer loop
      vertex 14.079 -63.421 12
      vertex 87.2399 -63.421 7.20208
      vertex 87.592 -63.421 7.47224
    endloop
  endfacet
  facet normal 0 -1 0
    outer loop
      vertex 14.079 -63.421 12
      vertex 86.9698 -63.421 6.85
      vertex 87.2399 -63.421 7.20208
    endloop
  endfacet
  facet normal 0 -1 0
    outer loop
      vertex 14.079 -63.421 12
      vertex 86.7999 -63.421 6.43999
      vertex 86.9698 -63.421 6.85
    endloop
  endfacet
  facet normal 0 -1 0
    outer loop
      vertex 14.079 -63.421 12
      vertex 86.742 -63.421 6
      vertex 86.7999 -63.421 6.43999
    endloop
  endfacet
  facet normal 0 -1 0
    outer loop
      vertex 14.079 -63.421 0
      vertex 86.742 -63.421 6
      vertex 14.079 -63.421 12
    endloop
  endfacet
  facet normal 0 -1 -0
    outer loop
      vertex 86.742 -63.421 6
      vertex 14.079 -63.421 0
      vertex 86.7999 -63.421 5.56001
    endloop
  endfacet
  facet normal 0 -1 -0
    outer loop
      vertex 86.7999 -63.421 5.56001
      vertex 14.079 -63.421 0
      vertex 86.9698 -63.421 5.15
    endloop
  endfacet
  facet normal 0 -1 -0
    outer loop
      vertex 86.9698 -63.421 5.15
      vertex 14.079 -63.421 0
      vertex 87.2399 -63.421 4.79792
    endloop
  endfacet
  facet normal 0 -1 -0
    outer loop
      vertex 87.2399 -63.421 4.79792
      vertex 14.079 -63.421 0
      vertex 87.592 -63.421 4.52776
    endloop
  endfacet
  facet normal 0 -1 -0
    outer loop
      vertex 87.592 -63.421 4.52776
      vertex 14.079 -63.421 0
      vertex 88.002 -63.421 4.35793
    endloop
  endfacet
  facet normal 0 -1 0
    outer loop
      vertex 158.442 -63.421 0
      vertex 98.442 -63.421 4.3
      vertex 88.442 -63.421 4.3
    endloop
  endfacet
  facet normal 0 -1 0
    outer loop
      vertex 98.442 -63.421 4.3
      vertex 158.442 -63.421 0
      vertex 108.442 -63.421 4.3
    endloop
  endfacet
  facet normal 0 -1 0
    outer loop
      vertex 108.442 -63.421 4.3
      vertex 158.442 -63.421 0
      vertex 118.442 -63.421 4.3
    endloop
  endfacet
  facet normal 0 -1 0
    outer loop
      vertex 118.442 -63.421 4.3
      vertex 158.442 -63.421 0
      vertex 128.442 -63.421 4.3
    endloop
  endfacet
  facet normal 0 -1 0
    outer loop
      vertex 128.442 -63.421 4.3
      vertex 158.442 -63.421 0
      vertex 138.442 -63.421 4.3
    endloop
  endfacet
  facet normal 0 -1 0
    outer loop
      vertex 158.442 -63.421 0
      vertex 88.442 -63.421 4.3
      vertex 14.079 -63.421 0
    endloop
  endfacet
  facet normal 0 -1 -0
    outer loop
      vertex 88.002 -63.421 4.35793
      vertex 14.079 -63.421 0
      vertex 88.442 -63.421 4.3
    endloop
  endfacet
  facet normal 0 -1 0
    outer loop
      vertex 98.442 -63.421 7.7
      vertex 158.442 -63.421 12
      vertex 88.442 -63.421 7.7
    endloop
  endfacet
  facet normal 0 -1 0
    outer loop
      vertex 108.442 -63.421 7.7
      vertex 158.442 -63.421 12
      vertex 98.442 -63.421 7.7
    endloop
  endfacet
  facet normal 0 -1 0
    outer loop
      vertex 118.442 -63.421 7.7
      vertex 158.442 -63.421 12
      vertex 108.442 -63.421 7.7
    endloop
  endfacet
  facet normal 0 -1 0
    outer loop
      vertex 128.442 -63.421 7.7
      vertex 158.442 -63.421 12
      vertex 118.442 -63.421 7.7
    endloop
  endfacet
  facet normal 0 -1 0
    outer loop
      vertex 138.442 -63.421 7.7
      vertex 158.442 -63.421 12
      vertex 128.442 -63.421 7.7
    endloop
  endfacet
  facet normal 0 -1 0
    outer loop
      vertex 138.882 -63.421 7.64207
      vertex 158.442 -63.421 12
      vertex 138.442 -63.421 7.7
    endloop
  endfacet
  facet normal 0 -1 0
    outer loop
      vertex 148.882 -63.421 7.64207
      vertex 158.442 -63.421 12
      vertex 148.442 -63.421 7.7
    endloop
  endfacet
  facet normal 0 -1 0
    outer loop
      vertex 149.292 -63.421 7.47224
      vertex 158.442 -63.421 12
      vertex 148.882 -63.421 7.64207
    endloop
  endfacet
  facet normal 0 -1 0
    outer loop
      vertex 149.644 -63.421 7.20208
      vertex 158.442 -63.421 12
      vertex 149.292 -63.421 7.47224
    endloop
  endfacet
  facet normal 0 -1 0
    outer loop
      vertex 149.914 -63.421 6.85
      vertex 158.442 -63.421 12
      vertex 149.644 -63.421 7.20208
    endloop
  endfacet
  facet normal 0 -1 0
    outer loop
      vertex 150.084 -63.421 6.43999
      vertex 158.442 -63.421 12
      vertex 149.914 -63.421 6.85
    endloop
  endfacet
  facet normal 0 -1 0
    outer loop
      vertex 150.142 -63.421 6
      vertex 158.442 -63.421 12
      vertex 150.084 -63.421 6.43999
    endloop
  endfacet
  facet normal 0 -1 0
    outer loop
      vertex 158.442 -63.421 0
      vertex 150.142 -63.421 6
      vertex 150.084 -63.421 5.56001
    endloop
  endfacet
  facet normal 0 -1 0
    outer loop
      vertex 158.442 -63.421 0
      vertex 150.084 -63.421 5.56001
      vertex 149.914 -63.421 5.15
    endloop
  endfacet
  facet normal 0 -1 0
    outer loop
      vertex 158.442 -63.421 0
      vertex 149.914 -63.421 5.15
      vertex 149.644 -63.421 4.79792
    endloop
  endfacet
  facet normal 0 -1 0
    outer loop
      vertex 150.142 -63.421 6
      vertex 158.442 -63.421 0
      vertex 158.442 -63.421 12
    endloop
  endfacet
  facet normal 0 -1 0
    outer loop
      vertex 149.292 -63.421 4.52776
      vertex 158.442 -63.421 0
      vertex 149.644 -63.421 4.79792
    endloop
  endfacet
  facet normal 0 -1 0
    outer loop
      vertex 148.882 -63.421 4.35793
      vertex 158.442 -63.421 0
      vertex 149.292 -63.421 4.52776
    endloop
  endfacet
  facet normal 0 -1 0
    outer loop
      vertex 148.442 -63.421 4.3
      vertex 158.442 -63.421 0
      vertex 148.882 -63.421 4.35793
    endloop
  endfacet
  facet normal 0 -1 0
    outer loop
      vertex 148.002 -63.421 4.35793
      vertex 158.442 -63.421 0
      vertex 148.442 -63.421 4.3
    endloop
  endfacet
  facet normal 1 -0 0
    outer loop
      vertex 70.442 -50.921 12
      vertex 70.442 -42.421 0
      vertex 70.442 -42.421 12
    endloop
  endfacet
  facet normal 1 0 0
    outer loop
      vertex 70.442 -42.421 0
      vertex 70.442 -50.921 12
      vertex 70.442 -50.921 0
    endloop
  endfacet
  facet normal 0 1 -0
    outer loop
      vertex 70.442 -42.421 0
      vertex 48.079 -42.421 12
      vertex 70.442 -42.421 12
    endloop
  endfacet
  facet normal 0 1 0
    outer loop
      vertex 48.079 -42.421 12
      vertex 70.442 -42.421 0
      vertex 48.079 -42.421 0
    endloop
  endfacet
  facet normal -0.923745 0 0.383007
    outer loop
      vertex 149.914 -63.421 5.15
      vertex 150.084 -50.921 5.56001
      vertex 149.914 -50.921 5.15
    endloop
  endfacet
  facet normal -0.923745 0 0.383007
    outer loop
      vertex 150.084 -50.921 5.56001
      vertex 149.914 -63.421 5.15
      vertex 150.084 -63.421 5.56001
    endloop
  endfacet
  facet normal -0.991423 0 0.130691
    outer loop
      vertex 150.084 -63.421 5.56001
      vertex 150.142 -50.921 6
      vertex 150.084 -50.921 5.56001
    endloop
  endfacet
  facet normal -0.991423 0 0.130691
    outer loop
      vertex 150.142 -50.921 6
      vertex 150.084 -63.421 5.56001
      vertex 150.142 -63.421 6
    endloop
  endfacet
  facet normal -0.793528 0 -0.608534
    outer loop
      vertex 149.914 -63.421 6.85
      vertex 149.644 -50.921 7.20208
      vertex 149.914 -50.921 6.85
    endloop
  endfacet
  facet normal -0.793528 -0 -0.608534
    outer loop
      vertex 149.644 -50.921 7.20208
      vertex 149.914 -63.421 6.85
      vertex 149.644 -63.421 7.20208
    endloop
  endfacet
  facet normal 0.382688 0 0.923878
    outer loop
      vertex 147.592 -50.921 4.52776
      vertex 148.002 -63.421 4.35793
      vertex 148.002 -50.921 4.35793
    endloop
  endfacet
  facet normal 0.382688 0 0.923878
    outer loop
      vertex 148.002 -63.421 4.35793
      vertex 147.592 -50.921 4.52776
      vertex 147.592 -63.421 4.52776
    endloop
  endfacet
  facet normal -0.382688 0 0.923878
    outer loop
      vertex 148.882 -50.921 4.35793
      vertex 149.292 -63.421 4.52776
      vertex 149.292 -50.921 4.52776
    endloop
  endfacet
  facet normal -0.382688 0 0.923878
    outer loop
      vertex 149.292 -63.421 4.52776
      vertex 148.882 -50.921 4.35793
      vertex 148.882 -63.421 4.35793
    endloop
  endfacet
  facet normal 0.382688 0 -0.923878
    outer loop
      vertex 147.592 -63.421 7.47224
      vertex 148.002 -50.921 7.64207
      vertex 148.002 -63.421 7.64207
    endloop
  endfacet
  facet normal 0.382688 0 -0.923878
    outer loop
      vertex 148.002 -50.921 7.64207
      vertex 147.592 -63.421 7.47224
      vertex 147.592 -50.921 7.47224
    endloop
  endfacet
  facet normal 0.923745 0 -0.383007
    outer loop
      vertex 146.97 -63.421 6.85
      vertex 146.8 -50.921 6.43999
      vertex 146.97 -50.921 6.85
    endloop
  endfacet
  facet normal 0.923745 0 -0.383007
    outer loop
      vertex 146.8 -50.921 6.43999
      vertex 146.97 -63.421 6.85
      vertex 146.8 -63.421 6.43999
    endloop
  endfacet
  facet normal -0.382688 0 -0.923878
    outer loop
      vertex 148.882 -63.421 7.64207
      vertex 149.292 -50.921 7.47224
      vertex 149.292 -63.421 7.47224
    endloop
  endfacet
  facet normal -0.382688 0 -0.923878
    outer loop
      vertex 149.292 -50.921 7.47224
      vertex 148.882 -63.421 7.64207
      vertex 148.882 -50.921 7.64207
    endloop
  endfacet
  facet normal 0.991423 0 -0.130691
    outer loop
      vertex 146.8 -63.421 6.43999
      vertex 146.742 -50.921 6
      vertex 146.8 -50.921 6.43999
    endloop
  endfacet
  facet normal 0.991423 0 -0.130691
    outer loop
      vertex 146.742 -50.921 6
      vertex 146.8 -63.421 6.43999
      vertex 146.742 -63.421 6
    endloop
  endfacet
  facet normal 0.793528 -0 0.608534
    outer loop
      vertex 146.97 -63.421 5.15
      vertex 147.24 -50.921 4.79792
      vertex 146.97 -50.921 5.15
    endloop
  endfacet
  facet normal 0.793528 0 0.608534
    outer loop
      vertex 147.24 -50.921 4.79792
      vertex 146.97 -63.421 5.15
      vertex 147.24 -63.421 4.79792
    endloop
  endfacet
  facet normal -0.130533 0 0.991444
    outer loop
      vertex 148.442 -50.921 4.3
      vertex 148.882 -63.421 4.35793
      vertex 148.882 -50.921 4.35793
    endloop
  endfacet
  facet normal -0.130533 0 0.991444
    outer loop
      vertex 148.882 -63.421 4.35793
      vertex 148.442 -50.921 4.3
      vertex 148.442 -63.421 4.3
    endloop
  endfacet
  facet normal -0.608848 0 -0.793287
    outer loop
      vertex 149.292 -63.421 7.47224
      vertex 149.644 -50.921 7.20208
      vertex 149.644 -63.421 7.20208
    endloop
  endfacet
  facet normal -0.608848 0 -0.793287
    outer loop
      vertex 149.644 -50.921 7.20208
      vertex 149.292 -63.421 7.47224
      vertex 149.292 -50.921 7.47224
    endloop
  endfacet
  facet normal 0.130533 0 0.991444
    outer loop
      vertex 148.002 -50.921 4.35793
      vertex 148.442 -63.421 4.3
      vertex 148.442 -50.921 4.3
    endloop
  endfacet
  facet normal 0.130533 0 0.991444
    outer loop
      vertex 148.442 -63.421 4.3
      vertex 148.002 -50.921 4.35793
      vertex 148.002 -63.421 4.35793
    endloop
  endfacet
  facet normal 0.991423 -0 0.130691
    outer loop
      vertex 146.742 -63.421 6
      vertex 146.8 -50.921 5.56001
      vertex 146.742 -50.921 6
    endloop
  endfacet
  facet normal 0.991423 0 0.130691
    outer loop
      vertex 146.8 -50.921 5.56001
      vertex 146.742 -63.421 6
      vertex 146.8 -63.421 5.56001
    endloop
  endfacet
  facet normal 0.923745 -0 0.383007
    outer loop
      vertex 146.8 -63.421 5.56001
      vertex 146.97 -50.921 5.15
      vertex 146.8 -50.921 5.56001
    endloop
  endfacet
  facet normal 0.923745 0 0.383007
    outer loop
      vertex 146.97 -50.921 5.15
      vertex 146.8 -63.421 5.56001
      vertex 146.97 -63.421 5.15
    endloop
  endfacet
  facet normal -0.923745 0 -0.383007
    outer loop
      vertex 150.084 -63.421 6.43999
      vertex 149.914 -50.921 6.85
      vertex 150.084 -50.921 6.43999
    endloop
  endfacet
  facet normal -0.923745 -0 -0.383007
    outer loop
      vertex 149.914 -50.921 6.85
      vertex 150.084 -63.421 6.43999
      vertex 149.914 -63.421 6.85
    endloop
  endfacet
  facet normal 0.608848 0 0.793287
    outer loop
      vertex 147.24 -50.921 4.79792
      vertex 147.592 -63.421 4.52776
      vertex 147.592 -50.921 4.52776
    endloop
  endfacet
  facet normal 0.608848 0 0.793287
    outer loop
      vertex 147.592 -63.421 4.52776
      vertex 147.24 -50.921 4.79792
      vertex 147.24 -63.421 4.79792
    endloop
  endfacet
  facet normal -0.991423 0 -0.130691
    outer loop
      vertex 150.142 -63.421 6
      vertex 150.084 -50.921 6.43999
      vertex 150.142 -50.921 6
    endloop
  endfacet
  facet normal -0.991423 -0 -0.130691
    outer loop
      vertex 150.084 -50.921 6.43999
      vertex 150.142 -63.421 6
      vertex 150.084 -63.421 6.43999
    endloop
  endfacet
  facet normal 0.130533 0 -0.991444
    outer loop
      vertex 148.002 -63.421 7.64207
      vertex 148.442 -50.921 7.7
      vertex 148.442 -63.421 7.7
    endloop
  endfacet
  facet normal 0.130533 0 -0.991444
    outer loop
      vertex 148.442 -50.921 7.7
      vertex 148.002 -63.421 7.64207
      vertex 148.002 -50.921 7.64207
    endloop
  endfacet
  facet normal -0.608848 0 0.793287
    outer loop
      vertex 149.292 -50.921 4.52776
      vertex 149.644 -63.421 4.79792
      vertex 149.644 -50.921 4.79792
    endloop
  endfacet
  facet normal -0.608848 0 0.793287
    outer loop
      vertex 149.644 -63.421 4.79792
      vertex 149.292 -50.921 4.52776
      vertex 149.292 -63.421 4.52776
    endloop
  endfacet
  facet normal -0.793528 0 0.608534
    outer loop
      vertex 149.644 -63.421 4.79792
      vertex 149.914 -50.921 5.15
      vertex 149.644 -50.921 4.79792
    endloop
  endfacet
  facet normal -0.793528 0 0.608534
    outer loop
      vertex 149.914 -50.921 5.15
      vertex 149.644 -63.421 4.79792
      vertex 149.914 -63.421 5.15
    endloop
  endfacet
  facet normal -0.130533 0 -0.991444
    outer loop
      vertex 148.442 -63.421 7.7
      vertex 148.882 -50.921 7.64207
      vertex 148.882 -63.421 7.64207
    endloop
  endfacet
  facet normal -0.130533 0 -0.991444
    outer loop
      vertex 148.882 -50.921 7.64207
      vertex 148.442 -63.421 7.7
      vertex 148.442 -50.921 7.7
    endloop
  endfacet
  facet normal 0.793528 0 -0.608534
    outer loop
      vertex 147.24 -63.421 7.20208
      vertex 146.97 -50.921 6.85
      vertex 147.24 -50.921 7.20208
    endloop
  endfacet
  facet normal 0.793528 0 -0.608534
    outer loop
      vertex 146.97 -50.921 6.85
      vertex 147.24 -63.421 7.20208
      vertex 146.97 -63.421 6.85
    endloop
  endfacet
  facet normal 0.608848 0 -0.793287
    outer loop
      vertex 147.24 -63.421 7.20208
      vertex 147.592 -50.921 7.47224
      vertex 147.592 -63.421 7.47224
    endloop
  endfacet
  facet normal 0.608848 0 -0.793287
    outer loop
      vertex 147.592 -50.921 7.47224
      vertex 147.24 -63.421 7.20208
      vertex 147.24 -50.921 7.20208
    endloop
  endfacet
  facet normal -0.923745 0 0.383007
    outer loop
      vertex 139.914 -63.421 5.15
      vertex 140.084 -50.921 5.56001
      vertex 139.914 -50.921 5.15
    endloop
  endfacet
  facet normal -0.923745 0 0.383007
    outer loop
      vertex 140.084 -50.921 5.56001
      vertex 139.914 -63.421 5.15
      vertex 140.084 -63.421 5.56001
    endloop
  endfacet
  facet normal -0.991423 0 0.130691
    outer loop
      vertex 140.084 -63.421 5.56001
      vertex 140.142 -50.921 6
      vertex 140.084 -50.921 5.56001
    endloop
  endfacet
  facet normal -0.991423 0 0.130691
    outer loop
      vertex 140.142 -50.921 6
      vertex 140.084 -63.421 5.56001
      vertex 140.142 -63.421 6
    endloop
  endfacet
  facet normal -0.793528 0 -0.608534
    outer loop
      vertex 139.914 -63.421 6.85
      vertex 139.644 -50.921 7.20208
      vertex 139.914 -50.921 6.85
    endloop
  endfacet
  facet normal -0.793528 -0 -0.608534
    outer loop
      vertex 139.644 -50.921 7.20208
      vertex 139.914 -63.421 6.85
      vertex 139.644 -63.421 7.20208
    endloop
  endfacet
  facet normal 0.382688 0 0.923878
    outer loop
      vertex 137.592 -50.921 4.52776
      vertex 138.002 -63.421 4.35793
      vertex 138.002 -50.921 4.35793
    endloop
  endfacet
  facet normal 0.382688 0 0.923878
    outer loop
      vertex 138.002 -63.421 4.35793
      vertex 137.592 -50.921 4.52776
      vertex 137.592 -63.421 4.52776
    endloop
  endfacet
  facet normal -0.382688 0 0.923878
    outer loop
      vertex 138.882 -50.921 4.35793
      vertex 139.292 -63.421 4.52776
      vertex 139.292 -50.921 4.52776
    endloop
  endfacet
  facet normal -0.382688 0 0.923878
    outer loop
      vertex 139.292 -63.421 4.52776
      vertex 138.882 -50.921 4.35793
      vertex 138.882 -63.421 4.35793
    endloop
  endfacet
  facet normal 0.382688 0 -0.923878
    outer loop
      vertex 137.592 -63.421 7.47224
      vertex 138.002 -50.921 7.64207
      vertex 138.002 -63.421 7.64207
    endloop
  endfacet
  facet normal 0.382688 0 -0.923878
    outer loop
      vertex 138.002 -50.921 7.64207
      vertex 137.592 -63.421 7.47224
      vertex 137.592 -50.921 7.47224
    endloop
  endfacet
  facet normal 0.923745 0 -0.383007
    outer loop
      vertex 136.97 -63.421 6.85
      vertex 136.8 -50.921 6.43999
      vertex 136.97 -50.921 6.85
    endloop
  endfacet
  facet normal 0.923745 0 -0.383007
    outer loop
      vertex 136.8 -50.921 6.43999
      vertex 136.97 -63.421 6.85
      vertex 136.8 -63.421 6.43999
    endloop
  endfacet
  facet normal -0.382688 0 -0.923878
    outer loop
      vertex 138.882 -63.421 7.64207
      vertex 139.292 -50.921 7.47224
      vertex 139.292 -63.421 7.47224
    endloop
  endfacet
  facet normal -0.382688 0 -0.923878
    outer loop
      vertex 139.292 -50.921 7.47224
      vertex 138.882 -63.421 7.64207
      vertex 138.882 -50.921 7.64207
    endloop
  endfacet
  facet normal 0.991423 0 -0.130691
    outer loop
      vertex 136.8 -63.421 6.43999
      vertex 136.742 -50.921 6
      vertex 136.8 -50.921 6.43999
    endloop
  endfacet
  facet normal 0.991423 0 -0.130691
    outer loop
      vertex 136.742 -50.921 6
      vertex 136.8 -63.421 6.43999
      vertex 136.742 -63.421 6
    endloop
  endfacet
  facet normal 0.793528 -0 0.608534
    outer loop
      vertex 136.97 -63.421 5.15
      vertex 137.24 -50.921 4.79792
      vertex 136.97 -50.921 5.15
    endloop
  endfacet
  facet normal 0.793528 0 0.608534
    outer loop
      vertex 137.24 -50.921 4.79792
      vertex 136.97 -63.421 5.15
      vertex 137.24 -63.421 4.79792
    endloop
  endfacet
  facet normal -0.130533 0 0.991444
    outer loop
      vertex 138.442 -50.921 4.3
      vertex 138.882 -63.421 4.35793
      vertex 138.882 -50.921 4.35793
    endloop
  endfacet
  facet normal -0.130533 0 0.991444
    outer loop
      vertex 138.882 -63.421 4.35793
      vertex 138.442 -50.921 4.3
      vertex 138.442 -63.421 4.3
    endloop
  endfacet
  facet normal -0.608848 0 -0.793287
    outer loop
      vertex 139.292 -63.421 7.47224
      vertex 139.644 -50.921 7.20208
      vertex 139.644 -63.421 7.20208
    endloop
  endfacet
  facet normal -0.608848 0 -0.793287
    outer loop
      vertex 139.644 -50.921 7.20208
      vertex 139.292 -63.421 7.47224
      vertex 139.292 -50.921 7.47224
    endloop
  endfacet
  facet normal 0.130533 0 0.991444
    outer loop
      vertex 138.002 -50.921 4.35793
      vertex 138.442 -63.421 4.3
      vertex 138.442 -50.921 4.3
    endloop
  endfacet
  facet normal 0.130533 0 0.991444
    outer loop
      vertex 138.442 -63.421 4.3
      vertex 138.002 -50.921 4.35793
      vertex 138.002 -63.421 4.35793
    endloop
  endfacet
  facet normal 0.991423 -0 0.130691
    outer loop
      vertex 136.742 -63.421 6
      vertex 136.8 -50.921 5.56001
      vertex 136.742 -50.921 6
    endloop
  endfacet
  facet normal 0.991423 0 0.130691
    outer loop
      vertex 136.8 -50.921 5.56001
      vertex 136.742 -63.421 6
      vertex 136.8 -63.421 5.56001
    endloop
  endfacet
  facet normal 0.923745 -0 0.383007
    outer loop
      vertex 136.8 -63.421 5.56001
      vertex 136.97 -50.921 5.15
      vertex 136.8 -50.921 5.56001
    endloop
  endfacet
  facet normal 0.923745 0 0.383007
    outer loop
      vertex 136.97 -50.921 5.15
      vertex 136.8 -63.421 5.56001
      vertex 136.97 -63.421 5.15
    endloop
  endfacet
  facet normal -0.923745 0 -0.383007
    outer loop
      vertex 140.084 -63.421 6.43999
      vertex 139.914 -50.921 6.85
      vertex 140.084 -50.921 6.43999
    endloop
  endfacet
  facet normal -0.923745 -0 -0.383007
    outer loop
      vertex 139.914 -50.921 6.85
      vertex 140.084 -63.421 6.43999
      vertex 139.914 -63.421 6.85
    endloop
  endfacet
  facet normal 0.608848 0 0.793287
    outer loop
      vertex 137.24 -50.921 4.79792
      vertex 137.592 -63.421 4.52776
      vertex 137.592 -50.921 4.52776
    endloop
  endfacet
  facet normal 0.608848 0 0.793287
    outer loop
      vertex 137.592 -63.421 4.52776
      vertex 137.24 -50.921 4.79792
      vertex 137.24 -63.421 4.79792
    endloop
  endfacet
  facet normal -0.991423 0 -0.130691
    outer loop
      vertex 140.142 -63.421 6
      vertex 140.084 -50.921 6.43999
      vertex 140.142 -50.921 6
    endloop
  endfacet
  facet normal -0.991423 -0 -0.130691
    outer loop
      vertex 140.084 -50.921 6.43999
      vertex 140.142 -63.421 6
      vertex 140.084 -63.421 6.43999
    endloop
  endfacet
  facet normal 0.130533 0 -0.991444
    outer loop
      vertex 138.002 -63.421 7.64207
      vertex 138.442 -50.921 7.7
      vertex 138.442 -63.421 7.7
    endloop
  endfacet
  facet normal 0.130533 0 -0.991444
    outer loop
      vertex 138.442 -50.921 7.7
      vertex 138.002 -63.421 7.64207
      vertex 138.002 -50.921 7.64207
    endloop
  endfacet
  facet normal -0.608848 0 0.793287
    outer loop
      vertex 139.292 -50.921 4.52776
      vertex 139.644 -63.421 4.79792
      vertex 139.644 -50.921 4.79792
    endloop
  endfacet
  facet normal -0.608848 0 0.793287
    outer loop
      vertex 139.644 -63.421 4.79792
      vertex 139.292 -50.921 4.52776
      vertex 139.292 -63.421 4.52776
    endloop
  endfacet
  facet normal -0.793528 0 0.608534
    outer loop
      vertex 139.644 -63.421 4.79792
      vertex 139.914 -50.921 5.15
      vertex 139.644 -50.921 4.79792
    endloop
  endfacet
  facet normal -0.793528 0 0.608534
    outer loop
      vertex 139.914 -50.921 5.15
      vertex 139.644 -63.421 4.79792
      vertex 139.914 -63.421 5.15
    endloop
  endfacet
  facet normal -0.130533 0 -0.991444
    outer loop
      vertex 138.442 -63.421 7.7
      vertex 138.882 -50.921 7.64207
      vertex 138.882 -63.421 7.64207
    endloop
  endfacet
  facet normal -0.130533 0 -0.991444
    outer loop
      vertex 138.882 -50.921 7.64207
      vertex 138.442 -63.421 7.7
      vertex 138.442 -50.921 7.7
    endloop
  endfacet
  facet normal 0.793528 0 -0.608534
    outer loop
      vertex 137.24 -63.421 7.20208
      vertex 136.97 -50.921 6.85
      vertex 137.24 -50.921 7.20208
    endloop
  endfacet
  facet normal 0.793528 0 -0.608534
    outer loop
      vertex 136.97 -50.921 6.85
      vertex 137.24 -63.421 7.20208
      vertex 136.97 -63.421 6.85
    endloop
  endfacet
  facet normal 0.608848 0 -0.793287
    outer loop
      vertex 137.24 -63.421 7.20208
      vertex 137.592 -50.921 7.47224
      vertex 137.592 -63.421 7.47224
    endloop
  endfacet
  facet normal 0.608848 0 -0.793287
    outer loop
      vertex 137.592 -50.921 7.47224
      vertex 137.24 -63.421 7.20208
      vertex 137.24 -50.921 7.20208
    endloop
  endfacet
  facet normal -0.923745 0 0.383007
    outer loop
      vertex 129.914 -63.421 5.15
      vertex 130.084 -50.921 5.56001
      vertex 129.914 -50.921 5.15
    endloop
  endfacet
  facet normal -0.923745 0 0.383007
    outer loop
      vertex 130.084 -50.921 5.56001
      vertex 129.914 -63.421 5.15
      vertex 130.084 -63.421 5.56001
    endloop
  endfacet
  facet normal -0.991423 0 0.130691
    outer loop
      vertex 130.084 -63.421 5.56001
      vertex 130.142 -50.921 6
      vertex 130.084 -50.921 5.56001
    endloop
  endfacet
  facet normal -0.991423 0 0.130691
    outer loop
      vertex 130.142 -50.921 6
      vertex 130.084 -63.421 5.56001
      vertex 130.142 -63.421 6
    endloop
  endfacet
  facet normal -0.793528 0 -0.608534
    outer loop
      vertex 129.914 -63.421 6.85
      vertex 129.644 -50.921 7.20208
      vertex 129.914 -50.921 6.85
    endloop
  endfacet
  facet normal -0.793528 -0 -0.608534
    outer loop
      vertex 129.644 -50.921 7.20208
      vertex 129.914 -63.421 6.85
      vertex 129.644 -63.421 7.20208
    endloop
  endfacet
  facet normal 0.382688 0 0.923878
    outer loop
      vertex 127.592 -50.921 4.52776
      vertex 128.002 -63.421 4.35793
      vertex 128.002 -50.921 4.35793
    endloop
  endfacet
  facet normal 0.382688 0 0.923878
    outer loop
      vertex 128.002 -63.421 4.35793
      vertex 127.592 -50.921 4.52776
      vertex 127.592 -63.421 4.52776
    endloop
  endfacet
  facet normal -0.382688 0 0.923878
    outer loop
      vertex 128.882 -50.921 4.35793
      vertex 129.292 -63.421 4.52776
      vertex 129.292 -50.921 4.52776
    endloop
  endfacet
  facet normal -0.382688 0 0.923878
    outer loop
      vertex 129.292 -63.421 4.52776
      vertex 128.882 -50.921 4.35793
      vertex 128.882 -63.421 4.35793
    endloop
  endfacet
  facet normal 0.382688 0 -0.923878
    outer loop
      vertex 127.592 -63.421 7.47224
      vertex 128.002 -50.921 7.64207
      vertex 128.002 -63.421 7.64207
    endloop
  endfacet
  facet normal 0.382688 0 -0.923878
    outer loop
      vertex 128.002 -50.921 7.64207
      vertex 127.592 -63.421 7.47224
      vertex 127.592 -50.921 7.47224
    endloop
  endfacet
  facet normal 0.923745 0 -0.383007
    outer loop
      vertex 126.97 -63.421 6.85
      vertex 126.8 -50.921 6.43999
      vertex 126.97 -50.921 6.85
    endloop
  endfacet
  facet normal 0.923745 0 -0.383007
    outer loop
      vertex 126.8 -50.921 6.43999
      vertex 126.97 -63.421 6.85
      vertex 126.8 -63.421 6.43999
    endloop
  endfacet
  facet normal -0.382688 0 -0.923878
    outer loop
      vertex 128.882 -63.421 7.64207
      vertex 129.292 -50.921 7.47224
      vertex 129.292 -63.421 7.47224
    endloop
  endfacet
  facet normal -0.382688 0 -0.923878
    outer loop
      vertex 129.292 -50.921 7.47224
      vertex 128.882 -63.421 7.64207
      vertex 128.882 -50.921 7.64207
    endloop
  endfacet
  facet normal 0.991423 0 -0.130691
    outer loop
      vertex 126.8 -63.421 6.43999
      vertex 126.742 -50.921 6
      vertex 126.8 -50.921 6.43999
    endloop
  endfacet
  facet normal 0.991423 0 -0.130691
    outer loop
      vertex 126.742 -50.921 6
      vertex 126.8 -63.421 6.43999
      vertex 126.742 -63.421 6
    endloop
  endfacet
  facet normal 0.793528 -0 0.608534
    outer loop
      vertex 126.97 -63.421 5.15
      vertex 127.24 -50.921 4.79792
      vertex 126.97 -50.921 5.15
    endloop
  endfacet
  facet normal 0.793528 0 0.608534
    outer loop
      vertex 127.24 -50.921 4.79792
      vertex 126.97 -63.421 5.15
      vertex 127.24 -63.421 4.79792
    endloop
  endfacet
  facet normal -0.130533 0 0.991444
    outer loop
      vertex 128.442 -50.921 4.3
      vertex 128.882 -63.421 4.35793
      vertex 128.882 -50.921 4.35793
    endloop
  endfacet
  facet normal -0.130533 0 0.991444
    outer loop
      vertex 128.882 -63.421 4.35793
      vertex 128.442 -50.921 4.3
      vertex 128.442 -63.421 4.3
    endloop
  endfacet
  facet normal -0.608848 0 -0.793287
    outer loop
      vertex 129.292 -63.421 7.47224
      vertex 129.644 -50.921 7.20208
      vertex 129.644 -63.421 7.20208
    endloop
  endfacet
  facet normal -0.608848 0 -0.793287
    outer loop
      vertex 129.644 -50.921 7.20208
      vertex 129.292 -63.421 7.47224
      vertex 129.292 -50.921 7.47224
    endloop
  endfacet
  facet normal 0.130533 0 0.991444
    outer loop
      vertex 128.002 -50.921 4.35793
      vertex 128.442 -63.421 4.3
      vertex 128.442 -50.921 4.3
    endloop
  endfacet
  facet normal 0.130533 0 0.991444
    outer loop
      vertex 128.442 -63.421 4.3
      vertex 128.002 -50.921 4.35793
      vertex 128.002 -63.421 4.35793
    endloop
  endfacet
  facet normal 0.991423 -0 0.130691
    outer loop
      vertex 126.742 -63.421 6
      vertex 126.8 -50.921 5.56001
      vertex 126.742 -50.921 6
    endloop
  endfacet
  facet normal 0.991423 0 0.130691
    outer loop
      vertex 126.8 -50.921 5.56001
      vertex 126.742 -63.421 6
      vertex 126.8 -63.421 5.56001
    endloop
  endfacet
  facet normal 0.923745 -0 0.383007
    outer loop
      vertex 126.8 -63.421 5.56001
      vertex 126.97 -50.921 5.15
      vertex 126.8 -50.921 5.56001
    endloop
  endfacet
  facet normal 0.923745 0 0.383007
    outer loop
      vertex 126.97 -50.921 5.15
      vertex 126.8 -63.421 5.56001
      vertex 126.97 -63.421 5.15
    endloop
  endfacet
  facet normal -0.923745 0 -0.383007
    outer loop
      vertex 130.084 -63.421 6.43999
      vertex 129.914 -50.921 6.85
      vertex 130.084 -50.921 6.43999
    endloop
  endfacet
  facet normal -0.923745 -0 -0.383007
    outer loop
      vertex 129.914 -50.921 6.85
      vertex 130.084 -63.421 6.43999
      vertex 129.914 -63.421 6.85
    endloop
  endfacet
  facet normal 0.608848 0 0.793287
    outer loop
      vertex 127.24 -50.921 4.79792
      vertex 127.592 -63.421 4.52776
      vertex 127.592 -50.921 4.52776
    endloop
  endfacet
  facet normal 0.608848 0 0.793287
    outer loop
      vertex 127.592 -63.421 4.52776
      vertex 127.24 -50.921 4.79792
      vertex 127.24 -63.421 4.79792
    endloop
  endfacet
  facet normal -0.991423 0 -0.130691
    outer loop
      vertex 130.142 -63.421 6
      vertex 130.084 -50.921 6.43999
      vertex 130.142 -50.921 6
    endloop
  endfacet
  facet normal -0.991423 -0 -0.130691
    outer loop
      vertex 130.084 -50.921 6.43999
      vertex 130.142 -63.421 6
      vertex 130.084 -63.421 6.43999
    endloop
  endfacet
  facet normal 0.130533 0 -0.991444
    outer loop
      vertex 128.002 -63.421 7.64207
      vertex 128.442 -50.921 7.7
      vertex 128.442 -63.421 7.7
    endloop
  endfacet
  facet normal 0.130533 0 -0.991444
    outer loop
      vertex 128.442 -50.921 7.7
      vertex 128.002 -63.421 7.64207
      vertex 128.002 -50.921 7.64207
    endloop
  endfacet
  facet normal -0.608848 0 0.793287
    outer loop
      vertex 129.292 -50.921 4.52776
      vertex 129.644 -63.421 4.79792
      vertex 129.644 -50.921 4.79792
    endloop
  endfacet
  facet normal -0.608848 0 0.793287
    outer loop
      vertex 129.644 -63.421 4.79792
      vertex 129.292 -50.921 4.52776
      vertex 129.292 -63.421 4.52776
    endloop
  endfacet
  facet normal -0.793528 0 0.608534
    outer loop
      vertex 129.644 -63.421 4.79792
      vertex 129.914 -50.921 5.15
      vertex 129.644 -50.921 4.79792
    endloop
  endfacet
  facet normal -0.793528 0 0.608534
    outer loop
      vertex 129.914 -50.921 5.15
      vertex 129.644 -63.421 4.79792
      vertex 129.914 -63.421 5.15
    endloop
  endfacet
  facet normal -0.130533 0 -0.991444
    outer loop
      vertex 128.442 -63.421 7.7
      vertex 128.882 -50.921 7.64207
      vertex 128.882 -63.421 7.64207
    endloop
  endfacet
  facet normal -0.130533 0 -0.991444
    outer loop
      vertex 128.882 -50.921 7.64207
      vertex 128.442 -63.421 7.7
      vertex 128.442 -50.921 7.7
    endloop
  endfacet
  facet normal 0.793528 0 -0.608534
    outer loop
      vertex 127.24 -63.421 7.20208
      vertex 126.97 -50.921 6.85
      vertex 127.24 -50.921 7.20208
    endloop
  endfacet
  facet normal 0.793528 0 -0.608534
    outer loop
      vertex 126.97 -50.921 6.85
      vertex 127.24 -63.421 7.20208
      vertex 126.97 -63.421 6.85
    endloop
  endfacet
  facet normal 0.608848 0 -0.793287
    outer loop
      vertex 127.24 -63.421 7.20208
      vertex 127.592 -50.921 7.47224
      vertex 127.592 -63.421 7.47224
    endloop
  endfacet
  facet normal 0.608848 0 -0.793287
    outer loop
      vertex 127.592 -50.921 7.47224
      vertex 127.24 -63.421 7.20208
      vertex 127.24 -50.921 7.20208
    endloop
  endfacet
  facet normal 0.608848 0 -0.793287
    outer loop
      vertex 117.24 -63.421 7.20208
      vertex 117.592 -50.921 7.47224
      vertex 117.592 -63.421 7.47224
    endloop
  endfacet
  facet normal 0.608848 0 -0.793287
    outer loop
      vertex 117.592 -50.921 7.47224
      vertex 117.24 -63.421 7.20208
      vertex 117.24 -50.921 7.20208
    endloop
  endfacet
  facet normal -0.991423 0 0.130691
    outer loop
      vertex 120.084 -63.421 5.56001
      vertex 120.142 -50.921 6
      vertex 120.084 -50.921 5.56001
    endloop
  endfacet
  facet normal -0.991423 0 0.130691
    outer loop
      vertex 120.142 -50.921 6
      vertex 120.084 -63.421 5.56001
      vertex 120.142 -63.421 6
    endloop
  endfacet
  facet normal -0.923745 0 0.383007
    outer loop
      vertex 119.914 -63.421 5.15
      vertex 120.084 -50.921 5.56001
      vertex 119.914 -50.921 5.15
    endloop
  endfacet
  facet normal -0.923745 0 0.383007
    outer loop
      vertex 120.084 -50.921 5.56001
      vertex 119.914 -63.421 5.15
      vertex 120.084 -63.421 5.56001
    endloop
  endfacet
  facet normal 0.382688 0 0.923878
    outer loop
      vertex 117.592 -50.921 4.52776
      vertex 118.002 -63.421 4.35793
      vertex 118.002 -50.921 4.35793
    endloop
  endfacet
  facet normal 0.382688 0 0.923878
    outer loop
      vertex 118.002 -63.421 4.35793
      vertex 117.592 -50.921 4.52776
      vertex 117.592 -63.421 4.52776
    endloop
  endfacet
  facet normal -0.608848 0 -0.793287
    outer loop
      vertex 119.292 -63.421 7.47224
      vertex 119.644 -50.921 7.20208
      vertex 119.644 -63.421 7.20208
    endloop
  endfacet
  facet normal -0.608848 0 -0.793287
    outer loop
      vertex 119.644 -50.921 7.20208
      vertex 119.292 -63.421 7.47224
      vertex 119.292 -50.921 7.47224
    endloop
  endfacet
  facet normal 0.991423 0 -0.130691
    outer loop
      vertex 116.8 -63.421 6.43999
      vertex 116.742 -50.921 6
      vertex 116.8 -50.921 6.43999
    endloop
  endfacet
  facet normal 0.991423 0 -0.130691
    outer loop
      vertex 116.742 -50.921 6
      vertex 116.8 -63.421 6.43999
      vertex 116.742 -63.421 6
    endloop
  endfacet
  facet normal 0.608848 0 0.793287
    outer loop
      vertex 117.24 -50.921 4.79792
      vertex 117.592 -63.421 4.52776
      vertex 117.592 -50.921 4.52776
    endloop
  endfacet
  facet normal 0.608848 0 0.793287
    outer loop
      vertex 117.592 -63.421 4.52776
      vertex 117.24 -50.921 4.79792
      vertex 117.24 -63.421 4.79792
    endloop
  endfacet
  facet normal -0.793528 0 -0.608534
    outer loop
      vertex 119.914 -63.421 6.85
      vertex 119.644 -50.921 7.20208
      vertex 119.914 -50.921 6.85
    endloop
  endfacet
  facet normal -0.793528 -0 -0.608534
    outer loop
      vertex 119.644 -50.921 7.20208
      vertex 119.914 -63.421 6.85
      vertex 119.644 -63.421 7.20208
    endloop
  endfacet
  facet normal -0.923745 0 -0.383007
    outer loop
      vertex 120.084 -63.421 6.43999
      vertex 119.914 -50.921 6.85
      vertex 120.084 -50.921 6.43999
    endloop
  endfacet
  facet normal -0.923745 -0 -0.383007
    outer loop
      vertex 119.914 -50.921 6.85
      vertex 120.084 -63.421 6.43999
      vertex 119.914 -63.421 6.85
    endloop
  endfacet
  facet normal 0.382688 0 -0.923878
    outer loop
      vertex 117.592 -63.421 7.47224
      vertex 118.002 -50.921 7.64207
      vertex 118.002 -63.421 7.64207
    endloop
  endfacet
  facet normal 0.382688 0 -0.923878
    outer loop
      vertex 118.002 -50.921 7.64207
      vertex 117.592 -63.421 7.47224
      vertex 117.592 -50.921 7.47224
    endloop
  endfacet
  facet normal 0.793528 -0 0.608534
    outer loop
      vertex 116.97 -63.421 5.15
      vertex 117.24 -50.921 4.79792
      vertex 116.97 -50.921 5.15
    endloop
  endfacet
  facet normal 0.793528 0 0.608534
    outer loop
      vertex 117.24 -50.921 4.79792
      vertex 116.97 -63.421 5.15
      vertex 117.24 -63.421 4.79792
    endloop
  endfacet
  facet normal -0.793528 0 0.608534
    outer loop
      vertex 119.644 -63.421 4.79792
      vertex 119.914 -50.921 5.15
      vertex 119.644 -50.921 4.79792
    endloop
  endfacet
  facet normal -0.793528 0 0.608534
    outer loop
      vertex 119.914 -50.921 5.15
      vertex 119.644 -63.421 4.79792
      vertex 119.914 -63.421 5.15
    endloop
  endfacet
  facet normal 0.130533 0 -0.991444
    outer loop
      vertex 118.002 -63.421 7.64207
      vertex 118.442 -50.921 7.7
      vertex 118.442 -63.421 7.7
    endloop
  endfacet
  facet normal 0.130533 0 -0.991444
    outer loop
      vertex 118.442 -50.921 7.7
      vertex 118.002 -63.421 7.64207
      vertex 118.002 -50.921 7.64207
    endloop
  endfacet
  facet normal 0.991423 -0 0.130691
    outer loop
      vertex 116.742 -63.421 6
      vertex 116.8 -50.921 5.56001
      vertex 116.742 -50.921 6
    endloop
  endfacet
  facet normal 0.991423 0 0.130691
    outer loop
      vertex 116.8 -50.921 5.56001
      vertex 116.742 -63.421 6
      vertex 116.8 -63.421 5.56001
    endloop
  endfacet
  facet normal -0.382688 0 0.923878
    outer loop
      vertex 118.882 -50.921 4.35793
      vertex 119.292 -63.421 4.52776
      vertex 119.292 -50.921 4.52776
    endloop
  endfacet
  facet normal -0.382688 0 0.923878
    outer loop
      vertex 119.292 -63.421 4.52776
      vertex 118.882 -50.921 4.35793
      vertex 118.882 -63.421 4.35793
    endloop
  endfacet
  facet normal 0.130533 0 0.991444
    outer loop
      vertex 118.002 -50.921 4.35793
      vertex 118.442 -63.421 4.3
      vertex 118.442 -50.921 4.3
    endloop
  endfacet
  facet normal 0.130533 0 0.991444
    outer loop
      vertex 118.442 -63.421 4.3
      vertex 118.002 -50.921 4.35793
      vertex 118.002 -63.421 4.35793
    endloop
  endfacet
  facet normal -0.130533 0 0.991444
    outer loop
      vertex 118.442 -50.921 4.3
      vertex 118.882 -63.421 4.35793
      vertex 118.882 -50.921 4.35793
    endloop
  endfacet
  facet normal -0.130533 0 0.991444
    outer loop
      vertex 118.882 -63.421 4.35793
      vertex 118.442 -50.921 4.3
      vertex 118.442 -63.421 4.3
    endloop
  endfacet
  facet normal 0.923745 -0 0.383007
    outer loop
      vertex 116.8 -63.421 5.56001
      vertex 116.97 -50.921 5.15
      vertex 116.8 -50.921 5.56001
    endloop
  endfacet
  facet normal 0.923745 0 0.383007
    outer loop
      vertex 116.97 -50.921 5.15
      vertex 116.8 -63.421 5.56001
      vertex 116.97 -63.421 5.15
    endloop
  endfacet
  facet normal -0.608848 0 0.793287
    outer loop
      vertex 119.292 -50.921 4.52776
      vertex 119.644 -63.421 4.79792
      vertex 119.644 -50.921 4.79792
    endloop
  endfacet
  facet normal -0.608848 0 0.793287
    outer loop
      vertex 119.644 -63.421 4.79792
      vertex 119.292 -50.921 4.52776
      vertex 119.292 -63.421 4.52776
    endloop
  endfacet
  facet normal 0.793528 0 -0.608534
    outer loop
      vertex 117.24 -63.421 7.20208
      vertex 116.97 -50.921 6.85
      vertex 117.24 -50.921 7.20208
    endloop
  endfacet
  facet normal 0.793528 0 -0.608534
    outer loop
      vertex 116.97 -50.921 6.85
      vertex 117.24 -63.421 7.20208
      vertex 116.97 -63.421 6.85
    endloop
  endfacet
  facet normal -0.991423 0 -0.130691
    outer loop
      vertex 120.142 -63.421 6
      vertex 120.084 -50.921 6.43999
      vertex 120.142 -50.921 6
    endloop
  endfacet
  facet normal -0.991423 -0 -0.130691
    outer loop
      vertex 120.084 -50.921 6.43999
      vertex 120.142 -63.421 6
      vertex 120.084 -63.421 6.43999
    endloop
  endfacet
  facet normal -0.130533 0 -0.991444
    outer loop
      vertex 118.442 -63.421 7.7
      vertex 118.882 -50.921 7.64207
      vertex 118.882 -63.421 7.64207
    endloop
  endfacet
  facet normal -0.130533 0 -0.991444
    outer loop
      vertex 118.882 -50.921 7.64207
      vertex 118.442 -63.421 7.7
      vertex 118.442 -50.921 7.7
    endloop
  endfacet
  facet normal -0.382688 0 -0.923878
    outer loop
      vertex 118.882 -63.421 7.64207
      vertex 119.292 -50.921 7.47224
      vertex 119.292 -63.421 7.47224
    endloop
  endfacet
  facet normal -0.382688 0 -0.923878
    outer loop
      vertex 119.292 -50.921 7.47224
      vertex 118.882 -63.421 7.64207
      vertex 118.882 -50.921 7.64207
    endloop
  endfacet
  facet normal 0.923745 0 -0.383007
    outer loop
      vertex 116.97 -63.421 6.85
      vertex 116.8 -50.921 6.43999
      vertex 116.97 -50.921 6.85
    endloop
  endfacet
  facet normal 0.923745 0 -0.383007
    outer loop
      vertex 116.8 -50.921 6.43999
      vertex 116.97 -63.421 6.85
      vertex 116.8 -63.421 6.43999
    endloop
  endfacet
  facet normal -0.923745 0 0.383007
    outer loop
      vertex 109.914 -63.421 5.15
      vertex 110.084 -50.921 5.56001
      vertex 109.914 -50.921 5.15
    endloop
  endfacet
  facet normal -0.923745 0 0.383007
    outer loop
      vertex 110.084 -50.921 5.56001
      vertex 109.914 -63.421 5.15
      vertex 110.084 -63.421 5.56001
    endloop
  endfacet
  facet normal -0.991423 0 0.130691
    outer loop
      vertex 110.084 -63.421 5.56001
      vertex 110.142 -50.921 6
      vertex 110.084 -50.921 5.56001
    endloop
  endfacet
  facet normal -0.991423 0 0.130691
    outer loop
      vertex 110.142 -50.921 6
      vertex 110.084 -63.421 5.56001
      vertex 110.142 -63.421 6
    endloop
  endfacet
  facet normal -0.793528 0 -0.608534
    outer loop
      vertex 109.914 -63.421 6.85
      vertex 109.644 -50.921 7.20208
      vertex 109.914 -50.921 6.85
    endloop
  endfacet
  facet normal -0.793528 -0 -0.608534
    outer loop
      vertex 109.644 -50.921 7.20208
      vertex 109.914 -63.421 6.85
      vertex 109.644 -63.421 7.20208
    endloop
  endfacet
  facet normal 0.382688 0 0.923878
    outer loop
      vertex 107.592 -50.921 4.52776
      vertex 108.002 -63.421 4.35793
      vertex 108.002 -50.921 4.35793
    endloop
  endfacet
  facet normal 0.382688 0 0.923878
    outer loop
      vertex 108.002 -63.421 4.35793
      vertex 107.592 -50.921 4.52776
      vertex 107.592 -63.421 4.52776
    endloop
  endfacet
  facet normal -0.382688 0 0.923878
    outer loop
      vertex 108.882 -50.921 4.35793
      vertex 109.292 -63.421 4.52776
      vertex 109.292 -50.921 4.52776
    endloop
  endfacet
  facet normal -0.382688 0 0.923878
    outer loop
      vertex 109.292 -63.421 4.52776
      vertex 108.882 -50.921 4.35793
      vertex 108.882 -63.421 4.35793
    endloop
  endfacet
  facet normal 0.382688 0 -0.923878
    outer loop
      vertex 107.592 -63.421 7.47224
      vertex 108.002 -50.921 7.64207
      vertex 108.002 -63.421 7.64207
    endloop
  endfacet
  facet normal 0.382688 0 -0.923878
    outer loop
      vertex 108.002 -50.921 7.64207
      vertex 107.592 -63.421 7.47224
      vertex 107.592 -50.921 7.47224
    endloop
  endfacet
  facet normal 0.923745 0 -0.383007
    outer loop
      vertex 106.97 -63.421 6.85
      vertex 106.8 -50.921 6.43999
      vertex 106.97 -50.921 6.85
    endloop
  endfacet
  facet normal 0.923745 0 -0.383007
    outer loop
      vertex 106.8 -50.921 6.43999
      vertex 106.97 -63.421 6.85
      vertex 106.8 -63.421 6.43999
    endloop
  endfacet
  facet normal -0.382688 0 -0.923878
    outer loop
      vertex 108.882 -63.421 7.64207
      vertex 109.292 -50.921 7.47224
      vertex 109.292 -63.421 7.47224
    endloop
  endfacet
  facet normal -0.382688 0 -0.923878
    outer loop
      vertex 109.292 -50.921 7.47224
      vertex 108.882 -63.421 7.64207
      vertex 108.882 -50.921 7.64207
    endloop
  endfacet
  facet normal 0.991423 0 -0.130691
    outer loop
      vertex 106.8 -63.421 6.43999
      vertex 106.742 -50.921 6
      vertex 106.8 -50.921 6.43999
    endloop
  endfacet
  facet normal 0.991423 0 -0.130691
    outer loop
      vertex 106.742 -50.921 6
      vertex 106.8 -63.421 6.43999
      vertex 106.742 -63.421 6
    endloop
  endfacet
  facet normal 0.793528 -0 0.608534
    outer loop
      vertex 106.97 -63.421 5.15
      vertex 107.24 -50.921 4.79792
      vertex 106.97 -50.921 5.15
    endloop
  endfacet
  facet normal 0.793528 0 0.608534
    outer loop
      vertex 107.24 -50.921 4.79792
      vertex 106.97 -63.421 5.15
      vertex 107.24 -63.421 4.79792
    endloop
  endfacet
  facet normal -0.130533 0 0.991444
    outer loop
      vertex 108.442 -50.921 4.3
      vertex 108.882 -63.421 4.35793
      vertex 108.882 -50.921 4.35793
    endloop
  endfacet
  facet normal -0.130533 0 0.991444
    outer loop
      vertex 108.882 -63.421 4.35793
      vertex 108.442 -50.921 4.3
      vertex 108.442 -63.421 4.3
    endloop
  endfacet
  facet normal -0.608848 0 -0.793287
    outer loop
      vertex 109.292 -63.421 7.47224
      vertex 109.644 -50.921 7.20208
      vertex 109.644 -63.421 7.20208
    endloop
  endfacet
  facet normal -0.608848 0 -0.793287
    outer loop
      vertex 109.644 -50.921 7.20208
      vertex 109.292 -63.421 7.47224
      vertex 109.292 -50.921 7.47224
    endloop
  endfacet
  facet normal 0.130533 0 0.991444
    outer loop
      vertex 108.002 -50.921 4.35793
      vertex 108.442 -63.421 4.3
      vertex 108.442 -50.921 4.3
    endloop
  endfacet
  facet normal 0.130533 0 0.991444
    outer loop
      vertex 108.442 -63.421 4.3
      vertex 108.002 -50.921 4.35793
      vertex 108.002 -63.421 4.35793
    endloop
  endfacet
  facet normal 0.991423 -0 0.130691
    outer loop
      vertex 106.742 -63.421 6
      vertex 106.8 -50.921 5.56001
      vertex 106.742 -50.921 6
    endloop
  endfacet
  facet normal 0.991423 0 0.130691
    outer loop
      vertex 106.8 -50.921 5.56001
      vertex 106.742 -63.421 6
      vertex 106.8 -63.421 5.56001
    endloop
  endfacet
  facet normal 0.923745 -0 0.383007
    outer loop
      vertex 106.8 -63.421 5.56001
      vertex 106.97 -50.921 5.15
      vertex 106.8 -50.921 5.56001
    endloop
  endfacet
  facet normal 0.923745 0 0.383007
    outer loop
      vertex 106.97 -50.921 5.15
      vertex 106.8 -63.421 5.56001
      vertex 106.97 -63.421 5.15
    endloop
  endfacet
  facet normal -0.923745 0 -0.383007
    outer loop
      vertex 110.084 -63.421 6.43999
      vertex 109.914 -50.921 6.85
      vertex 110.084 -50.921 6.43999
    endloop
  endfacet
  facet normal -0.923745 -0 -0.383007
    outer loop
      vertex 109.914 -50.921 6.85
      vertex 110.084 -63.421 6.43999
      vertex 109.914 -63.421 6.85
    endloop
  endfacet
  facet normal 0.608848 0 0.793287
    outer loop
      vertex 107.24 -50.921 4.79792
      vertex 107.592 -63.421 4.52776
      vertex 107.592 -50.921 4.52776
    endloop
  endfacet
  facet normal 0.608848 0 0.793287
    outer loop
      vertex 107.592 -63.421 4.52776
      vertex 107.24 -50.921 4.79792
      vertex 107.24 -63.421 4.79792
    endloop
  endfacet
  facet normal -0.991423 0 -0.130691
    outer loop
      vertex 110.142 -63.421 6
      vertex 110.084 -50.921 6.43999
      vertex 110.142 -50.921 6
    endloop
  endfacet
  facet normal -0.991423 -0 -0.130691
    outer loop
      vertex 110.084 -50.921 6.43999
      vertex 110.142 -63.421 6
      vertex 110.084 -63.421 6.43999
    endloop
  endfacet
  facet normal 0.130533 0 -0.991444
    outer loop
      vertex 108.002 -63.421 7.64207
      vertex 108.442 -50.921 7.7
      vertex 108.442 -63.421 7.7
    endloop
  endfacet
  facet normal 0.130533 0 -0.991444
    outer loop
      vertex 108.442 -50.921 7.7
      vertex 108.002 -63.421 7.64207
      vertex 108.002 -50.921 7.64207
    endloop
  endfacet
  facet normal -0.608848 0 0.793287
    outer loop
      vertex 109.292 -50.921 4.52776
      vertex 109.644 -63.421 4.79792
      vertex 109.644 -50.921 4.79792
    endloop
  endfacet
  facet normal -0.608848 0 0.793287
    outer loop
      vertex 109.644 -63.421 4.79792
      vertex 109.292 -50.921 4.52776
      vertex 109.292 -63.421 4.52776
    endloop
  endfacet
  facet normal -0.793528 0 0.608534
    outer loop
      vertex 109.644 -63.421 4.79792
      vertex 109.914 -50.921 5.15
      vertex 109.644 -50.921 4.79792
    endloop
  endfacet
  facet normal -0.793528 0 0.608534
    outer loop
      vertex 109.914 -50.921 5.15
      vertex 109.644 -63.421 4.79792
      vertex 109.914 -63.421 5.15
    endloop
  endfacet
  facet normal -0.130533 0 -0.991444
    outer loop
      vertex 108.442 -63.421 7.7
      vertex 108.882 -50.921 7.64207
      vertex 108.882 -63.421 7.64207
    endloop
  endfacet
  facet normal -0.130533 0 -0.991444
    outer loop
      vertex 108.882 -50.921 7.64207
      vertex 108.442 -63.421 7.7
      vertex 108.442 -50.921 7.7
    endloop
  endfacet
  facet normal 0.793528 0 -0.608534
    outer loop
      vertex 107.24 -63.421 7.20208
      vertex 106.97 -50.921 6.85
      vertex 107.24 -50.921 7.20208
    endloop
  endfacet
  facet normal 0.793528 0 -0.608534
    outer loop
      vertex 106.97 -50.921 6.85
      vertex 107.24 -63.421 7.20208
      vertex 106.97 -63.421 6.85
    endloop
  endfacet
  facet normal 0.608848 0 -0.793287
    outer loop
      vertex 107.24 -63.421 7.20208
      vertex 107.592 -50.921 7.47224
      vertex 107.592 -63.421 7.47224
    endloop
  endfacet
  facet normal 0.608848 0 -0.793287
    outer loop
      vertex 107.592 -50.921 7.47224
      vertex 107.24 -63.421 7.20208
      vertex 107.24 -50.921 7.20208
    endloop
  endfacet
  facet normal 0.608739 0 -0.793371
    outer loop
      vertex 97.2399 -63.421 7.20208
      vertex 97.592 -50.921 7.47224
      vertex 97.592 -63.421 7.47224
    endloop
  endfacet
  facet normal 0.608739 0 -0.793371
    outer loop
      vertex 97.592 -50.921 7.47224
      vertex 97.2399 -63.421 7.20208
      vertex 97.2399 -50.921 7.20208
    endloop
  endfacet
  facet normal -0.923905 0 0.382622
    outer loop
      vertex 99.9142 -63.421 5.15
      vertex 100.084 -50.921 5.56001
      vertex 99.9142 -50.921 5.15
    endloop
  endfacet
  facet normal -0.923905 0 0.382622
    outer loop
      vertex 100.084 -50.921 5.56001
      vertex 99.9142 -63.421 5.15
      vertex 100.084 -63.421 5.56001
    endloop
  endfacet
  facet normal -0.991423 0 0.130691
    outer loop
      vertex 100.084 -63.421 5.56001
      vertex 100.142 -50.921 6
      vertex 100.084 -50.921 5.56001
    endloop
  endfacet
  facet normal -0.991423 0 0.130691
    outer loop
      vertex 100.142 -50.921 6
      vertex 100.084 -63.421 5.56001
      vertex 100.142 -63.421 6
    endloop
  endfacet
  facet normal 0.923825 -0 0.382815
    outer loop
      vertex 96.7999 -63.421 5.56001
      vertex 96.9698 -50.921 5.15
      vertex 96.7999 -50.921 5.56001
    endloop
  endfacet
  facet normal 0.923825 0 0.382815
    outer loop
      vertex 96.9698 -50.921 5.15
      vertex 96.7999 -63.421 5.56001
      vertex 96.9698 -63.421 5.15
    endloop
  endfacet
  facet normal -0.793419 0 -0.608676
    outer loop
      vertex 99.9142 -63.421 6.85
      vertex 99.6441 -50.921 7.20208
      vertex 99.9142 -50.921 6.85
    endloop
  endfacet
  facet normal -0.793419 -0 -0.608676
    outer loop
      vertex 99.6441 -50.921 7.20208
      vertex 99.9142 -63.421 6.85
      vertex 99.6441 -63.421 7.20208
    endloop
  endfacet
  facet normal -0.382688 0 0.923878
    outer loop
      vertex 98.882 -50.921 4.35793
      vertex 99.292 -63.421 4.52776
      vertex 99.292 -50.921 4.52776
    endloop
  endfacet
  facet normal -0.382688 0 0.923878
    outer loop
      vertex 99.292 -63.421 4.52776
      vertex 98.882 -50.921 4.35793
      vertex 98.882 -63.421 4.35793
    endloop
  endfacet
  facet normal 0.793419 0 -0.608676
    outer loop
      vertex 97.2399 -63.421 7.20208
      vertex 96.9698 -50.921 6.85
      vertex 97.2399 -50.921 7.20208
    endloop
  endfacet
  facet normal 0.793419 0 -0.608676
    outer loop
      vertex 96.9698 -50.921 6.85
      vertex 97.2399 -63.421 7.20208
      vertex 96.9698 -63.421 6.85
    endloop
  endfacet
  facet normal 0.923825 0 -0.382815
    outer loop
      vertex 96.9698 -63.421 6.85
      vertex 96.7999 -50.921 6.43999
      vertex 96.9698 -50.921 6.85
    endloop
  endfacet
  facet normal 0.923825 0 -0.382815
    outer loop
      vertex 96.7999 -50.921 6.43999
      vertex 96.9698 -63.421 6.85
      vertex 96.7999 -63.421 6.43999
    endloop
  endfacet
  facet normal 0.991452 -0 0.130469
    outer loop
      vertex 96.742 -63.421 6
      vertex 96.7999 -50.921 5.56001
      vertex 96.742 -50.921 6
    endloop
  endfacet
  facet normal 0.991452 0 0.130469
    outer loop
      vertex 96.7999 -50.921 5.56001
      vertex 96.742 -63.421 6
      vertex 96.7999 -63.421 5.56001
    endloop
  endfacet
  facet normal -0.382688 0 -0.923878
    outer loop
      vertex 98.882 -63.421 7.64207
      vertex 99.292 -50.921 7.47224
      vertex 99.292 -63.421 7.47224
    endloop
  endfacet
  facet normal -0.382688 0 -0.923878
    outer loop
      vertex 99.292 -50.921 7.47224
      vertex 98.882 -63.421 7.64207
      vertex 98.882 -50.921 7.64207
    endloop
  endfacet
  facet normal 0.991452 0 -0.130469
    outer loop
      vertex 96.7999 -63.421 6.43999
      vertex 96.742 -50.921 6
      vertex 96.7999 -50.921 6.43999
    endloop
  endfacet
  facet normal 0.991452 0 -0.130469
    outer loop
      vertex 96.742 -50.921 6
      vertex 96.7999 -63.421 6.43999
      vertex 96.742 -63.421 6
    endloop
  endfacet
  facet normal 0.793419 -0 0.608676
    outer loop
      vertex 96.9698 -63.421 5.15
      vertex 97.2399 -50.921 4.79792
      vertex 96.9698 -50.921 5.15
    endloop
  endfacet
  facet normal 0.793419 0 0.608676
    outer loop
      vertex 97.2399 -50.921 4.79792
      vertex 96.9698 -63.421 5.15
      vertex 97.2399 -63.421 4.79792
    endloop
  endfacet
  facet normal -0.130533 0 0.991444
    outer loop
      vertex 98.442 -50.921 4.3
      vertex 98.882 -63.421 4.35793
      vertex 98.882 -50.921 4.35793
    endloop
  endfacet
  facet normal -0.130533 0 0.991444
    outer loop
      vertex 98.882 -63.421 4.35793
      vertex 98.442 -50.921 4.3
      vertex 98.442 -63.421 4.3
    endloop
  endfacet
  facet normal -0.608739 0 -0.793371
    outer loop
      vertex 99.292 -63.421 7.47224
      vertex 99.6441 -50.921 7.20208
      vertex 99.6441 -63.421 7.20208
    endloop
  endfacet
  facet normal -0.608739 0 -0.793371
    outer loop
      vertex 99.6441 -50.921 7.20208
      vertex 99.292 -63.421 7.47224
      vertex 99.292 -50.921 7.47224
    endloop
  endfacet
  facet normal 0.130533 0 0.991444
    outer loop
      vertex 98.002 -50.921 4.35793
      vertex 98.442 -63.421 4.3
      vertex 98.442 -50.921 4.3
    endloop
  endfacet
  facet normal 0.130533 0 0.991444
    outer loop
      vertex 98.442 -63.421 4.3
      vertex 98.002 -50.921 4.35793
      vertex 98.002 -63.421 4.35793
    endloop
  endfacet
  facet normal 0.382688 0 -0.923878
    outer loop
      vertex 97.592 -63.421 7.47224
      vertex 98.002 -50.921 7.64207
      vertex 98.002 -63.421 7.64207
    endloop
  endfacet
  facet normal 0.382688 0 -0.923878
    outer loop
      vertex 98.002 -50.921 7.64207
      vertex 97.592 -63.421 7.47224
      vertex 97.592 -50.921 7.47224
    endloop
  endfacet
  facet normal -0.923905 0 -0.382622
    outer loop
      vertex 100.084 -63.421 6.43999
      vertex 99.9142 -50.921 6.85
      vertex 100.084 -50.921 6.43999
    endloop
  endfacet
  facet normal -0.923905 -0 -0.382622
    outer loop
      vertex 99.9142 -50.921 6.85
      vertex 100.084 -63.421 6.43999
      vertex 99.9142 -63.421 6.85
    endloop
  endfacet
  facet normal 0.608739 0 0.793371
    outer loop
      vertex 97.2399 -50.921 4.79792
      vertex 97.592 -63.421 4.52776
      vertex 97.592 -50.921 4.52776
    endloop
  endfacet
  facet normal 0.608739 0 0.793371
    outer loop
      vertex 97.592 -63.421 4.52776
      vertex 97.2399 -50.921 4.79792
      vertex 97.2399 -63.421 4.79792
    endloop
  endfacet
  facet normal -0.991423 0 -0.130691
    outer loop
      vertex 100.142 -63.421 6
      vertex 100.084 -50.921 6.43999
      vertex 100.142 -50.921 6
    endloop
  endfacet
  facet normal -0.991423 -0 -0.130691
    outer loop
      vertex 100.084 -50.921 6.43999
      vertex 100.142 -63.421 6
      vertex 100.084 -63.421 6.43999
    endloop
  endfacet
  facet normal 0.382688 0 0.923878
    outer loop
      vertex 97.592 -50.921 4.52776
      vertex 98.002 -63.421 4.35793
      vertex 98.002 -50.921 4.35793
    endloop
  endfacet
  facet normal 0.382688 0 0.923878
    outer loop
      vertex 98.002 -63.421 4.35793
      vertex 97.592 -50.921 4.52776
      vertex 97.592 -63.421 4.52776
    endloop
  endfacet
  facet normal 0.130533 0 -0.991444
    outer loop
      vertex 98.002 -63.421 7.64207
      vertex 98.442 -50.921 7.7
      vertex 98.442 -63.421 7.7
    endloop
  endfacet
  facet normal 0.130533 0 -0.991444
    outer loop
      vertex 98.442 -50.921 7.7
      vertex 98.002 -63.421 7.64207
      vertex 98.002 -50.921 7.64207
    endloop
  endfacet
  facet normal -0.608739 0 0.793371
    outer loop
      vertex 99.292 -50.921 4.52776
      vertex 99.6441 -63.421 4.79792
      vertex 99.6441 -50.921 4.79792
    endloop
  endfacet
  facet normal -0.608739 0 0.793371
    outer loop
      vertex 99.6441 -63.421 4.79792
      vertex 99.292 -50.921 4.52776
      vertex 99.292 -63.421 4.52776
    endloop
  endfacet
  facet normal -0.793419 0 0.608676
    outer loop
      vertex 99.6441 -63.421 4.79792
      vertex 99.9142 -50.921 5.15
      vertex 99.6441 -50.921 4.79792
    endloop
  endfacet
  facet normal -0.793419 0 0.608676
    outer loop
      vertex 99.9142 -50.921 5.15
      vertex 99.6441 -63.421 4.79792
      vertex 99.9142 -63.421 5.15
    endloop
  endfacet
  facet normal -0.130533 0 -0.991444
    outer loop
      vertex 98.442 -63.421 7.7
      vertex 98.882 -50.921 7.64207
      vertex 98.882 -63.421 7.64207
    endloop
  endfacet
  facet normal -0.130533 0 -0.991444
    outer loop
      vertex 98.882 -50.921 7.64207
      vertex 98.442 -63.421 7.7
      vertex 98.442 -50.921 7.7
    endloop
  endfacet
  facet normal -0.923825 0 0.382815
    outer loop
      vertex 89.9142 -63.421 5.15
      vertex 90.0841 -50.921 5.56001
      vertex 89.9142 -50.921 5.15
    endloop
  endfacet
  facet normal -0.923825 0 0.382815
    outer loop
      vertex 90.0841 -50.921 5.56001
      vertex 89.9142 -63.421 5.15
      vertex 90.0841 -63.421 5.56001
    endloop
  endfacet
  facet normal -0.991452 0 0.130469
    outer loop
      vertex 90.0841 -63.421 5.56001
      vertex 90.142 -50.921 6
      vertex 90.0841 -50.921 5.56001
    endloop
  endfacet
  facet normal -0.991452 0 0.130469
    outer loop
      vertex 90.142 -50.921 6
      vertex 90.0841 -63.421 5.56001
      vertex 90.142 -63.421 6
    endloop
  endfacet
  facet normal -0.793419 0 -0.608676
    outer loop
      vertex 89.9142 -63.421 6.85
      vertex 89.6441 -50.921 7.20208
      vertex 89.9142 -50.921 6.85
    endloop
  endfacet
  facet normal -0.793419 -0 -0.608676
    outer loop
      vertex 89.6441 -50.921 7.20208
      vertex 89.9142 -63.421 6.85
      vertex 89.6441 -63.421 7.20208
    endloop
  endfacet
  facet normal -0.382688 0 0.923878
    outer loop
      vertex 88.882 -50.921 4.35793
      vertex 89.292 -63.421 4.52776
      vertex 89.292 -50.921 4.52776
    endloop
  endfacet
  facet normal -0.382688 0 0.923878
    outer loop
      vertex 89.292 -63.421 4.52776
      vertex 88.882 -50.921 4.35793
      vertex 88.882 -63.421 4.35793
    endloop
  endfacet
  facet normal 0.382688 0 -0.923878
    outer loop
      vertex 87.592 -63.421 7.47224
      vertex 88.002 -50.921 7.64207
      vertex 88.002 -63.421 7.64207
    endloop
  endfacet
  facet normal 0.382688 0 -0.923878
    outer loop
      vertex 88.002 -50.921 7.64207
      vertex 87.592 -63.421 7.47224
      vertex 87.592 -50.921 7.47224
    endloop
  endfacet
  facet normal 0.923825 0 -0.382815
    outer loop
      vertex 86.9698 -63.421 6.85
      vertex 86.7999 -50.921 6.43999
      vertex 86.9698 -50.921 6.85
    endloop
  endfacet
  facet normal 0.923825 0 -0.382815
    outer loop
      vertex 86.7999 -50.921 6.43999
      vertex 86.9698 -63.421 6.85
      vertex 86.7999 -63.421 6.43999
    endloop
  endfacet
  facet normal -0.382688 0 -0.923878
    outer loop
      vertex 88.882 -63.421 7.64207
      vertex 89.292 -50.921 7.47224
      vertex 89.292 -63.421 7.47224
    endloop
  endfacet
  facet normal -0.382688 0 -0.923878
    outer loop
      vertex 89.292 -50.921 7.47224
      vertex 88.882 -63.421 7.64207
      vertex 88.882 -50.921 7.64207
    endloop
  endfacet
  facet normal 0.130533 0 0.991444
    outer loop
      vertex 88.002 -50.921 4.35793
      vertex 88.442 -63.421 4.3
      vertex 88.442 -50.921 4.3
    endloop
  endfacet
  facet normal 0.130533 0 0.991444
    outer loop
      vertex 88.442 -63.421 4.3
      vertex 88.002 -50.921 4.35793
      vertex 88.002 -63.421 4.35793
    endloop
  endfacet
  facet normal 0.991452 0 -0.130469
    outer loop
      vertex 86.7999 -63.421 6.43999
      vertex 86.742 -50.921 6
      vertex 86.7999 -50.921 6.43999
    endloop
  endfacet
  facet normal 0.991452 0 -0.130469
    outer loop
      vertex 86.742 -50.921 6
      vertex 86.7999 -63.421 6.43999
      vertex 86.742 -63.421 6
    endloop
  endfacet
  facet normal 0.793419 -0 0.608676
    outer loop
      vertex 86.9698 -63.421 5.15
      vertex 87.2399 -50.921 4.79792
      vertex 86.9698 -50.921 5.15
    endloop
  endfacet
  facet normal 0.793419 0 0.608676
    outer loop
      vertex 87.2399 -50.921 4.79792
      vertex 86.9698 -63.421 5.15
      vertex 87.2399 -63.421 4.79792
    endloop
  endfacet
  facet normal -0.130533 0 0.991444
    outer loop
      vertex 88.442 -50.921 4.3
      vertex 88.882 -63.421 4.35793
      vertex 88.882 -50.921 4.35793
    endloop
  endfacet
  facet normal -0.130533 0 0.991444
    outer loop
      vertex 88.882 -63.421 4.35793
      vertex 88.442 -50.921 4.3
      vertex 88.442 -63.421 4.3
    endloop
  endfacet
  facet normal -0.608739 0 -0.793371
    outer loop
      vertex 89.292 -63.421 7.47224
      vertex 89.6441 -50.921 7.20208
      vertex 89.6441 -63.421 7.20208
    endloop
  endfacet
  facet normal -0.608739 0 -0.793371
    outer loop
      vertex 89.6441 -50.921 7.20208
      vertex 89.292 -63.421 7.47224
      vertex 89.292 -50.921 7.47224
    endloop
  endfacet
  facet normal 0.991452 -0 0.130469
    outer loop
      vertex 86.742 -63.421 6
      vertex 86.7999 -50.921 5.56001
      vertex 86.742 -50.921 6
    endloop
  endfacet
  facet normal 0.991452 0 0.130469
    outer loop
      vertex 86.7999 -50.921 5.56001
      vertex 86.742 -63.421 6
      vertex 86.7999 -63.421 5.56001
    endloop
  endfacet
  facet normal 0.923825 -0 0.382815
    outer loop
      vertex 86.7999 -63.421 5.56001
      vertex 86.9698 -50.921 5.15
      vertex 86.7999 -50.921 5.56001
    endloop
  endfacet
  facet normal 0.923825 0 0.382815
    outer loop
      vertex 86.9698 -50.921 5.15
      vertex 86.7999 -63.421 5.56001
      vertex 86.9698 -63.421 5.15
    endloop
  endfacet
  facet normal -0.923825 0 -0.382815
    outer loop
      vertex 90.0841 -63.421 6.43999
      vertex 89.9142 -50.921 6.85
      vertex 90.0841 -50.921 6.43999
    endloop
  endfacet
  facet normal -0.923825 -0 -0.382815
    outer loop
      vertex 89.9142 -50.921 6.85
      vertex 90.0841 -63.421 6.43999
      vertex 89.9142 -63.421 6.85
    endloop
  endfacet
  facet normal 0.608739 0 0.793371
    outer loop
      vertex 87.2399 -50.921 4.79792
      vertex 87.592 -63.421 4.52776
      vertex 87.592 -50.921 4.52776
    endloop
  endfacet
  facet normal 0.608739 0 0.793371
    outer loop
      vertex 87.592 -63.421 4.52776
      vertex 87.2399 -50.921 4.79792
      vertex 87.2399 -63.421 4.79792
    endloop
  endfacet
  facet normal -0.991452 0 -0.130469
    outer loop
      vertex 90.142 -63.421 6
      vertex 90.0841 -50.921 6.43999
      vertex 90.142 -50.921 6
    endloop
  endfacet
  facet normal -0.991452 -0 -0.130469
    outer loop
      vertex 90.0841 -50.921 6.43999
      vertex 90.142 -63.421 6
      vertex 90.0841 -63.421 6.43999
    endloop
  endfacet
  facet normal 0.382688 0 0.923878
    outer loop
      vertex 87.592 -50.921 4.52776
      vertex 88.002 -63.421 4.35793
      vertex 88.002 -50.921 4.35793
    endloop
  endfacet
  facet normal 0.382688 0 0.923878
    outer loop
      vertex 88.002 -63.421 4.35793
      vertex 87.592 -50.921 4.52776
      vertex 87.592 -63.421 4.52776
    endloop
  endfacet
  facet normal 0.130533 0 -0.991444
    outer loop
      vertex 88.002 -63.421 7.64207
      vertex 88.442 -50.921 7.7
      vertex 88.442 -63.421 7.7
    endloop
  endfacet
  facet normal 0.130533 0 -0.991444
    outer loop
      vertex 88.442 -50.921 7.7
      vertex 88.002 -63.421 7.64207
      vertex 88.002 -50.921 7.64207
    endloop
  endfacet
  facet normal -0.608739 0 0.793371
    outer loop
      vertex 89.292 -50.921 4.52776
      vertex 89.6441 -63.421 4.79792
      vertex 89.6441 -50.921 4.79792
    endloop
  endfacet
  facet normal -0.608739 0 0.793371
    outer loop
      vertex 89.6441 -63.421 4.79792
      vertex 89.292 -50.921 4.52776
      vertex 89.292 -63.421 4.52776
    endloop
  endfacet
  facet normal -0.793419 0 0.608676
    outer loop
      vertex 89.6441 -63.421 4.79792
      vertex 89.9142 -50.921 5.15
      vertex 89.6441 -50.921 4.79792
    endloop
  endfacet
  facet normal -0.793419 0 0.608676
    outer loop
      vertex 89.9142 -50.921 5.15
      vertex 89.6441 -63.421 4.79792
      vertex 89.9142 -63.421 5.15
    endloop
  endfacet
  facet normal -0.130533 0 -0.991444
    outer loop
      vertex 88.442 -63.421 7.7
      vertex 88.882 -50.921 7.64207
      vertex 88.882 -63.421 7.64207
    endloop
  endfacet
  facet normal -0.130533 0 -0.991444
    outer loop
      vertex 88.882 -50.921 7.64207
      vertex 88.442 -63.421 7.7
      vertex 88.442 -50.921 7.7
    endloop
  endfacet
  facet normal 0.793419 0 -0.608676
    outer loop
      vertex 87.2399 -63.421 7.20208
      vertex 86.9698 -50.921 6.85
      vertex 87.2399 -50.921 7.20208
    endloop
  endfacet
  facet normal 0.793419 0 -0.608676
    outer loop
      vertex 86.9698 -50.921 6.85
      vertex 87.2399 -63.421 7.20208
      vertex 86.9698 -63.421 6.85
    endloop
  endfacet
  facet normal 0.608739 0 -0.793371
    outer loop
      vertex 87.2399 -63.421 7.20208
      vertex 87.592 -50.921 7.47224
      vertex 87.592 -63.421 7.47224
    endloop
  endfacet
  facet normal 0.608739 0 -0.793371
    outer loop
      vertex 87.592 -50.921 7.47224
      vertex 87.2399 -63.421 7.20208
      vertex 87.2399 -50.921 7.20208
    endloop
  endfacet
  facet normal 0.95693 0.29032 0
    outer loop
      vertex 50.3008 -54.2221 12
      vertex 50.1073 -53.5843 5.99
      vertex 50.1073 -53.5843 12
    endloop
  endfacet
  facet normal 0.95693 0.29032 0
    outer loop
      vertex 50.1073 -53.5843 5.99
      vertex 50.3008 -54.2221 12
      vertex 50.3008 -54.2221 5.99
    endloop
  endfacet
  facet normal -0.95693 -0.29032 0
    outer loop
      vertex 56.7767 -52.2577 5.99
      vertex 56.5832 -51.6199 12
      vertex 56.5832 -51.6199 5.99
    endloop
  endfacet
  facet normal -0.95693 -0.29032 0
    outer loop
      vertex 56.5832 -51.6199 12
      vertex 56.7767 -52.2577 5.99
      vertex 56.7767 -52.2577 12
    endloop
  endfacet
  facet normal -0.995189 -0.0979735 0
    outer loop
      vertex 56.842 -52.921 5.99
      vertex 56.7767 -52.2577 12
      vertex 56.7767 -52.2577 5.99
    endloop
  endfacet
  facet normal -0.995189 -0.0979735 0
    outer loop
      vertex 56.7767 -52.2577 12
      vertex 56.842 -52.921 5.99
      vertex 56.842 -52.921 12
    endloop
  endfacet
  facet normal -0.881912 -0.471413 0
    outer loop
      vertex 56.5832 -51.6199 5.99
      vertex 56.269 -51.0321 12
      vertex 56.269 -51.0321 5.99
    endloop
  endfacet
  facet normal -0.881912 -0.471413 0
    outer loop
      vertex 56.269 -51.0321 12
      vertex 56.5832 -51.6199 5.99
      vertex 56.5832 -51.6199 12
    endloop
  endfacet
  facet normal -0.995189 0.0979735 0
    outer loop
      vertex 56.7767 -53.5843 5.99
      vertex 56.842 -52.921 12
      vertex 56.842 -52.921 5.99
    endloop
  endfacet
  facet normal -0.995189 0.0979735 0
    outer loop
      vertex 56.842 -52.921 12
      vertex 56.7767 -53.5843 5.99
      vertex 56.7767 -53.5843 12
    endloop
  endfacet
  facet normal 0.471413 0.881912 -0
    outer loop
      vertex 52.1409 -56.0622 5.99
      vertex 51.5531 -55.748 12
      vertex 52.1409 -56.0622 12
    endloop
  endfacet
  facet normal 0.471413 0.881912 0
    outer loop
      vertex 51.5531 -55.748 12
      vertex 52.1409 -56.0622 5.99
      vertex 51.5531 -55.748 5.99
    endloop
  endfacet
  facet normal -0.634307 0.773081 0
    outer loop
      vertex 55.8462 -55.3252 5.99
      vertex 55.3309 -55.748 12
      vertex 55.8462 -55.3252 12
    endloop
  endfacet
  facet normal -0.634307 0.773081 0
    outer loop
      vertex 55.3309 -55.748 12
      vertex 55.8462 -55.3252 5.99
      vertex 55.3309 -55.748 5.99
    endloop
  endfacet
  facet normal -0.773081 -0.634307 0
    outer loop
      vertex 56.269 -51.0321 5.99
      vertex 55.8462 -50.5168 12
      vertex 55.8462 -50.5168 5.99
    endloop
  endfacet
  facet normal -0.773081 -0.634307 0
    outer loop
      vertex 55.8462 -50.5168 12
      vertex 56.269 -51.0321 5.99
      vertex 56.269 -51.0321 12
    endloop
  endfacet
  facet normal -0.95693 0.29032 0
    outer loop
      vertex 56.5832 -54.2221 5.99
      vertex 56.7767 -53.5843 12
      vertex 56.7767 -53.5843 5.99
    endloop
  endfacet
  facet normal -0.95693 0.29032 0
    outer loop
      vertex 56.7767 -53.5843 12
      vertex 56.5832 -54.2221 5.99
      vertex 56.5832 -54.2221 12
    endloop
  endfacet
  facet normal 0.773081 0.634307 0
    outer loop
      vertex 51.0378 -55.3252 12
      vertex 50.615 -54.8099 5.99
      vertex 50.615 -54.8099 12
    endloop
  endfacet
  facet normal 0.773081 0.634307 0
    outer loop
      vertex 50.615 -54.8099 5.99
      vertex 51.0378 -55.3252 12
      vertex 51.0378 -55.3252 5.99
    endloop
  endfacet
  facet normal 0.634307 -0.773081 0
    outer loop
      vertex 51.0378 -50.5168 5.99
      vertex 51.5531 -50.094 12
      vertex 51.0378 -50.5168 12
    endloop
  endfacet
  facet normal 0.634307 -0.773081 0
    outer loop
      vertex 51.5531 -50.094 12
      vertex 51.0378 -50.5168 5.99
      vertex 51.5531 -50.094 5.99
    endloop
  endfacet
  facet normal 0.471413 -0.881912 0
    outer loop
      vertex 51.5531 -50.094 5.99
      vertex 52.1409 -49.7798 12
      vertex 51.5531 -50.094 12
    endloop
  endfacet
  facet normal 0.471413 -0.881912 0
    outer loop
      vertex 52.1409 -49.7798 12
      vertex 51.5531 -50.094 5.99
      vertex 52.1409 -49.7798 5.99
    endloop
  endfacet
  facet normal -0.471413 0.881912 0
    outer loop
      vertex 55.3309 -55.748 5.99
      vertex 54.7431 -56.0622 12
      vertex 55.3309 -55.748 12
    endloop
  endfacet
  facet normal -0.471413 0.881912 0
    outer loop
      vertex 54.7431 -56.0622 12
      vertex 55.3309 -55.748 5.99
      vertex 54.7431 -56.0622 5.99
    endloop
  endfacet
  facet normal 0.0979735 0.995189 -0
    outer loop
      vertex 53.442 -56.321 5.99
      vertex 52.7787 -56.2557 12
      vertex 53.442 -56.321 12
    endloop
  endfacet
  facet normal 0.0979735 0.995189 0
    outer loop
      vertex 52.7787 -56.2557 12
      vertex 53.442 -56.321 5.99
      vertex 52.7787 -56.2557 5.99
    endloop
  endfacet
  facet normal 0.773081 -0.634307 0
    outer loop
      vertex 50.615 -51.0321 12
      vertex 51.0378 -50.5168 5.99
      vertex 51.0378 -50.5168 12
    endloop
  endfacet
  facet normal 0.773081 -0.634307 0
    outer loop
      vertex 51.0378 -50.5168 5.99
      vertex 50.615 -51.0321 12
      vertex 50.615 -51.0321 5.99
    endloop
  endfacet
  facet normal 0.29032 -0.95693 0
    outer loop
      vertex 52.1409 -49.7798 5.99
      vertex 52.7787 -49.5863 12
      vertex 52.1409 -49.7798 12
    endloop
  endfacet
  facet normal 0.29032 -0.95693 0
    outer loop
      vertex 52.7787 -49.5863 12
      vertex 52.1409 -49.7798 5.99
      vertex 52.7787 -49.5863 5.99
    endloop
  endfacet
  facet normal 0.881912 0.471413 0
    outer loop
      vertex 50.615 -54.8099 12
      vertex 50.3008 -54.2221 5.99
      vertex 50.3008 -54.2221 12
    endloop
  endfacet
  facet normal 0.881912 0.471413 0
    outer loop
      vertex 50.3008 -54.2221 5.99
      vertex 50.615 -54.8099 12
      vertex 50.615 -54.8099 5.99
    endloop
  endfacet
  facet normal -0.0979735 -0.995189 0
    outer loop
      vertex 53.442 -49.521 5.99
      vertex 54.1053 -49.5863 12
      vertex 53.442 -49.521 12
    endloop
  endfacet
  facet normal -0.0979735 -0.995189 -0
    outer loop
      vertex 54.1053 -49.5863 12
      vertex 53.442 -49.521 5.99
      vertex 54.1053 -49.5863 5.99
    endloop
  endfacet
  facet normal -0.29032 -0.95693 0
    outer loop
      vertex 54.1053 -49.5863 5.99
      vertex 54.7431 -49.7798 12
      vertex 54.1053 -49.5863 12
    endloop
  endfacet
  facet normal -0.29032 -0.95693 -0
    outer loop
      vertex 54.7431 -49.7798 12
      vertex 54.1053 -49.5863 5.99
      vertex 54.7431 -49.7798 5.99
    endloop
  endfacet
  facet normal 0.634307 0.773081 -0
    outer loop
      vertex 51.5531 -55.748 5.99
      vertex 51.0378 -55.3252 12
      vertex 51.5531 -55.748 12
    endloop
  endfacet
  facet normal 0.634307 0.773081 0
    outer loop
      vertex 51.0378 -55.3252 12
      vertex 51.5531 -55.748 5.99
      vertex 51.0378 -55.3252 5.99
    endloop
  endfacet
  facet normal -0.881912 0.471413 0
    outer loop
      vertex 56.269 -54.8099 5.99
      vertex 56.5832 -54.2221 12
      vertex 56.5832 -54.2221 5.99
    endloop
  endfacet
  facet normal -0.881912 0.471413 0
    outer loop
      vertex 56.5832 -54.2221 12
      vertex 56.269 -54.8099 5.99
      vertex 56.269 -54.8099 12
    endloop
  endfacet
  facet normal -0.773081 0.634307 0
    outer loop
      vertex 55.8462 -55.3252 5.99
      vertex 56.269 -54.8099 12
      vertex 56.269 -54.8099 5.99
    endloop
  endfacet
  facet normal -0.773081 0.634307 0
    outer loop
      vertex 56.269 -54.8099 12
      vertex 55.8462 -55.3252 5.99
      vertex 55.8462 -55.3252 12
    endloop
  endfacet
  facet normal -0.29032 0.95693 0
    outer loop
      vertex 54.7431 -56.0622 5.99
      vertex 54.1053 -56.2557 12
      vertex 54.7431 -56.0622 12
    endloop
  endfacet
  facet normal -0.29032 0.95693 0
    outer loop
      vertex 54.1053 -56.2557 12
      vertex 54.7431 -56.0622 5.99
      vertex 54.1053 -56.2557 5.99
    endloop
  endfacet
  facet normal -0.634307 -0.773081 0
    outer loop
      vertex 55.3309 -50.094 5.99
      vertex 55.8462 -50.5168 12
      vertex 55.3309 -50.094 12
    endloop
  endfacet
  facet normal -0.634307 -0.773081 -0
    outer loop
      vertex 55.8462 -50.5168 12
      vertex 55.3309 -50.094 5.99
      vertex 55.8462 -50.5168 5.99
    endloop
  endfacet
  facet normal -0.471413 -0.881912 0
    outer loop
      vertex 54.7431 -49.7798 5.99
      vertex 55.3309 -50.094 12
      vertex 54.7431 -49.7798 12
    endloop
  endfacet
  facet normal -0.471413 -0.881912 -0
    outer loop
      vertex 55.3309 -50.094 12
      vertex 54.7431 -49.7798 5.99
      vertex 55.3309 -50.094 5.99
    endloop
  endfacet
  facet normal -0.0979735 0.995189 0
    outer loop
      vertex 54.1053 -56.2557 5.99
      vertex 53.442 -56.321 12
      vertex 54.1053 -56.2557 12
    endloop
  endfacet
  facet normal -0.0979735 0.995189 0
    outer loop
      vertex 53.442 -56.321 12
      vertex 54.1053 -56.2557 5.99
      vertex 53.442 -56.321 5.99
    endloop
  endfacet
  facet normal 0.995189 -0.0979735 0
    outer loop
      vertex 50.042 -52.921 12
      vertex 50.1073 -52.2577 5.99
      vertex 50.1073 -52.2577 12
    endloop
  endfacet
  facet normal 0.995189 -0.0979735 0
    outer loop
      vertex 50.1073 -52.2577 5.99
      vertex 50.042 -52.921 12
      vertex 50.042 -52.921 5.99
    endloop
  endfacet
  facet normal 0.95693 -0.29032 0
    outer loop
      vertex 50.1073 -52.2577 12
      vertex 50.3008 -51.6199 5.99
      vertex 50.3008 -51.6199 12
    endloop
  endfacet
  facet normal 0.95693 -0.29032 0
    outer loop
      vertex 50.3008 -51.6199 5.99
      vertex 50.1073 -52.2577 12
      vertex 50.1073 -52.2577 5.99
    endloop
  endfacet
  facet normal 0.0979735 -0.995189 0
    outer loop
      vertex 52.7787 -49.5863 5.99
      vertex 53.442 -49.521 12
      vertex 52.7787 -49.5863 12
    endloop
  endfacet
  facet normal 0.0979735 -0.995189 0
    outer loop
      vertex 53.442 -49.521 12
      vertex 52.7787 -49.5863 5.99
      vertex 53.442 -49.521 5.99
    endloop
  endfacet
  facet normal 0.995189 0.0979735 0
    outer loop
      vertex 50.1073 -53.5843 12
      vertex 50.042 -52.921 5.99
      vertex 50.042 -52.921 12
    endloop
  endfacet
  facet normal 0.995189 0.0979735 0
    outer loop
      vertex 50.042 -52.921 5.99
      vertex 50.1073 -53.5843 12
      vertex 50.1073 -53.5843 5.99
    endloop
  endfacet
  facet normal 0.881912 -0.471413 0
    outer loop
      vertex 50.3008 -51.6199 12
      vertex 50.615 -51.0321 5.99
      vertex 50.615 -51.0321 12
    endloop
  endfacet
  facet normal 0.881912 -0.471413 0
    outer loop
      vertex 50.615 -51.0321 5.99
      vertex 50.3008 -51.6199 12
      vertex 50.3008 -51.6199 5.99
    endloop
  endfacet
  facet normal 0.29032 0.95693 -0
    outer loop
      vertex 52.7787 -56.2557 5.99
      vertex 52.1409 -56.0622 12
      vertex 52.7787 -56.2557 12
    endloop
  endfacet
  facet normal 0.29032 0.95693 0
    outer loop
      vertex 52.1409 -56.0622 12
      vertex 52.7787 -56.2557 5.99
      vertex 52.1409 -56.0622 5.99
    endloop
  endfacet
  facet normal 0 1 -0
    outer loop
      vertex 56.733 -58.6212 0
      vertex 50.151 -58.6212 5.99
      vertex 56.733 -58.6212 5.99
    endloop
  endfacet
  facet normal 0 1 0
    outer loop
      vertex 50.151 -58.6212 5.99
      vertex 56.733 -58.6212 0
      vertex 50.151 -58.6212 0
    endloop
  endfacet
  facet normal -0.866026 0.499999 0
    outer loop
      vertex 56.733 -58.6212 0
      vertex 60.024 -52.921 5.99
      vertex 60.024 -52.921 0
    endloop
  endfacet
  facet normal -0.866026 0.499999 0
    outer loop
      vertex 60.024 -52.921 5.99
      vertex 56.733 -58.6212 0
      vertex 56.733 -58.6212 5.99
    endloop
  endfacet
  facet normal 0 -1 0
    outer loop
      vertex 50.151 -47.2208 0
      vertex 56.733 -47.2208 5.99
      vertex 50.151 -47.2208 5.99
    endloop
  endfacet
  facet normal 0 -1 -0
    outer loop
      vertex 56.733 -47.2208 5.99
      vertex 50.151 -47.2208 0
      vertex 56.733 -47.2208 0
    endloop
  endfacet
  facet normal -0.866026 -0.499999 0
    outer loop
      vertex 60.024 -52.921 0
      vertex 56.733 -47.2208 5.99
      vertex 56.733 -47.2208 0
    endloop
  endfacet
  facet normal -0.866026 -0.499999 0
    outer loop
      vertex 56.733 -47.2208 5.99
      vertex 60.024 -52.921 0
      vertex 60.024 -52.921 5.99
    endloop
  endfacet
  facet normal 0.866025 -0.500001 0
    outer loop
      vertex 48.079 -50.8096 5.99
      vertex 50.151 -47.2208 0
      vertex 50.151 -47.2208 5.99
    endloop
  endfacet
  facet normal 0.866025 -0.500001 0
    outer loop
      vertex 50.151 -47.2208 0
      vertex 48.079 -50.8096 5.99
      vertex 48.079 -50.8096 0
    endloop
  endfacet
  facet normal 0.866026 -0.5 0
    outer loop
      vertex 46.86 -52.921 5.99
      vertex 48.0147 -50.921 0
      vertex 48.0147 -50.921 5.99
    endloop
  endfacet
  facet normal 0.866026 -0.5 0
    outer loop
      vertex 48.0147 -50.921 0
      vertex 46.86 -52.921 5.99
      vertex 46.86 -52.921 0
    endloop
  endfacet
  facet normal 0.866026 0.499999 0
    outer loop
      vertex 50.151 -58.6212 5.99
      vertex 46.86 -52.921 0
      vertex 46.86 -52.921 5.99
    endloop
  endfacet
  facet normal 0.866026 0.499999 0
    outer loop
      vertex 46.86 -52.921 0
      vertex 50.151 -58.6212 5.99
      vertex 50.151 -58.6212 0
    endloop
  endfacet
  facet normal -0 0 -1
    outer loop
      vertex 60.024 -52.921 5.99
      vertex 56.7767 -53.5843 5.99
      vertex 56.842 -52.921 5.99
    endloop
  endfacet
  facet normal 0 0 -1
    outer loop
      vertex 56.269 -54.8099 5.99
      vertex 60.024 -52.921 5.99
      vertex 56.733 -58.6212 5.99
    endloop
  endfacet
  facet normal 0 0 -1
    outer loop
      vertex 60.024 -52.921 5.99
      vertex 56.5832 -54.2221 5.99
      vertex 56.7767 -53.5843 5.99
    endloop
  endfacet
  facet normal 0 0 -1
    outer loop
      vertex 60.024 -52.921 5.99
      vertex 56.269 -54.8099 5.99
      vertex 56.5832 -54.2221 5.99
    endloop
  endfacet
  facet normal 0 0 -1
    outer loop
      vertex 56.733 -58.6212 5.99
      vertex 55.8462 -55.3252 5.99
      vertex 56.269 -54.8099 5.99
    endloop
  endfacet
  facet normal 0 0 -1
    outer loop
      vertex 56.733 -58.6212 5.99
      vertex 55.3309 -55.748 5.99
      vertex 55.8462 -55.3252 5.99
    endloop
  endfacet
  facet normal 0 0 -1
    outer loop
      vertex 56.733 -58.6212 5.99
      vertex 54.7431 -56.0622 5.99
      vertex 55.3309 -55.748 5.99
    endloop
  endfacet
  facet normal 0 0 -1
    outer loop
      vertex 56.733 -58.6212 5.99
      vertex 54.1053 -56.2557 5.99
      vertex 54.7431 -56.0622 5.99
    endloop
  endfacet
  facet normal 0 0 -1
    outer loop
      vertex 56.733 -58.6212 5.99
      vertex 53.442 -56.321 5.99
      vertex 54.1053 -56.2557 5.99
    endloop
  endfacet
  facet normal 0 0 -1
    outer loop
      vertex 50.151 -58.6212 5.99
      vertex 53.442 -56.321 5.99
      vertex 56.733 -58.6212 5.99
    endloop
  endfacet
  facet normal -0 0 -1
    outer loop
      vertex 53.442 -56.321 5.99
      vertex 50.151 -58.6212 5.99
      vertex 52.7787 -56.2557 5.99
    endloop
  endfacet
  facet normal -0 0 -1
    outer loop
      vertex 52.7787 -56.2557 5.99
      vertex 50.151 -58.6212 5.99
      vertex 52.1409 -56.0622 5.99
    endloop
  endfacet
  facet normal -0 0 -1
    outer loop
      vertex 52.1409 -56.0622 5.99
      vertex 50.151 -58.6212 5.99
      vertex 51.5531 -55.748 5.99
    endloop
  endfacet
  facet normal 0 0 -1
    outer loop
      vertex 50.151 -58.6212 5.99
      vertex 51.0378 -55.3252 5.99
      vertex 51.5531 -55.748 5.99
    endloop
  endfacet
  facet normal 0 0 -1
    outer loop
      vertex 50.151 -58.6212 5.99
      vertex 50.615 -54.8099 5.99
      vertex 51.0378 -55.3252 5.99
    endloop
  endfacet
  facet normal 0 0 -1
    outer loop
      vertex 46.86 -52.921 5.99
      vertex 50.615 -54.8099 5.99
      vertex 50.151 -58.6212 5.99
    endloop
  endfacet
  facet normal 0 0 -1
    outer loop
      vertex 50.615 -54.8099 5.99
      vertex 46.86 -52.921 5.99
      vertex 50.3008 -54.2221 5.99
    endloop
  endfacet
  facet normal 0 0 -1
    outer loop
      vertex 50.3008 -54.2221 5.99
      vertex 46.86 -52.921 5.99
      vertex 50.1073 -53.5843 5.99
    endloop
  endfacet
  facet normal 0 0 -1
    outer loop
      vertex 50.1073 -53.5843 5.99
      vertex 46.86 -52.921 5.99
      vertex 50.042 -52.921 5.99
    endloop
  endfacet
  facet normal 0 0 -1
    outer loop
      vertex 50.042 -52.921 5.99
      vertex 46.86 -52.921 5.99
      vertex 48.079 -50.921 5.99
    endloop
  endfacet
  facet normal -0 0 -1
    outer loop
      vertex 48.079 -50.921 5.99
      vertex 46.86 -52.921 5.99
      vertex 48.0147 -50.921 5.99
    endloop
  endfacet
  facet normal 0 0 -1
    outer loop
      vertex 56.7767 -52.2577 5.99
      vertex 60.024 -52.921 5.99
      vertex 56.842 -52.921 5.99
    endloop
  endfacet
  facet normal 0 0 -1
    outer loop
      vertex 56.5832 -51.6199 5.99
      vertex 60.024 -52.921 5.99
      vertex 56.7767 -52.2577 5.99
    endloop
  endfacet
  facet normal 0 0 -1
    outer loop
      vertex 56.269 -51.0321 5.99
      vertex 60.024 -52.921 5.99
      vertex 56.5832 -51.6199 5.99
    endloop
  endfacet
  facet normal 0 0 -1
    outer loop
      vertex 60.024 -52.921 5.99
      vertex 56.269 -51.0321 5.99
      vertex 56.733 -47.2208 5.99
    endloop
  endfacet
  facet normal 0 0 -1
    outer loop
      vertex 55.8462 -50.5168 5.99
      vertex 56.733 -47.2208 5.99
      vertex 56.269 -51.0321 5.99
    endloop
  endfacet
  facet normal 0 0 -1
    outer loop
      vertex 55.3309 -50.094 5.99
      vertex 56.733 -47.2208 5.99
      vertex 55.8462 -50.5168 5.99
    endloop
  endfacet
  facet normal 0 0 -1
    outer loop
      vertex 54.7431 -49.7798 5.99
      vertex 56.733 -47.2208 5.99
      vertex 55.3309 -50.094 5.99
    endloop
  endfacet
  facet normal 0 0 -1
    outer loop
      vertex 54.1053 -49.5863 5.99
      vertex 56.733 -47.2208 5.99
      vertex 54.7431 -49.7798 5.99
    endloop
  endfacet
  facet normal 0 0 -1
    outer loop
      vertex 53.442 -49.521 5.99
      vertex 56.733 -47.2208 5.99
      vertex 54.1053 -49.5863 5.99
    endloop
  endfacet
  facet normal 0 0 -1
    outer loop
      vertex 50.151 -47.2208 5.99
      vertex 53.442 -49.521 5.99
      vertex 52.7787 -49.5863 5.99
    endloop
  endfacet
  facet normal 0 0 -1
    outer loop
      vertex 50.151 -47.2208 5.99
      vertex 52.7787 -49.5863 5.99
      vertex 52.1409 -49.7798 5.99
    endloop
  endfacet
  facet normal 0 0 -1
    outer loop
      vertex 50.151 -47.2208 5.99
      vertex 52.1409 -49.7798 5.99
      vertex 51.5531 -50.094 5.99
    endloop
  endfacet
  facet normal 0 0 -1
    outer loop
      vertex 53.442 -49.521 5.99
      vertex 50.151 -47.2208 5.99
      vertex 56.733 -47.2208 5.99
    endloop
  endfacet
  facet normal 0 0 -1
    outer loop
      vertex 51.0378 -50.5168 5.99
      vertex 50.151 -47.2208 5.99
      vertex 51.5531 -50.094 5.99
    endloop
  endfacet
  facet normal 0 0 -1
    outer loop
      vertex 48.079 -50.8096 5.99
      vertex 51.0378 -50.5168 5.99
      vertex 50.615 -51.0321 5.99
    endloop
  endfacet
  facet normal 0 0 -1
    outer loop
      vertex 48.079 -50.8096 5.99
      vertex 50.615 -51.0321 5.99
      vertex 50.3008 -51.6199 5.99
    endloop
  endfacet
  facet normal 0 0 -1
    outer loop
      vertex 48.079 -50.921 5.99
      vertex 50.3008 -51.6199 5.99
      vertex 50.1073 -52.2577 5.99
    endloop
  endfacet
  facet normal 0 0 -1
    outer loop
      vertex 48.079 -50.921 5.99
      vertex 50.1073 -52.2577 5.99
      vertex 50.042 -52.921 5.99
    endloop
  endfacet
  facet normal 0 0 -1
    outer loop
      vertex 50.3008 -51.6199 5.99
      vertex 48.079 -50.921 5.99
      vertex 48.079 -50.8096 5.99
    endloop
  endfacet
  facet normal -0 0 -1
    outer loop
      vertex 51.0378 -50.5168 5.99
      vertex 48.079 -50.8096 5.99
      vertex 50.151 -47.2208 5.99
    endloop
  endfacet
  facet normal -0.923936 -0.382547 0
    outer loop
      vertex 44.6153 -52.3387 0
      vertex 44.3906 -51.796 12
      vertex 44.3906 -51.796 0
    endloop
  endfacet
  facet normal -0.923936 -0.382547 0
    outer loop
      vertex 44.3906 -51.796 12
      vertex 44.6153 -52.3387 0
      vertex 44.6153 -52.3387 12
    endloop
  endfacet
  facet normal -0.991436 -0.130591 0
    outer loop
      vertex 44.692 -52.921 0
      vertex 44.6153 -52.3387 12
      vertex 44.6153 -52.3387 0
    endloop
  endfacet
  facet normal -0.991436 -0.130591 0
    outer loop
      vertex 44.6153 -52.3387 12
      vertex 44.692 -52.921 0
      vertex 44.692 -52.921 12
    endloop
  endfacet
  facet normal -0.793332 -0.608789 0
    outer loop
      vertex 44.3906 -51.796 0
      vertex 44.033 -51.33 12
      vertex 44.033 -51.33 0
    endloop
  endfacet
  facet normal -0.793332 -0.608789 0
    outer loop
      vertex 44.033 -51.33 12
      vertex 44.3906 -51.796 0
      vertex 44.3906 -51.796 12
    endloop
  endfacet
  facet normal -0.793332 0.608789 0
    outer loop
      vertex 44.033 -54.512 0
      vertex 44.3906 -54.046 12
      vertex 44.3906 -54.046 0
    endloop
  endfacet
  facet normal -0.793332 0.608789 0
    outer loop
      vertex 44.3906 -54.046 12
      vertex 44.033 -54.512 0
      vertex 44.033 -54.512 12
    endloop
  endfacet
  facet normal -0.608789 -0.793332 0
    outer loop
      vertex 43.567 -50.9724 0
      vertex 44.033 -51.33 12
      vertex 43.567 -50.9724 12
    endloop
  endfacet
  facet normal -0.608789 -0.793332 -0
    outer loop
      vertex 44.033 -51.33 12
      vertex 43.567 -50.9724 0
      vertex 44.033 -51.33 0
    endloop
  endfacet
  facet normal 0.793332 -0.608789 0
    outer loop
      vertex 40.4934 -51.796 12
      vertex 40.851 -51.33 0
      vertex 40.851 -51.33 12
    endloop
  endfacet
  facet normal 0.793332 -0.608789 0
    outer loop
      vertex 40.851 -51.33 0
      vertex 40.4934 -51.796 12
      vertex 40.4934 -51.796 0
    endloop
  endfacet
  facet normal 0.130591 0.991436 -0
    outer loop
      vertex 42.442 -55.171 0
      vertex 41.8597 -55.0943 12
      vertex 42.442 -55.171 12
    endloop
  endfacet
  facet normal 0.130591 0.991436 0
    outer loop
      vertex 41.8597 -55.0943 12
      vertex 42.442 -55.171 0
      vertex 41.8597 -55.0943 0
    endloop
  endfacet
  facet normal -0.991436 0.130591 0
    outer loop
      vertex 44.6153 -53.5033 0
      vertex 44.692 -52.921 12
      vertex 44.692 -52.921 0
    endloop
  endfacet
  facet normal -0.991436 0.130591 0
    outer loop
      vertex 44.692 -52.921 12
      vertex 44.6153 -53.5033 0
      vertex 44.6153 -53.5033 12
    endloop
  endfacet
  facet normal 0.923936 0.382547 0
    outer loop
      vertex 40.4934 -54.046 12
      vertex 40.2687 -53.5033 0
      vertex 40.2687 -53.5033 12
    endloop
  endfacet
  facet normal 0.923936 0.382547 0
    outer loop
      vertex 40.2687 -53.5033 0
      vertex 40.4934 -54.046 12
      vertex 40.4934 -54.046 0
    endloop
  endfacet
  facet normal -0.382396 -0.923999 0
    outer loop
      vertex 43.4428 -50.921 0
      vertex 43.567 -50.9724 12
      vertex 43.4428 -50.921 12
    endloop
  endfacet
  facet normal -0.382396 -0.923999 -0
    outer loop
      vertex 43.567 -50.9724 12
      vertex 43.4428 -50.921 0
      vertex 43.567 -50.9724 0
    endloop
  endfacet
  facet normal -0.923936 0.382547 0
    outer loop
      vertex 44.3906 -54.046 0
      vertex 44.6153 -53.5033 12
      vertex 44.6153 -53.5033 0
    endloop
  endfacet
  facet normal -0.923936 0.382547 0
    outer loop
      vertex 44.6153 -53.5033 12
      vertex 44.3906 -54.046 0
      vertex 44.3906 -54.046 12
    endloop
  endfacet
  facet normal 0.382396 -0.923999 0
    outer loop
      vertex 41.317 -50.9724 0
      vertex 41.4412 -50.921 12
      vertex 41.317 -50.9724 12
    endloop
  endfacet
  facet normal 0.382396 -0.923999 0
    outer loop
      vertex 41.4412 -50.921 12
      vertex 41.317 -50.9724 0
      vertex 41.4412 -50.921 0
    endloop
  endfacet
  facet normal -0.382547 0.923936 0
    outer loop
      vertex 43.567 -54.8696 0
      vertex 43.0243 -55.0943 12
      vertex 43.567 -54.8696 12
    endloop
  endfacet
  facet normal -0.382547 0.923936 0
    outer loop
      vertex 43.0243 -55.0943 12
      vertex 43.567 -54.8696 0
      vertex 43.0243 -55.0943 0
    endloop
  endfacet
  facet normal 0.991436 -0.130591 0
    outer loop
      vertex 40.192 -52.921 12
      vertex 40.2687 -52.3387 0
      vertex 40.2687 -52.3387 12
    endloop
  endfacet
  facet normal 0.991436 -0.130591 0
    outer loop
      vertex 40.2687 -52.3387 0
      vertex 40.192 -52.921 12
      vertex 40.192 -52.921 0
    endloop
  endfacet
  facet normal 0.923936 -0.382547 0
    outer loop
      vertex 40.2687 -52.3387 12
      vertex 40.4934 -51.796 0
      vertex 40.4934 -51.796 12
    endloop
  endfacet
  facet normal 0.923936 -0.382547 0
    outer loop
      vertex 40.4934 -51.796 0
      vertex 40.2687 -52.3387 12
      vertex 40.2687 -52.3387 0
    endloop
  endfacet
  facet normal -0.608789 0.793332 0
    outer loop
      vertex 44.033 -54.512 0
      vertex 43.567 -54.8696 12
      vertex 44.033 -54.512 12
    endloop
  endfacet
  facet normal -0.608789 0.793332 0
    outer loop
      vertex 43.567 -54.8696 12
      vertex 44.033 -54.512 0
      vertex 43.567 -54.8696 0
    endloop
  endfacet
  facet normal 0.793332 0.608789 0
    outer loop
      vertex 40.851 -54.512 12
      vertex 40.4934 -54.046 0
      vertex 40.4934 -54.046 12
    endloop
  endfacet
  facet normal 0.793332 0.608789 0
    outer loop
      vertex 40.4934 -54.046 0
      vertex 40.851 -54.512 12
      vertex 40.851 -54.512 0
    endloop
  endfacet
  facet normal 0.608789 -0.793332 0
    outer loop
      vertex 40.851 -51.33 0
      vertex 41.317 -50.9724 12
      vertex 40.851 -51.33 12
    endloop
  endfacet
  facet normal 0.608789 -0.793332 0
    outer loop
      vertex 41.317 -50.9724 12
      vertex 40.851 -51.33 0
      vertex 41.317 -50.9724 0
    endloop
  endfacet
  facet normal -0.130591 0.991436 0
    outer loop
      vertex 43.0243 -55.0943 0
      vertex 42.442 -55.171 12
      vertex 43.0243 -55.0943 12
    endloop
  endfacet
  facet normal -0.130591 0.991436 0
    outer loop
      vertex 42.442 -55.171 12
      vertex 43.0243 -55.0943 0
      vertex 42.442 -55.171 0
    endloop
  endfacet
  facet normal 0.991436 0.130591 0
    outer loop
      vertex 40.2687 -53.5033 12
      vertex 40.192 -52.921 0
      vertex 40.192 -52.921 12
    endloop
  endfacet
  facet normal 0.991436 0.130591 0
    outer loop
      vertex 40.192 -52.921 0
      vertex 40.2687 -53.5033 12
      vertex 40.2687 -53.5033 0
    endloop
  endfacet
  facet normal 0.608789 0.793332 -0
    outer loop
      vertex 41.317 -54.8696 0
      vertex 40.851 -54.512 12
      vertex 41.317 -54.8696 12
    endloop
  endfacet
  facet normal 0.608789 0.793332 0
    outer loop
      vertex 40.851 -54.512 12
      vertex 41.317 -54.8696 0
      vertex 40.851 -54.512 0
    endloop
  endfacet
  facet normal 0.382547 0.923936 -0
    outer loop
      vertex 41.8597 -55.0943 0
      vertex 41.317 -54.8696 12
      vertex 41.8597 -55.0943 12
    endloop
  endfacet
  facet normal 0.382547 0.923936 0
    outer loop
      vertex 41.317 -54.8696 12
      vertex 41.8597 -55.0943 0
      vertex 41.317 -54.8696 0
    endloop
  endfacet
  facet normal -0.923936 -0.382547 0
    outer loop
      vertex 66.6153 -52.3387 0
      vertex 66.3906 -51.796 12
      vertex 66.3906 -51.796 0
    endloop
  endfacet
  facet normal -0.923936 -0.382547 0
    outer loop
      vertex 66.3906 -51.796 12
      vertex 66.6153 -52.3387 0
      vertex 66.6153 -52.3387 12
    endloop
  endfacet
  facet normal -0.991436 -0.130591 0
    outer loop
      vertex 66.692 -52.921 0
      vertex 66.6153 -52.3387 12
      vertex 66.6153 -52.3387 0
    endloop
  endfacet
  facet normal -0.991436 -0.130591 0
    outer loop
      vertex 66.6153 -52.3387 12
      vertex 66.692 -52.921 0
      vertex 66.692 -52.921 12
    endloop
  endfacet
  facet normal -0.793332 -0.608789 0
    outer loop
      vertex 66.3906 -51.796 0
      vertex 66.033 -51.33 12
      vertex 66.033 -51.33 0
    endloop
  endfacet
  facet normal -0.793332 -0.608789 0
    outer loop
      vertex 66.033 -51.33 12
      vertex 66.3906 -51.796 0
      vertex 66.3906 -51.796 12
    endloop
  endfacet
  facet normal -0.793332 0.608789 0
    outer loop
      vertex 66.033 -54.512 0
      vertex 66.3906 -54.046 12
      vertex 66.3906 -54.046 0
    endloop
  endfacet
  facet normal -0.793332 0.608789 0
    outer loop
      vertex 66.3906 -54.046 12
      vertex 66.033 -54.512 0
      vertex 66.033 -54.512 12
    endloop
  endfacet
  facet normal -0.608789 -0.793332 0
    outer loop
      vertex 65.567 -50.9724 0
      vertex 66.033 -51.33 12
      vertex 65.567 -50.9724 12
    endloop
  endfacet
  facet normal -0.608789 -0.793332 -0
    outer loop
      vertex 66.033 -51.33 12
      vertex 65.567 -50.9724 0
      vertex 66.033 -51.33 0
    endloop
  endfacet
  facet normal 0.793332 -0.608789 0
    outer loop
      vertex 62.4934 -51.796 12
      vertex 62.851 -51.33 0
      vertex 62.851 -51.33 12
    endloop
  endfacet
  facet normal 0.793332 -0.608789 0
    outer loop
      vertex 62.851 -51.33 0
      vertex 62.4934 -51.796 12
      vertex 62.4934 -51.796 0
    endloop
  endfacet
  facet normal 0.130591 -0.991436 0
    outer loop
      vertex 63.8597 -50.7477 0
      vertex 64.442 -50.671 12
      vertex 63.8597 -50.7477 12
    endloop
  endfacet
  facet normal 0.130591 -0.991436 0
    outer loop
      vertex 64.442 -50.671 12
      vertex 63.8597 -50.7477 0
      vertex 64.442 -50.671 0
    endloop
  endfacet
  facet normal 0.130591 0.991436 -0
    outer loop
      vertex 64.442 -55.171 0
      vertex 63.8597 -55.0943 12
      vertex 64.442 -55.171 12
    endloop
  endfacet
  facet normal 0.130591 0.991436 0
    outer loop
      vertex 63.8597 -55.0943 12
      vertex 64.442 -55.171 0
      vertex 63.8597 -55.0943 0
    endloop
  endfacet
  facet normal -0.991436 0.130591 0
    outer loop
      vertex 66.6153 -53.5033 0
      vertex 66.692 -52.921 12
      vertex 66.692 -52.921 0
    endloop
  endfacet
  facet normal -0.991436 0.130591 0
    outer loop
      vertex 66.692 -52.921 12
      vertex 66.6153 -53.5033 0
      vertex 66.6153 -53.5033 12
    endloop
  endfacet
  facet normal 0.923936 0.382547 0
    outer loop
      vertex 62.4934 -54.046 12
      vertex 62.2687 -53.5033 0
      vertex 62.2687 -53.5033 12
    endloop
  endfacet
  facet normal 0.923936 0.382547 0
    outer loop
      vertex 62.2687 -53.5033 0
      vertex 62.4934 -54.046 12
      vertex 62.4934 -54.046 0
    endloop
  endfacet
  facet normal -0.382547 -0.923936 0
    outer loop
      vertex 65.0243 -50.7477 0
      vertex 65.567 -50.9724 12
      vertex 65.0243 -50.7477 12
    endloop
  endfacet
  facet normal -0.382547 -0.923936 -0
    outer loop
      vertex 65.567 -50.9724 12
      vertex 65.0243 -50.7477 0
      vertex 65.567 -50.9724 0
    endloop
  endfacet
  facet normal -0.923936 0.382547 0
    outer loop
      vertex 66.3906 -54.046 0
      vertex 66.6153 -53.5033 12
      vertex 66.6153 -53.5033 0
    endloop
  endfacet
  facet normal -0.923936 0.382547 0
    outer loop
      vertex 66.6153 -53.5033 12
      vertex 66.3906 -54.046 0
      vertex 66.3906 -54.046 12
    endloop
  endfacet
  facet normal 0.382547 -0.923936 0
    outer loop
      vertex 63.317 -50.9724 0
      vertex 63.8597 -50.7477 12
      vertex 63.317 -50.9724 12
    endloop
  endfacet
  facet normal 0.382547 -0.923936 0
    outer loop
      vertex 63.8597 -50.7477 12
      vertex 63.317 -50.9724 0
      vertex 63.8597 -50.7477 0
    endloop
  endfacet
  facet normal -0.130591 -0.991436 0
    outer loop
      vertex 64.442 -50.671 0
      vertex 65.0243 -50.7477 12
      vertex 64.442 -50.671 12
    endloop
  endfacet
  facet normal -0.130591 -0.991436 -0
    outer loop
      vertex 65.0243 -50.7477 12
      vertex 64.442 -50.671 0
      vertex 65.0243 -50.7477 0
    endloop
  endfacet
  facet normal -0.382547 0.923936 0
    outer loop
      vertex 65.567 -54.8696 0
      vertex 65.0243 -55.0943 12
      vertex 65.567 -54.8696 12
    endloop
  endfacet
  facet normal -0.382547 0.923936 0
    outer loop
      vertex 65.0243 -55.0943 12
      vertex 65.567 -54.8696 0
      vertex 65.0243 -55.0943 0
    endloop
  endfacet
  facet normal 0.991436 -0.130591 0
    outer loop
      vertex 62.192 -52.921 12
      vertex 62.2687 -52.3387 0
      vertex 62.2687 -52.3387 12
    endloop
  endfacet
  facet normal 0.991436 -0.130591 0
    outer loop
      vertex 62.2687 -52.3387 0
      vertex 62.192 -52.921 12
      vertex 62.192 -52.921 0
    endloop
  endfacet
  facet normal 0.923936 -0.382547 0
    outer loop
      vertex 62.2687 -52.3387 12
      vertex 62.4934 -51.796 0
      vertex 62.4934 -51.796 12
    endloop
  endfacet
  facet normal 0.923936 -0.382547 0
    outer loop
      vertex 62.4934 -51.796 0
      vertex 62.2687 -52.3387 12
      vertex 62.2687 -52.3387 0
    endloop
  endfacet
  facet normal -0.608789 0.793332 0
    outer loop
      vertex 66.033 -54.512 0
      vertex 65.567 -54.8696 12
      vertex 66.033 -54.512 12
    endloop
  endfacet
  facet normal -0.608789 0.793332 0
    outer loop
      vertex 65.567 -54.8696 12
      vertex 66.033 -54.512 0
      vertex 65.567 -54.8696 0
    endloop
  endfacet
  facet normal 0.793332 0.608789 0
    outer loop
      vertex 62.851 -54.512 12
      vertex 62.4934 -54.046 0
      vertex 62.4934 -54.046 12
    endloop
  endfacet
  facet normal 0.793332 0.608789 0
    outer loop
      vertex 62.4934 -54.046 0
      vertex 62.851 -54.512 12
      vertex 62.851 -54.512 0
    endloop
  endfacet
  facet normal 0.608789 -0.793332 0
    outer loop
      vertex 62.851 -51.33 0
      vertex 63.317 -50.9724 12
      vertex 62.851 -51.33 12
    endloop
  endfacet
  facet normal 0.608789 -0.793332 0
    outer loop
      vertex 63.317 -50.9724 12
      vertex 62.851 -51.33 0
      vertex 63.317 -50.9724 0
    endloop
  endfacet
  facet normal -0.130591 0.991436 0
    outer loop
      vertex 65.0243 -55.0943 0
      vertex 64.442 -55.171 12
      vertex 65.0243 -55.0943 12
    endloop
  endfacet
  facet normal -0.130591 0.991436 0
    outer loop
      vertex 64.442 -55.171 12
      vertex 65.0243 -55.0943 0
      vertex 64.442 -55.171 0
    endloop
  endfacet
  facet normal 0.991436 0.130591 0
    outer loop
      vertex 62.2687 -53.5033 12
      vertex 62.192 -52.921 0
      vertex 62.192 -52.921 12
    endloop
  endfacet
  facet normal 0.991436 0.130591 0
    outer loop
      vertex 62.192 -52.921 0
      vertex 62.2687 -53.5033 12
      vertex 62.2687 -53.5033 0
    endloop
  endfacet
  facet normal 0.608789 0.793332 -0
    outer loop
      vertex 63.317 -54.8696 0
      vertex 62.851 -54.512 12
      vertex 63.317 -54.8696 12
    endloop
  endfacet
  facet normal 0.608789 0.793332 0
    outer loop
      vertex 62.851 -54.512 12
      vertex 63.317 -54.8696 0
      vertex 62.851 -54.512 0
    endloop
  endfacet
  facet normal 0.382547 0.923936 -0
    outer loop
      vertex 63.8597 -55.0943 0
      vertex 63.317 -54.8696 12
      vertex 63.8597 -55.0943 12
    endloop
  endfacet
  facet normal 0.382547 0.923936 0
    outer loop
      vertex 63.317 -54.8696 12
      vertex 63.8597 -55.0943 0
      vertex 63.317 -54.8696 0
    endloop
  endfacet
  facet normal -1 0 0
    outer loop
      vertex -21.521 -23.195 0
      vertex -21.521 -34.345 5
      vertex -21.521 -23.195 5
    endloop
  endfacet
  facet normal -1 0 0
    outer loop
      vertex -21.521 -37.195 0
      vertex -21.521 -34.345 5
      vertex -21.521 -23.195 0
    endloop
  endfacet
  facet normal -1 0 0
    outer loop
      vertex -21.521 -37.195 7.7
      vertex -21.521 -34.345 5
      vertex -21.521 -37.195 0
    endloop
  endfacet
  facet normal -1 0 0
    outer loop
      vertex -21.521 -34.345 5
      vertex -21.521 -37.195 7.7
      vertex -21.521 -34.345 7.7
    endloop
  endfacet
  facet normal 1 0 0
    outer loop
      vertex -37.521 -34.345 7.7
      vertex -37.521 -37.195 7.7
      vertex -37.521 -34.345 5
    endloop
  endfacet
  facet normal 1 -0 0
    outer loop
      vertex -37.521 -34.345 5
      vertex -37.521 -23.195 0
      vertex -37.521 -23.195 5
    endloop
  endfacet
  facet normal 1 0 0
    outer loop
      vertex -37.521 -34.345 5
      vertex -37.521 -37.195 0
      vertex -37.521 -23.195 0
    endloop
  endfacet
  facet normal 1 0 0
    outer loop
      vertex -37.521 -37.195 0
      vertex -37.521 -34.345 5
      vertex -37.521 -37.195 7.7
    endloop
  endfacet
  facet normal 0 -1 0
    outer loop
      vertex -37.521 -23.195 0
      vertex -21.521 -23.195 5
      vertex -37.521 -23.195 5
    endloop
  endfacet
  facet normal 0 -1 -0
    outer loop
      vertex -21.521 -23.195 5
      vertex -37.521 -23.195 0
      vertex -21.521 -23.195 0
    endloop
  endfacet
  facet normal -1 0 0
    outer loop
      vertex 28.523 -23.195 0
      vertex 28.523 -34.345 5
      vertex 28.523 -23.195 5
    endloop
  endfacet
  facet normal -1 0 0
    outer loop
      vertex 28.523 -34.345 5
      vertex 28.523 -37.195 7.7
      vertex 28.523 -34.345 7.7
    endloop
  endfacet
  facet normal -1 0 0
    outer loop
      vertex 28.523 -50.921 0
      vertex 28.523 -34.345 5
      vertex 28.523 -23.195 0
    endloop
  endfacet
  facet normal -1 0 0
    outer loop
      vertex 28.523 -50.921 0
      vertex 28.523 -37.195 7.7
      vertex 28.523 -34.345 5
    endloop
  endfacet
  facet normal -1 0 0
    outer loop
      vertex 28.523 -50.921 12
      vertex 28.523 -37.195 7.7
      vertex 28.523 -50.921 0
    endloop
  endfacet
  facet normal -1 0 0
    outer loop
      vertex 28.523 -37.195 7.7
      vertex 28.523 -50.921 12
      vertex 28.523 -37.195 12
    endloop
  endfacet
  facet normal 1 0 0
    outer loop
      vertex 12.523 -34.345 7.7
      vertex 12.523 -37.195 7.7
      vertex 12.523 -34.345 5
    endloop
  endfacet
  facet normal 1 0 0
    outer loop
      vertex 12.523 -23.195 5
      vertex 12.523 -28.2283 2.8
      vertex 12.523 -23.195 0
    endloop
  endfacet
  facet normal 1 -0 0
    outer loop
      vertex 12.523 -34.345 5
      vertex 12.523 -28.2283 2.8
      vertex 12.523 -23.195 5
    endloop
  endfacet
  facet normal 1 0 0
    outer loop
      vertex 12.523 -28.2283 2.8
      vertex 12.523 -34.345 5
      vertex 12.523 -32.1617 2.8
    endloop
  endfacet
  facet normal 1 0 0
    outer loop
      vertex 12.523 -37.195 0
      vertex 12.523 -32.1617 2.8
      vertex 12.523 -34.345 5
    endloop
  endfacet
  facet normal 1 0 0
    outer loop
      vertex 12.523 -37.195 0
      vertex 12.523 -34.345 5
      vertex 12.523 -37.195 7.7
    endloop
  endfacet
  facet normal 1 0 0
    outer loop
      vertex 12.523 -32.1617 2.8
      vertex 12.523 -37.195 0
      vertex 12.523 -32.1617 0
    endloop
  endfacet
  facet normal 1 0 0
    outer loop
      vertex 12.523 -23.195 0
      vertex 12.523 -28.2283 2.8
      vertex 12.523 -28.2283 0
    endloop
  endfacet
  facet normal 0 -1 0
    outer loop
      vertex 12.523 -23.195 0
      vertex 28.523 -23.195 5
      vertex 12.523 -23.195 5
    endloop
  endfacet
  facet normal 0 -1 -0
    outer loop
      vertex 28.523 -23.195 5
      vertex 12.523 -23.195 0
      vertex 28.523 -23.195 0
    endloop
  endfacet
  facet normal 0 1 -0
    outer loop
      vertex 28.523 -50.921 0
      vertex 14.079 -50.921 12
      vertex 28.523 -50.921 12
    endloop
  endfacet
  facet normal 0 1 0
    outer loop
      vertex 14.079 -50.921 12
      vertex 28.523 -50.921 0
      vertex 14.079 -50.921 0
    endloop
  endfacet
endsolid OpenSCAD_Model
