solid OpenSCAD_Model
  facet normal 1 -0 0
    outer loop
      vertex 35.805 -298.948 7.7
      vertex 35.805 -201.948 0
      vertex 35.805 -201.948 7.7
    endloop
  endfacet
  facet normal 1 0 0
    outer loop
      vertex 35.805 -201.948 0
      vertex 35.805 -298.948 7.7
      vertex 35.805 -298.948 0
    endloop
  endfacet
  facet normal 0 0 1
    outer loop
      vertex 0 -201.948 7.7
      vertex -34.345 -204.798 7.7
      vertex 0 -204.798 7.7
    endloop
  endfacet
  facet normal -0 0 1
    outer loop
      vertex -37.195 -201.948 7.7
      vertex -34.345 -204.798 7.7
      vertex 0 -201.948 7.7
    endloop
  endfacet
  facet normal 0 0 1
    outer loop
      vertex -37.195 -221.477 7.7
      vertex -34.345 -204.798 7.7
      vertex -37.195 -201.948 7.7
    endloop
  endfacet
  facet normal 0 0 1
    outer loop
      vertex -34.345 -204.798 7.7
      vertex -37.195 -221.477 7.7
      vertex -34.345 -221.477 7.7
    endloop
  endfacet
  facet normal 0 0 1
    outer loop
      vertex -34.345 -287.521 7.7
      vertex -37.195 -287.521 7.7
      vertex -34.345 -296.098 7.7
    endloop
  endfacet
  facet normal 0 0 1
    outer loop
      vertex 35.805 -201.948 7.7
      vertex 32.955 -204.798 7.7
      vertex 35.805 -298.948 7.7
    endloop
  endfacet
  facet normal -0 0 1
    outer loop
      vertex 21 -201.948 7.7
      vertex 32.955 -204.798 7.7
      vertex 35.805 -201.948 7.7
    endloop
  endfacet
  facet normal 0 0 1
    outer loop
      vertex 32.955 -204.798 7.7
      vertex 21 -201.948 7.7
      vertex 21 -204.798 7.7
    endloop
  endfacet
  facet normal -0 0 1
    outer loop
      vertex 32.955 -296.098 7.7
      vertex 35.805 -298.948 7.7
      vertex 32.955 -204.798 7.7
    endloop
  endfacet
  facet normal -0 0 1
    outer loop
      vertex -34.345 -296.098 7.7
      vertex 35.805 -298.948 7.7
      vertex 32.955 -296.098 7.7
    endloop
  endfacet
  facet normal 0 0 1
    outer loop
      vertex -34.345 -296.098 7.7
      vertex -37.195 -298.948 7.7
      vertex 35.805 -298.948 7.7
    endloop
  endfacet
  facet normal 0 0 1
    outer loop
      vertex -37.195 -298.948 7.7
      vertex -34.345 -296.098 7.7
      vertex -37.195 -287.521 7.7
    endloop
  endfacet
  facet normal -0 0 1
    outer loop
      vertex -37.195 -237.477 7.7
      vertex -34.345 -271.521 7.7
      vertex -34.345 -237.477 7.7
    endloop
  endfacet
  facet normal 0 0 1
    outer loop
      vertex -34.345 -271.521 7.7
      vertex -37.195 -237.477 7.7
      vertex -37.195 -271.521 7.7
    endloop
  endfacet
  facet normal 0 0 -1
    outer loop
      vertex -28.4053 -245.048 0
      vertex -20.7745 -249.948 0
      vertex -27.9847 -258.848 0
    endloop
  endfacet
  facet normal 0 0 -1
    outer loop
      vertex -20.7745 -249.948 0
      vertex -28.4053 -245.048 0
      vertex -26.6155 -241.948 0
    endloop
  endfacet
  facet normal 0 0 -1
    outer loop
      vertex -31.9847 -245.048 0
      vertex -27.9847 -258.848 0
      vertex -29.7745 -261.948 0
    endloop
  endfacet
  facet normal 0 0 -1
    outer loop
      vertex -27.9847 -258.848 0
      vertex -31.9847 -245.048 0
      vertex -28.4053 -245.048 0
    endloop
  endfacet
  facet normal 0 0 -1
    outer loop
      vertex -27.9847 -258.848 0
      vertex -20.7745 -249.948 0
      vertex -24.4053 -258.848 0
    endloop
  endfacet
  facet normal 0 0 -1
    outer loop
      vertex -20.7745 -249.948 0
      vertex -26.6155 -241.948 0
      vertex -23.195 -237.477 0
    endloop
  endfacet
  facet normal 0 0 -1
    outer loop
      vertex -28.4053 -238.848 0
      vertex -23.195 -237.477 0
      vertex -26.6155 -241.948 0
    endloop
  endfacet
  facet normal 0 0 -1
    outer loop
      vertex -31.9847 -238.848 0
      vertex -23.195 -237.477 0
      vertex -28.4053 -238.848 0
    endloop
  endfacet
  facet normal 0 0 -1
    outer loop
      vertex -31.9847 -238.848 0
      vertex -37.195 -237.477 0
      vertex -23.195 -237.477 0
    endloop
  endfacet
  facet normal 0 0 -1
    outer loop
      vertex -33.7745 -241.948 0
      vertex -37.195 -237.477 0
      vertex -31.9847 -238.848 0
    endloop
  endfacet
  facet normal 0 0 -1
    outer loop
      vertex -37.195 -237.477 0
      vertex -33.7745 -241.948 0
      vertex -37.195 -271.521 0
    endloop
  endfacet
  facet normal 0 0 -1
    outer loop
      vertex -2.48475 -206.663 0
      vertex 0 -201.948 0
      vertex 0 -206.663 0
    endloop
  endfacet
  facet normal 0 0 -1
    outer loop
      vertex -37.195 -201.948 0
      vertex -2.48475 -206.663 0
      vertex -4.2745 -209.763 0
    endloop
  endfacet
  facet normal 0 0 -1
    outer loop
      vertex -23.195 -237.477 0
      vertex -2.48475 -212.863 0
      vertex -15.4052 -246.848 0
    endloop
  endfacet
  facet normal 0 0 -1
    outer loop
      vertex -23.195 -237.477 0
      vertex -15.4052 -246.848 0
      vertex -18.9847 -246.848 0
    endloop
  endfacet
  facet normal 0 0 -1
    outer loop
      vertex -23.195 -237.477 0
      vertex -18.9847 -246.848 0
      vertex -20.7745 -249.948 0
    endloop
  endfacet
  facet normal -0 0 -1
    outer loop
      vertex -18.9847 -253.048 0
      vertex -24.4053 -258.848 0
      vertex -20.7745 -249.948 0
    endloop
  endfacet
  facet normal 0 0 -1
    outer loop
      vertex -23.195 -221.477 0
      vertex -2.48475 -212.863 0
      vertex -23.195 -237.477 0
    endloop
  endfacet
  facet normal -0 0 -1
    outer loop
      vertex -2.48475 -212.863 0
      vertex -23.195 -221.477 0
      vertex -4.2745 -209.763 0
    endloop
  endfacet
  facet normal 0 0 -1
    outer loop
      vertex -37.195 -201.948 0
      vertex -4.2745 -209.763 0
      vertex -23.195 -221.477 0
    endloop
  endfacet
  facet normal 0 0 -1
    outer loop
      vertex -37.195 -201.948 0
      vertex -23.195 -221.477 0
      vertex -37.195 -221.477 0
    endloop
  endfacet
  facet normal 0 0 -1
    outer loop
      vertex -2.48475 -206.663 0
      vertex -37.195 -201.948 0
      vertex 0 -201.948 0
    endloop
  endfacet
  facet normal -0 0 -1
    outer loop
      vertex 21.1332 -237.168 0
      vertex -13.6155 -249.948 0
      vertex 19.3435 -234.068 0
    endloop
  endfacet
  facet normal 0 0 -1
    outer loop
      vertex -15.4052 -246.848 0
      vertex 19.3435 -234.068 0
      vertex -13.6155 -249.948 0
    endloop
  endfacet
  facet normal 0 0 -1
    outer loop
      vertex -23.195 -287.521 0
      vertex -2.48475 -287.848 0
      vertex -4.2745 -290.948 0
    endloop
  endfacet
  facet normal -0 0 -1
    outer loop
      vertex 19.3435 -234.068 0
      vertex -15.4052 -246.848 0
      vertex 0 -212.863 0
    endloop
  endfacet
  facet normal 0 0 -1
    outer loop
      vertex -15.4052 -253.048 0
      vertex -23.195 -271.521 0
      vertex -22.6155 -261.948 0
    endloop
  endfacet
  facet normal 0 0 -1
    outer loop
      vertex -23.195 -271.521 0
      vertex -24.4053 -265.048 0
      vertex -22.6155 -261.948 0
    endloop
  endfacet
  facet normal 0 0 -1
    outer loop
      vertex -23.195 -271.521 0
      vertex -27.9847 -265.048 0
      vertex -24.4053 -265.048 0
    endloop
  endfacet
  facet normal 0 0 -1
    outer loop
      vertex -37.195 -271.521 0
      vertex -31.9847 -245.048 0
      vertex -29.7745 -261.948 0
    endloop
  endfacet
  facet normal -0 0 -1
    outer loop
      vertex -31.9847 -245.048 0
      vertex -37.195 -271.521 0
      vertex -33.7745 -241.948 0
    endloop
  endfacet
  facet normal -0 0 -1
    outer loop
      vertex -27.9847 -265.048 0
      vertex -37.195 -271.521 0
      vertex -29.7745 -261.948 0
    endloop
  endfacet
  facet normal 0 0 -1
    outer loop
      vertex -37.195 -271.521 0
      vertex -27.9847 -265.048 0
      vertex -23.195 -271.521 0
    endloop
  endfacet
  facet normal 0 0 -1
    outer loop
      vertex 21 -179.571 0
      vertex 12.6733 -186.153 0
      vertex 12.75 -185.571 0
    endloop
  endfacet
  facet normal 0 0 -1
    outer loop
      vertex 13.791 -190.871 0
      vertex 12.4486 -186.696 0
      vertex 12.6733 -186.153 0
    endloop
  endfacet
  facet normal 0 0 -1
    outer loop
      vertex 13.791 -190.871 0
      vertex 12.091 -187.162 0
      vertex 12.4486 -186.696 0
    endloop
  endfacet
  facet normal 0 0 -1
    outer loop
      vertex 13.791 -190.871 0
      vertex 11.625 -187.52 0
      vertex 12.091 -187.162 0
    endloop
  endfacet
  facet normal 0 0 -1
    outer loop
      vertex 13.791 -190.871 0
      vertex 11.0823 -187.744 0
      vertex 11.625 -187.52 0
    endloop
  endfacet
  facet normal 0 0 -1
    outer loop
      vertex 13.791 -190.871 0
      vertex 10.5 -187.821 0
      vertex 11.0823 -187.744 0
    endloop
  endfacet
  facet normal 0 0 -1
    outer loop
      vertex 7.209 -190.871 0
      vertex 10.5 -187.821 0
      vertex 13.791 -190.871 0
    endloop
  endfacet
  facet normal -0 0 -1
    outer loop
      vertex 10.5 -187.821 0
      vertex 7.209 -190.871 0
      vertex 9.91766 -187.744 0
    endloop
  endfacet
  facet normal -0 0 -1
    outer loop
      vertex 8.32667 -186.153 0
      vertex 7.209 -190.871 0
      vertex 8.25 -185.571 0
    endloop
  endfacet
  facet normal -0 0 -1
    outer loop
      vertex 8.55144 -186.696 0
      vertex 7.209 -190.871 0
      vertex 8.32667 -186.153 0
    endloop
  endfacet
  facet normal -0 0 -1
    outer loop
      vertex 8.90901 -187.162 0
      vertex 7.209 -190.871 0
      vertex 8.55144 -186.696 0
    endloop
  endfacet
  facet normal -0 0 -1
    outer loop
      vertex 9.375 -187.52 0
      vertex 7.209 -190.871 0
      vertex 8.90901 -187.162 0
    endloop
  endfacet
  facet normal -0 0 -1
    outer loop
      vertex 9.91766 -187.744 0
      vertex 7.209 -190.871 0
      vertex 9.375 -187.52 0
    endloop
  endfacet
  facet normal 0 0 -1
    outer loop
      vertex 24.7127 -263.728 0
      vertex 26.5025 -234.068 0
      vertex 26.5025 -266.828 0
    endloop
  endfacet
  facet normal 0 0 -1
    outer loop
      vertex 24.7127 -263.728 0
      vertex 24.7127 -237.168 0
      vertex 26.5025 -234.068 0
    endloop
  endfacet
  facet normal 0 0 -1
    outer loop
      vertex 21.1332 -263.728 0
      vertex 24.7127 -237.168 0
      vertex 24.7127 -263.728 0
    endloop
  endfacet
  facet normal 0 0 -1
    outer loop
      vertex 21.1332 -263.728 0
      vertex 21.1332 -237.168 0
      vertex 24.7127 -237.168 0
    endloop
  endfacet
  facet normal 0 0 -1
    outer loop
      vertex -13.6155 -249.948 0
      vertex 21.1332 -263.728 0
      vertex 19.3435 -266.828 0
    endloop
  endfacet
  facet normal 0 0 -1
    outer loop
      vertex 21.1332 -263.728 0
      vertex -13.6155 -249.948 0
      vertex 21.1332 -237.168 0
    endloop
  endfacet
  facet normal 0 0 -1
    outer loop
      vertex 35.805 -298.948 0
      vertex 26.5025 -266.828 0
      vertex 35.805 -201.948 0
    endloop
  endfacet
  facet normal 0 0 -1
    outer loop
      vertex 35.805 -298.948 0
      vertex 24.7127 -269.928 0
      vertex 26.5025 -266.828 0
    endloop
  endfacet
  facet normal 0 0 -1
    outer loop
      vertex 35.805 -298.948 0
      vertex 21.1332 -269.928 0
      vertex 24.7127 -269.928 0
    endloop
  endfacet
  facet normal 0 0 -1
    outer loop
      vertex 2.8845 -290.948 0
      vertex 21.1332 -269.928 0
      vertex 35.805 -298.948 0
    endloop
  endfacet
  facet normal 0 0 -1
    outer loop
      vertex -13.6155 -249.948 0
      vertex 19.3435 -266.828 0
      vertex -2.48475 -287.848 0
    endloop
  endfacet
  facet normal 0 0 -1
    outer loop
      vertex 19.3435 -234.068 0
      vertex 13.9776 -201.948 0
      vertex 17.082 -196.571 0
    endloop
  endfacet
  facet normal 0 0 -1
    outer loop
      vertex 19.3435 -234.068 0
      vertex 0 -212.863 0
      vertex 13.9776 -201.948 0
    endloop
  endfacet
  facet normal -0 0 -1
    outer loop
      vertex 13.9776 -201.948 0
      vertex 0 -212.863 0
      vertex 7.02241 -201.948 0
    endloop
  endfacet
  facet normal -0 0 -1
    outer loop
      vertex 21.1332 -269.928 0
      vertex 1.09475 -287.848 0
      vertex 19.3435 -266.828 0
    endloop
  endfacet
  facet normal 0 0 -1
    outer loop
      vertex 1.09475 -287.848 0
      vertex 21.1332 -269.928 0
      vertex 2.8845 -290.948 0
    endloop
  endfacet
  facet normal 0 0 -1
    outer loop
      vertex 35.805 -298.948 0
      vertex 1.09475 -294.048 0
      vertex 2.8845 -290.948 0
    endloop
  endfacet
  facet normal 0 0 -1
    outer loop
      vertex 35.805 -298.948 0
      vertex -2.48475 -294.048 0
      vertex 1.09475 -294.048 0
    endloop
  endfacet
  facet normal -0 0 -1
    outer loop
      vertex 0 -212.863 0
      vertex -15.4052 -246.848 0
      vertex -2.48475 -212.863 0
    endloop
  endfacet
  facet normal 0 0 -1
    outer loop
      vertex -2.48475 -287.848 0
      vertex -15.4052 -253.048 0
      vertex -13.6155 -249.948 0
    endloop
  endfacet
  facet normal 0 0 -1
    outer loop
      vertex -2.48475 -287.848 0
      vertex -23.195 -271.521 0
      vertex -15.4052 -253.048 0
    endloop
  endfacet
  facet normal -0 0 -1
    outer loop
      vertex -15.4052 -253.048 0
      vertex -22.6155 -261.948 0
      vertex -18.9847 -253.048 0
    endloop
  endfacet
  facet normal 0 0 -1
    outer loop
      vertex -24.4053 -258.848 0
      vertex -18.9847 -253.048 0
      vertex -22.6155 -261.948 0
    endloop
  endfacet
  facet normal 0 0 -1
    outer loop
      vertex -23.195 -287.521 0
      vertex -4.2745 -290.948 0
      vertex -2.48475 -294.048 0
    endloop
  endfacet
  facet normal 0 0 -1
    outer loop
      vertex -2.48475 -287.848 0
      vertex -23.195 -287.521 0
      vertex -23.195 -271.521 0
    endloop
  endfacet
  facet normal 0 0 -1
    outer loop
      vertex -37.195 -298.948 0
      vertex -2.48475 -294.048 0
      vertex 35.805 -298.948 0
    endloop
  endfacet
  facet normal 0 0 -1
    outer loop
      vertex -37.195 -298.948 0
      vertex -23.195 -287.521 0
      vertex -2.48475 -294.048 0
    endloop
  endfacet
  facet normal -0 0 -1
    outer loop
      vertex -23.195 -287.521 0
      vertex -37.195 -298.948 0
      vertex -37.195 -287.521 0
    endloop
  endfacet
  facet normal 0 0 -1
    outer loop
      vertex 26.5025 -234.068 0
      vertex 35.805 -201.948 0
      vertex 26.5025 -266.828 0
    endloop
  endfacet
  facet normal 0 0 -1
    outer loop
      vertex 24.7127 -230.968 0
      vertex 35.805 -201.948 0
      vertex 26.5025 -234.068 0
    endloop
  endfacet
  facet normal 0 0 -1
    outer loop
      vertex 21 -201.948 0
      vertex 24.7127 -230.968 0
      vertex 21.1332 -230.968 0
    endloop
  endfacet
  facet normal 0 0 -1
    outer loop
      vertex 24.7127 -230.968 0
      vertex 21 -201.948 0
      vertex 35.805 -201.948 0
    endloop
  endfacet
  facet normal 0 0 -1
    outer loop
      vertex 17.082 -196.571 0
      vertex 21.1332 -230.968 0
      vertex 19.3435 -234.068 0
    endloop
  endfacet
  facet normal 0 0 -1
    outer loop
      vertex 21.1332 -230.968 0
      vertex 17.082 -196.571 0
      vertex 21 -201.948 0
    endloop
  endfacet
  facet normal 0 0 -1
    outer loop
      vertex 21 -201.948 0
      vertex 17.082 -196.571 0
      vertex 21 -179.571 0
    endloop
  endfacet
  facet normal 0 0 -1
    outer loop
      vertex 13.791 -190.871 0
      vertex 21 -179.571 0
      vertex 17.082 -196.571 0
    endloop
  endfacet
  facet normal 0 0 -1
    outer loop
      vertex 12.6733 -186.153 0
      vertex 21 -179.571 0
      vertex 13.791 -190.871 0
    endloop
  endfacet
  facet normal 0 0 -1
    outer loop
      vertex 12.6733 -184.989 0
      vertex 21 -179.571 0
      vertex 12.75 -185.571 0
    endloop
  endfacet
  facet normal 0 0 -1
    outer loop
      vertex 12.4486 -184.446 0
      vertex 21 -179.571 0
      vertex 12.6733 -184.989 0
    endloop
  endfacet
  facet normal -0 0 -1
    outer loop
      vertex 21 -179.571 0
      vertex 12.4486 -184.446 0
      vertex 12.5 -179.571 0
    endloop
  endfacet
  facet normal 0 0 -1
    outer loop
      vertex 12.091 -183.98 0
      vertex 12.5 -179.571 0
      vertex 12.4486 -184.446 0
    endloop
  endfacet
  facet normal 0 0 -1
    outer loop
      vertex 11.625 -183.622 0
      vertex 12.5 -179.571 0
      vertex 12.091 -183.98 0
    endloop
  endfacet
  facet normal 0 0 -1
    outer loop
      vertex 11.0823 -183.398 0
      vertex 12.5 -179.571 0
      vertex 11.625 -183.622 0
    endloop
  endfacet
  facet normal 0 0 -1
    outer loop
      vertex 10.5 -183.321 0
      vertex 12.5 -179.571 0
      vertex 11.0823 -183.398 0
    endloop
  endfacet
  facet normal 0 0 -1
    outer loop
      vertex 9.91766 -183.398 0
      vertex 12.5 -179.571 0
      vertex 10.5 -183.321 0
    endloop
  endfacet
  facet normal 0 0 -1
    outer loop
      vertex 9.375 -183.622 0
      vertex 12.5 -179.571 0
      vertex 9.91766 -183.398 0
    endloop
  endfacet
  facet normal 0 0 -1
    outer loop
      vertex 8.90901 -183.98 0
      vertex 12.5 -179.571 0
      vertex 9.375 -183.622 0
    endloop
  endfacet
  facet normal -0 0 -1
    outer loop
      vertex 12.5 -179.571 0
      vertex 8.90901 -183.98 0
      vertex 0 -91.572 0
    endloop
  endfacet
  facet normal 0 0 -1
    outer loop
      vertex 0 -91.572 0
      vertex 8.90901 -183.98 0
      vertex 8.55144 -184.446 0
    endloop
  endfacet
  facet normal 0 0 -1
    outer loop
      vertex 0 -91.572 0
      vertex 8.55144 -184.446 0
      vertex 8.32667 -184.989 0
    endloop
  endfacet
  facet normal 0 0 -1
    outer loop
      vertex 3.918 -196.571 0
      vertex 8.32667 -184.989 0
      vertex 8.25 -185.571 0
    endloop
  endfacet
  facet normal 0 0 -1
    outer loop
      vertex 3.918 -196.571 0
      vertex 8.25 -185.571 0
      vertex 7.209 -190.871 0
    endloop
  endfacet
  facet normal 0 0 -1
    outer loop
      vertex 8.32667 -184.989 0
      vertex 3.918 -196.571 0
      vertex 0 -201.948 0
    endloop
  endfacet
  facet normal 0 0 -1
    outer loop
      vertex -2.48475 -287.848 0
      vertex 19.3435 -266.828 0
      vertex 1.09475 -287.848 0
    endloop
  endfacet
  facet normal 0 0 -1
    outer loop
      vertex 0 -206.663 0
      vertex 7.02241 -201.948 0
      vertex 0 -212.863 0
    endloop
  endfacet
  facet normal 0 0 -1
    outer loop
      vertex 0 -201.948 0
      vertex 7.02241 -201.948 0
      vertex 0 -206.663 0
    endloop
  endfacet
  facet normal 0 0 -1
    outer loop
      vertex 7.02241 -201.948 0
      vertex 0 -201.948 0
      vertex 3.918 -196.571 0
    endloop
  endfacet
  facet normal -0 0 -1
    outer loop
      vertex 8.32667 -184.989 0
      vertex 0 -201.948 0
      vertex 0 -91.572 0
    endloop
  endfacet
  facet normal 0 0 -1
    outer loop
      vertex 12.5 -179.571 0
      vertex 0 -91.572 0
      vertex 12.5 -91.572 0
    endloop
  endfacet
  facet normal -1 0 0
    outer loop
      vertex -37.195 -221.477 0
      vertex -37.195 -201.948 7.7
      vertex -37.195 -201.948 0
    endloop
  endfacet
  facet normal -1 -0 0
    outer loop
      vertex -37.195 -201.948 7.7
      vertex -37.195 -221.477 0
      vertex -37.195 -221.477 7.7
    endloop
  endfacet
  facet normal -1 0 0
    outer loop
      vertex -37.195 -298.948 0
      vertex -37.195 -287.521 7.7
      vertex -37.195 -287.521 0
    endloop
  endfacet
  facet normal -1 -0 0
    outer loop
      vertex -37.195 -287.521 7.7
      vertex -37.195 -298.948 0
      vertex -37.195 -298.948 7.7
    endloop
  endfacet
  facet normal -1 0 0
    outer loop
      vertex -37.195 -271.521 0
      vertex -37.195 -237.477 7.7
      vertex -37.195 -237.477 0
    endloop
  endfacet
  facet normal -1 -0 0
    outer loop
      vertex -37.195 -237.477 7.7
      vertex -37.195 -271.521 0
      vertex -37.195 -271.521 7.7
    endloop
  endfacet
  facet normal 0 1 -0
    outer loop
      vertex 0 -201.948 0
      vertex -37.195 -201.948 7.7
      vertex 0 -201.948 7.7
    endloop
  endfacet
  facet normal 0 1 0
    outer loop
      vertex -37.195 -201.948 7.7
      vertex 0 -201.948 0
      vertex -37.195 -201.948 0
    endloop
  endfacet
  facet normal 0 1 -0
    outer loop
      vertex 35.805 -201.948 0
      vertex 21 -201.948 7.7
      vertex 35.805 -201.948 7.7
    endloop
  endfacet
  facet normal 0 1 0
    outer loop
      vertex 21 -201.948 7.7
      vertex 35.805 -201.948 0
      vertex 21 -201.948 0
    endloop
  endfacet
  facet normal 0 1 -0
    outer loop
      vertex 13.9776 -201.948 0
      vertex 7.02241 -201.948 5.99
      vertex 13.9776 -201.948 5.99
    endloop
  endfacet
  facet normal 0 1 0
    outer loop
      vertex 7.02241 -201.948 5.99
      vertex 13.9776 -201.948 0
      vertex 7.02241 -201.948 0
    endloop
  endfacet
  facet normal 0 -1 0
    outer loop
      vertex -37.195 -298.948 0
      vertex 35.805 -298.948 7.7
      vertex -37.195 -298.948 7.7
    endloop
  endfacet
  facet normal 0 -1 -0
    outer loop
      vertex 35.805 -298.948 7.7
      vertex -37.195 -298.948 0
      vertex 35.805 -298.948 0
    endloop
  endfacet
  facet normal -1 0 0
    outer loop
      vertex 32.955 -296.098 5
      vertex 32.955 -204.798 7.7
      vertex 32.955 -204.798 5
    endloop
  endfacet
  facet normal -1 -0 0
    outer loop
      vertex 32.955 -204.798 7.7
      vertex 32.955 -296.098 5
      vertex 32.955 -296.098 7.7
    endloop
  endfacet
  facet normal 0 0 1
    outer loop
      vertex -24.5095 -262.17 5
      vertex -16.5444 -251.519 5
      vertex -24.495 -261.948 5
    endloop
  endfacet
  facet normal 0 0 1
    outer loop
      vertex -18.895 -249.948 5
      vertex -24.5095 -261.726 5
      vertex -24.495 -261.948 5
    endloop
  endfacet
  facet normal 0 0 1
    outer loop
      vertex -18.895 -249.948 5
      vertex -24.5529 -261.508 5
      vertex -24.5095 -261.726 5
    endloop
  endfacet
  facet normal 0 0 1
    outer loop
      vertex -18.895 -249.948 5
      vertex -24.6244 -261.297 5
      vertex -24.5529 -261.508 5
    endloop
  endfacet
  facet normal 0 0 1
    outer loop
      vertex -18.895 -249.948 5
      vertex -24.7228 -261.098 5
      vertex -24.6244 -261.297 5
    endloop
  endfacet
  facet normal 0 0 1
    outer loop
      vertex -18.895 -249.948 5
      vertex -24.8463 -260.913 5
      vertex -24.7228 -261.098 5
    endloop
  endfacet
  facet normal 0 0 1
    outer loop
      vertex -18.895 -249.948 5
      vertex -24.9929 -260.746 5
      vertex -24.8463 -260.913 5
    endloop
  endfacet
  facet normal 0 0 1
    outer loop
      vertex -18.895 -249.948 5
      vertex -25.1601 -260.599 5
      vertex -24.9929 -260.746 5
    endloop
  endfacet
  facet normal -0 0 1
    outer loop
      vertex -29.1601 -243.297 5
      vertex -18.8371 -249.508 5
      vertex -28.9929 -243.15 5
    endloop
  endfacet
  facet normal 0 0 1
    outer loop
      vertex -18.895 -249.948 5
      vertex -25.345 -260.476 5
      vertex -25.1601 -260.599 5
    endloop
  endfacet
  facet normal 0 0 1
    outer loop
      vertex -18.8371 -249.508 5
      vertex -29.1601 -243.297 5
      vertex -18.8805 -249.726 5
    endloop
  endfacet
  facet normal 0 0 1
    outer loop
      vertex -18.895 -249.948 5
      vertex -25.5444 -260.377 5
      vertex -25.345 -260.476 5
    endloop
  endfacet
  facet normal -0 0 1
    outer loop
      vertex -29.345 -243.42 5
      vertex -18.8805 -249.726 5
      vertex -29.1601 -243.297 5
    endloop
  endfacet
  facet normal 0 0 1
    outer loop
      vertex -18.895 -249.948 5
      vertex -25.755 -260.306 5
      vertex -25.5444 -260.377 5
    endloop
  endfacet
  facet normal 0 0 1
    outer loop
      vertex -18.8805 -249.726 5
      vertex -29.345 -243.42 5
      vertex -18.895 -249.948 5
    endloop
  endfacet
  facet normal 0 0 1
    outer loop
      vertex -18.895 -249.948 5
      vertex -25.9731 -260.263 5
      vertex -25.755 -260.306 5
    endloop
  endfacet
  facet normal -0 0 1
    outer loop
      vertex -29.5444 -243.519 5
      vertex -18.895 -249.948 5
      vertex -29.345 -243.42 5
    endloop
  endfacet
  facet normal 0 0 1
    outer loop
      vertex -18.895 -249.948 5
      vertex -26.195 -260.248 5
      vertex -25.9731 -260.263 5
    endloop
  endfacet
  facet normal -0 0 1
    outer loop
      vertex -29.755 -243.59 5
      vertex -18.895 -249.948 5
      vertex -29.5444 -243.519 5
    endloop
  endfacet
  facet normal 0 0 1
    outer loop
      vertex -18.895 -249.948 5
      vertex -26.4169 -260.263 5
      vertex -26.195 -260.248 5
    endloop
  endfacet
  facet normal 0 0 1
    outer loop
      vertex -18.895 -249.948 5
      vertex -29.755 -243.59 5
      vertex -26.4169 -260.263 5
    endloop
  endfacet
  facet normal 0 0 1
    outer loop
      vertex -26.4169 -260.263 5
      vertex -29.755 -243.59 5
      vertex -26.635 -260.306 5
    endloop
  endfacet
  facet normal -0 0 1
    outer loop
      vertex -29.9731 -243.633 5
      vertex -26.635 -260.306 5
      vertex -29.755 -243.59 5
    endloop
  endfacet
  facet normal 0 0 1
    outer loop
      vertex -26.635 -260.306 5
      vertex -29.9731 -243.633 5
      vertex -26.8456 -260.377 5
    endloop
  endfacet
  facet normal 0 0 1
    outer loop
      vertex -28.5529 -242.388 5
      vertex -23.195 -237.477 5
      vertex -28.5095 -242.17 5
    endloop
  endfacet
  facet normal 0 0 1
    outer loop
      vertex -28.5095 -242.17 5
      vertex -23.195 -237.477 5
      vertex -28.495 -241.948 5
    endloop
  endfacet
  facet normal 0 0 1
    outer loop
      vertex -23.195 -237.477 5
      vertex -28.5095 -241.726 5
      vertex -28.495 -241.948 5
    endloop
  endfacet
  facet normal 0 0 1
    outer loop
      vertex -23.195 -237.477 5
      vertex -28.5529 -241.508 5
      vertex -28.5095 -241.726 5
    endloop
  endfacet
  facet normal 0 0 1
    outer loop
      vertex -23.195 -237.477 5
      vertex -28.6244 -241.297 5
      vertex -28.5529 -241.508 5
    endloop
  endfacet
  facet normal 0 0 1
    outer loop
      vertex -23.195 -237.477 5
      vertex -28.7228 -241.098 5
      vertex -28.6244 -241.297 5
    endloop
  endfacet
  facet normal 0 0 1
    outer loop
      vertex -23.195 -237.477 5
      vertex -28.8463 -240.913 5
      vertex -28.7228 -241.098 5
    endloop
  endfacet
  facet normal 0 0 1
    outer loop
      vertex -23.195 -237.477 5
      vertex -28.9929 -240.746 5
      vertex -28.8463 -240.913 5
    endloop
  endfacet
  facet normal 0 0 1
    outer loop
      vertex -23.195 -237.477 5
      vertex -29.1601 -240.599 5
      vertex -28.9929 -240.746 5
    endloop
  endfacet
  facet normal 0 0 1
    outer loop
      vertex -23.195 -237.477 5
      vertex -29.345 -240.476 5
      vertex -29.1601 -240.599 5
    endloop
  endfacet
  facet normal 0 0 1
    outer loop
      vertex -23.195 -237.477 5
      vertex -29.5444 -240.377 5
      vertex -29.345 -240.476 5
    endloop
  endfacet
  facet normal 0 0 1
    outer loop
      vertex -23.195 -237.477 5
      vertex -29.755 -240.306 5
      vertex -29.5444 -240.377 5
    endloop
  endfacet
  facet normal 0 0 1
    outer loop
      vertex -23.195 -237.477 5
      vertex -29.9731 -240.263 5
      vertex -29.755 -240.306 5
    endloop
  endfacet
  facet normal -0 0 1
    outer loop
      vertex -34.345 -237.477 5
      vertex -29.9731 -240.263 5
      vertex -23.195 -237.477 5
    endloop
  endfacet
  facet normal 0 0 1
    outer loop
      vertex -29.9731 -240.263 5
      vertex -34.345 -237.477 5
      vertex -30.195 -240.248 5
    endloop
  endfacet
  facet normal 0 0 1
    outer loop
      vertex -30.195 -240.248 5
      vertex -34.345 -237.477 5
      vertex -30.4169 -240.263 5
    endloop
  endfacet
  facet normal 0 0 1
    outer loop
      vertex -30.4169 -240.263 5
      vertex -34.345 -237.477 5
      vertex -30.635 -240.306 5
    endloop
  endfacet
  facet normal 0 0 1
    outer loop
      vertex -31.8805 -241.726 5
      vertex -34.345 -237.477 5
      vertex -31.895 -241.948 5
    endloop
  endfacet
  facet normal 0 0 1
    outer loop
      vertex -31.8371 -241.508 5
      vertex -34.345 -237.477 5
      vertex -31.8805 -241.726 5
    endloop
  endfacet
  facet normal 0 0 1
    outer loop
      vertex -31.7656 -241.297 5
      vertex -34.345 -237.477 5
      vertex -31.8371 -241.508 5
    endloop
  endfacet
  facet normal 0 0 1
    outer loop
      vertex -31.6672 -241.098 5
      vertex -34.345 -237.477 5
      vertex -31.7656 -241.297 5
    endloop
  endfacet
  facet normal 0 0 1
    outer loop
      vertex -31.5437 -240.913 5
      vertex -34.345 -237.477 5
      vertex -31.6672 -241.098 5
    endloop
  endfacet
  facet normal 0 0 1
    outer loop
      vertex -31.3971 -240.746 5
      vertex -34.345 -237.477 5
      vertex -31.5437 -240.913 5
    endloop
  endfacet
  facet normal 0 0 1
    outer loop
      vertex -31.2299 -240.599 5
      vertex -34.345 -237.477 5
      vertex -31.3971 -240.746 5
    endloop
  endfacet
  facet normal 0 0 1
    outer loop
      vertex -31.045 -240.476 5
      vertex -34.345 -237.477 5
      vertex -31.2299 -240.599 5
    endloop
  endfacet
  facet normal 0 0 1
    outer loop
      vertex -30.8456 -240.377 5
      vertex -34.345 -237.477 5
      vertex -31.045 -240.476 5
    endloop
  endfacet
  facet normal 0 0 1
    outer loop
      vertex -30.635 -240.306 5
      vertex -34.345 -237.477 5
      vertex -30.8456 -240.377 5
    endloop
  endfacet
  facet normal -0 0 1
    outer loop
      vertex 24.6085 -266.606 5
      vertex 32.955 -296.098 5
      vertex 24.6085 -234.29 5
    endloop
  endfacet
  facet normal 0 0 1
    outer loop
      vertex 32.955 -296.098 5
      vertex 24.6085 -266.606 5
      vertex 24.623 -266.828 5
    endloop
  endfacet
  facet normal -0 0 1
    outer loop
      vertex 24.5651 -234.508 5
      vertex 24.6085 -266.606 5
      vertex 24.6085 -234.29 5
    endloop
  endfacet
  facet normal 0 0 1
    outer loop
      vertex 24.5651 -234.508 5
      vertex 24.5651 -266.388 5
      vertex 24.6085 -266.606 5
    endloop
  endfacet
  facet normal -0 0 1
    outer loop
      vertex 24.4936 -234.719 5
      vertex 24.5651 -266.388 5
      vertex 24.5651 -234.508 5
    endloop
  endfacet
  facet normal 0 0 1
    outer loop
      vertex 24.4936 -234.719 5
      vertex 24.4936 -266.177 5
      vertex 24.5651 -266.388 5
    endloop
  endfacet
  facet normal -0 0 1
    outer loop
      vertex 24.3952 -234.918 5
      vertex 24.4936 -266.177 5
      vertex 24.4936 -234.719 5
    endloop
  endfacet
  facet normal 0 0 1
    outer loop
      vertex 24.3952 -234.918 5
      vertex 24.3952 -265.978 5
      vertex 24.4936 -266.177 5
    endloop
  endfacet
  facet normal -0 0 1
    outer loop
      vertex 24.2717 -235.103 5
      vertex 24.3952 -265.978 5
      vertex 24.3952 -234.918 5
    endloop
  endfacet
  facet normal 0 0 1
    outer loop
      vertex 24.2717 -235.103 5
      vertex 24.2717 -265.793 5
      vertex 24.3952 -265.978 5
    endloop
  endfacet
  facet normal -0 0 1
    outer loop
      vertex 24.1251 -235.27 5
      vertex 24.2717 -265.793 5
      vertex 24.2717 -235.103 5
    endloop
  endfacet
  facet normal 0 0 1
    outer loop
      vertex 24.1251 -235.27 5
      vertex 24.1251 -265.626 5
      vertex 24.2717 -265.793 5
    endloop
  endfacet
  facet normal -0 0 1
    outer loop
      vertex 23.9579 -235.417 5
      vertex 24.1251 -265.626 5
      vertex 24.1251 -235.27 5
    endloop
  endfacet
  facet normal 0 0 1
    outer loop
      vertex 23.9579 -235.417 5
      vertex 23.9579 -265.479 5
      vertex 24.1251 -265.626 5
    endloop
  endfacet
  facet normal -0 0 1
    outer loop
      vertex 23.773 -235.54 5
      vertex 23.9579 -265.479 5
      vertex 23.9579 -235.417 5
    endloop
  endfacet
  facet normal 0 0 1
    outer loop
      vertex 23.773 -235.54 5
      vertex 23.773 -265.356 5
      vertex 23.9579 -265.479 5
    endloop
  endfacet
  facet normal -0 0 1
    outer loop
      vertex 23.5736 -235.639 5
      vertex 23.773 -265.356 5
      vertex 23.773 -235.54 5
    endloop
  endfacet
  facet normal 0 0 1
    outer loop
      vertex 23.5736 -235.639 5
      vertex 23.5736 -265.257 5
      vertex 23.773 -265.356 5
    endloop
  endfacet
  facet normal -0 0 1
    outer loop
      vertex 23.363 -235.71 5
      vertex 23.5736 -265.257 5
      vertex 23.5736 -235.639 5
    endloop
  endfacet
  facet normal 0 0 1
    outer loop
      vertex 23.363 -235.71 5
      vertex 23.363 -265.186 5
      vertex 23.5736 -265.257 5
    endloop
  endfacet
  facet normal -0 0 1
    outer loop
      vertex 23.1449 -235.753 5
      vertex 23.363 -265.186 5
      vertex 23.363 -235.71 5
    endloop
  endfacet
  facet normal 0 0 1
    outer loop
      vertex 23.1449 -235.753 5
      vertex 23.1449 -265.143 5
      vertex 23.363 -265.186 5
    endloop
  endfacet
  facet normal -0 0 1
    outer loop
      vertex 22.923 -235.768 5
      vertex 23.1449 -265.143 5
      vertex 23.1449 -235.753 5
    endloop
  endfacet
  facet normal 0 0 1
    outer loop
      vertex 22.923 -235.768 5
      vertex 22.923 -265.128 5
      vertex 23.1449 -265.143 5
    endloop
  endfacet
  facet normal 0 0 1
    outer loop
      vertex 22.7011 -235.753 5
      vertex 22.923 -265.128 5
      vertex 22.923 -235.768 5
    endloop
  endfacet
  facet normal 0 0 1
    outer loop
      vertex 22.7011 -235.753 5
      vertex 22.7011 -265.143 5
      vertex 22.923 -265.128 5
    endloop
  endfacet
  facet normal 0 0 1
    outer loop
      vertex 22.483 -235.71 5
      vertex 22.7011 -265.143 5
      vertex 22.7011 -235.753 5
    endloop
  endfacet
  facet normal 0 0 1
    outer loop
      vertex 22.483 -235.71 5
      vertex 22.483 -265.186 5
      vertex 22.7011 -265.143 5
    endloop
  endfacet
  facet normal 0 0 1
    outer loop
      vertex 22.2724 -235.639 5
      vertex 22.483 -265.186 5
      vertex 22.483 -235.71 5
    endloop
  endfacet
  facet normal 0 0 1
    outer loop
      vertex 22.2724 -235.639 5
      vertex 22.2724 -265.257 5
      vertex 22.483 -265.186 5
    endloop
  endfacet
  facet normal 0 0 1
    outer loop
      vertex 22.073 -235.54 5
      vertex 22.2724 -265.257 5
      vertex 22.2724 -235.639 5
    endloop
  endfacet
  facet normal 0 0 1
    outer loop
      vertex 22.073 -235.54 5
      vertex 22.073 -265.356 5
      vertex 22.2724 -265.257 5
    endloop
  endfacet
  facet normal 0 0 1
    outer loop
      vertex 21.8881 -235.417 5
      vertex 22.073 -265.356 5
      vertex 22.073 -235.54 5
    endloop
  endfacet
  facet normal 0 0 1
    outer loop
      vertex 21.8881 -235.417 5
      vertex 21.8881 -265.479 5
      vertex 22.073 -265.356 5
    endloop
  endfacet
  facet normal 0 0 1
    outer loop
      vertex 21.7209 -235.27 5
      vertex 21.8881 -265.479 5
      vertex 21.8881 -235.417 5
    endloop
  endfacet
  facet normal 0 0 1
    outer loop
      vertex 21.7209 -235.27 5
      vertex 21.7209 -265.626 5
      vertex 21.8881 -265.479 5
    endloop
  endfacet
  facet normal 0 0 1
    outer loop
      vertex -15.495 -249.948 5
      vertex 21.7209 -235.27 5
      vertex 21.5743 -235.103 5
    endloop
  endfacet
  facet normal 0 0 1
    outer loop
      vertex 21.7209 -235.27 5
      vertex -15.495 -249.948 5
      vertex 21.7209 -265.626 5
    endloop
  endfacet
  facet normal 0 0 1
    outer loop
      vertex -15.495 -249.948 5
      vertex 21.5743 -235.103 5
      vertex 21.4508 -234.918 5
    endloop
  endfacet
  facet normal -0 0 1
    outer loop
      vertex -15.5095 -250.17 5
      vertex 21.7209 -265.626 5
      vertex -15.495 -249.948 5
    endloop
  endfacet
  facet normal 0 0 1
    outer loop
      vertex -15.495 -249.948 5
      vertex 21.4508 -234.918 5
      vertex 21.3524 -234.719 5
    endloop
  endfacet
  facet normal 0 0 1
    outer loop
      vertex 21.7209 -265.626 5
      vertex -15.5095 -250.17 5
      vertex 21.5743 -265.793 5
    endloop
  endfacet
  facet normal 0 0 1
    outer loop
      vertex -15.495 -249.948 5
      vertex 21.3524 -234.719 5
      vertex 21.2809 -234.508 5
    endloop
  endfacet
  facet normal -0 0 1
    outer loop
      vertex -15.5529 -250.388 5
      vertex 21.5743 -265.793 5
      vertex -15.5095 -250.17 5
    endloop
  endfacet
  facet normal 0 0 1
    outer loop
      vertex -15.495 -249.948 5
      vertex 21.2809 -234.508 5
      vertex 21.2375 -234.29 5
    endloop
  endfacet
  facet normal 0 0 1
    outer loop
      vertex 21.5743 -265.793 5
      vertex -15.5529 -250.388 5
      vertex 21.4508 -265.978 5
    endloop
  endfacet
  facet normal 0 0 1
    outer loop
      vertex -15.495 -249.948 5
      vertex 21.2375 -234.29 5
      vertex 21.223 -234.068 5
    endloop
  endfacet
  facet normal -0 0 1
    outer loop
      vertex -15.6244 -250.599 5
      vertex 21.4508 -265.978 5
      vertex -15.5529 -250.388 5
    endloop
  endfacet
  facet normal 0 0 1
    outer loop
      vertex 24.6085 -234.29 5
      vertex 32.955 -204.798 5
      vertex 24.623 -234.068 5
    endloop
  endfacet
  facet normal 0 0 1
    outer loop
      vertex 32.955 -204.798 5
      vertex 24.6085 -233.846 5
      vertex 24.623 -234.068 5
    endloop
  endfacet
  facet normal 0 0 1
    outer loop
      vertex 32.955 -204.798 5
      vertex 24.5651 -233.628 5
      vertex 24.6085 -233.846 5
    endloop
  endfacet
  facet normal 0 0 1
    outer loop
      vertex 32.955 -204.798 5
      vertex 24.4936 -233.417 5
      vertex 24.5651 -233.628 5
    endloop
  endfacet
  facet normal 0 0 1
    outer loop
      vertex 32.955 -204.798 5
      vertex 24.3952 -233.218 5
      vertex 24.4936 -233.417 5
    endloop
  endfacet
  facet normal 0 0 1
    outer loop
      vertex 32.955 -204.798 5
      vertex 24.2717 -233.033 5
      vertex 24.3952 -233.218 5
    endloop
  endfacet
  facet normal 0 0 1
    outer loop
      vertex 32.955 -204.798 5
      vertex 24.1251 -232.866 5
      vertex 24.2717 -233.033 5
    endloop
  endfacet
  facet normal 0 0 1
    outer loop
      vertex 32.955 -204.798 5
      vertex 23.9579 -232.719 5
      vertex 24.1251 -232.866 5
    endloop
  endfacet
  facet normal 0 0 1
    outer loop
      vertex 32.955 -204.798 5
      vertex 23.773 -232.596 5
      vertex 23.9579 -232.719 5
    endloop
  endfacet
  facet normal 0 0 1
    outer loop
      vertex 32.955 -204.798 5
      vertex 23.5736 -232.497 5
      vertex 23.773 -232.596 5
    endloop
  endfacet
  facet normal 0 0 1
    outer loop
      vertex 32.955 -204.798 5
      vertex 23.363 -232.426 5
      vertex 23.5736 -232.497 5
    endloop
  endfacet
  facet normal 0 0 1
    outer loop
      vertex 32.955 -204.798 5
      vertex 23.1449 -232.383 5
      vertex 23.363 -232.426 5
    endloop
  endfacet
  facet normal 0 0 1
    outer loop
      vertex 32.955 -204.798 5
      vertex 22.923 -232.368 5
      vertex 23.1449 -232.383 5
    endloop
  endfacet
  facet normal 0 0 1
    outer loop
      vertex 32.955 -204.798 5
      vertex 22.7011 -232.383 5
      vertex 22.923 -232.368 5
    endloop
  endfacet
  facet normal 0 0 1
    outer loop
      vertex 32.955 -204.798 5
      vertex 22.483 -232.426 5
      vertex 22.7011 -232.383 5
    endloop
  endfacet
  facet normal -0 0 1
    outer loop
      vertex 0 -211.312 5
      vertex 22.483 -232.426 5
      vertex 32.955 -204.798 5
    endloop
  endfacet
  facet normal 0 0 1
    outer loop
      vertex 22.483 -232.426 5
      vertex 0 -211.312 5
      vertex 22.2724 -232.497 5
    endloop
  endfacet
  facet normal 0 0 1
    outer loop
      vertex 22.2724 -232.497 5
      vertex 0 -211.312 5
      vertex 22.073 -232.596 5
    endloop
  endfacet
  facet normal 0 0 1
    outer loop
      vertex 22.073 -232.596 5
      vertex 0 -211.312 5
      vertex 21.8881 -232.719 5
    endloop
  endfacet
  facet normal 0 0 1
    outer loop
      vertex 21.8881 -232.719 5
      vertex 0 -211.312 5
      vertex 21.7209 -232.866 5
    endloop
  endfacet
  facet normal 0 0 1
    outer loop
      vertex 21.7209 -232.866 5
      vertex 0 -211.312 5
      vertex 21.5743 -233.033 5
    endloop
  endfacet
  facet normal 0 0 1
    outer loop
      vertex 21.5743 -233.033 5
      vertex 0 -211.312 5
      vertex 21.4508 -233.218 5
    endloop
  endfacet
  facet normal 0 0 1
    outer loop
      vertex 21.4508 -265.978 5
      vertex -15.6244 -250.599 5
      vertex 21.3524 -266.177 5
    endloop
  endfacet
  facet normal 0 0 1
    outer loop
      vertex -0.695 -211.463 5
      vertex 21.223 -234.068 5
      vertex 21.2375 -233.846 5
    endloop
  endfacet
  facet normal 0 0 1
    outer loop
      vertex -0.473105 -211.448 5
      vertex 21.2375 -233.846 5
      vertex 21.2809 -233.628 5
    endloop
  endfacet
  facet normal 0 0 1
    outer loop
      vertex -0.255007 -211.405 5
      vertex 21.2809 -233.628 5
      vertex 21.3524 -233.417 5
    endloop
  endfacet
  facet normal 0 0 1
    outer loop
      vertex 21.223 -266.828 5
      vertex 0.990456 -290.726 5
      vertex 1.005 -290.948 5
    endloop
  endfacet
  facet normal 0 0 1
    outer loop
      vertex 21.223 -266.828 5
      vertex 0.947073 -290.508 5
      vertex 0.990456 -290.726 5
    endloop
  endfacet
  facet normal 0 0 1
    outer loop
      vertex 21.223 -266.828 5
      vertex 0.875595 -290.297 5
      vertex 0.947073 -290.508 5
    endloop
  endfacet
  facet normal 0 0 1
    outer loop
      vertex 21.223 -266.828 5
      vertex 0.777243 -290.098 5
      vertex 0.875595 -290.297 5
    endloop
  endfacet
  facet normal 0 0 1
    outer loop
      vertex 21.223 -266.828 5
      vertex 0.6537 -289.913 5
      vertex 0.777243 -290.098 5
    endloop
  endfacet
  facet normal 0 0 1
    outer loop
      vertex 21.223 -266.828 5
      vertex 0.507081 -289.746 5
      vertex 0.6537 -289.913 5
    endloop
  endfacet
  facet normal 0 0 1
    outer loop
      vertex 21.223 -266.828 5
      vertex 0.339894 -289.599 5
      vertex 0.507081 -289.746 5
    endloop
  endfacet
  facet normal 0 0 1
    outer loop
      vertex 21.223 -266.828 5
      vertex 0.155 -289.476 5
      vertex 0.339894 -289.599 5
    endloop
  endfacet
  facet normal -0 0 1
    outer loop
      vertex -0.0444374 -211.334 5
      vertex 21.4508 -233.218 5
      vertex 0 -211.312 5
    endloop
  endfacet
  facet normal 0 0 1
    outer loop
      vertex 0 -211.312 5
      vertex 32.955 -204.798 5
      vertex 0 -208.214 5
    endloop
  endfacet
  facet normal 0 0 1
    outer loop
      vertex 32.955 -204.798 5
      vertex -0.0444374 -208.192 5
      vertex 0 -208.214 5
    endloop
  endfacet
  facet normal 0 0 1
    outer loop
      vertex 32.955 -204.798 5
      vertex -0.255007 -208.121 5
      vertex -0.0444374 -208.192 5
    endloop
  endfacet
  facet normal 0 0 1
    outer loop
      vertex 32.955 -204.798 5
      vertex -0.473105 -208.078 5
      vertex -0.255007 -208.121 5
    endloop
  endfacet
  facet normal 0 0 1
    outer loop
      vertex 32.955 -204.798 5
      vertex -0.695 -208.063 5
      vertex -0.473105 -208.078 5
    endloop
  endfacet
  facet normal -0 0 1
    outer loop
      vertex -34.345 -204.798 5
      vertex -0.695 -208.063 5
      vertex 32.955 -204.798 5
    endloop
  endfacet
  facet normal 0 0 1
    outer loop
      vertex -1.545 -289.476 5
      vertex -23.195 -271.521 5
      vertex -1.72989 -289.599 5
    endloop
  endfacet
  facet normal 0 0 1
    outer loop
      vertex -23.195 -221.477 5
      vertex -2.395 -209.763 5
      vertex -2.38046 -209.541 5
    endloop
  endfacet
  facet normal 0 0 1
    outer loop
      vertex -23.195 -221.477 5
      vertex -2.38046 -209.541 5
      vertex -2.33707 -209.323 5
    endloop
  endfacet
  facet normal 0 0 1
    outer loop
      vertex -2.38046 -209.985 5
      vertex -15.5095 -249.726 5
      vertex -15.495 -249.948 5
    endloop
  endfacet
  facet normal 0 0 1
    outer loop
      vertex -2.38046 -209.985 5
      vertex -15.5529 -249.508 5
      vertex -15.5095 -249.726 5
    endloop
  endfacet
  facet normal 0 0 1
    outer loop
      vertex -2.38046 -209.985 5
      vertex -15.6244 -249.297 5
      vertex -15.5529 -249.508 5
    endloop
  endfacet
  facet normal 0 0 1
    outer loop
      vertex -2.38046 -209.985 5
      vertex -15.7228 -249.098 5
      vertex -15.6244 -249.297 5
    endloop
  endfacet
  facet normal 0 0 1
    outer loop
      vertex -2.38046 -209.985 5
      vertex -15.8463 -248.913 5
      vertex -15.7228 -249.098 5
    endloop
  endfacet
  facet normal 0 0 1
    outer loop
      vertex -34.345 -204.798 5
      vertex -2.33707 -209.323 5
      vertex -2.26559 -209.112 5
    endloop
  endfacet
  facet normal 0 0 1
    outer loop
      vertex -2.38046 -209.985 5
      vertex -15.9929 -248.746 5
      vertex -15.8463 -248.913 5
    endloop
  endfacet
  facet normal 0 0 1
    outer loop
      vertex -2.38046 -209.985 5
      vertex -16.1601 -248.599 5
      vertex -15.9929 -248.746 5
    endloop
  endfacet
  facet normal 0 0 1
    outer loop
      vertex -2.38046 -209.985 5
      vertex -23.195 -237.477 5
      vertex -16.1601 -248.599 5
    endloop
  endfacet
  facet normal 0 0 1
    outer loop
      vertex -16.1601 -248.599 5
      vertex -23.195 -237.477 5
      vertex -16.345 -248.476 5
    endloop
  endfacet
  facet normal 0 0 1
    outer loop
      vertex -16.345 -248.476 5
      vertex -23.195 -237.477 5
      vertex -16.5444 -248.377 5
    endloop
  endfacet
  facet normal 0 0 1
    outer loop
      vertex -16.5444 -248.377 5
      vertex -23.195 -237.477 5
      vertex -16.755 -248.306 5
    endloop
  endfacet
  facet normal 0 0 1
    outer loop
      vertex -16.755 -248.306 5
      vertex -23.195 -237.477 5
      vertex -16.9731 -248.263 5
    endloop
  endfacet
  facet normal 0 0 1
    outer loop
      vertex -16.9731 -248.263 5
      vertex -23.195 -237.477 5
      vertex -17.195 -248.248 5
    endloop
  endfacet
  facet normal 0 0 1
    outer loop
      vertex -17.195 -248.248 5
      vertex -23.195 -237.477 5
      vertex -17.4169 -248.263 5
    endloop
  endfacet
  facet normal 0 0 1
    outer loop
      vertex -17.4169 -248.263 5
      vertex -23.195 -237.477 5
      vertex -17.635 -248.306 5
    endloop
  endfacet
  facet normal 0 0 1
    outer loop
      vertex -17.635 -248.306 5
      vertex -23.195 -237.477 5
      vertex -17.8456 -248.377 5
    endloop
  endfacet
  facet normal 0 0 1
    outer loop
      vertex -17.8456 -248.377 5
      vertex -23.195 -237.477 5
      vertex -18.045 -248.476 5
    endloop
  endfacet
  facet normal 0 0 1
    outer loop
      vertex -18.045 -248.476 5
      vertex -23.195 -237.477 5
      vertex -18.2299 -248.599 5
    endloop
  endfacet
  facet normal -0 0 1
    outer loop
      vertex -28.5529 -242.388 5
      vertex -18.2299 -248.599 5
      vertex -23.195 -237.477 5
    endloop
  endfacet
  facet normal 0 0 1
    outer loop
      vertex -18.2299 -248.599 5
      vertex -28.5529 -242.388 5
      vertex -18.3971 -248.746 5
    endloop
  endfacet
  facet normal -0 0 1
    outer loop
      vertex -28.6244 -242.599 5
      vertex -18.3971 -248.746 5
      vertex -28.5529 -242.388 5
    endloop
  endfacet
  facet normal 0 0 1
    outer loop
      vertex -18.5437 -248.913 5
      vertex -28.7228 -242.798 5
      vertex -18.6672 -249.098 5
    endloop
  endfacet
  facet normal -0 0 1
    outer loop
      vertex -28.7228 -242.798 5
      vertex -18.5437 -248.913 5
      vertex -28.6244 -242.599 5
    endloop
  endfacet
  facet normal 0 0 1
    outer loop
      vertex -18.3971 -248.746 5
      vertex -28.6244 -242.599 5
      vertex -18.5437 -248.913 5
    endloop
  endfacet
  facet normal 0 0 1
    outer loop
      vertex -2.38046 -209.985 5
      vertex -23.195 -221.477 5
      vertex -23.195 -237.477 5
    endloop
  endfacet
  facet normal 0 0 1
    outer loop
      vertex -34.345 -204.798 5
      vertex -2.26559 -209.112 5
      vertex -2.16724 -208.913 5
    endloop
  endfacet
  facet normal 0 0 1
    outer loop
      vertex -34.345 -204.798 5
      vertex -2.16724 -208.913 5
      vertex -2.0437 -208.728 5
    endloop
  endfacet
  facet normal 0 0 1
    outer loop
      vertex -34.345 -204.798 5
      vertex -2.0437 -208.728 5
      vertex -1.89708 -208.561 5
    endloop
  endfacet
  facet normal 0 0 1
    outer loop
      vertex -34.345 -204.798 5
      vertex -1.89708 -208.561 5
      vertex -1.72989 -208.414 5
    endloop
  endfacet
  facet normal 0 0 1
    outer loop
      vertex -34.345 -204.798 5
      vertex -1.72989 -208.414 5
      vertex -1.545 -208.291 5
    endloop
  endfacet
  facet normal 0 0 1
    outer loop
      vertex -0.695 -208.063 5
      vertex -34.345 -204.798 5
      vertex -0.916894 -208.078 5
    endloop
  endfacet
  facet normal 0 0 1
    outer loop
      vertex -34.345 -204.798 5
      vertex -1.13499 -208.121 5
      vertex -0.916894 -208.078 5
    endloop
  endfacet
  facet normal 0 0 1
    outer loop
      vertex -34.345 -204.798 5
      vertex -1.34556 -208.192 5
      vertex -1.13499 -208.121 5
    endloop
  endfacet
  facet normal 0 0 1
    outer loop
      vertex -34.345 -204.798 5
      vertex -1.545 -208.291 5
      vertex -1.34556 -208.192 5
    endloop
  endfacet
  facet normal 0 0 1
    outer loop
      vertex -2.33707 -209.323 5
      vertex -34.345 -204.798 5
      vertex -23.195 -221.477 5
    endloop
  endfacet
  facet normal 0 0 1
    outer loop
      vertex -23.195 -221.477 5
      vertex -34.345 -204.798 5
      vertex -34.345 -221.477 5
    endloop
  endfacet
  facet normal 0 0 1
    outer loop
      vertex 32.955 -204.798 5
      vertex 24.6085 -234.29 5
      vertex 32.955 -296.098 5
    endloop
  endfacet
  facet normal -0 0 1
    outer loop
      vertex 24.6085 -267.05 5
      vertex 32.955 -296.098 5
      vertex 24.623 -266.828 5
    endloop
  endfacet
  facet normal -0 0 1
    outer loop
      vertex 24.5651 -267.268 5
      vertex 32.955 -296.098 5
      vertex 24.6085 -267.05 5
    endloop
  endfacet
  facet normal -0 0 1
    outer loop
      vertex 24.4936 -267.479 5
      vertex 32.955 -296.098 5
      vertex 24.5651 -267.268 5
    endloop
  endfacet
  facet normal -0 0 1
    outer loop
      vertex 24.3952 -267.678 5
      vertex 32.955 -296.098 5
      vertex 24.4936 -267.479 5
    endloop
  endfacet
  facet normal -0 0 1
    outer loop
      vertex 24.2717 -267.863 5
      vertex 32.955 -296.098 5
      vertex 24.3952 -267.678 5
    endloop
  endfacet
  facet normal -0 0 1
    outer loop
      vertex 24.1251 -268.03 5
      vertex 32.955 -296.098 5
      vertex 24.2717 -267.863 5
    endloop
  endfacet
  facet normal -0 0 1
    outer loop
      vertex 23.9579 -268.177 5
      vertex 32.955 -296.098 5
      vertex 24.1251 -268.03 5
    endloop
  endfacet
  facet normal -0 0 1
    outer loop
      vertex 23.773 -268.3 5
      vertex 32.955 -296.098 5
      vertex 23.9579 -268.177 5
    endloop
  endfacet
  facet normal -0 0 1
    outer loop
      vertex 23.5736 -268.399 5
      vertex 32.955 -296.098 5
      vertex 23.773 -268.3 5
    endloop
  endfacet
  facet normal -0 0 1
    outer loop
      vertex 23.363 -268.47 5
      vertex 32.955 -296.098 5
      vertex 23.5736 -268.399 5
    endloop
  endfacet
  facet normal -0 0 1
    outer loop
      vertex 23.1449 -268.513 5
      vertex 32.955 -296.098 5
      vertex 23.363 -268.47 5
    endloop
  endfacet
  facet normal -0 0 1
    outer loop
      vertex 22.923 -268.528 5
      vertex 32.955 -296.098 5
      vertex 23.1449 -268.513 5
    endloop
  endfacet
  facet normal 0 0 1
    outer loop
      vertex 22.7011 -268.513 5
      vertex 32.955 -296.098 5
      vertex 22.923 -268.528 5
    endloop
  endfacet
  facet normal 0 0 1
    outer loop
      vertex 22.483 -268.47 5
      vertex 32.955 -296.098 5
      vertex 22.7011 -268.513 5
    endloop
  endfacet
  facet normal 0 0 1
    outer loop
      vertex 1.005 -290.948 5
      vertex 22.483 -268.47 5
      vertex 22.2724 -268.399 5
    endloop
  endfacet
  facet normal 0 0 1
    outer loop
      vertex 1.005 -290.948 5
      vertex 22.2724 -268.399 5
      vertex 22.073 -268.3 5
    endloop
  endfacet
  facet normal 0 0 1
    outer loop
      vertex 1.005 -290.948 5
      vertex 22.073 -268.3 5
      vertex 21.8881 -268.177 5
    endloop
  endfacet
  facet normal 0 0 1
    outer loop
      vertex 1.005 -290.948 5
      vertex 21.8881 -268.177 5
      vertex 21.7209 -268.03 5
    endloop
  endfacet
  facet normal 0 0 1
    outer loop
      vertex 1.005 -290.948 5
      vertex 21.7209 -268.03 5
      vertex 21.5743 -267.863 5
    endloop
  endfacet
  facet normal 0 0 1
    outer loop
      vertex 1.005 -290.948 5
      vertex 21.5743 -267.863 5
      vertex 21.4508 -267.678 5
    endloop
  endfacet
  facet normal 0 0 1
    outer loop
      vertex 1.005 -290.948 5
      vertex 21.4508 -267.678 5
      vertex 21.3524 -267.479 5
    endloop
  endfacet
  facet normal 0 0 1
    outer loop
      vertex 1.005 -290.948 5
      vertex 21.2375 -267.05 5
      vertex 21.223 -266.828 5
    endloop
  endfacet
  facet normal 0 0 1
    outer loop
      vertex 1.005 -290.948 5
      vertex 21.2809 -267.268 5
      vertex 21.2375 -267.05 5
    endloop
  endfacet
  facet normal 0 0 1
    outer loop
      vertex 1.005 -290.948 5
      vertex 21.3524 -267.479 5
      vertex 21.2809 -267.268 5
    endloop
  endfacet
  facet normal 0 0 1
    outer loop
      vertex 22.483 -268.47 5
      vertex 1.005 -290.948 5
      vertex 32.955 -296.098 5
    endloop
  endfacet
  facet normal -0 0 1
    outer loop
      vertex 0.990456 -291.17 5
      vertex 32.955 -296.098 5
      vertex 1.005 -290.948 5
    endloop
  endfacet
  facet normal -0 0 1
    outer loop
      vertex 0.947073 -291.388 5
      vertex 32.955 -296.098 5
      vertex 0.990456 -291.17 5
    endloop
  endfacet
  facet normal -0 0 1
    outer loop
      vertex 0.875595 -291.599 5
      vertex 32.955 -296.098 5
      vertex 0.947073 -291.388 5
    endloop
  endfacet
  facet normal -0 0 1
    outer loop
      vertex 0.777243 -291.798 5
      vertex 32.955 -296.098 5
      vertex 0.875595 -291.599 5
    endloop
  endfacet
  facet normal -0 0 1
    outer loop
      vertex 0.6537 -291.983 5
      vertex 32.955 -296.098 5
      vertex 0.777243 -291.798 5
    endloop
  endfacet
  facet normal -0 0 1
    outer loop
      vertex 0.507081 -292.15 5
      vertex 32.955 -296.098 5
      vertex 0.6537 -291.983 5
    endloop
  endfacet
  facet normal -0 0 1
    outer loop
      vertex 0.339894 -292.297 5
      vertex 32.955 -296.098 5
      vertex 0.507081 -292.15 5
    endloop
  endfacet
  facet normal -0 0 1
    outer loop
      vertex 0.155 -292.42 5
      vertex 32.955 -296.098 5
      vertex 0.339894 -292.297 5
    endloop
  endfacet
  facet normal -0 0 1
    outer loop
      vertex -0.0444374 -292.519 5
      vertex 32.955 -296.098 5
      vertex 0.155 -292.42 5
    endloop
  endfacet
  facet normal -0 0 1
    outer loop
      vertex -0.255007 -292.59 5
      vertex 32.955 -296.098 5
      vertex -0.0444374 -292.519 5
    endloop
  endfacet
  facet normal -0 0 1
    outer loop
      vertex -0.473105 -292.633 5
      vertex 32.955 -296.098 5
      vertex -0.255007 -292.59 5
    endloop
  endfacet
  facet normal -0 0 1
    outer loop
      vertex -0.695 -292.648 5
      vertex 32.955 -296.098 5
      vertex -0.473105 -292.633 5
    endloop
  endfacet
  facet normal 0 0 1
    outer loop
      vertex -34.345 -296.098 5
      vertex -0.695 -292.648 5
      vertex -0.916894 -292.633 5
    endloop
  endfacet
  facet normal 0 0 1
    outer loop
      vertex -1.72989 -289.599 5
      vertex -23.195 -271.521 5
      vertex -1.89708 -289.746 5
    endloop
  endfacet
  facet normal -0 0 1
    outer loop
      vertex -23.195 -287.521 5
      vertex -1.89708 -289.746 5
      vertex -23.195 -271.521 5
    endloop
  endfacet
  facet normal 0 0 1
    outer loop
      vertex -1.89708 -289.746 5
      vertex -23.195 -287.521 5
      vertex -2.0437 -289.913 5
    endloop
  endfacet
  facet normal 0 0 1
    outer loop
      vertex -2.0437 -289.913 5
      vertex -23.195 -287.521 5
      vertex -2.16724 -290.098 5
    endloop
  endfacet
  facet normal 0 0 1
    outer loop
      vertex -2.16724 -290.098 5
      vertex -23.195 -287.521 5
      vertex -2.26559 -290.297 5
    endloop
  endfacet
  facet normal 0 0 1
    outer loop
      vertex -2.26559 -290.297 5
      vertex -23.195 -287.521 5
      vertex -2.33707 -290.508 5
    endloop
  endfacet
  facet normal 0 0 1
    outer loop
      vertex -2.33707 -290.508 5
      vertex -23.195 -287.521 5
      vertex -2.38046 -290.726 5
    endloop
  endfacet
  facet normal 0 0 1
    outer loop
      vertex -2.38046 -290.726 5
      vertex -23.195 -287.521 5
      vertex -2.395 -290.948 5
    endloop
  endfacet
  facet normal 0 0 1
    outer loop
      vertex -23.195 -271.521 5
      vertex -15.9929 -251.15 5
      vertex -16.1601 -251.297 5
    endloop
  endfacet
  facet normal 0 0 1
    outer loop
      vertex -2.395 -290.948 5
      vertex -23.195 -287.521 5
      vertex -2.38046 -291.17 5
    endloop
  endfacet
  facet normal 0 0 1
    outer loop
      vertex -23.195 -271.521 5
      vertex -16.1601 -251.297 5
      vertex -16.345 -251.42 5
    endloop
  endfacet
  facet normal 0 0 1
    outer loop
      vertex -23.195 -271.521 5
      vertex -16.345 -251.42 5
      vertex -16.5444 -251.519 5
    endloop
  endfacet
  facet normal 0 0 1
    outer loop
      vertex -24.495 -261.948 5
      vertex -16.5444 -251.519 5
      vertex -16.755 -251.59 5
    endloop
  endfacet
  facet normal 0 0 1
    outer loop
      vertex -24.495 -261.948 5
      vertex -16.755 -251.59 5
      vertex -16.9731 -251.633 5
    endloop
  endfacet
  facet normal 0 0 1
    outer loop
      vertex -24.495 -261.948 5
      vertex -16.9731 -251.633 5
      vertex -17.195 -251.648 5
    endloop
  endfacet
  facet normal 0 0 1
    outer loop
      vertex -24.495 -261.948 5
      vertex -17.195 -251.648 5
      vertex -17.4169 -251.633 5
    endloop
  endfacet
  facet normal 0 0 1
    outer loop
      vertex -24.495 -261.948 5
      vertex -17.4169 -251.633 5
      vertex -17.635 -251.59 5
    endloop
  endfacet
  facet normal 0 0 1
    outer loop
      vertex -24.495 -261.948 5
      vertex -17.635 -251.59 5
      vertex -17.8456 -251.519 5
    endloop
  endfacet
  facet normal 0 0 1
    outer loop
      vertex -24.495 -261.948 5
      vertex -17.8456 -251.519 5
      vertex -18.045 -251.42 5
    endloop
  endfacet
  facet normal 0 0 1
    outer loop
      vertex -24.495 -261.948 5
      vertex -18.045 -251.42 5
      vertex -18.2299 -251.297 5
    endloop
  endfacet
  facet normal 0 0 1
    outer loop
      vertex -24.495 -261.948 5
      vertex -18.2299 -251.297 5
      vertex -18.3971 -251.15 5
    endloop
  endfacet
  facet normal 0 0 1
    outer loop
      vertex -24.495 -261.948 5
      vertex -18.3971 -251.15 5
      vertex -18.5437 -250.983 5
    endloop
  endfacet
  facet normal 0 0 1
    outer loop
      vertex -24.495 -261.948 5
      vertex -18.5437 -250.983 5
      vertex -18.6672 -250.798 5
    endloop
  endfacet
  facet normal 0 0 1
    outer loop
      vertex -24.495 -261.948 5
      vertex -18.6672 -250.798 5
      vertex -18.7656 -250.599 5
    endloop
  endfacet
  facet normal -0 0 1
    outer loop
      vertex -28.8463 -242.983 5
      vertex -18.6672 -249.098 5
      vertex -28.7228 -242.798 5
    endloop
  endfacet
  facet normal 0 0 1
    outer loop
      vertex -18.6672 -249.098 5
      vertex -28.8463 -242.983 5
      vertex -18.7656 -249.297 5
    endloop
  endfacet
  facet normal 0 0 1
    outer loop
      vertex -18.895 -249.948 5
      vertex -24.495 -261.948 5
      vertex -18.8805 -250.17 5
    endloop
  endfacet
  facet normal 0 0 1
    outer loop
      vertex -24.495 -261.948 5
      vertex -18.8371 -250.388 5
      vertex -18.8805 -250.17 5
    endloop
  endfacet
  facet normal 0 0 1
    outer loop
      vertex -24.495 -261.948 5
      vertex -18.7656 -250.599 5
      vertex -18.8371 -250.388 5
    endloop
  endfacet
  facet normal 0 0 1
    outer loop
      vertex -2.38046 -291.17 5
      vertex -23.195 -287.521 5
      vertex -2.33707 -291.388 5
    endloop
  endfacet
  facet normal 0 0 1
    outer loop
      vertex -2.33707 -291.388 5
      vertex -23.195 -287.521 5
      vertex -2.26559 -291.599 5
    endloop
  endfacet
  facet normal 0 0 1
    outer loop
      vertex -2.26559 -291.599 5
      vertex -23.195 -287.521 5
      vertex -2.16724 -291.798 5
    endloop
  endfacet
  facet normal 0 0 1
    outer loop
      vertex -2.16724 -291.798 5
      vertex -23.195 -287.521 5
      vertex -2.0437 -291.983 5
    endloop
  endfacet
  facet normal 0 0 1
    outer loop
      vertex -2.0437 -291.983 5
      vertex -23.195 -287.521 5
      vertex -1.89708 -292.15 5
    endloop
  endfacet
  facet normal 0 0 1
    outer loop
      vertex -34.345 -296.098 5
      vertex -1.89708 -292.15 5
      vertex -23.195 -287.521 5
    endloop
  endfacet
  facet normal 0 0 1
    outer loop
      vertex -1.89708 -292.15 5
      vertex -34.345 -296.098 5
      vertex -1.72989 -292.297 5
    endloop
  endfacet
  facet normal 0 0 1
    outer loop
      vertex -1.72989 -292.297 5
      vertex -34.345 -296.098 5
      vertex -1.545 -292.42 5
    endloop
  endfacet
  facet normal 0 0 1
    outer loop
      vertex -1.545 -292.42 5
      vertex -34.345 -296.098 5
      vertex -1.34556 -292.519 5
    endloop
  endfacet
  facet normal 0 0 1
    outer loop
      vertex -34.345 -296.098 5
      vertex -23.195 -287.521 5
      vertex -34.345 -287.521 5
    endloop
  endfacet
  facet normal 0 0 1
    outer loop
      vertex -1.34556 -292.519 5
      vertex -34.345 -296.098 5
      vertex -1.13499 -292.59 5
    endloop
  endfacet
  facet normal 0 0 1
    outer loop
      vertex -0.695 -292.648 5
      vertex -34.345 -296.098 5
      vertex 32.955 -296.098 5
    endloop
  endfacet
  facet normal 0 0 1
    outer loop
      vertex -1.13499 -292.59 5
      vertex -34.345 -296.098 5
      vertex -0.916894 -292.633 5
    endloop
  endfacet
  facet normal 0 0 1
    outer loop
      vertex 21.4508 -233.218 5
      vertex -0.0444374 -211.334 5
      vertex 21.3524 -233.417 5
    endloop
  endfacet
  facet normal -0 0 1
    outer loop
      vertex -0.255007 -211.405 5
      vertex 21.3524 -233.417 5
      vertex -0.0444374 -211.334 5
    endloop
  endfacet
  facet normal -0 0 1
    outer loop
      vertex -15.7228 -250.798 5
      vertex 21.3524 -266.177 5
      vertex -15.6244 -250.599 5
    endloop
  endfacet
  facet normal 0 0 1
    outer loop
      vertex 21.2809 -233.628 5
      vertex -0.255007 -211.405 5
      vertex -0.473105 -211.448 5
    endloop
  endfacet
  facet normal 0 0 1
    outer loop
      vertex 21.3524 -266.177 5
      vertex -15.7228 -250.798 5
      vertex 21.2809 -266.388 5
    endloop
  endfacet
  facet normal 0 0 1
    outer loop
      vertex 21.2375 -233.846 5
      vertex -0.473105 -211.448 5
      vertex -0.695 -211.463 5
    endloop
  endfacet
  facet normal -0 0 1
    outer loop
      vertex -15.8463 -250.983 5
      vertex 21.2809 -266.388 5
      vertex -15.7228 -250.798 5
    endloop
  endfacet
  facet normal 0 0 1
    outer loop
      vertex 21.223 -234.068 5
      vertex -0.695 -211.463 5
      vertex -15.495 -249.948 5
    endloop
  endfacet
  facet normal 0 0 1
    outer loop
      vertex 21.2809 -266.388 5
      vertex -15.8463 -250.983 5
      vertex 21.2375 -266.606 5
    endloop
  endfacet
  facet normal 0 0 1
    outer loop
      vertex -15.495 -249.948 5
      vertex -0.695 -211.463 5
      vertex -0.916894 -211.448 5
    endloop
  endfacet
  facet normal 0 0 1
    outer loop
      vertex 21.223 -266.828 5
      vertex -0.0444374 -289.377 5
      vertex 0.155 -289.476 5
    endloop
  endfacet
  facet normal 0 0 1
    outer loop
      vertex -15.495 -249.948 5
      vertex -0.916894 -211.448 5
      vertex -1.13499 -211.405 5
    endloop
  endfacet
  facet normal -0 0 1
    outer loop
      vertex -15.9929 -251.15 5
      vertex 21.2375 -266.606 5
      vertex -15.8463 -250.983 5
    endloop
  endfacet
  facet normal 0 0 1
    outer loop
      vertex -15.495 -249.948 5
      vertex -1.13499 -211.405 5
      vertex -1.34556 -211.334 5
    endloop
  endfacet
  facet normal 0 0 1
    outer loop
      vertex 21.223 -266.828 5
      vertex -0.255007 -289.306 5
      vertex -0.0444374 -289.377 5
    endloop
  endfacet
  facet normal 0 0 1
    outer loop
      vertex -15.495 -249.948 5
      vertex -1.34556 -211.334 5
      vertex -1.545 -211.235 5
    endloop
  endfacet
  facet normal 0 0 1
    outer loop
      vertex 21.2375 -266.606 5
      vertex -15.9929 -251.15 5
      vertex 21.223 -266.828 5
    endloop
  endfacet
  facet normal 0 0 1
    outer loop
      vertex -15.495 -249.948 5
      vertex -1.545 -211.235 5
      vertex -1.72989 -211.112 5
    endloop
  endfacet
  facet normal 0 0 1
    outer loop
      vertex 21.223 -266.828 5
      vertex -0.473105 -289.263 5
      vertex -0.255007 -289.306 5
    endloop
  endfacet
  facet normal 0 0 1
    outer loop
      vertex -15.495 -249.948 5
      vertex -1.72989 -211.112 5
      vertex -1.89708 -210.965 5
    endloop
  endfacet
  facet normal 0 -0 1
    outer loop
      vertex -0.695 -289.248 5
      vertex 21.223 -266.828 5
      vertex -15.9929 -251.15 5
    endloop
  endfacet
  facet normal 0 0 1
    outer loop
      vertex -15.495 -249.948 5
      vertex -1.89708 -210.965 5
      vertex -2.0437 -210.798 5
    endloop
  endfacet
  facet normal 0 0 1
    outer loop
      vertex 21.223 -266.828 5
      vertex -0.695 -289.248 5
      vertex -0.473105 -289.263 5
    endloop
  endfacet
  facet normal 0 0 1
    outer loop
      vertex -15.495 -249.948 5
      vertex -2.0437 -210.798 5
      vertex -2.16724 -210.613 5
    endloop
  endfacet
  facet normal -0 0 1
    outer loop
      vertex -23.195 -271.521 5
      vertex -0.695 -289.248 5
      vertex -15.9929 -251.15 5
    endloop
  endfacet
  facet normal 0 0 1
    outer loop
      vertex -15.495 -249.948 5
      vertex -2.16724 -210.613 5
      vertex -2.26559 -210.414 5
    endloop
  endfacet
  facet normal 0 0 1
    outer loop
      vertex -0.695 -289.248 5
      vertex -23.195 -271.521 5
      vertex -0.916894 -289.263 5
    endloop
  endfacet
  facet normal 0 0 1
    outer loop
      vertex -15.495 -249.948 5
      vertex -2.26559 -210.414 5
      vertex -2.33707 -210.203 5
    endloop
  endfacet
  facet normal 0 0 1
    outer loop
      vertex -0.916894 -289.263 5
      vertex -23.195 -271.521 5
      vertex -1.13499 -289.306 5
    endloop
  endfacet
  facet normal 0 0 1
    outer loop
      vertex -15.495 -249.948 5
      vertex -2.33707 -210.203 5
      vertex -2.38046 -209.985 5
    endloop
  endfacet
  facet normal 0 0 1
    outer loop
      vertex -1.13499 -289.306 5
      vertex -23.195 -271.521 5
      vertex -1.34556 -289.377 5
    endloop
  endfacet
  facet normal 0 0 1
    outer loop
      vertex -23.195 -221.477 5
      vertex -2.38046 -209.985 5
      vertex -2.395 -209.763 5
    endloop
  endfacet
  facet normal 0 0 1
    outer loop
      vertex -1.34556 -289.377 5
      vertex -23.195 -271.521 5
      vertex -1.545 -289.476 5
    endloop
  endfacet
  facet normal 0 0 1
    outer loop
      vertex -16.5444 -251.519 5
      vertex -24.5095 -262.17 5
      vertex -23.195 -271.521 5
    endloop
  endfacet
  facet normal -0 0 1
    outer loop
      vertex -24.5529 -262.388 5
      vertex -23.195 -271.521 5
      vertex -24.5095 -262.17 5
    endloop
  endfacet
  facet normal -0 0 1
    outer loop
      vertex -24.6244 -262.599 5
      vertex -23.195 -271.521 5
      vertex -24.5529 -262.388 5
    endloop
  endfacet
  facet normal -0 0 1
    outer loop
      vertex -24.7228 -262.798 5
      vertex -23.195 -271.521 5
      vertex -24.6244 -262.599 5
    endloop
  endfacet
  facet normal -0 0 1
    outer loop
      vertex -24.8463 -262.983 5
      vertex -23.195 -271.521 5
      vertex -24.7228 -262.798 5
    endloop
  endfacet
  facet normal -0 0 1
    outer loop
      vertex -24.9929 -263.15 5
      vertex -23.195 -271.521 5
      vertex -24.8463 -262.983 5
    endloop
  endfacet
  facet normal -0 0 1
    outer loop
      vertex -25.1601 -263.297 5
      vertex -23.195 -271.521 5
      vertex -24.9929 -263.15 5
    endloop
  endfacet
  facet normal -0 0 1
    outer loop
      vertex -25.345 -263.42 5
      vertex -23.195 -271.521 5
      vertex -25.1601 -263.297 5
    endloop
  endfacet
  facet normal -0 0 1
    outer loop
      vertex -25.5444 -263.519 5
      vertex -23.195 -271.521 5
      vertex -25.345 -263.42 5
    endloop
  endfacet
  facet normal -0 0 1
    outer loop
      vertex -25.755 -263.59 5
      vertex -23.195 -271.521 5
      vertex -25.5444 -263.519 5
    endloop
  endfacet
  facet normal -0 0 1
    outer loop
      vertex -25.9731 -263.633 5
      vertex -23.195 -271.521 5
      vertex -25.755 -263.59 5
    endloop
  endfacet
  facet normal -0 0 1
    outer loop
      vertex -26.195 -263.648 5
      vertex -23.195 -271.521 5
      vertex -25.9731 -263.633 5
    endloop
  endfacet
  facet normal 0 0 1
    outer loop
      vertex -26.4169 -263.633 5
      vertex -23.195 -271.521 5
      vertex -26.195 -263.648 5
    endloop
  endfacet
  facet normal 0 0 1
    outer loop
      vertex -26.635 -263.59 5
      vertex -23.195 -271.521 5
      vertex -26.4169 -263.633 5
    endloop
  endfacet
  facet normal 0 0 1
    outer loop
      vertex -26.8456 -263.519 5
      vertex -23.195 -271.521 5
      vertex -26.635 -263.59 5
    endloop
  endfacet
  facet normal 0 0 1
    outer loop
      vertex -34.345 -271.521 5
      vertex -26.8456 -263.519 5
      vertex -27.045 -263.42 5
    endloop
  endfacet
  facet normal 0 0 1
    outer loop
      vertex -34.345 -271.521 5
      vertex -27.045 -263.42 5
      vertex -27.2299 -263.297 5
    endloop
  endfacet
  facet normal 0 0 1
    outer loop
      vertex -34.345 -271.521 5
      vertex -27.2299 -263.297 5
      vertex -27.3971 -263.15 5
    endloop
  endfacet
  facet normal 0 0 1
    outer loop
      vertex -34.345 -271.521 5
      vertex -27.3971 -263.15 5
      vertex -27.5437 -262.983 5
    endloop
  endfacet
  facet normal 0 0 1
    outer loop
      vertex -34.345 -271.521 5
      vertex -27.5437 -262.983 5
      vertex -27.6672 -262.798 5
    endloop
  endfacet
  facet normal -0 0 1
    outer loop
      vertex -28.9929 -243.15 5
      vertex -18.7656 -249.297 5
      vertex -28.8463 -242.983 5
    endloop
  endfacet
  facet normal 0 0 1
    outer loop
      vertex -18.7656 -249.297 5
      vertex -28.9929 -243.15 5
      vertex -18.8371 -249.508 5
    endloop
  endfacet
  facet normal -0 0 1
    outer loop
      vertex -30.195 -243.648 5
      vertex -26.8456 -260.377 5
      vertex -29.9731 -243.633 5
    endloop
  endfacet
  facet normal 0 0 1
    outer loop
      vertex -26.8456 -260.377 5
      vertex -30.195 -243.648 5
      vertex -27.045 -260.476 5
    endloop
  endfacet
  facet normal 0 0 1
    outer loop
      vertex -30.4169 -243.633 5
      vertex -27.045 -260.476 5
      vertex -30.195 -243.648 5
    endloop
  endfacet
  facet normal 0 0 1
    outer loop
      vertex -27.045 -260.476 5
      vertex -30.4169 -243.633 5
      vertex -27.2299 -260.599 5
    endloop
  endfacet
  facet normal 0 0 1
    outer loop
      vertex -30.635 -243.59 5
      vertex -27.2299 -260.599 5
      vertex -30.4169 -243.633 5
    endloop
  endfacet
  facet normal 0 0 1
    outer loop
      vertex -27.2299 -260.599 5
      vertex -30.635 -243.59 5
      vertex -27.3971 -260.746 5
    endloop
  endfacet
  facet normal 0 0 1
    outer loop
      vertex -30.8456 -243.519 5
      vertex -27.3971 -260.746 5
      vertex -30.635 -243.59 5
    endloop
  endfacet
  facet normal 0 0 1
    outer loop
      vertex -27.3971 -260.746 5
      vertex -30.8456 -243.519 5
      vertex -27.5437 -260.913 5
    endloop
  endfacet
  facet normal 0 0 1
    outer loop
      vertex -31.045 -243.42 5
      vertex -27.5437 -260.913 5
      vertex -30.8456 -243.519 5
    endloop
  endfacet
  facet normal 0 0 1
    outer loop
      vertex -27.5437 -260.913 5
      vertex -31.045 -243.42 5
      vertex -27.6672 -261.098 5
    endloop
  endfacet
  facet normal 0 0 1
    outer loop
      vertex -31.2299 -243.297 5
      vertex -27.6672 -261.098 5
      vertex -31.045 -243.42 5
    endloop
  endfacet
  facet normal 0 0 1
    outer loop
      vertex -27.6672 -261.098 5
      vertex -31.2299 -243.297 5
      vertex -27.7656 -261.297 5
    endloop
  endfacet
  facet normal 0 0 1
    outer loop
      vertex -31.3971 -243.15 5
      vertex -27.7656 -261.297 5
      vertex -31.2299 -243.297 5
    endloop
  endfacet
  facet normal 0 0 1
    outer loop
      vertex -27.7656 -261.297 5
      vertex -31.3971 -243.15 5
      vertex -27.8371 -261.508 5
    endloop
  endfacet
  facet normal 0 0 1
    outer loop
      vertex -31.5437 -242.983 5
      vertex -27.8371 -261.508 5
      vertex -31.3971 -243.15 5
    endloop
  endfacet
  facet normal 0 0 1
    outer loop
      vertex -34.345 -271.521 5
      vertex -27.8371 -261.508 5
      vertex -31.5437 -242.983 5
    endloop
  endfacet
  facet normal 0 0 1
    outer loop
      vertex -27.8371 -261.508 5
      vertex -34.345 -271.521 5
      vertex -27.8805 -261.726 5
    endloop
  endfacet
  facet normal 0 0 1
    outer loop
      vertex -27.8805 -261.726 5
      vertex -34.345 -271.521 5
      vertex -27.895 -261.948 5
    endloop
  endfacet
  facet normal 0 0 1
    outer loop
      vertex -34.345 -271.521 5
      vertex -31.5437 -242.983 5
      vertex -31.6672 -242.798 5
    endloop
  endfacet
  facet normal 0 0 1
    outer loop
      vertex -34.345 -271.521 5
      vertex -31.6672 -242.798 5
      vertex -31.7656 -242.599 5
    endloop
  endfacet
  facet normal 0 0 1
    outer loop
      vertex -34.345 -237.477 5
      vertex -31.7656 -242.599 5
      vertex -31.8371 -242.388 5
    endloop
  endfacet
  facet normal 0 0 1
    outer loop
      vertex -27.895 -261.948 5
      vertex -34.345 -271.521 5
      vertex -27.8805 -262.17 5
    endloop
  endfacet
  facet normal 0 0 1
    outer loop
      vertex -34.345 -237.477 5
      vertex -31.8805 -242.17 5
      vertex -31.895 -241.948 5
    endloop
  endfacet
  facet normal 0 0 1
    outer loop
      vertex -34.345 -237.477 5
      vertex -31.8371 -242.388 5
      vertex -31.8805 -242.17 5
    endloop
  endfacet
  facet normal 0 0 1
    outer loop
      vertex -31.7656 -242.599 5
      vertex -34.345 -237.477 5
      vertex -34.345 -271.521 5
    endloop
  endfacet
  facet normal 0 0 1
    outer loop
      vertex -26.8456 -263.519 5
      vertex -34.345 -271.521 5
      vertex -23.195 -271.521 5
    endloop
  endfacet
  facet normal 0 0 1
    outer loop
      vertex -27.7656 -262.599 5
      vertex -34.345 -271.521 5
      vertex -27.6672 -262.798 5
    endloop
  endfacet
  facet normal 0 0 1
    outer loop
      vertex -27.8371 -262.388 5
      vertex -34.345 -271.521 5
      vertex -27.7656 -262.599 5
    endloop
  endfacet
  facet normal 0 0 1
    outer loop
      vertex -27.8805 -262.17 5
      vertex -34.345 -271.521 5
      vertex -27.8371 -262.388 5
    endloop
  endfacet
  facet normal 1 -0 0
    outer loop
      vertex -34.345 -296.098 7.7
      vertex -34.345 -287.521 5
      vertex -34.345 -287.521 7.7
    endloop
  endfacet
  facet normal 1 0 0
    outer loop
      vertex -34.345 -287.521 5
      vertex -34.345 -296.098 7.7
      vertex -34.345 -296.098 5
    endloop
  endfacet
  facet normal 1 -0 0
    outer loop
      vertex -34.345 -221.477 7.7
      vertex -34.345 -204.798 5
      vertex -34.345 -204.798 7.7
    endloop
  endfacet
  facet normal 1 0 0
    outer loop
      vertex -34.345 -204.798 5
      vertex -34.345 -221.477 7.7
      vertex -34.345 -221.477 5
    endloop
  endfacet
  facet normal 1 -0 0
    outer loop
      vertex -34.345 -271.521 7.7
      vertex -34.345 -237.477 5
      vertex -34.345 -237.477 7.7
    endloop
  endfacet
  facet normal 1 0 0
    outer loop
      vertex -34.345 -237.477 5
      vertex -34.345 -271.521 7.7
      vertex -34.345 -271.521 5
    endloop
  endfacet
  facet normal 0 -1 0
    outer loop
      vertex -34.345 -204.798 5
      vertex 0 -204.798 7.7
      vertex -34.345 -204.798 7.7
    endloop
  endfacet
  facet normal 0 -1 0
    outer loop
      vertex 32.955 -204.798 5
      vertex 0 -204.798 7.7
      vertex -34.345 -204.798 5
    endloop
  endfacet
  facet normal 0 -1 0
    outer loop
      vertex 0 -204.798 7.7
      vertex 32.955 -204.798 5
      vertex 21 -204.798 7.7
    endloop
  endfacet
  facet normal 0 -1 0
    outer loop
      vertex 21 -204.798 7.7
      vertex 32.955 -204.798 5
      vertex 32.955 -204.798 7.7
    endloop
  endfacet
  facet normal 0 -1 0
    outer loop
      vertex 0 -204.798 7.7
      vertex 21 -204.798 8.7
      vertex 0 -204.798 8.7
    endloop
  endfacet
  facet normal 0 -1 -0
    outer loop
      vertex 21 -204.798 8.7
      vertex 0 -204.798 7.7
      vertex 21 -204.798 7.7
    endloop
  endfacet
  facet normal 0 1 -0
    outer loop
      vertex 32.955 -296.098 5
      vertex -34.345 -296.098 7.7
      vertex 32.955 -296.098 7.7
    endloop
  endfacet
  facet normal 0 1 0
    outer loop
      vertex -34.345 -296.098 7.7
      vertex 32.955 -296.098 5
      vertex -34.345 -296.098 5
    endloop
  endfacet
  facet normal 0 1 -0
    outer loop
      vertex -28.4053 -245.048 0
      vertex -31.9847 -245.048 2.8
      vertex -28.4053 -245.048 2.8
    endloop
  endfacet
  facet normal 0 1 0
    outer loop
      vertex -31.9847 -245.048 2.8
      vertex -28.4053 -245.048 0
      vertex -31.9847 -245.048 0
    endloop
  endfacet
  facet normal -0.866024 0.500003 0
    outer loop
      vertex -28.4053 -245.048 0
      vertex -26.6155 -241.948 2.8
      vertex -26.6155 -241.948 0
    endloop
  endfacet
  facet normal -0.866024 0.500003 0
    outer loop
      vertex -26.6155 -241.948 2.8
      vertex -28.4053 -245.048 0
      vertex -28.4053 -245.048 2.8
    endloop
  endfacet
  facet normal 0 -1 0
    outer loop
      vertex -31.9847 -238.848 0
      vertex -28.4053 -238.848 2.8
      vertex -31.9847 -238.848 2.8
    endloop
  endfacet
  facet normal 0 -1 -0
    outer loop
      vertex -28.4053 -238.848 2.8
      vertex -31.9847 -238.848 0
      vertex -28.4053 -238.848 0
    endloop
  endfacet
  facet normal -0.866024 -0.500003 0
    outer loop
      vertex -26.6155 -241.948 0
      vertex -28.4053 -238.848 2.8
      vertex -28.4053 -238.848 0
    endloop
  endfacet
  facet normal -0.866024 -0.500003 0
    outer loop
      vertex -28.4053 -238.848 2.8
      vertex -26.6155 -241.948 0
      vertex -26.6155 -241.948 2.8
    endloop
  endfacet
  facet normal 0.866024 -0.500003 0
    outer loop
      vertex -33.7745 -241.948 2.8
      vertex -31.9847 -238.848 0
      vertex -31.9847 -238.848 2.8
    endloop
  endfacet
  facet normal 0.866024 -0.500003 0
    outer loop
      vertex -31.9847 -238.848 0
      vertex -33.7745 -241.948 2.8
      vertex -33.7745 -241.948 0
    endloop
  endfacet
  facet normal 0.866024 0.500003 0
    outer loop
      vertex -31.9847 -245.048 2.8
      vertex -33.7745 -241.948 0
      vertex -33.7745 -241.948 2.8
    endloop
  endfacet
  facet normal 0.866024 0.500003 0
    outer loop
      vertex -33.7745 -241.948 0
      vertex -31.9847 -245.048 2.8
      vertex -31.9847 -245.048 0
    endloop
  endfacet
  facet normal 0 0 -1
    outer loop
      vertex -28.7228 -242.798 2.8
      vertex -26.6155 -241.948 2.8
      vertex -28.4053 -245.048 2.8
    endloop
  endfacet
  facet normal 0 0 -1
    outer loop
      vertex -28.5095 -241.726 2.8
      vertex -26.6155 -241.948 2.8
      vertex -28.495 -241.948 2.8
    endloop
  endfacet
  facet normal -0 0 -1
    outer loop
      vertex -26.6155 -241.948 2.8
      vertex -28.5095 -242.17 2.8
      vertex -28.495 -241.948 2.8
    endloop
  endfacet
  facet normal 0 0 -1
    outer loop
      vertex -26.6155 -241.948 2.8
      vertex -28.5529 -242.388 2.8
      vertex -28.5095 -242.17 2.8
    endloop
  endfacet
  facet normal 0 0 -1
    outer loop
      vertex -26.6155 -241.948 2.8
      vertex -28.6244 -242.599 2.8
      vertex -28.5529 -242.388 2.8
    endloop
  endfacet
  facet normal 0 0 -1
    outer loop
      vertex -26.6155 -241.948 2.8
      vertex -28.7228 -242.798 2.8
      vertex -28.6244 -242.599 2.8
    endloop
  endfacet
  facet normal 0 0 -1
    outer loop
      vertex -28.4053 -245.048 2.8
      vertex -28.8463 -242.983 2.8
      vertex -28.7228 -242.798 2.8
    endloop
  endfacet
  facet normal 0 0 -1
    outer loop
      vertex -28.4053 -245.048 2.8
      vertex -28.9929 -243.15 2.8
      vertex -28.8463 -242.983 2.8
    endloop
  endfacet
  facet normal 0 0 -1
    outer loop
      vertex -28.4053 -245.048 2.8
      vertex -29.1601 -243.297 2.8
      vertex -28.9929 -243.15 2.8
    endloop
  endfacet
  facet normal 0 0 -1
    outer loop
      vertex -28.4053 -245.048 2.8
      vertex -29.345 -243.42 2.8
      vertex -29.1601 -243.297 2.8
    endloop
  endfacet
  facet normal 0 0 -1
    outer loop
      vertex -28.4053 -245.048 2.8
      vertex -29.5444 -243.519 2.8
      vertex -29.345 -243.42 2.8
    endloop
  endfacet
  facet normal 0 0 -1
    outer loop
      vertex -28.4053 -245.048 2.8
      vertex -29.755 -243.59 2.8
      vertex -29.5444 -243.519 2.8
    endloop
  endfacet
  facet normal 0 0 -1
    outer loop
      vertex -28.4053 -245.048 2.8
      vertex -29.9731 -243.633 2.8
      vertex -29.755 -243.59 2.8
    endloop
  endfacet
  facet normal 0 0 -1
    outer loop
      vertex -28.4053 -245.048 2.8
      vertex -30.195 -243.648 2.8
      vertex -29.9731 -243.633 2.8
    endloop
  endfacet
  facet normal 0 0 -1
    outer loop
      vertex -31.9847 -245.048 2.8
      vertex -30.195 -243.648 2.8
      vertex -28.4053 -245.048 2.8
    endloop
  endfacet
  facet normal -0 0 -1
    outer loop
      vertex -30.195 -243.648 2.8
      vertex -31.9847 -245.048 2.8
      vertex -30.4169 -243.633 2.8
    endloop
  endfacet
  facet normal -0 0 -1
    outer loop
      vertex -30.4169 -243.633 2.8
      vertex -31.9847 -245.048 2.8
      vertex -30.635 -243.59 2.8
    endloop
  endfacet
  facet normal -0 0 -1
    outer loop
      vertex -30.635 -243.59 2.8
      vertex -31.9847 -245.048 2.8
      vertex -30.8456 -243.519 2.8
    endloop
  endfacet
  facet normal 0 0 -1
    outer loop
      vertex -31.8371 -242.388 2.8
      vertex -33.7745 -241.948 2.8
      vertex -31.8805 -242.17 2.8
    endloop
  endfacet
  facet normal 0 0 -1
    outer loop
      vertex -31.7656 -242.599 2.8
      vertex -33.7745 -241.948 2.8
      vertex -31.8371 -242.388 2.8
    endloop
  endfacet
  facet normal 0 0 -1
    outer loop
      vertex -31.6672 -242.798 2.8
      vertex -33.7745 -241.948 2.8
      vertex -31.7656 -242.599 2.8
    endloop
  endfacet
  facet normal 0 0 -1
    outer loop
      vertex -33.7745 -241.948 2.8
      vertex -31.6672 -242.798 2.8
      vertex -31.9847 -245.048 2.8
    endloop
  endfacet
  facet normal -0 0 -1
    outer loop
      vertex -31.5437 -242.983 2.8
      vertex -31.9847 -245.048 2.8
      vertex -31.6672 -242.798 2.8
    endloop
  endfacet
  facet normal -0 0 -1
    outer loop
      vertex -31.3971 -243.15 2.8
      vertex -31.9847 -245.048 2.8
      vertex -31.5437 -242.983 2.8
    endloop
  endfacet
  facet normal -0 0 -1
    outer loop
      vertex -31.2299 -243.297 2.8
      vertex -31.9847 -245.048 2.8
      vertex -31.3971 -243.15 2.8
    endloop
  endfacet
  facet normal -0 0 -1
    outer loop
      vertex -31.045 -243.42 2.8
      vertex -31.9847 -245.048 2.8
      vertex -31.2299 -243.297 2.8
    endloop
  endfacet
  facet normal -0 0 -1
    outer loop
      vertex -30.8456 -243.519 2.8
      vertex -31.9847 -245.048 2.8
      vertex -31.045 -243.42 2.8
    endloop
  endfacet
  facet normal 0 0 -1
    outer loop
      vertex -28.5529 -241.508 2.8
      vertex -26.6155 -241.948 2.8
      vertex -28.5095 -241.726 2.8
    endloop
  endfacet
  facet normal 0 0 -1
    outer loop
      vertex -28.6244 -241.297 2.8
      vertex -26.6155 -241.948 2.8
      vertex -28.5529 -241.508 2.8
    endloop
  endfacet
  facet normal 0 0 -1
    outer loop
      vertex -28.7228 -241.098 2.8
      vertex -26.6155 -241.948 2.8
      vertex -28.6244 -241.297 2.8
    endloop
  endfacet
  facet normal 0 0 -1
    outer loop
      vertex -26.6155 -241.948 2.8
      vertex -28.7228 -241.098 2.8
      vertex -28.4053 -238.848 2.8
    endloop
  endfacet
  facet normal 0 0 -1
    outer loop
      vertex -28.8463 -240.913 2.8
      vertex -28.4053 -238.848 2.8
      vertex -28.7228 -241.098 2.8
    endloop
  endfacet
  facet normal 0 0 -1
    outer loop
      vertex -28.9929 -240.746 2.8
      vertex -28.4053 -238.848 2.8
      vertex -28.8463 -240.913 2.8
    endloop
  endfacet
  facet normal 0 0 -1
    outer loop
      vertex -29.1601 -240.599 2.8
      vertex -28.4053 -238.848 2.8
      vertex -28.9929 -240.746 2.8
    endloop
  endfacet
  facet normal 0 0 -1
    outer loop
      vertex -29.345 -240.476 2.8
      vertex -28.4053 -238.848 2.8
      vertex -29.1601 -240.599 2.8
    endloop
  endfacet
  facet normal 0 0 -1
    outer loop
      vertex -29.5444 -240.377 2.8
      vertex -28.4053 -238.848 2.8
      vertex -29.345 -240.476 2.8
    endloop
  endfacet
  facet normal 0 0 -1
    outer loop
      vertex -29.755 -240.306 2.8
      vertex -28.4053 -238.848 2.8
      vertex -29.5444 -240.377 2.8
    endloop
  endfacet
  facet normal 0 0 -1
    outer loop
      vertex -29.9731 -240.263 2.8
      vertex -28.4053 -238.848 2.8
      vertex -29.755 -240.306 2.8
    endloop
  endfacet
  facet normal 0 0 -1
    outer loop
      vertex -30.195 -240.248 2.8
      vertex -28.4053 -238.848 2.8
      vertex -29.9731 -240.263 2.8
    endloop
  endfacet
  facet normal 0 0 -1
    outer loop
      vertex -31.9847 -238.848 2.8
      vertex -30.195 -240.248 2.8
      vertex -30.4169 -240.263 2.8
    endloop
  endfacet
  facet normal 0 0 -1
    outer loop
      vertex -31.9847 -238.848 2.8
      vertex -30.4169 -240.263 2.8
      vertex -30.635 -240.306 2.8
    endloop
  endfacet
  facet normal 0 0 -1
    outer loop
      vertex -31.9847 -238.848 2.8
      vertex -30.635 -240.306 2.8
      vertex -30.8456 -240.377 2.8
    endloop
  endfacet
  facet normal 0 0 -1
    outer loop
      vertex -31.9847 -238.848 2.8
      vertex -30.8456 -240.377 2.8
      vertex -31.045 -240.476 2.8
    endloop
  endfacet
  facet normal 0 0 -1
    outer loop
      vertex -30.195 -240.248 2.8
      vertex -31.9847 -238.848 2.8
      vertex -28.4053 -238.848 2.8
    endloop
  endfacet
  facet normal 0 0 -1
    outer loop
      vertex -31.2299 -240.599 2.8
      vertex -31.9847 -238.848 2.8
      vertex -31.045 -240.476 2.8
    endloop
  endfacet
  facet normal 0 0 -1
    outer loop
      vertex -31.3971 -240.746 2.8
      vertex -31.9847 -238.848 2.8
      vertex -31.2299 -240.599 2.8
    endloop
  endfacet
  facet normal 0 0 -1
    outer loop
      vertex -31.5437 -240.913 2.8
      vertex -31.9847 -238.848 2.8
      vertex -31.3971 -240.746 2.8
    endloop
  endfacet
  facet normal 0 0 -1
    outer loop
      vertex -31.6672 -241.098 2.8
      vertex -31.9847 -238.848 2.8
      vertex -31.5437 -240.913 2.8
    endloop
  endfacet
  facet normal 0 0 -1
    outer loop
      vertex -33.7745 -241.948 2.8
      vertex -31.6672 -241.098 2.8
      vertex -31.7656 -241.297 2.8
    endloop
  endfacet
  facet normal 0 0 -1
    outer loop
      vertex -33.7745 -241.948 2.8
      vertex -31.7656 -241.297 2.8
      vertex -31.8371 -241.508 2.8
    endloop
  endfacet
  facet normal 0 0 -1
    outer loop
      vertex -33.7745 -241.948 2.8
      vertex -31.8371 -241.508 2.8
      vertex -31.8805 -241.726 2.8
    endloop
  endfacet
  facet normal 0 0 -1
    outer loop
      vertex -33.7745 -241.948 2.8
      vertex -31.8805 -241.726 2.8
      vertex -31.895 -241.948 2.8
    endloop
  endfacet
  facet normal 0 0 -1
    outer loop
      vertex -31.8805 -242.17 2.8
      vertex -33.7745 -241.948 2.8
      vertex -31.895 -241.948 2.8
    endloop
  endfacet
  facet normal -0 0 -1
    outer loop
      vertex -31.6672 -241.098 2.8
      vertex -33.7745 -241.948 2.8
      vertex -31.9847 -238.848 2.8
    endloop
  endfacet
  facet normal -0.193434 -0.981113 0
    outer loop
      vertex -29.9731 -240.263 2.8
      vertex -29.755 -240.306 5
      vertex -29.9731 -240.263 5
    endloop
  endfacet
  facet normal -0.193434 -0.981113 -0
    outer loop
      vertex -29.755 -240.306 5
      vertex -29.9731 -240.263 2.8
      vertex -29.755 -240.306 2.8
    endloop
  endfacet
  facet normal -0.980753 -0.195251 0
    outer loop
      vertex -28.5095 -241.726 2.8
      vertex -28.5529 -241.508 5
      vertex -28.5529 -241.508 2.8
    endloop
  endfacet
  facet normal -0.980753 -0.195251 0
    outer loop
      vertex -28.5529 -241.508 5
      vertex -28.5095 -241.726 2.8
      vertex -28.5095 -241.726 5
    endloop
  endfacet
  facet normal -0.997874 -0.0651764 0
    outer loop
      vertex -28.495 -241.948 2.8
      vertex -28.5095 -241.726 5
      vertex -28.5095 -241.726 2.8
    endloop
  endfacet
  facet normal -0.997874 -0.0651764 0
    outer loop
      vertex -28.5095 -241.726 5
      vertex -28.495 -241.948 2.8
      vertex -28.495 -241.948 5
    endloop
  endfacet
  facet normal -0.947101 -0.320937 0
    outer loop
      vertex -28.5529 -241.508 2.8
      vertex -28.6244 -241.297 5
      vertex -28.6244 -241.297 2.8
    endloop
  endfacet
  facet normal -0.947101 -0.320937 0
    outer loop
      vertex -28.6244 -241.297 5
      vertex -28.5529 -241.508 2.8
      vertex -28.5529 -241.508 5
    endloop
  endfacet
  facet normal 0.947101 0.320937 0
    outer loop
      vertex -31.7656 -242.599 5
      vertex -31.8371 -242.388 2.8
      vertex -31.8371 -242.388 5
    endloop
  endfacet
  facet normal 0.947101 0.320937 0
    outer loop
      vertex -31.8371 -242.388 2.8
      vertex -31.7656 -242.599 5
      vertex -31.7656 -242.599 2.8
    endloop
  endfacet
  facet normal -0.660284 0.751016 0
    outer loop
      vertex -28.9929 -243.15 2.8
      vertex -29.1601 -243.297 5
      vertex -28.9929 -243.15 5
    endloop
  endfacet
  facet normal -0.660284 0.751016 0
    outer loop
      vertex -29.1601 -243.297 5
      vertex -28.9929 -243.15 2.8
      vertex -29.1601 -243.297 2.8
    endloop
  endfacet
  facet normal -0.831704 -0.555219 0
    outer loop
      vertex -28.7228 -241.098 2.8
      vertex -28.8463 -240.913 5
      vertex -28.8463 -240.913 2.8
    endloop
  endfacet
  facet normal -0.831704 -0.555219 0
    outer loop
      vertex -28.8463 -240.913 5
      vertex -28.7228 -241.098 2.8
      vertex -28.7228 -241.098 5
    endloop
  endfacet
  facet normal -0.319466 -0.947598 0
    outer loop
      vertex -29.755 -240.306 2.8
      vertex -29.5444 -240.377 5
      vertex -29.755 -240.306 5
    endloop
  endfacet
  facet normal -0.319466 -0.947598 -0
    outer loop
      vertex -29.5444 -240.377 5
      vertex -29.755 -240.306 2.8
      vertex -29.5444 -240.377 2.8
    endloop
  endfacet
  facet normal -0.997874 0.0651764 0
    outer loop
      vertex -28.5095 -242.17 2.8
      vertex -28.495 -241.948 5
      vertex -28.495 -241.948 2.8
    endloop
  endfacet
  facet normal -0.997874 0.0651764 0
    outer loop
      vertex -28.495 -241.948 5
      vertex -28.5095 -242.17 2.8
      vertex -28.5095 -242.17 5
    endloop
  endfacet
  facet normal -0.831704 0.555219 0
    outer loop
      vertex -28.8463 -242.983 2.8
      vertex -28.7228 -242.798 5
      vertex -28.7228 -242.798 2.8
    endloop
  endfacet
  facet normal -0.831704 0.555219 0
    outer loop
      vertex -28.7228 -242.798 5
      vertex -28.8463 -242.983 2.8
      vertex -28.8463 -242.983 5
    endloop
  endfacet
  facet normal -0.660284 -0.751016 0
    outer loop
      vertex -29.1601 -240.599 2.8
      vertex -28.9929 -240.746 5
      vertex -29.1601 -240.599 5
    endloop
  endfacet
  facet normal -0.660284 -0.751016 -0
    outer loop
      vertex -28.9929 -240.746 5
      vertex -29.1601 -240.599 2.8
      vertex -28.9929 -240.746 2.8
    endloop
  endfacet
  facet normal -0.751516 0.659714 0
    outer loop
      vertex -28.9929 -243.15 2.8
      vertex -28.8463 -242.983 5
      vertex -28.8463 -242.983 2.8
    endloop
  endfacet
  facet normal -0.751516 0.659714 0
    outer loop
      vertex -28.8463 -242.983 5
      vertex -28.9929 -243.15 2.8
      vertex -28.9929 -243.15 5
    endloop
  endfacet
  facet normal -0.8964 -0.443245 0
    outer loop
      vertex -28.6244 -241.297 2.8
      vertex -28.7228 -241.098 5
      vertex -28.7228 -241.098 2.8
    endloop
  endfacet
  facet normal -0.8964 -0.443245 0
    outer loop
      vertex -28.7228 -241.098 5
      vertex -28.6244 -241.297 2.8
      vertex -28.6244 -241.297 5
    endloop
  endfacet
  facet normal 0.8964 0.443245 0
    outer loop
      vertex -31.6672 -242.798 5
      vertex -31.7656 -242.599 2.8
      vertex -31.7656 -242.599 5
    endloop
  endfacet
  facet normal 0.8964 0.443245 0
    outer loop
      vertex -31.7656 -242.599 2.8
      vertex -31.6672 -242.798 5
      vertex -31.6672 -242.798 2.8
    endloop
  endfacet
  facet normal -0.8964 0.443245 0
    outer loop
      vertex -28.7228 -242.798 2.8
      vertex -28.6244 -242.599 5
      vertex -28.6244 -242.599 2.8
    endloop
  endfacet
  facet normal -0.8964 0.443245 0
    outer loop
      vertex -28.6244 -242.599 5
      vertex -28.7228 -242.798 2.8
      vertex -28.7228 -242.798 5
    endloop
  endfacet
  facet normal 0.193434 0.981113 -0
    outer loop
      vertex -30.4169 -243.633 2.8
      vertex -30.635 -243.59 5
      vertex -30.4169 -243.633 5
    endloop
  endfacet
  facet normal 0.193434 0.981113 0
    outer loop
      vertex -30.635 -243.59 5
      vertex -30.4169 -243.633 2.8
      vertex -30.635 -243.59 2.8
    endloop
  endfacet
  facet normal -0.947101 0.320937 0
    outer loop
      vertex -28.6244 -242.599 2.8
      vertex -28.5529 -242.388 5
      vertex -28.5529 -242.388 2.8
    endloop
  endfacet
  facet normal -0.947101 0.320937 0
    outer loop
      vertex -28.5529 -242.388 5
      vertex -28.6244 -242.599 2.8
      vertex -28.6244 -242.599 5
    endloop
  endfacet
  facet normal 0.947101 -0.320937 0
    outer loop
      vertex -31.8371 -241.508 5
      vertex -31.7656 -241.297 2.8
      vertex -31.7656 -241.297 5
    endloop
  endfacet
  facet normal 0.947101 -0.320937 0
    outer loop
      vertex -31.7656 -241.297 2.8
      vertex -31.8371 -241.508 5
      vertex -31.8371 -241.508 2.8
    endloop
  endfacet
  facet normal -0.0674441 0.997723 0
    outer loop
      vertex -29.9731 -243.633 2.8
      vertex -30.195 -243.648 5
      vertex -29.9731 -243.633 5
    endloop
  endfacet
  facet normal -0.0674441 0.997723 0
    outer loop
      vertex -30.195 -243.648 5
      vertex -29.9731 -243.633 2.8
      vertex -30.195 -243.648 2.8
    endloop
  endfacet
  facet normal 0.660284 -0.751016 0
    outer loop
      vertex -31.3971 -240.746 2.8
      vertex -31.2299 -240.599 5
      vertex -31.3971 -240.746 5
    endloop
  endfacet
  facet normal 0.660284 -0.751016 0
    outer loop
      vertex -31.2299 -240.599 5
      vertex -31.3971 -240.746 2.8
      vertex -31.2299 -240.599 2.8
    endloop
  endfacet
  facet normal 0.751516 0.659714 0
    outer loop
      vertex -31.3971 -243.15 5
      vertex -31.5437 -242.983 2.8
      vertex -31.5437 -242.983 5
    endloop
  endfacet
  facet normal 0.751516 0.659714 0
    outer loop
      vertex -31.5437 -242.983 2.8
      vertex -31.3971 -243.15 5
      vertex -31.3971 -243.15 2.8
    endloop
  endfacet
  facet normal -0.0674441 -0.997723 0
    outer loop
      vertex -30.195 -240.248 2.8
      vertex -29.9731 -240.263 5
      vertex -30.195 -240.248 5
    endloop
  endfacet
  facet normal -0.0674441 -0.997723 -0
    outer loop
      vertex -29.9731 -240.263 5
      vertex -30.195 -240.248 2.8
      vertex -29.9731 -240.263 2.8
    endloop
  endfacet
  facet normal -0.444696 0.895681 0
    outer loop
      vertex -29.345 -243.42 2.8
      vertex -29.5444 -243.519 5
      vertex -29.345 -243.42 5
    endloop
  endfacet
  facet normal -0.444696 0.895681 0
    outer loop
      vertex -29.5444 -243.519 5
      vertex -29.345 -243.42 2.8
      vertex -29.5444 -243.519 2.8
    endloop
  endfacet
  facet normal -0.193434 0.981113 0
    outer loop
      vertex -29.755 -243.59 2.8
      vertex -29.9731 -243.633 5
      vertex -29.755 -243.59 5
    endloop
  endfacet
  facet normal -0.193434 0.981113 0
    outer loop
      vertex -29.9731 -243.633 5
      vertex -29.755 -243.59 2.8
      vertex -29.9731 -243.633 2.8
    endloop
  endfacet
  facet normal 0.319466 -0.947598 0
    outer loop
      vertex -30.8456 -240.377 2.8
      vertex -30.635 -240.306 5
      vertex -30.8456 -240.377 5
    endloop
  endfacet
  facet normal 0.319466 -0.947598 0
    outer loop
      vertex -30.635 -240.306 5
      vertex -30.8456 -240.377 2.8
      vertex -30.635 -240.306 2.8
    endloop
  endfacet
  facet normal -0.553869 0.832604 0
    outer loop
      vertex -29.1601 -243.297 2.8
      vertex -29.345 -243.42 5
      vertex -29.1601 -243.297 5
    endloop
  endfacet
  facet normal -0.553869 0.832604 0
    outer loop
      vertex -29.345 -243.42 5
      vertex -29.1601 -243.297 2.8
      vertex -29.345 -243.42 2.8
    endloop
  endfacet
  facet normal -0.751516 -0.659714 0
    outer loop
      vertex -28.8463 -240.913 2.8
      vertex -28.9929 -240.746 5
      vertex -28.9929 -240.746 2.8
    endloop
  endfacet
  facet normal -0.751516 -0.659714 0
    outer loop
      vertex -28.9929 -240.746 5
      vertex -28.8463 -240.913 2.8
      vertex -28.8463 -240.913 5
    endloop
  endfacet
  facet normal 0.444696 0.895681 -0
    outer loop
      vertex -30.8456 -243.519 2.8
      vertex -31.045 -243.42 5
      vertex -30.8456 -243.519 5
    endloop
  endfacet
  facet normal 0.444696 0.895681 0
    outer loop
      vertex -31.045 -243.42 5
      vertex -30.8456 -243.519 2.8
      vertex -31.045 -243.42 2.8
    endloop
  endfacet
  facet normal 0.444696 -0.895681 0
    outer loop
      vertex -31.045 -240.476 2.8
      vertex -30.8456 -240.377 5
      vertex -31.045 -240.476 5
    endloop
  endfacet
  facet normal 0.444696 -0.895681 0
    outer loop
      vertex -30.8456 -240.377 5
      vertex -31.045 -240.476 2.8
      vertex -30.8456 -240.377 2.8
    endloop
  endfacet
  facet normal -0.553869 -0.832604 0
    outer loop
      vertex -29.345 -240.476 2.8
      vertex -29.1601 -240.599 5
      vertex -29.345 -240.476 5
    endloop
  endfacet
  facet normal -0.553869 -0.832604 -0
    outer loop
      vertex -29.1601 -240.599 5
      vertex -29.345 -240.476 2.8
      vertex -29.1601 -240.599 2.8
    endloop
  endfacet
  facet normal 0.553869 -0.832604 0
    outer loop
      vertex -31.2299 -240.599 2.8
      vertex -31.045 -240.476 5
      vertex -31.2299 -240.599 5
    endloop
  endfacet
  facet normal 0.553869 -0.832604 0
    outer loop
      vertex -31.045 -240.476 5
      vertex -31.2299 -240.599 2.8
      vertex -31.045 -240.476 2.8
    endloop
  endfacet
  facet normal -0.319466 0.947598 0
    outer loop
      vertex -29.5444 -243.519 2.8
      vertex -29.755 -243.59 5
      vertex -29.5444 -243.519 5
    endloop
  endfacet
  facet normal -0.319466 0.947598 0
    outer loop
      vertex -29.755 -243.59 5
      vertex -29.5444 -243.519 2.8
      vertex -29.755 -243.59 2.8
    endloop
  endfacet
  facet normal -0.980753 0.195251 0
    outer loop
      vertex -28.5529 -242.388 2.8
      vertex -28.5095 -242.17 5
      vertex -28.5095 -242.17 2.8
    endloop
  endfacet
  facet normal -0.980753 0.195251 0
    outer loop
      vertex -28.5095 -242.17 5
      vertex -28.5529 -242.388 2.8
      vertex -28.5529 -242.388 5
    endloop
  endfacet
  facet normal 0.319466 0.947598 -0
    outer loop
      vertex -30.635 -243.59 2.8
      vertex -30.8456 -243.519 5
      vertex -30.635 -243.59 5
    endloop
  endfacet
  facet normal 0.319466 0.947598 0
    outer loop
      vertex -30.8456 -243.519 5
      vertex -30.635 -243.59 2.8
      vertex -30.8456 -243.519 2.8
    endloop
  endfacet
  facet normal 0.8964 -0.443245 0
    outer loop
      vertex -31.7656 -241.297 5
      vertex -31.6672 -241.098 2.8
      vertex -31.6672 -241.098 5
    endloop
  endfacet
  facet normal 0.8964 -0.443245 0
    outer loop
      vertex -31.6672 -241.098 2.8
      vertex -31.7656 -241.297 5
      vertex -31.7656 -241.297 2.8
    endloop
  endfacet
  facet normal 0.980753 0.195251 0
    outer loop
      vertex -31.8371 -242.388 5
      vertex -31.8805 -242.17 2.8
      vertex -31.8805 -242.17 5
    endloop
  endfacet
  facet normal 0.980753 0.195251 0
    outer loop
      vertex -31.8805 -242.17 2.8
      vertex -31.8371 -242.388 5
      vertex -31.8371 -242.388 2.8
    endloop
  endfacet
  facet normal 0.997874 -0.0651764 0
    outer loop
      vertex -31.895 -241.948 5
      vertex -31.8805 -241.726 2.8
      vertex -31.8805 -241.726 5
    endloop
  endfacet
  facet normal 0.997874 -0.0651764 0
    outer loop
      vertex -31.8805 -241.726 2.8
      vertex -31.895 -241.948 5
      vertex -31.895 -241.948 2.8
    endloop
  endfacet
  facet normal 0.0674441 0.997723 -0
    outer loop
      vertex -30.195 -243.648 2.8
      vertex -30.4169 -243.633 5
      vertex -30.195 -243.648 5
    endloop
  endfacet
  facet normal 0.0674441 0.997723 0
    outer loop
      vertex -30.4169 -243.633 5
      vertex -30.195 -243.648 2.8
      vertex -30.4169 -243.633 2.8
    endloop
  endfacet
  facet normal -0.444696 -0.895681 0
    outer loop
      vertex -29.5444 -240.377 2.8
      vertex -29.345 -240.476 5
      vertex -29.5444 -240.377 5
    endloop
  endfacet
  facet normal -0.444696 -0.895681 -0
    outer loop
      vertex -29.345 -240.476 5
      vertex -29.5444 -240.377 2.8
      vertex -29.345 -240.476 2.8
    endloop
  endfacet
  facet normal 0.660284 0.751016 -0
    outer loop
      vertex -31.2299 -243.297 2.8
      vertex -31.3971 -243.15 5
      vertex -31.2299 -243.297 5
    endloop
  endfacet
  facet normal 0.660284 0.751016 0
    outer loop
      vertex -31.3971 -243.15 5
      vertex -31.2299 -243.297 2.8
      vertex -31.3971 -243.15 2.8
    endloop
  endfacet
  facet normal 0.997874 0.0651764 0
    outer loop
      vertex -31.8805 -242.17 5
      vertex -31.895 -241.948 2.8
      vertex -31.895 -241.948 5
    endloop
  endfacet
  facet normal 0.997874 0.0651764 0
    outer loop
      vertex -31.895 -241.948 2.8
      vertex -31.8805 -242.17 5
      vertex -31.8805 -242.17 2.8
    endloop
  endfacet
  facet normal 0.193434 -0.981113 0
    outer loop
      vertex -30.635 -240.306 2.8
      vertex -30.4169 -240.263 5
      vertex -30.635 -240.306 5
    endloop
  endfacet
  facet normal 0.193434 -0.981113 0
    outer loop
      vertex -30.4169 -240.263 5
      vertex -30.635 -240.306 2.8
      vertex -30.4169 -240.263 2.8
    endloop
  endfacet
  facet normal 0.0674441 -0.997723 0
    outer loop
      vertex -30.4169 -240.263 2.8
      vertex -30.195 -240.248 5
      vertex -30.4169 -240.263 5
    endloop
  endfacet
  facet normal 0.0674441 -0.997723 0
    outer loop
      vertex -30.195 -240.248 5
      vertex -30.4169 -240.263 2.8
      vertex -30.195 -240.248 2.8
    endloop
  endfacet
  facet normal 0.831704 -0.555219 0
    outer loop
      vertex -31.6672 -241.098 5
      vertex -31.5437 -240.913 2.8
      vertex -31.5437 -240.913 5
    endloop
  endfacet
  facet normal 0.831704 -0.555219 0
    outer loop
      vertex -31.5437 -240.913 2.8
      vertex -31.6672 -241.098 5
      vertex -31.6672 -241.098 2.8
    endloop
  endfacet
  facet normal 0.831704 0.555219 0
    outer loop
      vertex -31.5437 -242.983 5
      vertex -31.6672 -242.798 2.8
      vertex -31.6672 -242.798 5
    endloop
  endfacet
  facet normal 0.831704 0.555219 0
    outer loop
      vertex -31.6672 -242.798 2.8
      vertex -31.5437 -242.983 5
      vertex -31.5437 -242.983 2.8
    endloop
  endfacet
  facet normal 0.553869 0.832604 -0
    outer loop
      vertex -31.045 -243.42 2.8
      vertex -31.2299 -243.297 5
      vertex -31.045 -243.42 5
    endloop
  endfacet
  facet normal 0.553869 0.832604 0
    outer loop
      vertex -31.2299 -243.297 5
      vertex -31.045 -243.42 2.8
      vertex -31.2299 -243.297 2.8
    endloop
  endfacet
  facet normal 0.980753 -0.195251 0
    outer loop
      vertex -31.8805 -241.726 5
      vertex -31.8371 -241.508 2.8
      vertex -31.8371 -241.508 5
    endloop
  endfacet
  facet normal 0.980753 -0.195251 0
    outer loop
      vertex -31.8371 -241.508 2.8
      vertex -31.8805 -241.726 5
      vertex -31.8805 -241.726 2.8
    endloop
  endfacet
  facet normal 0.751516 -0.659714 0
    outer loop
      vertex -31.5437 -240.913 5
      vertex -31.3971 -240.746 2.8
      vertex -31.3971 -240.746 5
    endloop
  endfacet
  facet normal 0.751516 -0.659714 0
    outer loop
      vertex -31.3971 -240.746 2.8
      vertex -31.5437 -240.913 5
      vertex -31.5437 -240.913 2.8
    endloop
  endfacet
  facet normal 0 1 -0
    outer loop
      vertex -24.4053 -265.048 0
      vertex -27.9847 -265.048 2.8
      vertex -24.4053 -265.048 2.8
    endloop
  endfacet
  facet normal 0 1 0
    outer loop
      vertex -27.9847 -265.048 2.8
      vertex -24.4053 -265.048 0
      vertex -27.9847 -265.048 0
    endloop
  endfacet
  facet normal -0.866024 0.500003 0
    outer loop
      vertex -24.4053 -265.048 0
      vertex -22.6155 -261.948 2.8
      vertex -22.6155 -261.948 0
    endloop
  endfacet
  facet normal -0.866024 0.500003 0
    outer loop
      vertex -22.6155 -261.948 2.8
      vertex -24.4053 -265.048 0
      vertex -24.4053 -265.048 2.8
    endloop
  endfacet
  facet normal 0 -1 0
    outer loop
      vertex -27.9847 -258.848 0
      vertex -24.4053 -258.848 2.8
      vertex -27.9847 -258.848 2.8
    endloop
  endfacet
  facet normal 0 -1 -0
    outer loop
      vertex -24.4053 -258.848 2.8
      vertex -27.9847 -258.848 0
      vertex -24.4053 -258.848 0
    endloop
  endfacet
  facet normal -0.866024 -0.500003 0
    outer loop
      vertex -22.6155 -261.948 0
      vertex -24.4053 -258.848 2.8
      vertex -24.4053 -258.848 0
    endloop
  endfacet
  facet normal -0.866024 -0.500003 0
    outer loop
      vertex -24.4053 -258.848 2.8
      vertex -22.6155 -261.948 0
      vertex -22.6155 -261.948 2.8
    endloop
  endfacet
  facet normal 0.866024 -0.500003 0
    outer loop
      vertex -29.7745 -261.948 2.8
      vertex -27.9847 -258.848 0
      vertex -27.9847 -258.848 2.8
    endloop
  endfacet
  facet normal 0.866024 -0.500003 0
    outer loop
      vertex -27.9847 -258.848 0
      vertex -29.7745 -261.948 2.8
      vertex -29.7745 -261.948 0
    endloop
  endfacet
  facet normal 0.866024 0.500003 0
    outer loop
      vertex -27.9847 -265.048 2.8
      vertex -29.7745 -261.948 0
      vertex -29.7745 -261.948 2.8
    endloop
  endfacet
  facet normal 0.866024 0.500003 0
    outer loop
      vertex -29.7745 -261.948 0
      vertex -27.9847 -265.048 2.8
      vertex -27.9847 -265.048 0
    endloop
  endfacet
  facet normal 0 0 -1
    outer loop
      vertex -24.7228 -262.798 2.8
      vertex -22.6155 -261.948 2.8
      vertex -24.4053 -265.048 2.8
    endloop
  endfacet
  facet normal 0 0 -1
    outer loop
      vertex -24.5095 -261.726 2.8
      vertex -22.6155 -261.948 2.8
      vertex -24.495 -261.948 2.8
    endloop
  endfacet
  facet normal -0 0 -1
    outer loop
      vertex -22.6155 -261.948 2.8
      vertex -24.5095 -262.17 2.8
      vertex -24.495 -261.948 2.8
    endloop
  endfacet
  facet normal 0 0 -1
    outer loop
      vertex -22.6155 -261.948 2.8
      vertex -24.5529 -262.388 2.8
      vertex -24.5095 -262.17 2.8
    endloop
  endfacet
  facet normal 0 0 -1
    outer loop
      vertex -22.6155 -261.948 2.8
      vertex -24.6244 -262.599 2.8
      vertex -24.5529 -262.388 2.8
    endloop
  endfacet
  facet normal 0 0 -1
    outer loop
      vertex -22.6155 -261.948 2.8
      vertex -24.7228 -262.798 2.8
      vertex -24.6244 -262.599 2.8
    endloop
  endfacet
  facet normal 0 0 -1
    outer loop
      vertex -24.4053 -265.048 2.8
      vertex -24.8463 -262.983 2.8
      vertex -24.7228 -262.798 2.8
    endloop
  endfacet
  facet normal 0 0 -1
    outer loop
      vertex -24.4053 -265.048 2.8
      vertex -24.9929 -263.15 2.8
      vertex -24.8463 -262.983 2.8
    endloop
  endfacet
  facet normal 0 0 -1
    outer loop
      vertex -24.4053 -265.048 2.8
      vertex -25.1601 -263.297 2.8
      vertex -24.9929 -263.15 2.8
    endloop
  endfacet
  facet normal 0 0 -1
    outer loop
      vertex -24.4053 -265.048 2.8
      vertex -25.345 -263.42 2.8
      vertex -25.1601 -263.297 2.8
    endloop
  endfacet
  facet normal 0 0 -1
    outer loop
      vertex -24.4053 -265.048 2.8
      vertex -25.5444 -263.519 2.8
      vertex -25.345 -263.42 2.8
    endloop
  endfacet
  facet normal 0 0 -1
    outer loop
      vertex -24.4053 -265.048 2.8
      vertex -25.755 -263.59 2.8
      vertex -25.5444 -263.519 2.8
    endloop
  endfacet
  facet normal 0 0 -1
    outer loop
      vertex -24.4053 -265.048 2.8
      vertex -25.9731 -263.633 2.8
      vertex -25.755 -263.59 2.8
    endloop
  endfacet
  facet normal 0 0 -1
    outer loop
      vertex -24.4053 -265.048 2.8
      vertex -26.195 -263.648 2.8
      vertex -25.9731 -263.633 2.8
    endloop
  endfacet
  facet normal 0 0 -1
    outer loop
      vertex -27.9847 -265.048 2.8
      vertex -26.195 -263.648 2.8
      vertex -24.4053 -265.048 2.8
    endloop
  endfacet
  facet normal -0 0 -1
    outer loop
      vertex -26.195 -263.648 2.8
      vertex -27.9847 -265.048 2.8
      vertex -26.4169 -263.633 2.8
    endloop
  endfacet
  facet normal -0 0 -1
    outer loop
      vertex -26.4169 -263.633 2.8
      vertex -27.9847 -265.048 2.8
      vertex -26.635 -263.59 2.8
    endloop
  endfacet
  facet normal -0 0 -1
    outer loop
      vertex -26.635 -263.59 2.8
      vertex -27.9847 -265.048 2.8
      vertex -26.8456 -263.519 2.8
    endloop
  endfacet
  facet normal 0 0 -1
    outer loop
      vertex -27.8371 -262.388 2.8
      vertex -29.7745 -261.948 2.8
      vertex -27.8805 -262.17 2.8
    endloop
  endfacet
  facet normal 0 0 -1
    outer loop
      vertex -27.7656 -262.599 2.8
      vertex -29.7745 -261.948 2.8
      vertex -27.8371 -262.388 2.8
    endloop
  endfacet
  facet normal 0 0 -1
    outer loop
      vertex -27.6672 -262.798 2.8
      vertex -29.7745 -261.948 2.8
      vertex -27.7656 -262.599 2.8
    endloop
  endfacet
  facet normal 0 0 -1
    outer loop
      vertex -29.7745 -261.948 2.8
      vertex -27.6672 -262.798 2.8
      vertex -27.9847 -265.048 2.8
    endloop
  endfacet
  facet normal -0 0 -1
    outer loop
      vertex -27.5437 -262.983 2.8
      vertex -27.9847 -265.048 2.8
      vertex -27.6672 -262.798 2.8
    endloop
  endfacet
  facet normal -0 0 -1
    outer loop
      vertex -27.3971 -263.15 2.8
      vertex -27.9847 -265.048 2.8
      vertex -27.5437 -262.983 2.8
    endloop
  endfacet
  facet normal -0 0 -1
    outer loop
      vertex -27.2299 -263.297 2.8
      vertex -27.9847 -265.048 2.8
      vertex -27.3971 -263.15 2.8
    endloop
  endfacet
  facet normal -0 0 -1
    outer loop
      vertex -27.045 -263.42 2.8
      vertex -27.9847 -265.048 2.8
      vertex -27.2299 -263.297 2.8
    endloop
  endfacet
  facet normal -0 0 -1
    outer loop
      vertex -26.8456 -263.519 2.8
      vertex -27.9847 -265.048 2.8
      vertex -27.045 -263.42 2.8
    endloop
  endfacet
  facet normal 0 0 -1
    outer loop
      vertex -24.5529 -261.508 2.8
      vertex -22.6155 -261.948 2.8
      vertex -24.5095 -261.726 2.8
    endloop
  endfacet
  facet normal 0 0 -1
    outer loop
      vertex -24.6244 -261.297 2.8
      vertex -22.6155 -261.948 2.8
      vertex -24.5529 -261.508 2.8
    endloop
  endfacet
  facet normal 0 0 -1
    outer loop
      vertex -24.7228 -261.098 2.8
      vertex -22.6155 -261.948 2.8
      vertex -24.6244 -261.297 2.8
    endloop
  endfacet
  facet normal 0 0 -1
    outer loop
      vertex -22.6155 -261.948 2.8
      vertex -24.7228 -261.098 2.8
      vertex -24.4053 -258.848 2.8
    endloop
  endfacet
  facet normal 0 0 -1
    outer loop
      vertex -24.8463 -260.913 2.8
      vertex -24.4053 -258.848 2.8
      vertex -24.7228 -261.098 2.8
    endloop
  endfacet
  facet normal 0 0 -1
    outer loop
      vertex -24.9929 -260.746 2.8
      vertex -24.4053 -258.848 2.8
      vertex -24.8463 -260.913 2.8
    endloop
  endfacet
  facet normal 0 0 -1
    outer loop
      vertex -25.1601 -260.599 2.8
      vertex -24.4053 -258.848 2.8
      vertex -24.9929 -260.746 2.8
    endloop
  endfacet
  facet normal 0 0 -1
    outer loop
      vertex -25.345 -260.476 2.8
      vertex -24.4053 -258.848 2.8
      vertex -25.1601 -260.599 2.8
    endloop
  endfacet
  facet normal 0 0 -1
    outer loop
      vertex -25.5444 -260.377 2.8
      vertex -24.4053 -258.848 2.8
      vertex -25.345 -260.476 2.8
    endloop
  endfacet
  facet normal 0 0 -1
    outer loop
      vertex -25.755 -260.306 2.8
      vertex -24.4053 -258.848 2.8
      vertex -25.5444 -260.377 2.8
    endloop
  endfacet
  facet normal 0 0 -1
    outer loop
      vertex -25.9731 -260.263 2.8
      vertex -24.4053 -258.848 2.8
      vertex -25.755 -260.306 2.8
    endloop
  endfacet
  facet normal 0 0 -1
    outer loop
      vertex -26.195 -260.248 2.8
      vertex -24.4053 -258.848 2.8
      vertex -25.9731 -260.263 2.8
    endloop
  endfacet
  facet normal 0 0 -1
    outer loop
      vertex -27.9847 -258.848 2.8
      vertex -26.195 -260.248 2.8
      vertex -26.4169 -260.263 2.8
    endloop
  endfacet
  facet normal 0 0 -1
    outer loop
      vertex -27.9847 -258.848 2.8
      vertex -26.4169 -260.263 2.8
      vertex -26.635 -260.306 2.8
    endloop
  endfacet
  facet normal 0 0 -1
    outer loop
      vertex -27.9847 -258.848 2.8
      vertex -26.635 -260.306 2.8
      vertex -26.8456 -260.377 2.8
    endloop
  endfacet
  facet normal 0 0 -1
    outer loop
      vertex -27.9847 -258.848 2.8
      vertex -26.8456 -260.377 2.8
      vertex -27.045 -260.476 2.8
    endloop
  endfacet
  facet normal 0 0 -1
    outer loop
      vertex -26.195 -260.248 2.8
      vertex -27.9847 -258.848 2.8
      vertex -24.4053 -258.848 2.8
    endloop
  endfacet
  facet normal 0 0 -1
    outer loop
      vertex -27.2299 -260.599 2.8
      vertex -27.9847 -258.848 2.8
      vertex -27.045 -260.476 2.8
    endloop
  endfacet
  facet normal 0 0 -1
    outer loop
      vertex -27.3971 -260.746 2.8
      vertex -27.9847 -258.848 2.8
      vertex -27.2299 -260.599 2.8
    endloop
  endfacet
  facet normal 0 0 -1
    outer loop
      vertex -27.5437 -260.913 2.8
      vertex -27.9847 -258.848 2.8
      vertex -27.3971 -260.746 2.8
    endloop
  endfacet
  facet normal 0 0 -1
    outer loop
      vertex -27.6672 -261.098 2.8
      vertex -27.9847 -258.848 2.8
      vertex -27.5437 -260.913 2.8
    endloop
  endfacet
  facet normal 0 0 -1
    outer loop
      vertex -29.7745 -261.948 2.8
      vertex -27.6672 -261.098 2.8
      vertex -27.7656 -261.297 2.8
    endloop
  endfacet
  facet normal 0 0 -1
    outer loop
      vertex -29.7745 -261.948 2.8
      vertex -27.7656 -261.297 2.8
      vertex -27.8371 -261.508 2.8
    endloop
  endfacet
  facet normal 0 0 -1
    outer loop
      vertex -29.7745 -261.948 2.8
      vertex -27.8371 -261.508 2.8
      vertex -27.8805 -261.726 2.8
    endloop
  endfacet
  facet normal 0 0 -1
    outer loop
      vertex -29.7745 -261.948 2.8
      vertex -27.8805 -261.726 2.8
      vertex -27.895 -261.948 2.8
    endloop
  endfacet
  facet normal 0 0 -1
    outer loop
      vertex -27.8805 -262.17 2.8
      vertex -29.7745 -261.948 2.8
      vertex -27.895 -261.948 2.8
    endloop
  endfacet
  facet normal -0 0 -1
    outer loop
      vertex -27.6672 -261.098 2.8
      vertex -29.7745 -261.948 2.8
      vertex -27.9847 -258.848 2.8
    endloop
  endfacet
  facet normal 0.553869 0.832604 -0
    outer loop
      vertex -27.045 -263.42 2.8
      vertex -27.2299 -263.297 5
      vertex -27.045 -263.42 5
    endloop
  endfacet
  facet normal 0.553869 0.832604 0
    outer loop
      vertex -27.2299 -263.297 5
      vertex -27.045 -263.42 2.8
      vertex -27.2299 -263.297 2.8
    endloop
  endfacet
  facet normal -0.831704 -0.555219 0
    outer loop
      vertex -24.7228 -261.098 2.8
      vertex -24.8463 -260.913 5
      vertex -24.8463 -260.913 2.8
    endloop
  endfacet
  facet normal -0.831704 -0.555219 0
    outer loop
      vertex -24.8463 -260.913 5
      vertex -24.7228 -261.098 2.8
      vertex -24.7228 -261.098 5
    endloop
  endfacet
  facet normal 0.751516 -0.659714 0
    outer loop
      vertex -27.5437 -260.913 5
      vertex -27.3971 -260.746 2.8
      vertex -27.3971 -260.746 5
    endloop
  endfacet
  facet normal 0.751516 -0.659714 0
    outer loop
      vertex -27.3971 -260.746 2.8
      vertex -27.5437 -260.913 5
      vertex -27.5437 -260.913 2.8
    endloop
  endfacet
  facet normal -0.444696 0.895681 0
    outer loop
      vertex -25.345 -263.42 2.8
      vertex -25.5444 -263.519 5
      vertex -25.345 -263.42 5
    endloop
  endfacet
  facet normal -0.444696 0.895681 0
    outer loop
      vertex -25.5444 -263.519 5
      vertex -25.345 -263.42 2.8
      vertex -25.5444 -263.519 2.8
    endloop
  endfacet
  facet normal -0.8964 -0.443245 0
    outer loop
      vertex -24.6244 -261.297 2.8
      vertex -24.7228 -261.098 5
      vertex -24.7228 -261.098 2.8
    endloop
  endfacet
  facet normal -0.8964 -0.443245 0
    outer loop
      vertex -24.7228 -261.098 5
      vertex -24.6244 -261.297 2.8
      vertex -24.6244 -261.297 5
    endloop
  endfacet
  facet normal 0.8964 -0.443245 0
    outer loop
      vertex -27.7656 -261.297 5
      vertex -27.6672 -261.098 2.8
      vertex -27.6672 -261.098 5
    endloop
  endfacet
  facet normal 0.8964 -0.443245 0
    outer loop
      vertex -27.6672 -261.098 2.8
      vertex -27.7656 -261.297 5
      vertex -27.7656 -261.297 2.8
    endloop
  endfacet
  facet normal 0.444696 -0.895681 0
    outer loop
      vertex -27.045 -260.476 2.8
      vertex -26.8456 -260.377 5
      vertex -27.045 -260.476 5
    endloop
  endfacet
  facet normal 0.444696 -0.895681 0
    outer loop
      vertex -26.8456 -260.377 5
      vertex -27.045 -260.476 2.8
      vertex -26.8456 -260.377 2.8
    endloop
  endfacet
  facet normal 0.660284 0.751016 -0
    outer loop
      vertex -27.2299 -263.297 2.8
      vertex -27.3971 -263.15 5
      vertex -27.2299 -263.297 5
    endloop
  endfacet
  facet normal 0.660284 0.751016 0
    outer loop
      vertex -27.3971 -263.15 5
      vertex -27.2299 -263.297 2.8
      vertex -27.3971 -263.15 2.8
    endloop
  endfacet
  facet normal 0.319466 0.947598 -0
    outer loop
      vertex -26.635 -263.59 2.8
      vertex -26.8456 -263.519 5
      vertex -26.635 -263.59 5
    endloop
  endfacet
  facet normal 0.319466 0.947598 0
    outer loop
      vertex -26.8456 -263.519 5
      vertex -26.635 -263.59 2.8
      vertex -26.8456 -263.519 2.8
    endloop
  endfacet
  facet normal -0.947101 -0.320937 0
    outer loop
      vertex -24.5529 -261.508 2.8
      vertex -24.6244 -261.297 5
      vertex -24.6244 -261.297 2.8
    endloop
  endfacet
  facet normal -0.947101 -0.320937 0
    outer loop
      vertex -24.6244 -261.297 5
      vertex -24.5529 -261.508 2.8
      vertex -24.5529 -261.508 5
    endloop
  endfacet
  facet normal 0.997874 -0.0651764 0
    outer loop
      vertex -27.895 -261.948 5
      vertex -27.8805 -261.726 2.8
      vertex -27.8805 -261.726 5
    endloop
  endfacet
  facet normal 0.997874 -0.0651764 0
    outer loop
      vertex -27.8805 -261.726 2.8
      vertex -27.895 -261.948 5
      vertex -27.895 -261.948 2.8
    endloop
  endfacet
  facet normal 0.751516 0.659714 0
    outer loop
      vertex -27.3971 -263.15 5
      vertex -27.5437 -262.983 2.8
      vertex -27.5437 -262.983 5
    endloop
  endfacet
  facet normal 0.751516 0.659714 0
    outer loop
      vertex -27.5437 -262.983 2.8
      vertex -27.3971 -263.15 5
      vertex -27.3971 -263.15 2.8
    endloop
  endfacet
  facet normal 0.980753 0.195251 0
    outer loop
      vertex -27.8371 -262.388 5
      vertex -27.8805 -262.17 2.8
      vertex -27.8805 -262.17 5
    endloop
  endfacet
  facet normal 0.980753 0.195251 0
    outer loop
      vertex -27.8805 -262.17 2.8
      vertex -27.8371 -262.388 5
      vertex -27.8371 -262.388 2.8
    endloop
  endfacet
  facet normal -0.660284 0.751016 0
    outer loop
      vertex -24.9929 -263.15 2.8
      vertex -25.1601 -263.297 5
      vertex -24.9929 -263.15 5
    endloop
  endfacet
  facet normal -0.660284 0.751016 0
    outer loop
      vertex -25.1601 -263.297 5
      vertex -24.9929 -263.15 2.8
      vertex -25.1601 -263.297 2.8
    endloop
  endfacet
  facet normal -0.8964 0.443245 0
    outer loop
      vertex -24.7228 -262.798 2.8
      vertex -24.6244 -262.599 5
      vertex -24.6244 -262.599 2.8
    endloop
  endfacet
  facet normal -0.8964 0.443245 0
    outer loop
      vertex -24.6244 -262.599 5
      vertex -24.7228 -262.798 2.8
      vertex -24.7228 -262.798 5
    endloop
  endfacet
  facet normal -0.193434 -0.981113 0
    outer loop
      vertex -25.9731 -260.263 2.8
      vertex -25.755 -260.306 5
      vertex -25.9731 -260.263 5
    endloop
  endfacet
  facet normal -0.193434 -0.981113 -0
    outer loop
      vertex -25.755 -260.306 5
      vertex -25.9731 -260.263 2.8
      vertex -25.755 -260.306 2.8
    endloop
  endfacet
  facet normal -0.751516 0.659714 0
    outer loop
      vertex -24.9929 -263.15 2.8
      vertex -24.8463 -262.983 5
      vertex -24.8463 -262.983 2.8
    endloop
  endfacet
  facet normal -0.751516 0.659714 0
    outer loop
      vertex -24.8463 -262.983 5
      vertex -24.9929 -263.15 2.8
      vertex -24.9929 -263.15 5
    endloop
  endfacet
  facet normal -0.980753 -0.195251 0
    outer loop
      vertex -24.5095 -261.726 2.8
      vertex -24.5529 -261.508 5
      vertex -24.5529 -261.508 2.8
    endloop
  endfacet
  facet normal -0.980753 -0.195251 0
    outer loop
      vertex -24.5529 -261.508 5
      vertex -24.5095 -261.726 2.8
      vertex -24.5095 -261.726 5
    endloop
  endfacet
  facet normal -0.193434 0.981113 0
    outer loop
      vertex -25.755 -263.59 2.8
      vertex -25.9731 -263.633 5
      vertex -25.755 -263.59 5
    endloop
  endfacet
  facet normal -0.193434 0.981113 0
    outer loop
      vertex -25.9731 -263.633 5
      vertex -25.755 -263.59 2.8
      vertex -25.9731 -263.633 2.8
    endloop
  endfacet
  facet normal -0.997874 -0.0651764 0
    outer loop
      vertex -24.495 -261.948 2.8
      vertex -24.5095 -261.726 5
      vertex -24.5095 -261.726 2.8
    endloop
  endfacet
  facet normal -0.997874 -0.0651764 0
    outer loop
      vertex -24.5095 -261.726 5
      vertex -24.495 -261.948 2.8
      vertex -24.495 -261.948 5
    endloop
  endfacet
  facet normal -0.751516 -0.659714 0
    outer loop
      vertex -24.8463 -260.913 2.8
      vertex -24.9929 -260.746 5
      vertex -24.9929 -260.746 2.8
    endloop
  endfacet
  facet normal -0.751516 -0.659714 0
    outer loop
      vertex -24.9929 -260.746 5
      vertex -24.8463 -260.913 2.8
      vertex -24.8463 -260.913 5
    endloop
  endfacet
  facet normal 0.660284 -0.751016 0
    outer loop
      vertex -27.3971 -260.746 2.8
      vertex -27.2299 -260.599 5
      vertex -27.3971 -260.746 5
    endloop
  endfacet
  facet normal 0.660284 -0.751016 0
    outer loop
      vertex -27.2299 -260.599 5
      vertex -27.3971 -260.746 2.8
      vertex -27.2299 -260.599 2.8
    endloop
  endfacet
  facet normal -0.553869 -0.832604 0
    outer loop
      vertex -25.345 -260.476 2.8
      vertex -25.1601 -260.599 5
      vertex -25.345 -260.476 5
    endloop
  endfacet
  facet normal -0.553869 -0.832604 -0
    outer loop
      vertex -25.1601 -260.599 5
      vertex -25.345 -260.476 2.8
      vertex -25.1601 -260.599 2.8
    endloop
  endfacet
  facet normal -0.947101 0.320937 0
    outer loop
      vertex -24.6244 -262.599 2.8
      vertex -24.5529 -262.388 5
      vertex -24.5529 -262.388 2.8
    endloop
  endfacet
  facet normal -0.947101 0.320937 0
    outer loop
      vertex -24.5529 -262.388 5
      vertex -24.6244 -262.599 2.8
      vertex -24.6244 -262.599 5
    endloop
  endfacet
  facet normal -0.319466 0.947598 0
    outer loop
      vertex -25.5444 -263.519 2.8
      vertex -25.755 -263.59 5
      vertex -25.5444 -263.519 5
    endloop
  endfacet
  facet normal -0.319466 0.947598 0
    outer loop
      vertex -25.755 -263.59 5
      vertex -25.5444 -263.519 2.8
      vertex -25.755 -263.59 2.8
    endloop
  endfacet
  facet normal -0.444696 -0.895681 0
    outer loop
      vertex -25.5444 -260.377 2.8
      vertex -25.345 -260.476 5
      vertex -25.5444 -260.377 5
    endloop
  endfacet
  facet normal -0.444696 -0.895681 -0
    outer loop
      vertex -25.345 -260.476 5
      vertex -25.5444 -260.377 2.8
      vertex -25.345 -260.476 2.8
    endloop
  endfacet
  facet normal -0.997874 0.0651764 0
    outer loop
      vertex -24.5095 -262.17 2.8
      vertex -24.495 -261.948 5
      vertex -24.495 -261.948 2.8
    endloop
  endfacet
  facet normal -0.997874 0.0651764 0
    outer loop
      vertex -24.495 -261.948 5
      vertex -24.5095 -262.17 2.8
      vertex -24.5095 -262.17 5
    endloop
  endfacet
  facet normal -0.319466 -0.947598 0
    outer loop
      vertex -25.755 -260.306 2.8
      vertex -25.5444 -260.377 5
      vertex -25.755 -260.306 5
    endloop
  endfacet
  facet normal -0.319466 -0.947598 -0
    outer loop
      vertex -25.5444 -260.377 5
      vertex -25.755 -260.306 2.8
      vertex -25.5444 -260.377 2.8
    endloop
  endfacet
  facet normal 0.0674441 -0.997723 0
    outer loop
      vertex -26.4169 -260.263 2.8
      vertex -26.195 -260.248 5
      vertex -26.4169 -260.263 5
    endloop
  endfacet
  facet normal 0.0674441 -0.997723 0
    outer loop
      vertex -26.195 -260.248 5
      vertex -26.4169 -260.263 2.8
      vertex -26.195 -260.248 2.8
    endloop
  endfacet
  facet normal -0.831704 0.555219 0
    outer loop
      vertex -24.8463 -262.983 2.8
      vertex -24.7228 -262.798 5
      vertex -24.7228 -262.798 2.8
    endloop
  endfacet
  facet normal -0.831704 0.555219 0
    outer loop
      vertex -24.7228 -262.798 5
      vertex -24.8463 -262.983 2.8
      vertex -24.8463 -262.983 5
    endloop
  endfacet
  facet normal -0.553869 0.832604 0
    outer loop
      vertex -25.1601 -263.297 2.8
      vertex -25.345 -263.42 5
      vertex -25.1601 -263.297 5
    endloop
  endfacet
  facet normal -0.553869 0.832604 0
    outer loop
      vertex -25.345 -263.42 5
      vertex -25.1601 -263.297 2.8
      vertex -25.345 -263.42 2.8
    endloop
  endfacet
  facet normal 0.319466 -0.947598 0
    outer loop
      vertex -26.8456 -260.377 2.8
      vertex -26.635 -260.306 5
      vertex -26.8456 -260.377 5
    endloop
  endfacet
  facet normal 0.319466 -0.947598 0
    outer loop
      vertex -26.635 -260.306 5
      vertex -26.8456 -260.377 2.8
      vertex -26.635 -260.306 2.8
    endloop
  endfacet
  facet normal -0.980753 0.195251 0
    outer loop
      vertex -24.5529 -262.388 2.8
      vertex -24.5095 -262.17 5
      vertex -24.5095 -262.17 2.8
    endloop
  endfacet
  facet normal -0.980753 0.195251 0
    outer loop
      vertex -24.5095 -262.17 5
      vertex -24.5529 -262.388 2.8
      vertex -24.5529 -262.388 5
    endloop
  endfacet
  facet normal -0.660284 -0.751016 0
    outer loop
      vertex -25.1601 -260.599 2.8
      vertex -24.9929 -260.746 5
      vertex -25.1601 -260.599 5
    endloop
  endfacet
  facet normal -0.660284 -0.751016 -0
    outer loop
      vertex -24.9929 -260.746 5
      vertex -25.1601 -260.599 2.8
      vertex -24.9929 -260.746 2.8
    endloop
  endfacet
  facet normal -0.0674441 0.997723 0
    outer loop
      vertex -25.9731 -263.633 2.8
      vertex -26.195 -263.648 5
      vertex -25.9731 -263.633 5
    endloop
  endfacet
  facet normal -0.0674441 0.997723 0
    outer loop
      vertex -26.195 -263.648 5
      vertex -25.9731 -263.633 2.8
      vertex -26.195 -263.648 2.8
    endloop
  endfacet
  facet normal 0.997874 0.0651764 0
    outer loop
      vertex -27.8805 -262.17 5
      vertex -27.895 -261.948 2.8
      vertex -27.895 -261.948 5
    endloop
  endfacet
  facet normal 0.997874 0.0651764 0
    outer loop
      vertex -27.895 -261.948 2.8
      vertex -27.8805 -262.17 5
      vertex -27.8805 -262.17 2.8
    endloop
  endfacet
  facet normal 0.193434 -0.981113 0
    outer loop
      vertex -26.635 -260.306 2.8
      vertex -26.4169 -260.263 5
      vertex -26.635 -260.306 5
    endloop
  endfacet
  facet normal 0.193434 -0.981113 0
    outer loop
      vertex -26.4169 -260.263 5
      vertex -26.635 -260.306 2.8
      vertex -26.4169 -260.263 2.8
    endloop
  endfacet
  facet normal -0.0674441 -0.997723 0
    outer loop
      vertex -26.195 -260.248 2.8
      vertex -25.9731 -260.263 5
      vertex -26.195 -260.248 5
    endloop
  endfacet
  facet normal -0.0674441 -0.997723 -0
    outer loop
      vertex -25.9731 -260.263 5
      vertex -26.195 -260.248 2.8
      vertex -25.9731 -260.263 2.8
    endloop
  endfacet
  facet normal 0.193434 0.981113 -0
    outer loop
      vertex -26.4169 -263.633 2.8
      vertex -26.635 -263.59 5
      vertex -26.4169 -263.633 5
    endloop
  endfacet
  facet normal 0.193434 0.981113 0
    outer loop
      vertex -26.635 -263.59 5
      vertex -26.4169 -263.633 2.8
      vertex -26.635 -263.59 2.8
    endloop
  endfacet
  facet normal 0.0674441 0.997723 -0
    outer loop
      vertex -26.195 -263.648 2.8
      vertex -26.4169 -263.633 5
      vertex -26.195 -263.648 5
    endloop
  endfacet
  facet normal 0.0674441 0.997723 0
    outer loop
      vertex -26.4169 -263.633 5
      vertex -26.195 -263.648 2.8
      vertex -26.4169 -263.633 2.8
    endloop
  endfacet
  facet normal 0.553869 -0.832604 0
    outer loop
      vertex -27.2299 -260.599 2.8
      vertex -27.045 -260.476 5
      vertex -27.2299 -260.599 5
    endloop
  endfacet
  facet normal 0.553869 -0.832604 0
    outer loop
      vertex -27.045 -260.476 5
      vertex -27.2299 -260.599 2.8
      vertex -27.045 -260.476 2.8
    endloop
  endfacet
  facet normal 0.980753 -0.195251 0
    outer loop
      vertex -27.8805 -261.726 5
      vertex -27.8371 -261.508 2.8
      vertex -27.8371 -261.508 5
    endloop
  endfacet
  facet normal 0.980753 -0.195251 0
    outer loop
      vertex -27.8371 -261.508 2.8
      vertex -27.8805 -261.726 5
      vertex -27.8805 -261.726 2.8
    endloop
  endfacet
  facet normal 0.947101 -0.320937 0
    outer loop
      vertex -27.8371 -261.508 5
      vertex -27.7656 -261.297 2.8
      vertex -27.7656 -261.297 5
    endloop
  endfacet
  facet normal 0.947101 -0.320937 0
    outer loop
      vertex -27.7656 -261.297 2.8
      vertex -27.8371 -261.508 5
      vertex -27.8371 -261.508 2.8
    endloop
  endfacet
  facet normal 0.8964 0.443245 0
    outer loop
      vertex -27.6672 -262.798 5
      vertex -27.7656 -262.599 2.8
      vertex -27.7656 -262.599 5
    endloop
  endfacet
  facet normal 0.8964 0.443245 0
    outer loop
      vertex -27.7656 -262.599 2.8
      vertex -27.6672 -262.798 5
      vertex -27.6672 -262.798 2.8
    endloop
  endfacet
  facet normal 0.831704 -0.555219 0
    outer loop
      vertex -27.6672 -261.098 5
      vertex -27.5437 -260.913 2.8
      vertex -27.5437 -260.913 5
    endloop
  endfacet
  facet normal 0.831704 -0.555219 0
    outer loop
      vertex -27.5437 -260.913 2.8
      vertex -27.6672 -261.098 5
      vertex -27.6672 -261.098 2.8
    endloop
  endfacet
  facet normal 0.444696 0.895681 -0
    outer loop
      vertex -26.8456 -263.519 2.8
      vertex -27.045 -263.42 5
      vertex -26.8456 -263.519 5
    endloop
  endfacet
  facet normal 0.444696 0.895681 0
    outer loop
      vertex -27.045 -263.42 5
      vertex -26.8456 -263.519 2.8
      vertex -27.045 -263.42 2.8
    endloop
  endfacet
  facet normal 0.831704 0.555219 0
    outer loop
      vertex -27.5437 -262.983 5
      vertex -27.6672 -262.798 2.8
      vertex -27.6672 -262.798 5
    endloop
  endfacet
  facet normal 0.831704 0.555219 0
    outer loop
      vertex -27.6672 -262.798 2.8
      vertex -27.5437 -262.983 5
      vertex -27.5437 -262.983 2.8
    endloop
  endfacet
  facet normal 0.947101 0.320937 0
    outer loop
      vertex -27.7656 -262.599 5
      vertex -27.8371 -262.388 2.8
      vertex -27.8371 -262.388 5
    endloop
  endfacet
  facet normal 0.947101 0.320937 0
    outer loop
      vertex -27.8371 -262.388 2.8
      vertex -27.7656 -262.599 5
      vertex -27.7656 -262.599 2.8
    endloop
  endfacet
  facet normal 0 1 -0
    outer loop
      vertex -15.4052 -253.048 0
      vertex -18.9847 -253.048 2.8
      vertex -15.4052 -253.048 2.8
    endloop
  endfacet
  facet normal 0 1 0
    outer loop
      vertex -18.9847 -253.048 2.8
      vertex -15.4052 -253.048 0
      vertex -18.9847 -253.048 0
    endloop
  endfacet
  facet normal -0.866036 0.499982 0
    outer loop
      vertex -15.4052 -253.048 0
      vertex -13.6155 -249.948 2.8
      vertex -13.6155 -249.948 0
    endloop
  endfacet
  facet normal -0.866036 0.499982 0
    outer loop
      vertex -13.6155 -249.948 2.8
      vertex -15.4052 -253.048 0
      vertex -15.4052 -253.048 2.8
    endloop
  endfacet
  facet normal 0 -1 0
    outer loop
      vertex -18.9847 -246.848 0
      vertex -15.4052 -246.848 2.8
      vertex -18.9847 -246.848 2.8
    endloop
  endfacet
  facet normal 0 -1 -0
    outer loop
      vertex -15.4052 -246.848 2.8
      vertex -18.9847 -246.848 0
      vertex -15.4052 -246.848 0
    endloop
  endfacet
  facet normal -0.866036 -0.499982 0
    outer loop
      vertex -13.6155 -249.948 0
      vertex -15.4052 -246.848 2.8
      vertex -15.4052 -246.848 0
    endloop
  endfacet
  facet normal -0.866036 -0.499982 0
    outer loop
      vertex -15.4052 -246.848 2.8
      vertex -13.6155 -249.948 0
      vertex -13.6155 -249.948 2.8
    endloop
  endfacet
  facet normal 0.866024 -0.500003 0
    outer loop
      vertex -20.7745 -249.948 2.8
      vertex -18.9847 -246.848 0
      vertex -18.9847 -246.848 2.8
    endloop
  endfacet
  facet normal 0.866024 -0.500003 0
    outer loop
      vertex -18.9847 -246.848 0
      vertex -20.7745 -249.948 2.8
      vertex -20.7745 -249.948 0
    endloop
  endfacet
  facet normal 0.866024 0.500003 0
    outer loop
      vertex -18.9847 -253.048 2.8
      vertex -20.7745 -249.948 0
      vertex -20.7745 -249.948 2.8
    endloop
  endfacet
  facet normal 0.866024 0.500003 0
    outer loop
      vertex -20.7745 -249.948 0
      vertex -18.9847 -253.048 2.8
      vertex -18.9847 -253.048 0
    endloop
  endfacet
  facet normal 0 0 -1
    outer loop
      vertex -15.7228 -250.798 2.8
      vertex -13.6155 -249.948 2.8
      vertex -15.4052 -253.048 2.8
    endloop
  endfacet
  facet normal 0 0 -1
    outer loop
      vertex -15.5095 -249.726 2.8
      vertex -13.6155 -249.948 2.8
      vertex -15.495 -249.948 2.8
    endloop
  endfacet
  facet normal -0 0 -1
    outer loop
      vertex -13.6155 -249.948 2.8
      vertex -15.5095 -250.17 2.8
      vertex -15.495 -249.948 2.8
    endloop
  endfacet
  facet normal 0 0 -1
    outer loop
      vertex -13.6155 -249.948 2.8
      vertex -15.5529 -250.388 2.8
      vertex -15.5095 -250.17 2.8
    endloop
  endfacet
  facet normal 0 0 -1
    outer loop
      vertex -13.6155 -249.948 2.8
      vertex -15.6244 -250.599 2.8
      vertex -15.5529 -250.388 2.8
    endloop
  endfacet
  facet normal 0 0 -1
    outer loop
      vertex -13.6155 -249.948 2.8
      vertex -15.7228 -250.798 2.8
      vertex -15.6244 -250.599 2.8
    endloop
  endfacet
  facet normal 0 0 -1
    outer loop
      vertex -15.4052 -253.048 2.8
      vertex -15.8463 -250.983 2.8
      vertex -15.7228 -250.798 2.8
    endloop
  endfacet
  facet normal 0 0 -1
    outer loop
      vertex -15.4052 -253.048 2.8
      vertex -15.9929 -251.15 2.8
      vertex -15.8463 -250.983 2.8
    endloop
  endfacet
  facet normal 0 0 -1
    outer loop
      vertex -15.4052 -253.048 2.8
      vertex -16.1601 -251.297 2.8
      vertex -15.9929 -251.15 2.8
    endloop
  endfacet
  facet normal 0 0 -1
    outer loop
      vertex -15.4052 -253.048 2.8
      vertex -16.345 -251.42 2.8
      vertex -16.1601 -251.297 2.8
    endloop
  endfacet
  facet normal 0 0 -1
    outer loop
      vertex -15.4052 -253.048 2.8
      vertex -16.5444 -251.519 2.8
      vertex -16.345 -251.42 2.8
    endloop
  endfacet
  facet normal 0 0 -1
    outer loop
      vertex -15.4052 -253.048 2.8
      vertex -16.755 -251.59 2.8
      vertex -16.5444 -251.519 2.8
    endloop
  endfacet
  facet normal 0 0 -1
    outer loop
      vertex -15.4052 -253.048 2.8
      vertex -16.9731 -251.633 2.8
      vertex -16.755 -251.59 2.8
    endloop
  endfacet
  facet normal 0 0 -1
    outer loop
      vertex -15.4052 -253.048 2.8
      vertex -17.195 -251.648 2.8
      vertex -16.9731 -251.633 2.8
    endloop
  endfacet
  facet normal 0 0 -1
    outer loop
      vertex -18.9847 -253.048 2.8
      vertex -17.195 -251.648 2.8
      vertex -15.4052 -253.048 2.8
    endloop
  endfacet
  facet normal -0 0 -1
    outer loop
      vertex -17.195 -251.648 2.8
      vertex -18.9847 -253.048 2.8
      vertex -17.4169 -251.633 2.8
    endloop
  endfacet
  facet normal -0 0 -1
    outer loop
      vertex -17.4169 -251.633 2.8
      vertex -18.9847 -253.048 2.8
      vertex -17.635 -251.59 2.8
    endloop
  endfacet
  facet normal -0 0 -1
    outer loop
      vertex -17.635 -251.59 2.8
      vertex -18.9847 -253.048 2.8
      vertex -17.8456 -251.519 2.8
    endloop
  endfacet
  facet normal 0 0 -1
    outer loop
      vertex -18.8371 -250.388 2.8
      vertex -20.7745 -249.948 2.8
      vertex -18.8805 -250.17 2.8
    endloop
  endfacet
  facet normal 0 0 -1
    outer loop
      vertex -18.7656 -250.599 2.8
      vertex -20.7745 -249.948 2.8
      vertex -18.8371 -250.388 2.8
    endloop
  endfacet
  facet normal 0 0 -1
    outer loop
      vertex -18.6672 -250.798 2.8
      vertex -20.7745 -249.948 2.8
      vertex -18.7656 -250.599 2.8
    endloop
  endfacet
  facet normal 0 0 -1
    outer loop
      vertex -20.7745 -249.948 2.8
      vertex -18.6672 -250.798 2.8
      vertex -18.9847 -253.048 2.8
    endloop
  endfacet
  facet normal -0 0 -1
    outer loop
      vertex -18.5437 -250.983 2.8
      vertex -18.9847 -253.048 2.8
      vertex -18.6672 -250.798 2.8
    endloop
  endfacet
  facet normal -0 0 -1
    outer loop
      vertex -18.3971 -251.15 2.8
      vertex -18.9847 -253.048 2.8
      vertex -18.5437 -250.983 2.8
    endloop
  endfacet
  facet normal -0 0 -1
    outer loop
      vertex -18.2299 -251.297 2.8
      vertex -18.9847 -253.048 2.8
      vertex -18.3971 -251.15 2.8
    endloop
  endfacet
  facet normal -0 0 -1
    outer loop
      vertex -18.045 -251.42 2.8
      vertex -18.9847 -253.048 2.8
      vertex -18.2299 -251.297 2.8
    endloop
  endfacet
  facet normal -0 0 -1
    outer loop
      vertex -17.8456 -251.519 2.8
      vertex -18.9847 -253.048 2.8
      vertex -18.045 -251.42 2.8
    endloop
  endfacet
  facet normal 0 0 -1
    outer loop
      vertex -15.5529 -249.508 2.8
      vertex -13.6155 -249.948 2.8
      vertex -15.5095 -249.726 2.8
    endloop
  endfacet
  facet normal 0 0 -1
    outer loop
      vertex -15.6244 -249.297 2.8
      vertex -13.6155 -249.948 2.8
      vertex -15.5529 -249.508 2.8
    endloop
  endfacet
  facet normal 0 0 -1
    outer loop
      vertex -15.7228 -249.098 2.8
      vertex -13.6155 -249.948 2.8
      vertex -15.6244 -249.297 2.8
    endloop
  endfacet
  facet normal 0 0 -1
    outer loop
      vertex -13.6155 -249.948 2.8
      vertex -15.7228 -249.098 2.8
      vertex -15.4052 -246.848 2.8
    endloop
  endfacet
  facet normal 0 0 -1
    outer loop
      vertex -15.8463 -248.913 2.8
      vertex -15.4052 -246.848 2.8
      vertex -15.7228 -249.098 2.8
    endloop
  endfacet
  facet normal 0 0 -1
    outer loop
      vertex -15.9929 -248.746 2.8
      vertex -15.4052 -246.848 2.8
      vertex -15.8463 -248.913 2.8
    endloop
  endfacet
  facet normal 0 0 -1
    outer loop
      vertex -16.1601 -248.599 2.8
      vertex -15.4052 -246.848 2.8
      vertex -15.9929 -248.746 2.8
    endloop
  endfacet
  facet normal 0 0 -1
    outer loop
      vertex -16.345 -248.476 2.8
      vertex -15.4052 -246.848 2.8
      vertex -16.1601 -248.599 2.8
    endloop
  endfacet
  facet normal 0 0 -1
    outer loop
      vertex -16.5444 -248.377 2.8
      vertex -15.4052 -246.848 2.8
      vertex -16.345 -248.476 2.8
    endloop
  endfacet
  facet normal 0 0 -1
    outer loop
      vertex -16.755 -248.306 2.8
      vertex -15.4052 -246.848 2.8
      vertex -16.5444 -248.377 2.8
    endloop
  endfacet
  facet normal 0 0 -1
    outer loop
      vertex -16.9731 -248.263 2.8
      vertex -15.4052 -246.848 2.8
      vertex -16.755 -248.306 2.8
    endloop
  endfacet
  facet normal 0 0 -1
    outer loop
      vertex -17.195 -248.248 2.8
      vertex -15.4052 -246.848 2.8
      vertex -16.9731 -248.263 2.8
    endloop
  endfacet
  facet normal 0 0 -1
    outer loop
      vertex -18.9847 -246.848 2.8
      vertex -17.195 -248.248 2.8
      vertex -17.4169 -248.263 2.8
    endloop
  endfacet
  facet normal 0 0 -1
    outer loop
      vertex -18.9847 -246.848 2.8
      vertex -17.4169 -248.263 2.8
      vertex -17.635 -248.306 2.8
    endloop
  endfacet
  facet normal 0 0 -1
    outer loop
      vertex -18.9847 -246.848 2.8
      vertex -17.635 -248.306 2.8
      vertex -17.8456 -248.377 2.8
    endloop
  endfacet
  facet normal 0 0 -1
    outer loop
      vertex -18.9847 -246.848 2.8
      vertex -17.8456 -248.377 2.8
      vertex -18.045 -248.476 2.8
    endloop
  endfacet
  facet normal 0 0 -1
    outer loop
      vertex -17.195 -248.248 2.8
      vertex -18.9847 -246.848 2.8
      vertex -15.4052 -246.848 2.8
    endloop
  endfacet
  facet normal 0 0 -1
    outer loop
      vertex -18.2299 -248.599 2.8
      vertex -18.9847 -246.848 2.8
      vertex -18.045 -248.476 2.8
    endloop
  endfacet
  facet normal 0 0 -1
    outer loop
      vertex -18.3971 -248.746 2.8
      vertex -18.9847 -246.848 2.8
      vertex -18.2299 -248.599 2.8
    endloop
  endfacet
  facet normal 0 0 -1
    outer loop
      vertex -18.5437 -248.913 2.8
      vertex -18.9847 -246.848 2.8
      vertex -18.3971 -248.746 2.8
    endloop
  endfacet
  facet normal 0 0 -1
    outer loop
      vertex -18.6672 -249.098 2.8
      vertex -18.9847 -246.848 2.8
      vertex -18.5437 -248.913 2.8
    endloop
  endfacet
  facet normal 0 0 -1
    outer loop
      vertex -20.7745 -249.948 2.8
      vertex -18.6672 -249.098 2.8
      vertex -18.7656 -249.297 2.8
    endloop
  endfacet
  facet normal 0 0 -1
    outer loop
      vertex -20.7745 -249.948 2.8
      vertex -18.7656 -249.297 2.8
      vertex -18.8371 -249.508 2.8
    endloop
  endfacet
  facet normal 0 0 -1
    outer loop
      vertex -20.7745 -249.948 2.8
      vertex -18.8371 -249.508 2.8
      vertex -18.8805 -249.726 2.8
    endloop
  endfacet
  facet normal 0 0 -1
    outer loop
      vertex -20.7745 -249.948 2.8
      vertex -18.8805 -249.726 2.8
      vertex -18.895 -249.948 2.8
    endloop
  endfacet
  facet normal 0 0 -1
    outer loop
      vertex -18.8805 -250.17 2.8
      vertex -20.7745 -249.948 2.8
      vertex -18.895 -249.948 2.8
    endloop
  endfacet
  facet normal -0 0 -1
    outer loop
      vertex -18.6672 -249.098 2.8
      vertex -20.7745 -249.948 2.8
      vertex -18.9847 -246.848 2.8
    endloop
  endfacet
  facet normal -0.193434 -0.981113 0
    outer loop
      vertex -16.9731 -248.263 2.8
      vertex -16.755 -248.306 5
      vertex -16.9731 -248.263 5
    endloop
  endfacet
  facet normal -0.193434 -0.981113 -0
    outer loop
      vertex -16.755 -248.306 5
      vertex -16.9731 -248.263 2.8
      vertex -16.755 -248.306 2.8
    endloop
  endfacet
  facet normal -0.980753 -0.195251 0
    outer loop
      vertex -15.5095 -249.726 2.8
      vertex -15.5529 -249.508 5
      vertex -15.5529 -249.508 2.8
    endloop
  endfacet
  facet normal -0.980753 -0.195251 0
    outer loop
      vertex -15.5529 -249.508 5
      vertex -15.5095 -249.726 2.8
      vertex -15.5095 -249.726 5
    endloop
  endfacet
  facet normal -0.997874 -0.0651764 0
    outer loop
      vertex -15.495 -249.948 2.8
      vertex -15.5095 -249.726 5
      vertex -15.5095 -249.726 2.8
    endloop
  endfacet
  facet normal -0.997874 -0.0651764 0
    outer loop
      vertex -15.5095 -249.726 5
      vertex -15.495 -249.948 2.8
      vertex -15.495 -249.948 5
    endloop
  endfacet
  facet normal -0.947101 -0.320937 0
    outer loop
      vertex -15.5529 -249.508 2.8
      vertex -15.6244 -249.297 5
      vertex -15.6244 -249.297 2.8
    endloop
  endfacet
  facet normal -0.947101 -0.320937 0
    outer loop
      vertex -15.6244 -249.297 5
      vertex -15.5529 -249.508 2.8
      vertex -15.5529 -249.508 5
    endloop
  endfacet
  facet normal 0.947101 0.320937 0
    outer loop
      vertex -18.7656 -250.599 5
      vertex -18.8371 -250.388 2.8
      vertex -18.8371 -250.388 5
    endloop
  endfacet
  facet normal 0.947101 0.320937 0
    outer loop
      vertex -18.8371 -250.388 2.8
      vertex -18.7656 -250.599 5
      vertex -18.7656 -250.599 2.8
    endloop
  endfacet
  facet normal -0.660284 0.751016 0
    outer loop
      vertex -15.9929 -251.15 2.8
      vertex -16.1601 -251.297 5
      vertex -15.9929 -251.15 5
    endloop
  endfacet
  facet normal -0.660284 0.751016 0
    outer loop
      vertex -16.1601 -251.297 5
      vertex -15.9929 -251.15 2.8
      vertex -16.1601 -251.297 2.8
    endloop
  endfacet
  facet normal -0.831704 -0.555219 0
    outer loop
      vertex -15.7228 -249.098 2.8
      vertex -15.8463 -248.913 5
      vertex -15.8463 -248.913 2.8
    endloop
  endfacet
  facet normal -0.831704 -0.555219 0
    outer loop
      vertex -15.8463 -248.913 5
      vertex -15.7228 -249.098 2.8
      vertex -15.7228 -249.098 5
    endloop
  endfacet
  facet normal -0.319466 -0.947598 0
    outer loop
      vertex -16.755 -248.306 2.8
      vertex -16.5444 -248.377 5
      vertex -16.755 -248.306 5
    endloop
  endfacet
  facet normal -0.319466 -0.947598 -0
    outer loop
      vertex -16.5444 -248.377 5
      vertex -16.755 -248.306 2.8
      vertex -16.5444 -248.377 2.8
    endloop
  endfacet
  facet normal -0.997874 0.0651764 0
    outer loop
      vertex -15.5095 -250.17 2.8
      vertex -15.495 -249.948 5
      vertex -15.495 -249.948 2.8
    endloop
  endfacet
  facet normal -0.997874 0.0651764 0
    outer loop
      vertex -15.495 -249.948 5
      vertex -15.5095 -250.17 2.8
      vertex -15.5095 -250.17 5
    endloop
  endfacet
  facet normal -0.831704 0.555219 0
    outer loop
      vertex -15.8463 -250.983 2.8
      vertex -15.7228 -250.798 5
      vertex -15.7228 -250.798 2.8
    endloop
  endfacet
  facet normal -0.831704 0.555219 0
    outer loop
      vertex -15.7228 -250.798 5
      vertex -15.8463 -250.983 2.8
      vertex -15.8463 -250.983 5
    endloop
  endfacet
  facet normal -0.660284 -0.751016 0
    outer loop
      vertex -16.1601 -248.599 2.8
      vertex -15.9929 -248.746 5
      vertex -16.1601 -248.599 5
    endloop
  endfacet
  facet normal -0.660284 -0.751016 -0
    outer loop
      vertex -15.9929 -248.746 5
      vertex -16.1601 -248.599 2.8
      vertex -15.9929 -248.746 2.8
    endloop
  endfacet
  facet normal -0.751516 0.659714 0
    outer loop
      vertex -15.9929 -251.15 2.8
      vertex -15.8463 -250.983 5
      vertex -15.8463 -250.983 2.8
    endloop
  endfacet
  facet normal -0.751516 0.659714 0
    outer loop
      vertex -15.8463 -250.983 5
      vertex -15.9929 -251.15 2.8
      vertex -15.9929 -251.15 5
    endloop
  endfacet
  facet normal -0.8964 -0.443245 0
    outer loop
      vertex -15.6244 -249.297 2.8
      vertex -15.7228 -249.098 5
      vertex -15.7228 -249.098 2.8
    endloop
  endfacet
  facet normal -0.8964 -0.443245 0
    outer loop
      vertex -15.7228 -249.098 5
      vertex -15.6244 -249.297 2.8
      vertex -15.6244 -249.297 5
    endloop
  endfacet
  facet normal 0.8964 0.443245 0
    outer loop
      vertex -18.6672 -250.798 5
      vertex -18.7656 -250.599 2.8
      vertex -18.7656 -250.599 5
    endloop
  endfacet
  facet normal 0.8964 0.443245 0
    outer loop
      vertex -18.7656 -250.599 2.8
      vertex -18.6672 -250.798 5
      vertex -18.6672 -250.798 2.8
    endloop
  endfacet
  facet normal -0.8964 0.443245 0
    outer loop
      vertex -15.7228 -250.798 2.8
      vertex -15.6244 -250.599 5
      vertex -15.6244 -250.599 2.8
    endloop
  endfacet
  facet normal -0.8964 0.443245 0
    outer loop
      vertex -15.6244 -250.599 5
      vertex -15.7228 -250.798 2.8
      vertex -15.7228 -250.798 5
    endloop
  endfacet
  facet normal 0.193434 0.981113 -0
    outer loop
      vertex -17.4169 -251.633 2.8
      vertex -17.635 -251.59 5
      vertex -17.4169 -251.633 5
    endloop
  endfacet
  facet normal 0.193434 0.981113 0
    outer loop
      vertex -17.635 -251.59 5
      vertex -17.4169 -251.633 2.8
      vertex -17.635 -251.59 2.8
    endloop
  endfacet
  facet normal -0.947101 0.320937 0
    outer loop
      vertex -15.6244 -250.599 2.8
      vertex -15.5529 -250.388 5
      vertex -15.5529 -250.388 2.8
    endloop
  endfacet
  facet normal -0.947101 0.320937 0
    outer loop
      vertex -15.5529 -250.388 5
      vertex -15.6244 -250.599 2.8
      vertex -15.6244 -250.599 5
    endloop
  endfacet
  facet normal 0.947101 -0.320937 0
    outer loop
      vertex -18.8371 -249.508 5
      vertex -18.7656 -249.297 2.8
      vertex -18.7656 -249.297 5
    endloop
  endfacet
  facet normal 0.947101 -0.320937 0
    outer loop
      vertex -18.7656 -249.297 2.8
      vertex -18.8371 -249.508 5
      vertex -18.8371 -249.508 2.8
    endloop
  endfacet
  facet normal -0.0674441 0.997723 0
    outer loop
      vertex -16.9731 -251.633 2.8
      vertex -17.195 -251.648 5
      vertex -16.9731 -251.633 5
    endloop
  endfacet
  facet normal -0.0674441 0.997723 0
    outer loop
      vertex -17.195 -251.648 5
      vertex -16.9731 -251.633 2.8
      vertex -17.195 -251.648 2.8
    endloop
  endfacet
  facet normal 0.660284 -0.751016 0
    outer loop
      vertex -18.3971 -248.746 2.8
      vertex -18.2299 -248.599 5
      vertex -18.3971 -248.746 5
    endloop
  endfacet
  facet normal 0.660284 -0.751016 0
    outer loop
      vertex -18.2299 -248.599 5
      vertex -18.3971 -248.746 2.8
      vertex -18.2299 -248.599 2.8
    endloop
  endfacet
  facet normal 0.751516 0.659714 0
    outer loop
      vertex -18.3971 -251.15 5
      vertex -18.5437 -250.983 2.8
      vertex -18.5437 -250.983 5
    endloop
  endfacet
  facet normal 0.751516 0.659714 0
    outer loop
      vertex -18.5437 -250.983 2.8
      vertex -18.3971 -251.15 5
      vertex -18.3971 -251.15 2.8
    endloop
  endfacet
  facet normal -0.0674441 -0.997723 0
    outer loop
      vertex -17.195 -248.248 2.8
      vertex -16.9731 -248.263 5
      vertex -17.195 -248.248 5
    endloop
  endfacet
  facet normal -0.0674441 -0.997723 -0
    outer loop
      vertex -16.9731 -248.263 5
      vertex -17.195 -248.248 2.8
      vertex -16.9731 -248.263 2.8
    endloop
  endfacet
  facet normal -0.444696 0.895681 0
    outer loop
      vertex -16.345 -251.42 2.8
      vertex -16.5444 -251.519 5
      vertex -16.345 -251.42 5
    endloop
  endfacet
  facet normal -0.444696 0.895681 0
    outer loop
      vertex -16.5444 -251.519 5
      vertex -16.345 -251.42 2.8
      vertex -16.5444 -251.519 2.8
    endloop
  endfacet
  facet normal -0.193434 0.981113 0
    outer loop
      vertex -16.755 -251.59 2.8
      vertex -16.9731 -251.633 5
      vertex -16.755 -251.59 5
    endloop
  endfacet
  facet normal -0.193434 0.981113 0
    outer loop
      vertex -16.9731 -251.633 5
      vertex -16.755 -251.59 2.8
      vertex -16.9731 -251.633 2.8
    endloop
  endfacet
  facet normal 0.319466 -0.947598 0
    outer loop
      vertex -17.8456 -248.377 2.8
      vertex -17.635 -248.306 5
      vertex -17.8456 -248.377 5
    endloop
  endfacet
  facet normal 0.319466 -0.947598 0
    outer loop
      vertex -17.635 -248.306 5
      vertex -17.8456 -248.377 2.8
      vertex -17.635 -248.306 2.8
    endloop
  endfacet
  facet normal -0.553869 0.832604 0
    outer loop
      vertex -16.1601 -251.297 2.8
      vertex -16.345 -251.42 5
      vertex -16.1601 -251.297 5
    endloop
  endfacet
  facet normal -0.553869 0.832604 0
    outer loop
      vertex -16.345 -251.42 5
      vertex -16.1601 -251.297 2.8
      vertex -16.345 -251.42 2.8
    endloop
  endfacet
  facet normal -0.751516 -0.659714 0
    outer loop
      vertex -15.8463 -248.913 2.8
      vertex -15.9929 -248.746 5
      vertex -15.9929 -248.746 2.8
    endloop
  endfacet
  facet normal -0.751516 -0.659714 0
    outer loop
      vertex -15.9929 -248.746 5
      vertex -15.8463 -248.913 2.8
      vertex -15.8463 -248.913 5
    endloop
  endfacet
  facet normal 0.444696 0.895681 -0
    outer loop
      vertex -17.8456 -251.519 2.8
      vertex -18.045 -251.42 5
      vertex -17.8456 -251.519 5
    endloop
  endfacet
  facet normal 0.444696 0.895681 0
    outer loop
      vertex -18.045 -251.42 5
      vertex -17.8456 -251.519 2.8
      vertex -18.045 -251.42 2.8
    endloop
  endfacet
  facet normal 0.444696 -0.895681 0
    outer loop
      vertex -18.045 -248.476 2.8
      vertex -17.8456 -248.377 5
      vertex -18.045 -248.476 5
    endloop
  endfacet
  facet normal 0.444696 -0.895681 0
    outer loop
      vertex -17.8456 -248.377 5
      vertex -18.045 -248.476 2.8
      vertex -17.8456 -248.377 2.8
    endloop
  endfacet
  facet normal -0.553869 -0.832604 0
    outer loop
      vertex -16.345 -248.476 2.8
      vertex -16.1601 -248.599 5
      vertex -16.345 -248.476 5
    endloop
  endfacet
  facet normal -0.553869 -0.832604 -0
    outer loop
      vertex -16.1601 -248.599 5
      vertex -16.345 -248.476 2.8
      vertex -16.1601 -248.599 2.8
    endloop
  endfacet
  facet normal 0.553869 -0.832604 0
    outer loop
      vertex -18.2299 -248.599 2.8
      vertex -18.045 -248.476 5
      vertex -18.2299 -248.599 5
    endloop
  endfacet
  facet normal 0.553869 -0.832604 0
    outer loop
      vertex -18.045 -248.476 5
      vertex -18.2299 -248.599 2.8
      vertex -18.045 -248.476 2.8
    endloop
  endfacet
  facet normal -0.319466 0.947598 0
    outer loop
      vertex -16.5444 -251.519 2.8
      vertex -16.755 -251.59 5
      vertex -16.5444 -251.519 5
    endloop
  endfacet
  facet normal -0.319466 0.947598 0
    outer loop
      vertex -16.755 -251.59 5
      vertex -16.5444 -251.519 2.8
      vertex -16.755 -251.59 2.8
    endloop
  endfacet
  facet normal -0.980753 0.195251 0
    outer loop
      vertex -15.5529 -250.388 2.8
      vertex -15.5095 -250.17 5
      vertex -15.5095 -250.17 2.8
    endloop
  endfacet
  facet normal -0.980753 0.195251 0
    outer loop
      vertex -15.5095 -250.17 5
      vertex -15.5529 -250.388 2.8
      vertex -15.5529 -250.388 5
    endloop
  endfacet
  facet normal 0.319466 0.947598 -0
    outer loop
      vertex -17.635 -251.59 2.8
      vertex -17.8456 -251.519 5
      vertex -17.635 -251.59 5
    endloop
  endfacet
  facet normal 0.319466 0.947598 0
    outer loop
      vertex -17.8456 -251.519 5
      vertex -17.635 -251.59 2.8
      vertex -17.8456 -251.519 2.8
    endloop
  endfacet
  facet normal 0.8964 -0.443245 0
    outer loop
      vertex -18.7656 -249.297 5
      vertex -18.6672 -249.098 2.8
      vertex -18.6672 -249.098 5
    endloop
  endfacet
  facet normal 0.8964 -0.443245 0
    outer loop
      vertex -18.6672 -249.098 2.8
      vertex -18.7656 -249.297 5
      vertex -18.7656 -249.297 2.8
    endloop
  endfacet
  facet normal 0.980753 0.195251 0
    outer loop
      vertex -18.8371 -250.388 5
      vertex -18.8805 -250.17 2.8
      vertex -18.8805 -250.17 5
    endloop
  endfacet
  facet normal 0.980753 0.195251 0
    outer loop
      vertex -18.8805 -250.17 2.8
      vertex -18.8371 -250.388 5
      vertex -18.8371 -250.388 2.8
    endloop
  endfacet
  facet normal 0.997874 -0.0651764 0
    outer loop
      vertex -18.895 -249.948 5
      vertex -18.8805 -249.726 2.8
      vertex -18.8805 -249.726 5
    endloop
  endfacet
  facet normal 0.997874 -0.0651764 0
    outer loop
      vertex -18.8805 -249.726 2.8
      vertex -18.895 -249.948 5
      vertex -18.895 -249.948 2.8
    endloop
  endfacet
  facet normal 0.0674441 0.997723 -0
    outer loop
      vertex -17.195 -251.648 2.8
      vertex -17.4169 -251.633 5
      vertex -17.195 -251.648 5
    endloop
  endfacet
  facet normal 0.0674441 0.997723 0
    outer loop
      vertex -17.4169 -251.633 5
      vertex -17.195 -251.648 2.8
      vertex -17.4169 -251.633 2.8
    endloop
  endfacet
  facet normal -0.444696 -0.895681 0
    outer loop
      vertex -16.5444 -248.377 2.8
      vertex -16.345 -248.476 5
      vertex -16.5444 -248.377 5
    endloop
  endfacet
  facet normal -0.444696 -0.895681 -0
    outer loop
      vertex -16.345 -248.476 5
      vertex -16.5444 -248.377 2.8
      vertex -16.345 -248.476 2.8
    endloop
  endfacet
  facet normal 0.660284 0.751016 -0
    outer loop
      vertex -18.2299 -251.297 2.8
      vertex -18.3971 -251.15 5
      vertex -18.2299 -251.297 5
    endloop
  endfacet
  facet normal 0.660284 0.751016 0
    outer loop
      vertex -18.3971 -251.15 5
      vertex -18.2299 -251.297 2.8
      vertex -18.3971 -251.15 2.8
    endloop
  endfacet
  facet normal 0.997874 0.0651764 0
    outer loop
      vertex -18.8805 -250.17 5
      vertex -18.895 -249.948 2.8
      vertex -18.895 -249.948 5
    endloop
  endfacet
  facet normal 0.997874 0.0651764 0
    outer loop
      vertex -18.895 -249.948 2.8
      vertex -18.8805 -250.17 5
      vertex -18.8805 -250.17 2.8
    endloop
  endfacet
  facet normal 0.193434 -0.981113 0
    outer loop
      vertex -17.635 -248.306 2.8
      vertex -17.4169 -248.263 5
      vertex -17.635 -248.306 5
    endloop
  endfacet
  facet normal 0.193434 -0.981113 0
    outer loop
      vertex -17.4169 -248.263 5
      vertex -17.635 -248.306 2.8
      vertex -17.4169 -248.263 2.8
    endloop
  endfacet
  facet normal 0.0674441 -0.997723 0
    outer loop
      vertex -17.4169 -248.263 2.8
      vertex -17.195 -248.248 5
      vertex -17.4169 -248.263 5
    endloop
  endfacet
  facet normal 0.0674441 -0.997723 0
    outer loop
      vertex -17.195 -248.248 5
      vertex -17.4169 -248.263 2.8
      vertex -17.195 -248.248 2.8
    endloop
  endfacet
  facet normal 0.831704 -0.555219 0
    outer loop
      vertex -18.6672 -249.098 5
      vertex -18.5437 -248.913 2.8
      vertex -18.5437 -248.913 5
    endloop
  endfacet
  facet normal 0.831704 -0.555219 0
    outer loop
      vertex -18.5437 -248.913 2.8
      vertex -18.6672 -249.098 5
      vertex -18.6672 -249.098 2.8
    endloop
  endfacet
  facet normal 0.831704 0.555219 0
    outer loop
      vertex -18.5437 -250.983 5
      vertex -18.6672 -250.798 2.8
      vertex -18.6672 -250.798 5
    endloop
  endfacet
  facet normal 0.831704 0.555219 0
    outer loop
      vertex -18.6672 -250.798 2.8
      vertex -18.5437 -250.983 5
      vertex -18.5437 -250.983 2.8
    endloop
  endfacet
  facet normal 0.553869 0.832604 -0
    outer loop
      vertex -18.045 -251.42 2.8
      vertex -18.2299 -251.297 5
      vertex -18.045 -251.42 5
    endloop
  endfacet
  facet normal 0.553869 0.832604 0
    outer loop
      vertex -18.2299 -251.297 5
      vertex -18.045 -251.42 2.8
      vertex -18.2299 -251.297 2.8
    endloop
  endfacet
  facet normal 0.980753 -0.195251 0
    outer loop
      vertex -18.8805 -249.726 5
      vertex -18.8371 -249.508 2.8
      vertex -18.8371 -249.508 5
    endloop
  endfacet
  facet normal 0.980753 -0.195251 0
    outer loop
      vertex -18.8371 -249.508 2.8
      vertex -18.8805 -249.726 5
      vertex -18.8805 -249.726 2.8
    endloop
  endfacet
  facet normal 0.751516 -0.659714 0
    outer loop
      vertex -18.5437 -248.913 5
      vertex -18.3971 -248.746 2.8
      vertex -18.3971 -248.746 5
    endloop
  endfacet
  facet normal 0.751516 -0.659714 0
    outer loop
      vertex -18.3971 -248.746 2.8
      vertex -18.5437 -248.913 5
      vertex -18.5437 -248.913 2.8
    endloop
  endfacet
  facet normal 0 1 -0
    outer loop
      vertex 1.09475 -294.048 0
      vertex -2.48475 -294.048 2.8
      vertex 1.09475 -294.048 2.8
    endloop
  endfacet
  facet normal 0 1 0
    outer loop
      vertex -2.48475 -294.048 2.8
      vertex 1.09475 -294.048 0
      vertex -2.48475 -294.048 0
    endloop
  endfacet
  facet normal -0.86603 0.499992 0
    outer loop
      vertex 1.09475 -294.048 0
      vertex 2.8845 -290.948 2.8
      vertex 2.8845 -290.948 0
    endloop
  endfacet
  facet normal -0.86603 0.499992 0
    outer loop
      vertex 2.8845 -290.948 2.8
      vertex 1.09475 -294.048 0
      vertex 1.09475 -294.048 2.8
    endloop
  endfacet
  facet normal 0 -1 0
    outer loop
      vertex -2.48475 -287.848 0
      vertex 1.09475 -287.848 2.8
      vertex -2.48475 -287.848 2.8
    endloop
  endfacet
  facet normal 0 -1 -0
    outer loop
      vertex 1.09475 -287.848 2.8
      vertex -2.48475 -287.848 0
      vertex 1.09475 -287.848 0
    endloop
  endfacet
  facet normal -0.86603 -0.499992 0
    outer loop
      vertex 2.8845 -290.948 0
      vertex 1.09475 -287.848 2.8
      vertex 1.09475 -287.848 0
    endloop
  endfacet
  facet normal -0.86603 -0.499992 0
    outer loop
      vertex 1.09475 -287.848 2.8
      vertex 2.8845 -290.948 0
      vertex 2.8845 -290.948 2.8
    endloop
  endfacet
  facet normal 0.86603 -0.499992 0
    outer loop
      vertex -4.2745 -290.948 2.8
      vertex -2.48475 -287.848 0
      vertex -2.48475 -287.848 2.8
    endloop
  endfacet
  facet normal 0.86603 -0.499992 0
    outer loop
      vertex -2.48475 -287.848 0
      vertex -4.2745 -290.948 2.8
      vertex -4.2745 -290.948 0
    endloop
  endfacet
  facet normal 0.86603 0.499992 0
    outer loop
      vertex -2.48475 -294.048 2.8
      vertex -4.2745 -290.948 0
      vertex -4.2745 -290.948 2.8
    endloop
  endfacet
  facet normal 0.86603 0.499992 0
    outer loop
      vertex -4.2745 -290.948 0
      vertex -2.48475 -294.048 2.8
      vertex -2.48475 -294.048 0
    endloop
  endfacet
  facet normal 0 0 -1
    outer loop
      vertex 0.777243 -291.798 2.8
      vertex 2.8845 -290.948 2.8
      vertex 1.09475 -294.048 2.8
    endloop
  endfacet
  facet normal 0 0 -1
    outer loop
      vertex 0.990456 -290.726 2.8
      vertex 2.8845 -290.948 2.8
      vertex 1.005 -290.948 2.8
    endloop
  endfacet
  facet normal -0 0 -1
    outer loop
      vertex 2.8845 -290.948 2.8
      vertex 0.990456 -291.17 2.8
      vertex 1.005 -290.948 2.8
    endloop
  endfacet
  facet normal 0 0 -1
    outer loop
      vertex 2.8845 -290.948 2.8
      vertex 0.947073 -291.388 2.8
      vertex 0.990456 -291.17 2.8
    endloop
  endfacet
  facet normal 0 0 -1
    outer loop
      vertex 2.8845 -290.948 2.8
      vertex 0.875595 -291.599 2.8
      vertex 0.947073 -291.388 2.8
    endloop
  endfacet
  facet normal 0 0 -1
    outer loop
      vertex 2.8845 -290.948 2.8
      vertex 0.777243 -291.798 2.8
      vertex 0.875595 -291.599 2.8
    endloop
  endfacet
  facet normal 0 0 -1
    outer loop
      vertex 1.09475 -294.048 2.8
      vertex 0.6537 -291.983 2.8
      vertex 0.777243 -291.798 2.8
    endloop
  endfacet
  facet normal 0 0 -1
    outer loop
      vertex 1.09475 -294.048 2.8
      vertex 0.507081 -292.15 2.8
      vertex 0.6537 -291.983 2.8
    endloop
  endfacet
  facet normal 0 0 -1
    outer loop
      vertex 1.09475 -294.048 2.8
      vertex 0.339894 -292.297 2.8
      vertex 0.507081 -292.15 2.8
    endloop
  endfacet
  facet normal 0 0 -1
    outer loop
      vertex 1.09475 -294.048 2.8
      vertex 0.155 -292.42 2.8
      vertex 0.339894 -292.297 2.8
    endloop
  endfacet
  facet normal 0 0 -1
    outer loop
      vertex 1.09475 -294.048 2.8
      vertex -0.0444374 -292.519 2.8
      vertex 0.155 -292.42 2.8
    endloop
  endfacet
  facet normal 0 0 -1
    outer loop
      vertex 1.09475 -294.048 2.8
      vertex -0.255007 -292.59 2.8
      vertex -0.0444374 -292.519 2.8
    endloop
  endfacet
  facet normal 0 0 -1
    outer loop
      vertex 1.09475 -294.048 2.8
      vertex -0.473105 -292.633 2.8
      vertex -0.255007 -292.59 2.8
    endloop
  endfacet
  facet normal 0 0 -1
    outer loop
      vertex 1.09475 -294.048 2.8
      vertex -0.695 -292.648 2.8
      vertex -0.473105 -292.633 2.8
    endloop
  endfacet
  facet normal 0 0 -1
    outer loop
      vertex -2.48475 -294.048 2.8
      vertex -0.695 -292.648 2.8
      vertex 1.09475 -294.048 2.8
    endloop
  endfacet
  facet normal -0 0 -1
    outer loop
      vertex -0.695 -292.648 2.8
      vertex -2.48475 -294.048 2.8
      vertex -0.916894 -292.633 2.8
    endloop
  endfacet
  facet normal -0 0 -1
    outer loop
      vertex -0.916894 -292.633 2.8
      vertex -2.48475 -294.048 2.8
      vertex -1.13499 -292.59 2.8
    endloop
  endfacet
  facet normal -0 0 -1
    outer loop
      vertex -1.13499 -292.59 2.8
      vertex -2.48475 -294.048 2.8
      vertex -1.34556 -292.519 2.8
    endloop
  endfacet
  facet normal 0 0 -1
    outer loop
      vertex -2.33707 -291.388 2.8
      vertex -4.2745 -290.948 2.8
      vertex -2.38046 -291.17 2.8
    endloop
  endfacet
  facet normal 0 0 -1
    outer loop
      vertex -2.26559 -291.599 2.8
      vertex -4.2745 -290.948 2.8
      vertex -2.33707 -291.388 2.8
    endloop
  endfacet
  facet normal 0 0 -1
    outer loop
      vertex -2.16724 -291.798 2.8
      vertex -4.2745 -290.948 2.8
      vertex -2.26559 -291.599 2.8
    endloop
  endfacet
  facet normal 0 0 -1
    outer loop
      vertex -4.2745 -290.948 2.8
      vertex -2.16724 -291.798 2.8
      vertex -2.48475 -294.048 2.8
    endloop
  endfacet
  facet normal -0 0 -1
    outer loop
      vertex -2.0437 -291.983 2.8
      vertex -2.48475 -294.048 2.8
      vertex -2.16724 -291.798 2.8
    endloop
  endfacet
  facet normal -0 0 -1
    outer loop
      vertex -1.89708 -292.15 2.8
      vertex -2.48475 -294.048 2.8
      vertex -2.0437 -291.983 2.8
    endloop
  endfacet
  facet normal -0 0 -1
    outer loop
      vertex -1.72989 -292.297 2.8
      vertex -2.48475 -294.048 2.8
      vertex -1.89708 -292.15 2.8
    endloop
  endfacet
  facet normal -0 0 -1
    outer loop
      vertex -1.545 -292.42 2.8
      vertex -2.48475 -294.048 2.8
      vertex -1.72989 -292.297 2.8
    endloop
  endfacet
  facet normal -0 0 -1
    outer loop
      vertex -1.34556 -292.519 2.8
      vertex -2.48475 -294.048 2.8
      vertex -1.545 -292.42 2.8
    endloop
  endfacet
  facet normal 0 0 -1
    outer loop
      vertex 0.947073 -290.508 2.8
      vertex 2.8845 -290.948 2.8
      vertex 0.990456 -290.726 2.8
    endloop
  endfacet
  facet normal 0 0 -1
    outer loop
      vertex 0.875595 -290.297 2.8
      vertex 2.8845 -290.948 2.8
      vertex 0.947073 -290.508 2.8
    endloop
  endfacet
  facet normal 0 0 -1
    outer loop
      vertex 0.777243 -290.098 2.8
      vertex 2.8845 -290.948 2.8
      vertex 0.875595 -290.297 2.8
    endloop
  endfacet
  facet normal 0 0 -1
    outer loop
      vertex 2.8845 -290.948 2.8
      vertex 0.777243 -290.098 2.8
      vertex 1.09475 -287.848 2.8
    endloop
  endfacet
  facet normal 0 0 -1
    outer loop
      vertex 0.6537 -289.913 2.8
      vertex 1.09475 -287.848 2.8
      vertex 0.777243 -290.098 2.8
    endloop
  endfacet
  facet normal 0 0 -1
    outer loop
      vertex 0.507081 -289.746 2.8
      vertex 1.09475 -287.848 2.8
      vertex 0.6537 -289.913 2.8
    endloop
  endfacet
  facet normal 0 0 -1
    outer loop
      vertex 0.339894 -289.599 2.8
      vertex 1.09475 -287.848 2.8
      vertex 0.507081 -289.746 2.8
    endloop
  endfacet
  facet normal 0 0 -1
    outer loop
      vertex 0.155 -289.476 2.8
      vertex 1.09475 -287.848 2.8
      vertex 0.339894 -289.599 2.8
    endloop
  endfacet
  facet normal 0 0 -1
    outer loop
      vertex -0.0444374 -289.377 2.8
      vertex 1.09475 -287.848 2.8
      vertex 0.155 -289.476 2.8
    endloop
  endfacet
  facet normal 0 0 -1
    outer loop
      vertex -0.255007 -289.306 2.8
      vertex 1.09475 -287.848 2.8
      vertex -0.0444374 -289.377 2.8
    endloop
  endfacet
  facet normal 0 0 -1
    outer loop
      vertex -0.473105 -289.263 2.8
      vertex 1.09475 -287.848 2.8
      vertex -0.255007 -289.306 2.8
    endloop
  endfacet
  facet normal 0 0 -1
    outer loop
      vertex -0.695 -289.248 2.8
      vertex 1.09475 -287.848 2.8
      vertex -0.473105 -289.263 2.8
    endloop
  endfacet
  facet normal 0 0 -1
    outer loop
      vertex -2.48475 -287.848 2.8
      vertex -0.695 -289.248 2.8
      vertex -0.916894 -289.263 2.8
    endloop
  endfacet
  facet normal 0 0 -1
    outer loop
      vertex -2.48475 -287.848 2.8
      vertex -0.916894 -289.263 2.8
      vertex -1.13499 -289.306 2.8
    endloop
  endfacet
  facet normal 0 0 -1
    outer loop
      vertex -2.48475 -287.848 2.8
      vertex -1.13499 -289.306 2.8
      vertex -1.34556 -289.377 2.8
    endloop
  endfacet
  facet normal 0 0 -1
    outer loop
      vertex -2.48475 -287.848 2.8
      vertex -1.34556 -289.377 2.8
      vertex -1.545 -289.476 2.8
    endloop
  endfacet
  facet normal 0 0 -1
    outer loop
      vertex -0.695 -289.248 2.8
      vertex -2.48475 -287.848 2.8
      vertex 1.09475 -287.848 2.8
    endloop
  endfacet
  facet normal 0 0 -1
    outer loop
      vertex -1.72989 -289.599 2.8
      vertex -2.48475 -287.848 2.8
      vertex -1.545 -289.476 2.8
    endloop
  endfacet
  facet normal 0 0 -1
    outer loop
      vertex -1.89708 -289.746 2.8
      vertex -2.48475 -287.848 2.8
      vertex -1.72989 -289.599 2.8
    endloop
  endfacet
  facet normal 0 0 -1
    outer loop
      vertex -2.0437 -289.913 2.8
      vertex -2.48475 -287.848 2.8
      vertex -1.89708 -289.746 2.8
    endloop
  endfacet
  facet normal 0 0 -1
    outer loop
      vertex -2.16724 -290.098 2.8
      vertex -2.48475 -287.848 2.8
      vertex -2.0437 -289.913 2.8
    endloop
  endfacet
  facet normal 0 0 -1
    outer loop
      vertex -4.2745 -290.948 2.8
      vertex -2.16724 -290.098 2.8
      vertex -2.26559 -290.297 2.8
    endloop
  endfacet
  facet normal 0 0 -1
    outer loop
      vertex -4.2745 -290.948 2.8
      vertex -2.26559 -290.297 2.8
      vertex -2.33707 -290.508 2.8
    endloop
  endfacet
  facet normal 0 0 -1
    outer loop
      vertex -4.2745 -290.948 2.8
      vertex -2.33707 -290.508 2.8
      vertex -2.38046 -290.726 2.8
    endloop
  endfacet
  facet normal 0 0 -1
    outer loop
      vertex -4.2745 -290.948 2.8
      vertex -2.38046 -290.726 2.8
      vertex -2.395 -290.948 2.8
    endloop
  endfacet
  facet normal 0 0 -1
    outer loop
      vertex -2.38046 -291.17 2.8
      vertex -4.2745 -290.948 2.8
      vertex -2.395 -290.948 2.8
    endloop
  endfacet
  facet normal -0 0 -1
    outer loop
      vertex -2.16724 -290.098 2.8
      vertex -4.2745 -290.948 2.8
      vertex -2.48475 -287.848 2.8
    endloop
  endfacet
  facet normal -0.997861 -0.0653734 0
    outer loop
      vertex 1.005 -290.948 2.8
      vertex 0.990456 -290.726 5
      vertex 0.990456 -290.726 2.8
    endloop
  endfacet
  facet normal -0.997861 -0.0653734 0
    outer loop
      vertex 0.990456 -290.726 5
      vertex 1.005 -290.948 2.8
      vertex 1.005 -290.948 5
    endloop
  endfacet
  facet normal 0.947128 0.320856 0
    outer loop
      vertex -2.26559 -291.599 5
      vertex -2.33707 -291.388 2.8
      vertex -2.33707 -291.388 5
    endloop
  endfacet
  facet normal 0.947128 0.320856 0
    outer loop
      vertex -2.33707 -291.388 2.8
      vertex -2.26559 -291.599 5
      vertex -2.26559 -291.599 2.8
    endloop
  endfacet
  facet normal 0.193437 -0.981113 0
    outer loop
      vertex -1.13499 -289.306 2.8
      vertex -0.916894 -289.263 5
      vertex -1.13499 -289.306 5
    endloop
  endfacet
  facet normal 0.193437 -0.981113 0
    outer loop
      vertex -0.916894 -289.263 5
      vertex -1.13499 -289.306 2.8
      vertex -0.916894 -289.263 2.8
    endloop
  endfacet
  facet normal -0.980768 0.195177 0
    outer loop
      vertex 0.947073 -291.388 2.8
      vertex 0.990456 -291.17 5
      vertex 0.990456 -291.17 2.8
    endloop
  endfacet
  facet normal -0.980768 0.195177 0
    outer loop
      vertex 0.990456 -291.17 5
      vertex 0.947073 -291.388 2.8
      vertex 0.947073 -291.388 5
    endloop
  endfacet
  facet normal 0.751472 -0.659765 0
    outer loop
      vertex -2.0437 -289.913 5
      vertex -1.89708 -289.746 2.8
      vertex -1.89708 -289.746 5
    endloop
  endfacet
  facet normal 0.751472 -0.659765 0
    outer loop
      vertex -1.89708 -289.746 2.8
      vertex -2.0437 -289.913 5
      vertex -2.0437 -289.913 2.8
    endloop
  endfacet
  facet normal -0.660313 -0.750991 0
    outer loop
      vertex 0.339894 -289.599 2.8
      vertex 0.507081 -289.746 5
      vertex 0.339894 -289.599 5
    endloop
  endfacet
  facet normal -0.660313 -0.750991 -0
    outer loop
      vertex 0.507081 -289.746 5
      vertex 0.339894 -289.599 2.8
      vertex 0.507081 -289.746 2.8
    endloop
  endfacet
  facet normal -0.751474 0.659763 0
    outer loop
      vertex 0.507081 -292.15 2.8
      vertex 0.6537 -291.983 5
      vertex 0.6537 -291.983 2.8
    endloop
  endfacet
  facet normal -0.751474 0.659763 0
    outer loop
      vertex 0.6537 -291.983 5
      vertex 0.507081 -292.15 2.8
      vertex 0.507081 -292.15 5
    endloop
  endfacet
  facet normal -0.896486 -0.443071 0
    outer loop
      vertex 0.875595 -290.297 2.8
      vertex 0.777243 -290.098 5
      vertex 0.777243 -290.098 2.8
    endloop
  endfacet
  facet normal -0.896486 -0.443071 0
    outer loop
      vertex 0.777243 -290.098 5
      vertex 0.875595 -290.297 2.8
      vertex 0.875595 -290.297 5
    endloop
  endfacet
  facet normal -0.947131 -0.320848 0
    outer loop
      vertex 0.947073 -290.508 2.8
      vertex 0.875595 -290.297 5
      vertex 0.875595 -290.297 2.8
    endloop
  endfacet
  facet normal -0.947131 -0.320848 0
    outer loop
      vertex 0.875595 -290.297 5
      vertex 0.947073 -290.508 2.8
      vertex 0.947073 -290.508 5
    endloop
  endfacet
  facet normal -0.947131 0.320848 0
    outer loop
      vertex 0.875595 -291.599 2.8
      vertex 0.947073 -291.388 5
      vertex 0.947073 -291.388 2.8
    endloop
  endfacet
  facet normal -0.947131 0.320848 0
    outer loop
      vertex 0.947073 -291.388 5
      vertex 0.875595 -291.599 2.8
      vertex 0.875595 -291.599 5
    endloop
  endfacet
  facet normal -0.0674456 -0.997723 0
    outer loop
      vertex -0.695 -289.248 2.8
      vertex -0.473105 -289.263 5
      vertex -0.695 -289.248 5
    endloop
  endfacet
  facet normal -0.0674456 -0.997723 -0
    outer loop
      vertex -0.473105 -289.263 5
      vertex -0.695 -289.248 2.8
      vertex -0.473105 -289.263 2.8
    endloop
  endfacet
  facet normal -0.997861 0.0653734 0
    outer loop
      vertex 0.990456 -291.17 2.8
      vertex 1.005 -290.948 5
      vertex 1.005 -290.948 2.8
    endloop
  endfacet
  facet normal -0.997861 0.0653734 0
    outer loop
      vertex 1.005 -290.948 5
      vertex 0.990456 -291.17 2.8
      vertex 0.990456 -291.17 5
    endloop
  endfacet
  facet normal -0.553881 -0.832596 0
    outer loop
      vertex 0.155 -289.476 2.8
      vertex 0.339894 -289.599 5
      vertex 0.155 -289.476 5
    endloop
  endfacet
  facet normal -0.553881 -0.832596 -0
    outer loop
      vertex 0.339894 -289.599 5
      vertex 0.155 -289.476 2.8
      vertex 0.339894 -289.599 2.8
    endloop
  endfacet
  facet normal -0.193435 0.981113 0
    outer loop
      vertex -0.255007 -292.59 2.8
      vertex -0.473105 -292.633 5
      vertex -0.255007 -292.59 5
    endloop
  endfacet
  facet normal -0.193435 0.981113 0
    outer loop
      vertex -0.473105 -292.633 5
      vertex -0.255007 -292.59 2.8
      vertex -0.473105 -292.633 2.8
    endloop
  endfacet
  facet normal 0.0674459 -0.997723 0
    outer loop
      vertex -0.916894 -289.263 2.8
      vertex -0.695 -289.248 5
      vertex -0.916894 -289.263 5
    endloop
  endfacet
  facet normal 0.0674459 -0.997723 0
    outer loop
      vertex -0.695 -289.248 5
      vertex -0.916894 -289.263 2.8
      vertex -0.695 -289.248 2.8
    endloop
  endfacet
  facet normal -0.831615 -0.555353 0
    outer loop
      vertex 0.777243 -290.098 2.8
      vertex 0.6537 -289.913 5
      vertex 0.6537 -289.913 2.8
    endloop
  endfacet
  facet normal -0.831615 -0.555353 0
    outer loop
      vertex 0.6537 -289.913 5
      vertex 0.777243 -290.098 2.8
      vertex 0.777243 -290.098 5
    endloop
  endfacet
  facet normal -0.980768 -0.195177 0
    outer loop
      vertex 0.990456 -290.726 2.8
      vertex 0.947073 -290.508 5
      vertex 0.947073 -290.508 2.8
    endloop
  endfacet
  facet normal -0.980768 -0.195177 0
    outer loop
      vertex 0.947073 -290.508 5
      vertex 0.990456 -290.726 2.8
      vertex 0.990456 -290.726 5
    endloop
  endfacet
  facet normal -0.193435 -0.981113 0
    outer loop
      vertex -0.473105 -289.263 2.8
      vertex -0.255007 -289.306 5
      vertex -0.473105 -289.263 5
    endloop
  endfacet
  facet normal -0.193435 -0.981113 -0
    outer loop
      vertex -0.255007 -289.306 5
      vertex -0.473105 -289.263 2.8
      vertex -0.255007 -289.306 2.8
    endloop
  endfacet
  facet normal 0.0674459 0.997723 -0
    outer loop
      vertex -0.695 -292.648 2.8
      vertex -0.916894 -292.633 5
      vertex -0.695 -292.648 5
    endloop
  endfacet
  facet normal 0.0674459 0.997723 0
    outer loop
      vertex -0.916894 -292.633 5
      vertex -0.695 -292.648 2.8
      vertex -0.916894 -292.633 2.8
    endloop
  endfacet
  facet normal -0.319507 -0.947584 0
    outer loop
      vertex -0.255007 -289.306 2.8
      vertex -0.0444374 -289.377 5
      vertex -0.255007 -289.306 5
    endloop
  endfacet
  facet normal -0.319507 -0.947584 -0
    outer loop
      vertex -0.0444374 -289.377 5
      vertex -0.255007 -289.306 2.8
      vertex -0.0444374 -289.377 2.8
    endloop
  endfacet
  facet normal 0.660306 0.750997 -0
    outer loop
      vertex -1.72989 -292.297 2.8
      vertex -1.89708 -292.15 5
      vertex -1.72989 -292.297 5
    endloop
  endfacet
  facet normal 0.660306 0.750997 0
    outer loop
      vertex -1.89708 -292.15 5
      vertex -1.72989 -292.297 2.8
      vertex -1.89708 -292.15 2.8
    endloop
  endfacet
  facet normal -0.0674456 0.997723 0
    outer loop
      vertex -0.473105 -292.633 2.8
      vertex -0.695 -292.648 5
      vertex -0.473105 -292.633 5
    endloop
  endfacet
  facet normal -0.0674456 0.997723 0
    outer loop
      vertex -0.695 -292.648 5
      vertex -0.473105 -292.633 2.8
      vertex -0.695 -292.648 2.8
    endloop
  endfacet
  facet normal 0.444625 -0.895717 0
    outer loop
      vertex -1.545 -289.476 2.8
      vertex -1.34556 -289.377 5
      vertex -1.545 -289.476 5
    endloop
  endfacet
  facet normal 0.444625 -0.895717 0
    outer loop
      vertex -1.34556 -289.377 5
      vertex -1.545 -289.476 2.8
      vertex -1.34556 -289.377 2.8
    endloop
  endfacet
  facet normal -0.444629 -0.895715 0
    outer loop
      vertex -0.0444374 -289.377 2.8
      vertex 0.155 -289.476 5
      vertex -0.0444374 -289.377 5
    endloop
  endfacet
  facet normal -0.444629 -0.895715 -0
    outer loop
      vertex 0.155 -289.476 5
      vertex -0.0444374 -289.377 2.8
      vertex 0.155 -289.476 2.8
    endloop
  endfacet
  facet normal 0.319506 0.947584 -0
    outer loop
      vertex -1.13499 -292.59 2.8
      vertex -1.34556 -292.519 5
      vertex -1.13499 -292.59 5
    endloop
  endfacet
  facet normal 0.319506 0.947584 0
    outer loop
      vertex -1.34556 -292.519 5
      vertex -1.13499 -292.59 2.8
      vertex -1.34556 -292.519 2.8
    endloop
  endfacet
  facet normal 0.89649 0.443064 0
    outer loop
      vertex -2.16724 -291.798 5
      vertex -2.26559 -291.599 2.8
      vertex -2.26559 -291.599 5
    endloop
  endfacet
  facet normal 0.89649 0.443064 0
    outer loop
      vertex -2.26559 -291.599 2.8
      vertex -2.16724 -291.798 5
      vertex -2.16724 -291.798 2.8
    endloop
  endfacet
  facet normal 0.319506 -0.947584 0
    outer loop
      vertex -1.34556 -289.377 2.8
      vertex -1.13499 -289.306 5
      vertex -1.34556 -289.377 5
    endloop
  endfacet
  facet normal 0.319506 -0.947584 0
    outer loop
      vertex -1.13499 -289.306 5
      vertex -1.34556 -289.377 2.8
      vertex -1.13499 -289.306 2.8
    endloop
  endfacet
  facet normal 0.660306 -0.750997 0
    outer loop
      vertex -1.89708 -289.746 2.8
      vertex -1.72989 -289.599 5
      vertex -1.89708 -289.746 5
    endloop
  endfacet
  facet normal 0.660306 -0.750997 0
    outer loop
      vertex -1.72989 -289.599 5
      vertex -1.89708 -289.746 2.8
      vertex -1.72989 -289.599 2.8
    endloop
  endfacet
  facet normal 0.980762 -0.195208 0
    outer loop
      vertex -2.38046 -290.726 5
      vertex -2.33707 -290.508 2.8
      vertex -2.33707 -290.508 5
    endloop
  endfacet
  facet normal 0.980762 -0.195208 0
    outer loop
      vertex -2.33707 -290.508 2.8
      vertex -2.38046 -290.726 5
      vertex -2.38046 -290.726 2.8
    endloop
  endfacet
  facet normal -0.751474 -0.659763 0
    outer loop
      vertex 0.6537 -289.913 2.8
      vertex 0.507081 -289.746 5
      vertex 0.507081 -289.746 2.8
    endloop
  endfacet
  facet normal -0.751474 -0.659763 0
    outer loop
      vertex 0.507081 -289.746 5
      vertex 0.6537 -289.913 2.8
      vertex 0.6537 -289.913 5
    endloop
  endfacet
  facet normal -0.444629 0.895715 0
    outer loop
      vertex 0.155 -292.42 2.8
      vertex -0.0444374 -292.519 5
      vertex 0.155 -292.42 5
    endloop
  endfacet
  facet normal -0.444629 0.895715 0
    outer loop
      vertex -0.0444374 -292.519 5
      vertex 0.155 -292.42 2.8
      vertex -0.0444374 -292.519 2.8
    endloop
  endfacet
  facet normal 0.553889 -0.83259 0
    outer loop
      vertex -1.72989 -289.599 2.8
      vertex -1.545 -289.476 5
      vertex -1.72989 -289.599 5
    endloop
  endfacet
  facet normal 0.553889 -0.83259 0
    outer loop
      vertex -1.545 -289.476 5
      vertex -1.72989 -289.599 2.8
      vertex -1.545 -289.476 2.8
    endloop
  endfacet
  facet normal 0.444625 0.895717 -0
    outer loop
      vertex -1.34556 -292.519 2.8
      vertex -1.545 -292.42 5
      vertex -1.34556 -292.519 5
    endloop
  endfacet
  facet normal 0.444625 0.895717 0
    outer loop
      vertex -1.545 -292.42 5
      vertex -1.34556 -292.519 2.8
      vertex -1.545 -292.42 2.8
    endloop
  endfacet
  facet normal 0.997862 -0.0653555 0
    outer loop
      vertex -2.395 -290.948 5
      vertex -2.38046 -290.726 2.8
      vertex -2.38046 -290.726 5
    endloop
  endfacet
  facet normal 0.997862 -0.0653555 0
    outer loop
      vertex -2.38046 -290.726 2.8
      vertex -2.395 -290.948 5
      vertex -2.395 -290.948 2.8
    endloop
  endfacet
  facet normal 0.193437 0.981113 -0
    outer loop
      vertex -0.916894 -292.633 2.8
      vertex -1.13499 -292.59 5
      vertex -0.916894 -292.633 5
    endloop
  endfacet
  facet normal 0.193437 0.981113 0
    outer loop
      vertex -1.13499 -292.59 5
      vertex -0.916894 -292.633 2.8
      vertex -1.13499 -292.59 2.8
    endloop
  endfacet
  facet normal -0.319507 0.947584 0
    outer loop
      vertex -0.0444374 -292.519 2.8
      vertex -0.255007 -292.59 5
      vertex -0.0444374 -292.519 5
    endloop
  endfacet
  facet normal -0.319507 0.947584 0
    outer loop
      vertex -0.255007 -292.59 5
      vertex -0.0444374 -292.519 2.8
      vertex -0.255007 -292.59 2.8
    endloop
  endfacet
  facet normal -0.896486 0.443071 0
    outer loop
      vertex 0.777243 -291.798 2.8
      vertex 0.875595 -291.599 5
      vertex 0.875595 -291.599 2.8
    endloop
  endfacet
  facet normal -0.896486 0.443071 0
    outer loop
      vertex 0.875595 -291.599 5
      vertex 0.777243 -291.798 2.8
      vertex 0.777243 -291.798 5
    endloop
  endfacet
  facet normal 0.947128 -0.320856 0
    outer loop
      vertex -2.33707 -290.508 5
      vertex -2.26559 -290.297 2.8
      vertex -2.26559 -290.297 5
    endloop
  endfacet
  facet normal 0.947128 -0.320856 0
    outer loop
      vertex -2.26559 -290.297 2.8
      vertex -2.33707 -290.508 5
      vertex -2.33707 -290.508 2.8
    endloop
  endfacet
  facet normal 0.751472 0.659765 0
    outer loop
      vertex -1.89708 -292.15 5
      vertex -2.0437 -291.983 2.8
      vertex -2.0437 -291.983 5
    endloop
  endfacet
  facet normal 0.751472 0.659765 0
    outer loop
      vertex -2.0437 -291.983 2.8
      vertex -1.89708 -292.15 5
      vertex -1.89708 -292.15 2.8
    endloop
  endfacet
  facet normal 0.980762 0.195208 0
    outer loop
      vertex -2.33707 -291.388 5
      vertex -2.38046 -291.17 2.8
      vertex -2.38046 -291.17 5
    endloop
  endfacet
  facet normal 0.980762 0.195208 0
    outer loop
      vertex -2.38046 -291.17 2.8
      vertex -2.33707 -291.388 5
      vertex -2.33707 -291.388 2.8
    endloop
  endfacet
  facet normal 0.997862 0.0653555 0
    outer loop
      vertex -2.38046 -291.17 5
      vertex -2.395 -290.948 2.8
      vertex -2.395 -290.948 5
    endloop
  endfacet
  facet normal 0.997862 0.0653555 0
    outer loop
      vertex -2.395 -290.948 2.8
      vertex -2.38046 -291.17 5
      vertex -2.38046 -291.17 2.8
    endloop
  endfacet
  facet normal -0.831615 0.555353 0
    outer loop
      vertex 0.6537 -291.983 2.8
      vertex 0.777243 -291.798 5
      vertex 0.777243 -291.798 2.8
    endloop
  endfacet
  facet normal -0.831615 0.555353 0
    outer loop
      vertex 0.777243 -291.798 5
      vertex 0.6537 -291.983 2.8
      vertex 0.6537 -291.983 5
    endloop
  endfacet
  facet normal 0.89649 -0.443064 0
    outer loop
      vertex -2.26559 -290.297 5
      vertex -2.16724 -290.098 2.8
      vertex -2.16724 -290.098 5
    endloop
  endfacet
  facet normal 0.89649 -0.443064 0
    outer loop
      vertex -2.16724 -290.098 2.8
      vertex -2.26559 -290.297 5
      vertex -2.26559 -290.297 2.8
    endloop
  endfacet
  facet normal -0.553881 0.832596 0
    outer loop
      vertex 0.339894 -292.297 2.8
      vertex 0.155 -292.42 5
      vertex 0.339894 -292.297 5
    endloop
  endfacet
  facet normal -0.553881 0.832596 0
    outer loop
      vertex 0.155 -292.42 5
      vertex 0.339894 -292.297 2.8
      vertex 0.155 -292.42 2.8
    endloop
  endfacet
  facet normal -0.660313 0.750991 0
    outer loop
      vertex 0.507081 -292.15 2.8
      vertex 0.339894 -292.297 5
      vertex 0.507081 -292.15 5
    endloop
  endfacet
  facet normal -0.660313 0.750991 0
    outer loop
      vertex 0.339894 -292.297 5
      vertex 0.507081 -292.15 2.8
      vertex 0.339894 -292.297 2.8
    endloop
  endfacet
  facet normal 0.831621 -0.555343 0
    outer loop
      vertex -2.16724 -290.098 5
      vertex -2.0437 -289.913 2.8
      vertex -2.0437 -289.913 5
    endloop
  endfacet
  facet normal 0.831621 -0.555343 0
    outer loop
      vertex -2.0437 -289.913 2.8
      vertex -2.16724 -290.098 5
      vertex -2.16724 -290.098 2.8
    endloop
  endfacet
  facet normal 0.553889 0.83259 -0
    outer loop
      vertex -1.545 -292.42 2.8
      vertex -1.72989 -292.297 5
      vertex -1.545 -292.42 5
    endloop
  endfacet
  facet normal 0.553889 0.83259 0
    outer loop
      vertex -1.72989 -292.297 5
      vertex -1.545 -292.42 2.8
      vertex -1.72989 -292.297 2.8
    endloop
  endfacet
  facet normal 0.831621 0.555343 0
    outer loop
      vertex -2.0437 -291.983 5
      vertex -2.16724 -291.798 2.8
      vertex -2.16724 -291.798 5
    endloop
  endfacet
  facet normal 0.831621 0.555343 0
    outer loop
      vertex -2.16724 -291.798 2.8
      vertex -2.0437 -291.983 5
      vertex -2.0437 -291.983 2.8
    endloop
  endfacet
  facet normal 0 1 -0
    outer loop
      vertex 0 -212.863 0
      vertex -2.48475 -212.863 2.8
      vertex 0 -212.863 2.8
    endloop
  endfacet
  facet normal 0 1 0
    outer loop
      vertex -2.48475 -212.863 2.8
      vertex 0 -212.863 0
      vertex -2.48475 -212.863 0
    endloop
  endfacet
  facet normal 0 -1 0
    outer loop
      vertex -2.48475 -206.663 0
      vertex 0 -206.663 2.8
      vertex -2.48475 -206.663 2.8
    endloop
  endfacet
  facet normal 0 -1 -0
    outer loop
      vertex 0 -206.663 2.8
      vertex -2.48475 -206.663 0
      vertex 0 -206.663 0
    endloop
  endfacet
  facet normal 0.86603 -0.499992 0
    outer loop
      vertex -4.2745 -209.763 2.8
      vertex -2.48475 -206.663 0
      vertex -2.48475 -206.663 2.8
    endloop
  endfacet
  facet normal 0.86603 -0.499992 0
    outer loop
      vertex -2.48475 -206.663 0
      vertex -4.2745 -209.763 2.8
      vertex -4.2745 -209.763 0
    endloop
  endfacet
  facet normal 0.86603 0.499992 0
    outer loop
      vertex -2.48475 -212.863 2.8
      vertex -4.2745 -209.763 0
      vertex -4.2745 -209.763 2.8
    endloop
  endfacet
  facet normal 0.86603 0.499992 0
    outer loop
      vertex -4.2745 -209.763 0
      vertex -2.48475 -212.863 2.8
      vertex -2.48475 -212.863 0
    endloop
  endfacet
  facet normal 0 0 -1
    outer loop
      vertex 0 -212.863 2.8
      vertex -0.0444374 -211.334 2.8
      vertex 0 -211.312 2.8
    endloop
  endfacet
  facet normal 0 0 -1
    outer loop
      vertex 0 -212.863 2.8
      vertex -0.255007 -211.405 2.8
      vertex -0.0444374 -211.334 2.8
    endloop
  endfacet
  facet normal 0 0 -1
    outer loop
      vertex 0 -212.863 2.8
      vertex -0.473105 -211.448 2.8
      vertex -0.255007 -211.405 2.8
    endloop
  endfacet
  facet normal 0 0 -1
    outer loop
      vertex 0 -212.863 2.8
      vertex -0.695 -211.463 2.8
      vertex -0.473105 -211.448 2.8
    endloop
  endfacet
  facet normal 0 0 -1
    outer loop
      vertex 0 -212.863 2.8
      vertex -0.916894 -211.448 2.8
      vertex -0.695 -211.463 2.8
    endloop
  endfacet
  facet normal 0 0 -1
    outer loop
      vertex -2.48475 -212.863 2.8
      vertex -0.916894 -211.448 2.8
      vertex 0 -212.863 2.8
    endloop
  endfacet
  facet normal -0 0 -1
    outer loop
      vertex -0.916894 -211.448 2.8
      vertex -2.48475 -212.863 2.8
      vertex -1.13499 -211.405 2.8
    endloop
  endfacet
  facet normal -0 0 -1
    outer loop
      vertex -1.13499 -211.405 2.8
      vertex -2.48475 -212.863 2.8
      vertex -1.34556 -211.334 2.8
    endloop
  endfacet
  facet normal -0 0 -1
    outer loop
      vertex -1.34556 -211.334 2.8
      vertex -2.48475 -212.863 2.8
      vertex -1.545 -211.235 2.8
    endloop
  endfacet
  facet normal -0 0 -1
    outer loop
      vertex -1.545 -211.235 2.8
      vertex -2.48475 -212.863 2.8
      vertex -1.72989 -211.112 2.8
    endloop
  endfacet
  facet normal 0 0 -1
    outer loop
      vertex -2.33707 -210.203 2.8
      vertex -4.2745 -209.763 2.8
      vertex -2.38046 -209.985 2.8
    endloop
  endfacet
  facet normal 0 0 -1
    outer loop
      vertex -2.26559 -210.414 2.8
      vertex -4.2745 -209.763 2.8
      vertex -2.33707 -210.203 2.8
    endloop
  endfacet
  facet normal 0 0 -1
    outer loop
      vertex -2.16724 -210.613 2.8
      vertex -4.2745 -209.763 2.8
      vertex -2.26559 -210.414 2.8
    endloop
  endfacet
  facet normal 0 0 -1
    outer loop
      vertex -4.2745 -209.763 2.8
      vertex -2.16724 -210.613 2.8
      vertex -2.48475 -212.863 2.8
    endloop
  endfacet
  facet normal -0 0 -1
    outer loop
      vertex -2.0437 -210.798 2.8
      vertex -2.48475 -212.863 2.8
      vertex -2.16724 -210.613 2.8
    endloop
  endfacet
  facet normal -0 0 -1
    outer loop
      vertex -1.89708 -210.965 2.8
      vertex -2.48475 -212.863 2.8
      vertex -2.0437 -210.798 2.8
    endloop
  endfacet
  facet normal -0 0 -1
    outer loop
      vertex -1.72989 -211.112 2.8
      vertex -2.48475 -212.863 2.8
      vertex -1.89708 -210.965 2.8
    endloop
  endfacet
  facet normal 0 0 -1
    outer loop
      vertex -0.0444374 -208.192 2.8
      vertex 0 -206.663 2.8
      vertex 0 -208.214 2.8
    endloop
  endfacet
  facet normal 0 0 -1
    outer loop
      vertex -0.255007 -208.121 2.8
      vertex 0 -206.663 2.8
      vertex -0.0444374 -208.192 2.8
    endloop
  endfacet
  facet normal 0 0 -1
    outer loop
      vertex -0.473105 -208.078 2.8
      vertex 0 -206.663 2.8
      vertex -0.255007 -208.121 2.8
    endloop
  endfacet
  facet normal 0 0 -1
    outer loop
      vertex -0.695 -208.063 2.8
      vertex 0 -206.663 2.8
      vertex -0.473105 -208.078 2.8
    endloop
  endfacet
  facet normal 0 0 -1
    outer loop
      vertex -0.916894 -208.078 2.8
      vertex 0 -206.663 2.8
      vertex -0.695 -208.063 2.8
    endloop
  endfacet
  facet normal 0 0 -1
    outer loop
      vertex -2.48475 -206.663 2.8
      vertex -0.916894 -208.078 2.8
      vertex -1.13499 -208.121 2.8
    endloop
  endfacet
  facet normal 0 0 -1
    outer loop
      vertex -2.48475 -206.663 2.8
      vertex -1.13499 -208.121 2.8
      vertex -1.34556 -208.192 2.8
    endloop
  endfacet
  facet normal 0 0 -1
    outer loop
      vertex -2.48475 -206.663 2.8
      vertex -1.34556 -208.192 2.8
      vertex -1.545 -208.291 2.8
    endloop
  endfacet
  facet normal 0 0 -1
    outer loop
      vertex -2.48475 -206.663 2.8
      vertex -1.545 -208.291 2.8
      vertex -1.72989 -208.414 2.8
    endloop
  endfacet
  facet normal 0 0 -1
    outer loop
      vertex -2.48475 -206.663 2.8
      vertex -1.72989 -208.414 2.8
      vertex -1.89708 -208.561 2.8
    endloop
  endfacet
  facet normal 0 0 -1
    outer loop
      vertex -0.916894 -208.078 2.8
      vertex -2.48475 -206.663 2.8
      vertex 0 -206.663 2.8
    endloop
  endfacet
  facet normal 0 0 -1
    outer loop
      vertex -2.0437 -208.728 2.8
      vertex -2.48475 -206.663 2.8
      vertex -1.89708 -208.561 2.8
    endloop
  endfacet
  facet normal 0 0 -1
    outer loop
      vertex -2.16724 -208.913 2.8
      vertex -2.48475 -206.663 2.8
      vertex -2.0437 -208.728 2.8
    endloop
  endfacet
  facet normal 0 0 -1
    outer loop
      vertex -4.2745 -209.763 2.8
      vertex -2.16724 -208.913 2.8
      vertex -2.26559 -209.112 2.8
    endloop
  endfacet
  facet normal 0 0 -1
    outer loop
      vertex -4.2745 -209.763 2.8
      vertex -2.26559 -209.112 2.8
      vertex -2.33707 -209.323 2.8
    endloop
  endfacet
  facet normal 0 0 -1
    outer loop
      vertex -4.2745 -209.763 2.8
      vertex -2.33707 -209.323 2.8
      vertex -2.38046 -209.541 2.8
    endloop
  endfacet
  facet normal 0 0 -1
    outer loop
      vertex -4.2745 -209.763 2.8
      vertex -2.38046 -209.541 2.8
      vertex -2.395 -209.763 2.8
    endloop
  endfacet
  facet normal 0 0 -1
    outer loop
      vertex -2.38046 -209.985 2.8
      vertex -4.2745 -209.763 2.8
      vertex -2.395 -209.763 2.8
    endloop
  endfacet
  facet normal -0 0 -1
    outer loop
      vertex -2.16724 -208.913 2.8
      vertex -4.2745 -209.763 2.8
      vertex -2.48475 -206.663 2.8
    endloop
  endfacet
  facet normal 0.89649 -0.443064 0
    outer loop
      vertex -2.26559 -209.112 5
      vertex -2.16724 -208.913 2.8
      vertex -2.16724 -208.913 5
    endloop
  endfacet
  facet normal 0.89649 -0.443064 0
    outer loop
      vertex -2.16724 -208.913 2.8
      vertex -2.26559 -209.112 5
      vertex -2.26559 -209.112 2.8
    endloop
  endfacet
  facet normal -0.443682 -0.896184 0
    outer loop
      vertex -0.0444374 -208.192 2.8
      vertex 0 -208.214 5
      vertex -0.0444374 -208.192 5
    endloop
  endfacet
  facet normal -0.443682 -0.896184 -0
    outer loop
      vertex 0 -208.214 5
      vertex -0.0444374 -208.192 2.8
      vertex 0 -208.214 2.8
    endloop
  endfacet
  facet normal 0.0674459 0.997723 -0
    outer loop
      vertex -0.695 -211.463 2.8
      vertex -0.916894 -211.448 5
      vertex -0.695 -211.463 5
    endloop
  endfacet
  facet normal 0.0674459 0.997723 0
    outer loop
      vertex -0.916894 -211.448 5
      vertex -0.695 -211.463 2.8
      vertex -0.916894 -211.448 2.8
    endloop
  endfacet
  facet normal 0.193437 -0.981113 0
    outer loop
      vertex -1.13499 -208.121 2.8
      vertex -0.916894 -208.078 5
      vertex -1.13499 -208.121 5
    endloop
  endfacet
  facet normal 0.193437 -0.981113 0
    outer loop
      vertex -0.916894 -208.078 5
      vertex -1.13499 -208.121 2.8
      vertex -0.916894 -208.078 2.8
    endloop
  endfacet
  facet normal 0.751472 -0.659765 0
    outer loop
      vertex -2.0437 -208.728 5
      vertex -1.89708 -208.561 2.8
      vertex -1.89708 -208.561 5
    endloop
  endfacet
  facet normal 0.751472 -0.659765 0
    outer loop
      vertex -1.89708 -208.561 2.8
      vertex -2.0437 -208.728 5
      vertex -2.0437 -208.728 2.8
    endloop
  endfacet
  facet normal -0.443682 0.896184 0
    outer loop
      vertex 0 -211.312 2.8
      vertex -0.0444374 -211.334 5
      vertex 0 -211.312 5
    endloop
  endfacet
  facet normal -0.443682 0.896184 0
    outer loop
      vertex -0.0444374 -211.334 5
      vertex 0 -211.312 2.8
      vertex -0.0444374 -211.334 2.8
    endloop
  endfacet
  facet normal 0.319506 -0.947584 0
    outer loop
      vertex -1.34556 -208.192 2.8
      vertex -1.13499 -208.121 5
      vertex -1.34556 -208.192 5
    endloop
  endfacet
  facet normal 0.319506 -0.947584 0
    outer loop
      vertex -1.13499 -208.121 5
      vertex -1.34556 -208.192 2.8
      vertex -1.13499 -208.121 2.8
    endloop
  endfacet
  facet normal 0.947128 0.320856 0
    outer loop
      vertex -2.26559 -210.414 5
      vertex -2.33707 -210.203 2.8
      vertex -2.33707 -210.203 5
    endloop
  endfacet
  facet normal 0.947128 0.320856 0
    outer loop
      vertex -2.33707 -210.203 2.8
      vertex -2.26559 -210.414 5
      vertex -2.26559 -210.414 2.8
    endloop
  endfacet
  facet normal 0.751472 0.659765 0
    outer loop
      vertex -1.89708 -210.965 5
      vertex -2.0437 -210.798 2.8
      vertex -2.0437 -210.798 5
    endloop
  endfacet
  facet normal 0.751472 0.659765 0
    outer loop
      vertex -2.0437 -210.798 2.8
      vertex -1.89708 -210.965 5
      vertex -1.89708 -210.965 2.8
    endloop
  endfacet
  facet normal -0.193435 0.981113 0
    outer loop
      vertex -0.255007 -211.405 2.8
      vertex -0.473105 -211.448 5
      vertex -0.255007 -211.405 5
    endloop
  endfacet
  facet normal -0.193435 0.981113 0
    outer loop
      vertex -0.473105 -211.448 5
      vertex -0.255007 -211.405 2.8
      vertex -0.473105 -211.448 2.8
    endloop
  endfacet
  facet normal 0.997862 0.0653555 0
    outer loop
      vertex -2.38046 -209.985 5
      vertex -2.395 -209.763 2.8
      vertex -2.395 -209.763 5
    endloop
  endfacet
  facet normal 0.997862 0.0653555 0
    outer loop
      vertex -2.395 -209.763 2.8
      vertex -2.38046 -209.985 5
      vertex -2.38046 -209.985 2.8
    endloop
  endfacet
  facet normal 0.980762 0.195208 0
    outer loop
      vertex -2.33707 -210.203 5
      vertex -2.38046 -209.985 2.8
      vertex -2.38046 -209.985 5
    endloop
  endfacet
  facet normal 0.980762 0.195208 0
    outer loop
      vertex -2.38046 -209.985 2.8
      vertex -2.33707 -210.203 5
      vertex -2.33707 -210.203 2.8
    endloop
  endfacet
  facet normal 0.997862 -0.0653555 0
    outer loop
      vertex -2.395 -209.763 5
      vertex -2.38046 -209.541 2.8
      vertex -2.38046 -209.541 5
    endloop
  endfacet
  facet normal 0.997862 -0.0653555 0
    outer loop
      vertex -2.38046 -209.541 2.8
      vertex -2.395 -209.763 5
      vertex -2.395 -209.763 2.8
    endloop
  endfacet
  facet normal 0.553889 0.83259 -0
    outer loop
      vertex -1.545 -211.235 2.8
      vertex -1.72989 -211.112 5
      vertex -1.545 -211.235 5
    endloop
  endfacet
  facet normal 0.553889 0.83259 0
    outer loop
      vertex -1.72989 -211.112 5
      vertex -1.545 -211.235 2.8
      vertex -1.72989 -211.112 2.8
    endloop
  endfacet
  facet normal -0.319507 0.947584 0
    outer loop
      vertex -0.0444374 -211.334 2.8
      vertex -0.255007 -211.405 5
      vertex -0.0444374 -211.334 5
    endloop
  endfacet
  facet normal -0.319507 0.947584 0
    outer loop
      vertex -0.255007 -211.405 5
      vertex -0.0444374 -211.334 2.8
      vertex -0.255007 -211.405 2.8
    endloop
  endfacet
  facet normal 0.553889 -0.83259 0
    outer loop
      vertex -1.72989 -208.414 2.8
      vertex -1.545 -208.291 5
      vertex -1.72989 -208.414 5
    endloop
  endfacet
  facet normal 0.553889 -0.83259 0
    outer loop
      vertex -1.545 -208.291 5
      vertex -1.72989 -208.414 2.8
      vertex -1.545 -208.291 2.8
    endloop
  endfacet
  facet normal 0.660306 -0.750997 0
    outer loop
      vertex -1.89708 -208.561 2.8
      vertex -1.72989 -208.414 5
      vertex -1.89708 -208.561 5
    endloop
  endfacet
  facet normal 0.660306 -0.750997 0
    outer loop
      vertex -1.72989 -208.414 5
      vertex -1.89708 -208.561 2.8
      vertex -1.72989 -208.414 2.8
    endloop
  endfacet
  facet normal -0.193435 -0.981113 0
    outer loop
      vertex -0.473105 -208.078 2.8
      vertex -0.255007 -208.121 5
      vertex -0.473105 -208.078 5
    endloop
  endfacet
  facet normal -0.193435 -0.981113 -0
    outer loop
      vertex -0.255007 -208.121 5
      vertex -0.473105 -208.078 2.8
      vertex -0.255007 -208.121 2.8
    endloop
  endfacet
  facet normal 0.193437 0.981113 -0
    outer loop
      vertex -0.916894 -211.448 2.8
      vertex -1.13499 -211.405 5
      vertex -0.916894 -211.448 5
    endloop
  endfacet
  facet normal 0.193437 0.981113 0
    outer loop
      vertex -1.13499 -211.405 5
      vertex -0.916894 -211.448 2.8
      vertex -1.13499 -211.405 2.8
    endloop
  endfacet
  facet normal 0.89649 0.443064 0
    outer loop
      vertex -2.16724 -210.613 5
      vertex -2.26559 -210.414 2.8
      vertex -2.26559 -210.414 5
    endloop
  endfacet
  facet normal 0.89649 0.443064 0
    outer loop
      vertex -2.26559 -210.414 2.8
      vertex -2.16724 -210.613 5
      vertex -2.16724 -210.613 2.8
    endloop
  endfacet
  facet normal -0.0674456 -0.997723 0
    outer loop
      vertex -0.695 -208.063 2.8
      vertex -0.473105 -208.078 5
      vertex -0.695 -208.063 5
    endloop
  endfacet
  facet normal -0.0674456 -0.997723 -0
    outer loop
      vertex -0.473105 -208.078 5
      vertex -0.695 -208.063 2.8
      vertex -0.473105 -208.078 2.8
    endloop
  endfacet
  facet normal -0.319507 -0.947584 0
    outer loop
      vertex -0.255007 -208.121 2.8
      vertex -0.0444374 -208.192 5
      vertex -0.255007 -208.121 5
    endloop
  endfacet
  facet normal -0.319507 -0.947584 -0
    outer loop
      vertex -0.0444374 -208.192 5
      vertex -0.255007 -208.121 2.8
      vertex -0.0444374 -208.192 2.8
    endloop
  endfacet
  facet normal 0.660306 0.750997 -0
    outer loop
      vertex -1.72989 -211.112 2.8
      vertex -1.89708 -210.965 5
      vertex -1.72989 -211.112 5
    endloop
  endfacet
  facet normal 0.660306 0.750997 0
    outer loop
      vertex -1.89708 -210.965 5
      vertex -1.72989 -211.112 2.8
      vertex -1.89708 -210.965 2.8
    endloop
  endfacet
  facet normal 0.444625 -0.895717 0
    outer loop
      vertex -1.545 -208.291 2.8
      vertex -1.34556 -208.192 5
      vertex -1.545 -208.291 5
    endloop
  endfacet
  facet normal 0.444625 -0.895717 0
    outer loop
      vertex -1.34556 -208.192 5
      vertex -1.545 -208.291 2.8
      vertex -1.34556 -208.192 2.8
    endloop
  endfacet
  facet normal 0.0674459 -0.997723 0
    outer loop
      vertex -0.916894 -208.078 2.8
      vertex -0.695 -208.063 5
      vertex -0.916894 -208.078 5
    endloop
  endfacet
  facet normal 0.0674459 -0.997723 0
    outer loop
      vertex -0.695 -208.063 5
      vertex -0.916894 -208.078 2.8
      vertex -0.695 -208.063 2.8
    endloop
  endfacet
  facet normal -0.0674456 0.997723 0
    outer loop
      vertex -0.473105 -211.448 2.8
      vertex -0.695 -211.463 5
      vertex -0.473105 -211.448 5
    endloop
  endfacet
  facet normal -0.0674456 0.997723 0
    outer loop
      vertex -0.695 -211.463 5
      vertex -0.473105 -211.448 2.8
      vertex -0.695 -211.463 2.8
    endloop
  endfacet
  facet normal 0.444625 0.895717 -0
    outer loop
      vertex -1.34556 -211.334 2.8
      vertex -1.545 -211.235 5
      vertex -1.34556 -211.334 5
    endloop
  endfacet
  facet normal 0.444625 0.895717 0
    outer loop
      vertex -1.545 -211.235 5
      vertex -1.34556 -211.334 2.8
      vertex -1.545 -211.235 2.8
    endloop
  endfacet
  facet normal 0.319506 0.947584 -0
    outer loop
      vertex -1.13499 -211.405 2.8
      vertex -1.34556 -211.334 5
      vertex -1.13499 -211.405 5
    endloop
  endfacet
  facet normal 0.319506 0.947584 0
    outer loop
      vertex -1.34556 -211.334 5
      vertex -1.13499 -211.405 2.8
      vertex -1.34556 -211.334 2.8
    endloop
  endfacet
  facet normal 0.947128 -0.320856 0
    outer loop
      vertex -2.33707 -209.323 5
      vertex -2.26559 -209.112 2.8
      vertex -2.26559 -209.112 5
    endloop
  endfacet
  facet normal 0.947128 -0.320856 0
    outer loop
      vertex -2.26559 -209.112 2.8
      vertex -2.33707 -209.323 5
      vertex -2.33707 -209.323 2.8
    endloop
  endfacet
  facet normal 0.831621 0.555343 0
    outer loop
      vertex -2.0437 -210.798 5
      vertex -2.16724 -210.613 2.8
      vertex -2.16724 -210.613 5
    endloop
  endfacet
  facet normal 0.831621 0.555343 0
    outer loop
      vertex -2.16724 -210.613 2.8
      vertex -2.0437 -210.798 5
      vertex -2.0437 -210.798 2.8
    endloop
  endfacet
  facet normal 0.831621 -0.555343 0
    outer loop
      vertex -2.16724 -208.913 5
      vertex -2.0437 -208.728 2.8
      vertex -2.0437 -208.728 5
    endloop
  endfacet
  facet normal 0.831621 -0.555343 0
    outer loop
      vertex -2.0437 -208.728 2.8
      vertex -2.16724 -208.913 5
      vertex -2.16724 -208.913 2.8
    endloop
  endfacet
  facet normal 0.980762 -0.195208 0
    outer loop
      vertex -2.38046 -209.541 5
      vertex -2.33707 -209.323 2.8
      vertex -2.33707 -209.323 5
    endloop
  endfacet
  facet normal 0.980762 -0.195208 0
    outer loop
      vertex -2.33707 -209.323 2.8
      vertex -2.38046 -209.541 5
      vertex -2.38046 -209.541 2.8
    endloop
  endfacet
  facet normal 0 1 -0
    outer loop
      vertex 24.7127 -269.928 0
      vertex 21.1332 -269.928 2.8
      vertex 24.7127 -269.928 2.8
    endloop
  endfacet
  facet normal 0 1 0
    outer loop
      vertex 21.1332 -269.928 2.8
      vertex 24.7127 -269.928 0
      vertex 21.1332 -269.928 0
    endloop
  endfacet
  facet normal 0 -1 0
    outer loop
      vertex 21.1332 -263.728 0
      vertex 24.7127 -263.728 2.8
      vertex 21.1332 -263.728 2.8
    endloop
  endfacet
  facet normal 0 -1 -0
    outer loop
      vertex 24.7127 -263.728 2.8
      vertex 21.1332 -263.728 0
      vertex 24.7127 -263.728 0
    endloop
  endfacet
  facet normal -0.866024 -0.500003 0
    outer loop
      vertex 26.5025 -266.828 0
      vertex 24.7127 -263.728 2.8
      vertex 24.7127 -263.728 0
    endloop
  endfacet
  facet normal -0.866024 -0.500003 0
    outer loop
      vertex 24.7127 -263.728 2.8
      vertex 26.5025 -266.828 0
      vertex 26.5025 -266.828 2.8
    endloop
  endfacet
  facet normal 0.866036 -0.499982 0
    outer loop
      vertex 19.3435 -266.828 2.8
      vertex 21.1332 -263.728 0
      vertex 21.1332 -263.728 2.8
    endloop
  endfacet
  facet normal 0.866036 -0.499982 0
    outer loop
      vertex 21.1332 -263.728 0
      vertex 19.3435 -266.828 2.8
      vertex 19.3435 -266.828 0
    endloop
  endfacet
  facet normal 0.866036 0.499982 0
    outer loop
      vertex 21.1332 -269.928 2.8
      vertex 19.3435 -266.828 0
      vertex 19.3435 -266.828 2.8
    endloop
  endfacet
  facet normal 0.866036 0.499982 0
    outer loop
      vertex 19.3435 -266.828 0
      vertex 21.1332 -269.928 2.8
      vertex 21.1332 -269.928 0
    endloop
  endfacet
  facet normal 0 0 -1
    outer loop
      vertex 24.3952 -267.678 2.8
      vertex 26.5025 -266.828 2.8
      vertex 24.7127 -269.928 2.8
    endloop
  endfacet
  facet normal 0 0 -1
    outer loop
      vertex 24.6085 -266.606 2.8
      vertex 26.5025 -266.828 2.8
      vertex 24.623 -266.828 2.8
    endloop
  endfacet
  facet normal -0 0 -1
    outer loop
      vertex 26.5025 -266.828 2.8
      vertex 24.6085 -267.05 2.8
      vertex 24.623 -266.828 2.8
    endloop
  endfacet
  facet normal 0 0 -1
    outer loop
      vertex 26.5025 -266.828 2.8
      vertex 24.5651 -267.268 2.8
      vertex 24.6085 -267.05 2.8
    endloop
  endfacet
  facet normal 0 0 -1
    outer loop
      vertex 26.5025 -266.828 2.8
      vertex 24.4936 -267.479 2.8
      vertex 24.5651 -267.268 2.8
    endloop
  endfacet
  facet normal 0 0 -1
    outer loop
      vertex 26.5025 -266.828 2.8
      vertex 24.3952 -267.678 2.8
      vertex 24.4936 -267.479 2.8
    endloop
  endfacet
  facet normal 0 0 -1
    outer loop
      vertex 24.7127 -269.928 2.8
      vertex 24.2717 -267.863 2.8
      vertex 24.3952 -267.678 2.8
    endloop
  endfacet
  facet normal 0 0 -1
    outer loop
      vertex 24.7127 -269.928 2.8
      vertex 24.1251 -268.03 2.8
      vertex 24.2717 -267.863 2.8
    endloop
  endfacet
  facet normal 0 0 -1
    outer loop
      vertex 24.7127 -269.928 2.8
      vertex 23.9579 -268.177 2.8
      vertex 24.1251 -268.03 2.8
    endloop
  endfacet
  facet normal 0 0 -1
    outer loop
      vertex 24.7127 -269.928 2.8
      vertex 23.773 -268.3 2.8
      vertex 23.9579 -268.177 2.8
    endloop
  endfacet
  facet normal 0 0 -1
    outer loop
      vertex 24.7127 -269.928 2.8
      vertex 23.5736 -268.399 2.8
      vertex 23.773 -268.3 2.8
    endloop
  endfacet
  facet normal 0 0 -1
    outer loop
      vertex 24.7127 -269.928 2.8
      vertex 23.363 -268.47 2.8
      vertex 23.5736 -268.399 2.8
    endloop
  endfacet
  facet normal 0 0 -1
    outer loop
      vertex 24.7127 -269.928 2.8
      vertex 23.1449 -268.513 2.8
      vertex 23.363 -268.47 2.8
    endloop
  endfacet
  facet normal 0 0 -1
    outer loop
      vertex 24.7127 -269.928 2.8
      vertex 22.923 -268.528 2.8
      vertex 23.1449 -268.513 2.8
    endloop
  endfacet
  facet normal 0 0 -1
    outer loop
      vertex 21.1332 -269.928 2.8
      vertex 22.923 -268.528 2.8
      vertex 24.7127 -269.928 2.8
    endloop
  endfacet
  facet normal -0 0 -1
    outer loop
      vertex 22.923 -268.528 2.8
      vertex 21.1332 -269.928 2.8
      vertex 22.7011 -268.513 2.8
    endloop
  endfacet
  facet normal -0 0 -1
    outer loop
      vertex 22.7011 -268.513 2.8
      vertex 21.1332 -269.928 2.8
      vertex 22.483 -268.47 2.8
    endloop
  endfacet
  facet normal -0 0 -1
    outer loop
      vertex 22.483 -268.47 2.8
      vertex 21.1332 -269.928 2.8
      vertex 22.2724 -268.399 2.8
    endloop
  endfacet
  facet normal 0 0 -1
    outer loop
      vertex 21.2809 -267.268 2.8
      vertex 19.3435 -266.828 2.8
      vertex 21.2375 -267.05 2.8
    endloop
  endfacet
  facet normal 0 0 -1
    outer loop
      vertex 21.3524 -267.479 2.8
      vertex 19.3435 -266.828 2.8
      vertex 21.2809 -267.268 2.8
    endloop
  endfacet
  facet normal 0 0 -1
    outer loop
      vertex 21.4508 -267.678 2.8
      vertex 19.3435 -266.828 2.8
      vertex 21.3524 -267.479 2.8
    endloop
  endfacet
  facet normal 0 0 -1
    outer loop
      vertex 19.3435 -266.828 2.8
      vertex 21.4508 -267.678 2.8
      vertex 21.1332 -269.928 2.8
    endloop
  endfacet
  facet normal -0 0 -1
    outer loop
      vertex 21.5743 -267.863 2.8
      vertex 21.1332 -269.928 2.8
      vertex 21.4508 -267.678 2.8
    endloop
  endfacet
  facet normal -0 0 -1
    outer loop
      vertex 21.7209 -268.03 2.8
      vertex 21.1332 -269.928 2.8
      vertex 21.5743 -267.863 2.8
    endloop
  endfacet
  facet normal -0 0 -1
    outer loop
      vertex 21.8881 -268.177 2.8
      vertex 21.1332 -269.928 2.8
      vertex 21.7209 -268.03 2.8
    endloop
  endfacet
  facet normal -0 0 -1
    outer loop
      vertex 22.073 -268.3 2.8
      vertex 21.1332 -269.928 2.8
      vertex 21.8881 -268.177 2.8
    endloop
  endfacet
  facet normal -0 0 -1
    outer loop
      vertex 22.2724 -268.399 2.8
      vertex 21.1332 -269.928 2.8
      vertex 22.073 -268.3 2.8
    endloop
  endfacet
  facet normal 0 0 -1
    outer loop
      vertex 24.5651 -266.388 2.8
      vertex 26.5025 -266.828 2.8
      vertex 24.6085 -266.606 2.8
    endloop
  endfacet
  facet normal 0 0 -1
    outer loop
      vertex 24.4936 -266.177 2.8
      vertex 26.5025 -266.828 2.8
      vertex 24.5651 -266.388 2.8
    endloop
  endfacet
  facet normal 0 0 -1
    outer loop
      vertex 24.3952 -265.978 2.8
      vertex 26.5025 -266.828 2.8
      vertex 24.4936 -266.177 2.8
    endloop
  endfacet
  facet normal 0 0 -1
    outer loop
      vertex 26.5025 -266.828 2.8
      vertex 24.3952 -265.978 2.8
      vertex 24.7127 -263.728 2.8
    endloop
  endfacet
  facet normal 0 0 -1
    outer loop
      vertex 24.2717 -265.793 2.8
      vertex 24.7127 -263.728 2.8
      vertex 24.3952 -265.978 2.8
    endloop
  endfacet
  facet normal 0 0 -1
    outer loop
      vertex 24.1251 -265.626 2.8
      vertex 24.7127 -263.728 2.8
      vertex 24.2717 -265.793 2.8
    endloop
  endfacet
  facet normal 0 0 -1
    outer loop
      vertex 23.9579 -265.479 2.8
      vertex 24.7127 -263.728 2.8
      vertex 24.1251 -265.626 2.8
    endloop
  endfacet
  facet normal 0 0 -1
    outer loop
      vertex 23.773 -265.356 2.8
      vertex 24.7127 -263.728 2.8
      vertex 23.9579 -265.479 2.8
    endloop
  endfacet
  facet normal 0 0 -1
    outer loop
      vertex 23.5736 -265.257 2.8
      vertex 24.7127 -263.728 2.8
      vertex 23.773 -265.356 2.8
    endloop
  endfacet
  facet normal 0 0 -1
    outer loop
      vertex 23.363 -265.186 2.8
      vertex 24.7127 -263.728 2.8
      vertex 23.5736 -265.257 2.8
    endloop
  endfacet
  facet normal 0 0 -1
    outer loop
      vertex 23.1449 -265.143 2.8
      vertex 24.7127 -263.728 2.8
      vertex 23.363 -265.186 2.8
    endloop
  endfacet
  facet normal 0 0 -1
    outer loop
      vertex 22.923 -265.128 2.8
      vertex 24.7127 -263.728 2.8
      vertex 23.1449 -265.143 2.8
    endloop
  endfacet
  facet normal 0 0 -1
    outer loop
      vertex 21.1332 -263.728 2.8
      vertex 22.923 -265.128 2.8
      vertex 22.7011 -265.143 2.8
    endloop
  endfacet
  facet normal 0 0 -1
    outer loop
      vertex 21.1332 -263.728 2.8
      vertex 22.7011 -265.143 2.8
      vertex 22.483 -265.186 2.8
    endloop
  endfacet
  facet normal 0 0 -1
    outer loop
      vertex 21.1332 -263.728 2.8
      vertex 22.483 -265.186 2.8
      vertex 22.2724 -265.257 2.8
    endloop
  endfacet
  facet normal 0 0 -1
    outer loop
      vertex 21.1332 -263.728 2.8
      vertex 22.2724 -265.257 2.8
      vertex 22.073 -265.356 2.8
    endloop
  endfacet
  facet normal 0 0 -1
    outer loop
      vertex 22.923 -265.128 2.8
      vertex 21.1332 -263.728 2.8
      vertex 24.7127 -263.728 2.8
    endloop
  endfacet
  facet normal 0 0 -1
    outer loop
      vertex 21.8881 -265.479 2.8
      vertex 21.1332 -263.728 2.8
      vertex 22.073 -265.356 2.8
    endloop
  endfacet
  facet normal 0 0 -1
    outer loop
      vertex 21.7209 -265.626 2.8
      vertex 21.1332 -263.728 2.8
      vertex 21.8881 -265.479 2.8
    endloop
  endfacet
  facet normal 0 0 -1
    outer loop
      vertex 21.5743 -265.793 2.8
      vertex 21.1332 -263.728 2.8
      vertex 21.7209 -265.626 2.8
    endloop
  endfacet
  facet normal 0 0 -1
    outer loop
      vertex 21.4508 -265.978 2.8
      vertex 21.1332 -263.728 2.8
      vertex 21.5743 -265.793 2.8
    endloop
  endfacet
  facet normal 0 0 -1
    outer loop
      vertex 19.3435 -266.828 2.8
      vertex 21.4508 -265.978 2.8
      vertex 21.3524 -266.177 2.8
    endloop
  endfacet
  facet normal 0 0 -1
    outer loop
      vertex 19.3435 -266.828 2.8
      vertex 21.3524 -266.177 2.8
      vertex 21.2809 -266.388 2.8
    endloop
  endfacet
  facet normal 0 0 -1
    outer loop
      vertex 19.3435 -266.828 2.8
      vertex 21.2809 -266.388 2.8
      vertex 21.2375 -266.606 2.8
    endloop
  endfacet
  facet normal 0 0 -1
    outer loop
      vertex 19.3435 -266.828 2.8
      vertex 21.2375 -266.606 2.8
      vertex 21.223 -266.828 2.8
    endloop
  endfacet
  facet normal 0 0 -1
    outer loop
      vertex 21.2375 -267.05 2.8
      vertex 19.3435 -266.828 2.8
      vertex 21.223 -266.828 2.8
    endloop
  endfacet
  facet normal -0 0 -1
    outer loop
      vertex 21.4508 -265.978 2.8
      vertex 19.3435 -266.828 2.8
      vertex 21.1332 -263.728 2.8
    endloop
  endfacet
  facet normal -0.866024 0.500003 0
    outer loop
      vertex 24.7127 -269.928 0
      vertex 26.5025 -266.828 2.8
      vertex 26.5025 -266.828 0
    endloop
  endfacet
  facet normal -0.866024 0.500003 0
    outer loop
      vertex 26.5025 -266.828 2.8
      vertex 24.7127 -269.928 0
      vertex 24.7127 -269.928 2.8
    endloop
  endfacet
  facet normal -0.193434 -0.981113 0
    outer loop
      vertex 23.1449 -265.143 2.8
      vertex 23.363 -265.186 5
      vertex 23.1449 -265.143 5
    endloop
  endfacet
  facet normal -0.193434 -0.981113 -0
    outer loop
      vertex 23.363 -265.186 5
      vertex 23.1449 -265.143 2.8
      vertex 23.363 -265.186 2.8
    endloop
  endfacet
  facet normal -0.980753 -0.195251 0
    outer loop
      vertex 24.6085 -266.606 2.8
      vertex 24.5651 -266.388 5
      vertex 24.5651 -266.388 2.8
    endloop
  endfacet
  facet normal -0.980753 -0.195251 0
    outer loop
      vertex 24.5651 -266.388 5
      vertex 24.6085 -266.606 2.8
      vertex 24.6085 -266.606 5
    endloop
  endfacet
  facet normal -0.997874 -0.0651764 0
    outer loop
      vertex 24.623 -266.828 2.8
      vertex 24.6085 -266.606 5
      vertex 24.6085 -266.606 2.8
    endloop
  endfacet
  facet normal -0.997874 -0.0651764 0
    outer loop
      vertex 24.6085 -266.606 5
      vertex 24.623 -266.828 2.8
      vertex 24.623 -266.828 5
    endloop
  endfacet
  facet normal -0.947101 -0.320937 0
    outer loop
      vertex 24.5651 -266.388 2.8
      vertex 24.4936 -266.177 5
      vertex 24.4936 -266.177 2.8
    endloop
  endfacet
  facet normal -0.947101 -0.320937 0
    outer loop
      vertex 24.4936 -266.177 5
      vertex 24.5651 -266.388 2.8
      vertex 24.5651 -266.388 5
    endloop
  endfacet
  facet normal -0.319466 -0.947598 0
    outer loop
      vertex 23.363 -265.186 2.8
      vertex 23.5736 -265.257 5
      vertex 23.363 -265.186 5
    endloop
  endfacet
  facet normal -0.319466 -0.947598 -0
    outer loop
      vertex 23.5736 -265.257 5
      vertex 23.363 -265.186 2.8
      vertex 23.5736 -265.257 2.8
    endloop
  endfacet
  facet normal -0.444696 -0.895681 0
    outer loop
      vertex 23.5736 -265.257 2.8
      vertex 23.773 -265.356 5
      vertex 23.5736 -265.257 5
    endloop
  endfacet
  facet normal -0.444696 -0.895681 -0
    outer loop
      vertex 23.773 -265.356 5
      vertex 23.5736 -265.257 2.8
      vertex 23.773 -265.356 2.8
    endloop
  endfacet
  facet normal 0.831704 0.555219 0
    outer loop
      vertex 21.5743 -267.863 5
      vertex 21.4508 -267.678 2.8
      vertex 21.4508 -267.678 5
    endloop
  endfacet
  facet normal 0.831704 0.555219 0
    outer loop
      vertex 21.4508 -267.678 2.8
      vertex 21.5743 -267.863 5
      vertex 21.5743 -267.863 2.8
    endloop
  endfacet
  facet normal -0.0674441 -0.997723 0
    outer loop
      vertex 22.923 -265.128 2.8
      vertex 23.1449 -265.143 5
      vertex 22.923 -265.128 5
    endloop
  endfacet
  facet normal -0.0674441 -0.997723 -0
    outer loop
      vertex 23.1449 -265.143 5
      vertex 22.923 -265.128 2.8
      vertex 23.1449 -265.143 2.8
    endloop
  endfacet
  facet normal 0.980753 0.195251 0
    outer loop
      vertex 21.2809 -267.268 5
      vertex 21.2375 -267.05 2.8
      vertex 21.2375 -267.05 5
    endloop
  endfacet
  facet normal 0.980753 0.195251 0
    outer loop
      vertex 21.2375 -267.05 2.8
      vertex 21.2809 -267.268 5
      vertex 21.2809 -267.268 2.8
    endloop
  endfacet
  facet normal -0.831704 -0.555219 0
    outer loop
      vertex 24.3952 -265.978 2.8
      vertex 24.2717 -265.793 5
      vertex 24.2717 -265.793 2.8
    endloop
  endfacet
  facet normal -0.831704 -0.555219 0
    outer loop
      vertex 24.2717 -265.793 5
      vertex 24.3952 -265.978 2.8
      vertex 24.3952 -265.978 5
    endloop
  endfacet
  facet normal -0.8964 -0.443245 0
    outer loop
      vertex 24.4936 -266.177 2.8
      vertex 24.3952 -265.978 5
      vertex 24.3952 -265.978 2.8
    endloop
  endfacet
  facet normal -0.8964 -0.443245 0
    outer loop
      vertex 24.3952 -265.978 5
      vertex 24.4936 -266.177 2.8
      vertex 24.4936 -266.177 5
    endloop
  endfacet
  facet normal 0.0674441 -0.997723 0
    outer loop
      vertex 22.7011 -265.143 2.8
      vertex 22.923 -265.128 5
      vertex 22.7011 -265.143 5
    endloop
  endfacet
  facet normal 0.0674441 -0.997723 0
    outer loop
      vertex 22.923 -265.128 5
      vertex 22.7011 -265.143 2.8
      vertex 22.923 -265.128 2.8
    endloop
  endfacet
  facet normal -0.660284 -0.751016 0
    outer loop
      vertex 23.9579 -265.479 2.8
      vertex 24.1251 -265.626 5
      vertex 23.9579 -265.479 5
    endloop
  endfacet
  facet normal -0.660284 -0.751016 -0
    outer loop
      vertex 24.1251 -265.626 5
      vertex 23.9579 -265.479 2.8
      vertex 24.1251 -265.626 2.8
    endloop
  endfacet
  facet normal 0.997874 0.0651764 0
    outer loop
      vertex 21.2375 -267.05 5
      vertex 21.223 -266.828 2.8
      vertex 21.223 -266.828 5
    endloop
  endfacet
  facet normal 0.997874 0.0651764 0
    outer loop
      vertex 21.223 -266.828 2.8
      vertex 21.2375 -267.05 5
      vertex 21.2375 -267.05 2.8
    endloop
  endfacet
  facet normal -0.947101 0.320937 0
    outer loop
      vertex 24.4936 -267.479 2.8
      vertex 24.5651 -267.268 5
      vertex 24.5651 -267.268 2.8
    endloop
  endfacet
  facet normal -0.947101 0.320937 0
    outer loop
      vertex 24.5651 -267.268 5
      vertex 24.4936 -267.479 2.8
      vertex 24.4936 -267.479 5
    endloop
  endfacet
  facet normal 0.319466 0.947598 -0
    outer loop
      vertex 22.483 -268.47 2.8
      vertex 22.2724 -268.399 5
      vertex 22.483 -268.47 5
    endloop
  endfacet
  facet normal 0.319466 0.947598 0
    outer loop
      vertex 22.2724 -268.399 5
      vertex 22.483 -268.47 2.8
      vertex 22.2724 -268.399 2.8
    endloop
  endfacet
  facet normal -0.319466 0.947598 0
    outer loop
      vertex 23.5736 -268.399 2.8
      vertex 23.363 -268.47 5
      vertex 23.5736 -268.399 5
    endloop
  endfacet
  facet normal -0.319466 0.947598 0
    outer loop
      vertex 23.363 -268.47 5
      vertex 23.5736 -268.399 2.8
      vertex 23.363 -268.47 2.8
    endloop
  endfacet
  facet normal 0.444696 -0.895681 0
    outer loop
      vertex 22.073 -265.356 2.8
      vertex 22.2724 -265.257 5
      vertex 22.073 -265.356 5
    endloop
  endfacet
  facet normal 0.444696 -0.895681 0
    outer loop
      vertex 22.2724 -265.257 5
      vertex 22.073 -265.356 2.8
      vertex 22.2724 -265.257 2.8
    endloop
  endfacet
  facet normal 0.0674441 0.997723 -0
    outer loop
      vertex 22.923 -268.528 2.8
      vertex 22.7011 -268.513 5
      vertex 22.923 -268.528 5
    endloop
  endfacet
  facet normal 0.0674441 0.997723 0
    outer loop
      vertex 22.7011 -268.513 5
      vertex 22.923 -268.528 2.8
      vertex 22.7011 -268.513 2.8
    endloop
  endfacet
  facet normal 0.193434 -0.981113 0
    outer loop
      vertex 22.483 -265.186 2.8
      vertex 22.7011 -265.143 5
      vertex 22.483 -265.186 5
    endloop
  endfacet
  facet normal 0.193434 -0.981113 0
    outer loop
      vertex 22.7011 -265.143 5
      vertex 22.483 -265.186 2.8
      vertex 22.7011 -265.143 2.8
    endloop
  endfacet
  facet normal 0.553869 0.832604 -0
    outer loop
      vertex 22.073 -268.3 2.8
      vertex 21.8881 -268.177 5
      vertex 22.073 -268.3 5
    endloop
  endfacet
  facet normal 0.553869 0.832604 0
    outer loop
      vertex 21.8881 -268.177 5
      vertex 22.073 -268.3 2.8
      vertex 21.8881 -268.177 2.8
    endloop
  endfacet
  facet normal -0.831704 0.555219 0
    outer loop
      vertex 24.2717 -267.863 2.8
      vertex 24.3952 -267.678 5
      vertex 24.3952 -267.678 2.8
    endloop
  endfacet
  facet normal -0.831704 0.555219 0
    outer loop
      vertex 24.3952 -267.678 5
      vertex 24.2717 -267.863 2.8
      vertex 24.2717 -267.863 5
    endloop
  endfacet
  facet normal 0.553869 -0.832604 0
    outer loop
      vertex 21.8881 -265.479 2.8
      vertex 22.073 -265.356 5
      vertex 21.8881 -265.479 5
    endloop
  endfacet
  facet normal 0.553869 -0.832604 0
    outer loop
      vertex 22.073 -265.356 5
      vertex 21.8881 -265.479 2.8
      vertex 22.073 -265.356 2.8
    endloop
  endfacet
  facet normal 0.444696 0.895681 -0
    outer loop
      vertex 22.2724 -268.399 2.8
      vertex 22.073 -268.3 5
      vertex 22.2724 -268.399 5
    endloop
  endfacet
  facet normal 0.444696 0.895681 0
    outer loop
      vertex 22.073 -268.3 5
      vertex 22.2724 -268.399 2.8
      vertex 22.073 -268.3 2.8
    endloop
  endfacet
  facet normal 0.751516 0.659714 0
    outer loop
      vertex 21.7209 -268.03 5
      vertex 21.5743 -267.863 2.8
      vertex 21.5743 -267.863 5
    endloop
  endfacet
  facet normal 0.751516 0.659714 0
    outer loop
      vertex 21.5743 -267.863 2.8
      vertex 21.7209 -268.03 5
      vertex 21.7209 -268.03 2.8
    endloop
  endfacet
  facet normal -0.980753 0.195251 0
    outer loop
      vertex 24.5651 -267.268 2.8
      vertex 24.6085 -267.05 5
      vertex 24.6085 -267.05 2.8
    endloop
  endfacet
  facet normal -0.980753 0.195251 0
    outer loop
      vertex 24.6085 -267.05 5
      vertex 24.5651 -267.268 2.8
      vertex 24.5651 -267.268 5
    endloop
  endfacet
  facet normal 0.319466 -0.947598 0
    outer loop
      vertex 22.2724 -265.257 2.8
      vertex 22.483 -265.186 5
      vertex 22.2724 -265.257 5
    endloop
  endfacet
  facet normal 0.319466 -0.947598 0
    outer loop
      vertex 22.483 -265.186 5
      vertex 22.2724 -265.257 2.8
      vertex 22.483 -265.186 2.8
    endloop
  endfacet
  facet normal -0.193434 0.981113 0
    outer loop
      vertex 23.363 -268.47 2.8
      vertex 23.1449 -268.513 5
      vertex 23.363 -268.47 5
    endloop
  endfacet
  facet normal -0.193434 0.981113 0
    outer loop
      vertex 23.1449 -268.513 5
      vertex 23.363 -268.47 2.8
      vertex 23.1449 -268.513 2.8
    endloop
  endfacet
  facet normal 0.660284 -0.751016 0
    outer loop
      vertex 21.7209 -265.626 2.8
      vertex 21.8881 -265.479 5
      vertex 21.7209 -265.626 5
    endloop
  endfacet
  facet normal 0.660284 -0.751016 0
    outer loop
      vertex 21.8881 -265.479 5
      vertex 21.7209 -265.626 2.8
      vertex 21.8881 -265.479 2.8
    endloop
  endfacet
  facet normal -0.444696 0.895681 0
    outer loop
      vertex 23.773 -268.3 2.8
      vertex 23.5736 -268.399 5
      vertex 23.773 -268.3 5
    endloop
  endfacet
  facet normal -0.444696 0.895681 0
    outer loop
      vertex 23.5736 -268.399 5
      vertex 23.773 -268.3 2.8
      vertex 23.5736 -268.399 2.8
    endloop
  endfacet
  facet normal 0.997874 -0.0651764 0
    outer loop
      vertex 21.223 -266.828 5
      vertex 21.2375 -266.606 2.8
      vertex 21.2375 -266.606 5
    endloop
  endfacet
  facet normal 0.997874 -0.0651764 0
    outer loop
      vertex 21.2375 -266.606 2.8
      vertex 21.223 -266.828 5
      vertex 21.223 -266.828 2.8
    endloop
  endfacet
  facet normal -0.660284 0.751016 0
    outer loop
      vertex 24.1251 -268.03 2.8
      vertex 23.9579 -268.177 5
      vertex 24.1251 -268.03 5
    endloop
  endfacet
  facet normal -0.660284 0.751016 0
    outer loop
      vertex 23.9579 -268.177 5
      vertex 24.1251 -268.03 2.8
      vertex 23.9579 -268.177 2.8
    endloop
  endfacet
  facet normal -0.997874 0.0651764 0
    outer loop
      vertex 24.6085 -267.05 2.8
      vertex 24.623 -266.828 5
      vertex 24.623 -266.828 2.8
    endloop
  endfacet
  facet normal -0.997874 0.0651764 0
    outer loop
      vertex 24.623 -266.828 5
      vertex 24.6085 -267.05 2.8
      vertex 24.6085 -267.05 5
    endloop
  endfacet
  facet normal -0.0674441 0.997723 0
    outer loop
      vertex 23.1449 -268.513 2.8
      vertex 22.923 -268.528 5
      vertex 23.1449 -268.513 5
    endloop
  endfacet
  facet normal -0.0674441 0.997723 0
    outer loop
      vertex 22.923 -268.528 5
      vertex 23.1449 -268.513 2.8
      vertex 22.923 -268.528 2.8
    endloop
  endfacet
  facet normal 0.660284 0.751016 -0
    outer loop
      vertex 21.8881 -268.177 2.8
      vertex 21.7209 -268.03 5
      vertex 21.8881 -268.177 5
    endloop
  endfacet
  facet normal 0.660284 0.751016 0
    outer loop
      vertex 21.7209 -268.03 5
      vertex 21.8881 -268.177 2.8
      vertex 21.7209 -268.03 2.8
    endloop
  endfacet
  facet normal -0.553869 0.832604 0
    outer loop
      vertex 23.9579 -268.177 2.8
      vertex 23.773 -268.3 5
      vertex 23.9579 -268.177 5
    endloop
  endfacet
  facet normal -0.553869 0.832604 0
    outer loop
      vertex 23.773 -268.3 5
      vertex 23.9579 -268.177 2.8
      vertex 23.773 -268.3 2.8
    endloop
  endfacet
  facet normal 0.980753 -0.195251 0
    outer loop
      vertex 21.2375 -266.606 5
      vertex 21.2809 -266.388 2.8
      vertex 21.2809 -266.388 5
    endloop
  endfacet
  facet normal 0.980753 -0.195251 0
    outer loop
      vertex 21.2809 -266.388 2.8
      vertex 21.2375 -266.606 5
      vertex 21.2375 -266.606 2.8
    endloop
  endfacet
  facet normal 0.8964 0.443245 0
    outer loop
      vertex 21.4508 -267.678 5
      vertex 21.3524 -267.479 2.8
      vertex 21.3524 -267.479 5
    endloop
  endfacet
  facet normal 0.8964 0.443245 0
    outer loop
      vertex 21.3524 -267.479 2.8
      vertex 21.4508 -267.678 5
      vertex 21.4508 -267.678 2.8
    endloop
  endfacet
  facet normal -0.8964 0.443245 0
    outer loop
      vertex 24.3952 -267.678 2.8
      vertex 24.4936 -267.479 5
      vertex 24.4936 -267.479 2.8
    endloop
  endfacet
  facet normal -0.8964 0.443245 0
    outer loop
      vertex 24.4936 -267.479 5
      vertex 24.3952 -267.678 2.8
      vertex 24.3952 -267.678 5
    endloop
  endfacet
  facet normal -0.751516 -0.659714 0
    outer loop
      vertex 24.2717 -265.793 2.8
      vertex 24.1251 -265.626 5
      vertex 24.1251 -265.626 2.8
    endloop
  endfacet
  facet normal -0.751516 -0.659714 0
    outer loop
      vertex 24.1251 -265.626 5
      vertex 24.2717 -265.793 2.8
      vertex 24.2717 -265.793 5
    endloop
  endfacet
  facet normal -0.553869 -0.832604 0
    outer loop
      vertex 23.773 -265.356 2.8
      vertex 23.9579 -265.479 5
      vertex 23.773 -265.356 5
    endloop
  endfacet
  facet normal -0.553869 -0.832604 -0
    outer loop
      vertex 23.9579 -265.479 5
      vertex 23.773 -265.356 2.8
      vertex 23.9579 -265.479 2.8
    endloop
  endfacet
  facet normal 0.751516 -0.659714 0
    outer loop
      vertex 21.5743 -265.793 5
      vertex 21.7209 -265.626 2.8
      vertex 21.7209 -265.626 5
    endloop
  endfacet
  facet normal 0.751516 -0.659714 0
    outer loop
      vertex 21.7209 -265.626 2.8
      vertex 21.5743 -265.793 5
      vertex 21.5743 -265.793 2.8
    endloop
  endfacet
  facet normal 0.947101 -0.320937 0
    outer loop
      vertex 21.2809 -266.388 5
      vertex 21.3524 -266.177 2.8
      vertex 21.3524 -266.177 5
    endloop
  endfacet
  facet normal 0.947101 -0.320937 0
    outer loop
      vertex 21.3524 -266.177 2.8
      vertex 21.2809 -266.388 5
      vertex 21.2809 -266.388 2.8
    endloop
  endfacet
  facet normal 0.193434 0.981113 -0
    outer loop
      vertex 22.7011 -268.513 2.8
      vertex 22.483 -268.47 5
      vertex 22.7011 -268.513 5
    endloop
  endfacet
  facet normal 0.193434 0.981113 0
    outer loop
      vertex 22.483 -268.47 5
      vertex 22.7011 -268.513 2.8
      vertex 22.483 -268.47 2.8
    endloop
  endfacet
  facet normal 0.947101 0.320937 0
    outer loop
      vertex 21.3524 -267.479 5
      vertex 21.2809 -267.268 2.8
      vertex 21.2809 -267.268 5
    endloop
  endfacet
  facet normal 0.947101 0.320937 0
    outer loop
      vertex 21.2809 -267.268 2.8
      vertex 21.3524 -267.479 5
      vertex 21.3524 -267.479 2.8
    endloop
  endfacet
  facet normal -0.751516 0.659714 0
    outer loop
      vertex 24.1251 -268.03 2.8
      vertex 24.2717 -267.863 5
      vertex 24.2717 -267.863 2.8
    endloop
  endfacet
  facet normal -0.751516 0.659714 0
    outer loop
      vertex 24.2717 -267.863 5
      vertex 24.1251 -268.03 2.8
      vertex 24.1251 -268.03 5
    endloop
  endfacet
  facet normal 0.831704 -0.555219 0
    outer loop
      vertex 21.4508 -265.978 5
      vertex 21.5743 -265.793 2.8
      vertex 21.5743 -265.793 5
    endloop
  endfacet
  facet normal 0.831704 -0.555219 0
    outer loop
      vertex 21.5743 -265.793 2.8
      vertex 21.4508 -265.978 5
      vertex 21.4508 -265.978 2.8
    endloop
  endfacet
  facet normal 0.8964 -0.443245 0
    outer loop
      vertex 21.3524 -266.177 5
      vertex 21.4508 -265.978 2.8
      vertex 21.4508 -265.978 5
    endloop
  endfacet
  facet normal 0.8964 -0.443245 0
    outer loop
      vertex 21.4508 -265.978 2.8
      vertex 21.3524 -266.177 5
      vertex 21.3524 -266.177 2.8
    endloop
  endfacet
  facet normal 0 1 -0
    outer loop
      vertex 24.7127 -237.168 0
      vertex 21.1332 -237.168 2.8
      vertex 24.7127 -237.168 2.8
    endloop
  endfacet
  facet normal 0 1 0
    outer loop
      vertex 21.1332 -237.168 2.8
      vertex 24.7127 -237.168 0
      vertex 21.1332 -237.168 0
    endloop
  endfacet
  facet normal -0.866024 0.500003 0
    outer loop
      vertex 24.7127 -237.168 0
      vertex 26.5025 -234.068 2.8
      vertex 26.5025 -234.068 0
    endloop
  endfacet
  facet normal -0.866024 0.500003 0
    outer loop
      vertex 26.5025 -234.068 2.8
      vertex 24.7127 -237.168 0
      vertex 24.7127 -237.168 2.8
    endloop
  endfacet
  facet normal 0 -1 0
    outer loop
      vertex 21.1332 -230.968 0
      vertex 24.7127 -230.968 2.8
      vertex 21.1332 -230.968 2.8
    endloop
  endfacet
  facet normal 0 -1 -0
    outer loop
      vertex 24.7127 -230.968 2.8
      vertex 21.1332 -230.968 0
      vertex 24.7127 -230.968 0
    endloop
  endfacet
  facet normal -0.866024 -0.500003 0
    outer loop
      vertex 26.5025 -234.068 0
      vertex 24.7127 -230.968 2.8
      vertex 24.7127 -230.968 0
    endloop
  endfacet
  facet normal -0.866024 -0.500003 0
    outer loop
      vertex 24.7127 -230.968 2.8
      vertex 26.5025 -234.068 0
      vertex 26.5025 -234.068 2.8
    endloop
  endfacet
  facet normal 0.866036 -0.499982 0
    outer loop
      vertex 19.3435 -234.068 2.8
      vertex 21.1332 -230.968 0
      vertex 21.1332 -230.968 2.8
    endloop
  endfacet
  facet normal 0.866036 -0.499982 0
    outer loop
      vertex 21.1332 -230.968 0
      vertex 19.3435 -234.068 2.8
      vertex 19.3435 -234.068 0
    endloop
  endfacet
  facet normal 0.866036 0.499982 0
    outer loop
      vertex 21.1332 -237.168 2.8
      vertex 19.3435 -234.068 0
      vertex 19.3435 -234.068 2.8
    endloop
  endfacet
  facet normal 0.866036 0.499982 0
    outer loop
      vertex 19.3435 -234.068 0
      vertex 21.1332 -237.168 2.8
      vertex 21.1332 -237.168 0
    endloop
  endfacet
  facet normal 0 0 -1
    outer loop
      vertex 24.3952 -234.918 2.8
      vertex 26.5025 -234.068 2.8
      vertex 24.7127 -237.168 2.8
    endloop
  endfacet
  facet normal 0 0 -1
    outer loop
      vertex 24.6085 -233.846 2.8
      vertex 26.5025 -234.068 2.8
      vertex 24.623 -234.068 2.8
    endloop
  endfacet
  facet normal -0 0 -1
    outer loop
      vertex 26.5025 -234.068 2.8
      vertex 24.6085 -234.29 2.8
      vertex 24.623 -234.068 2.8
    endloop
  endfacet
  facet normal 0 0 -1
    outer loop
      vertex 26.5025 -234.068 2.8
      vertex 24.5651 -234.508 2.8
      vertex 24.6085 -234.29 2.8
    endloop
  endfacet
  facet normal 0 0 -1
    outer loop
      vertex 26.5025 -234.068 2.8
      vertex 24.4936 -234.719 2.8
      vertex 24.5651 -234.508 2.8
    endloop
  endfacet
  facet normal 0 0 -1
    outer loop
      vertex 26.5025 -234.068 2.8
      vertex 24.3952 -234.918 2.8
      vertex 24.4936 -234.719 2.8
    endloop
  endfacet
  facet normal 0 0 -1
    outer loop
      vertex 24.7127 -237.168 2.8
      vertex 24.2717 -235.103 2.8
      vertex 24.3952 -234.918 2.8
    endloop
  endfacet
  facet normal 0 0 -1
    outer loop
      vertex 24.7127 -237.168 2.8
      vertex 24.1251 -235.27 2.8
      vertex 24.2717 -235.103 2.8
    endloop
  endfacet
  facet normal 0 0 -1
    outer loop
      vertex 24.7127 -237.168 2.8
      vertex 23.9579 -235.417 2.8
      vertex 24.1251 -235.27 2.8
    endloop
  endfacet
  facet normal 0 0 -1
    outer loop
      vertex 24.7127 -237.168 2.8
      vertex 23.773 -235.54 2.8
      vertex 23.9579 -235.417 2.8
    endloop
  endfacet
  facet normal 0 0 -1
    outer loop
      vertex 24.7127 -237.168 2.8
      vertex 23.5736 -235.639 2.8
      vertex 23.773 -235.54 2.8
    endloop
  endfacet
  facet normal 0 0 -1
    outer loop
      vertex 24.7127 -237.168 2.8
      vertex 23.363 -235.71 2.8
      vertex 23.5736 -235.639 2.8
    endloop
  endfacet
  facet normal 0 0 -1
    outer loop
      vertex 24.7127 -237.168 2.8
      vertex 23.1449 -235.753 2.8
      vertex 23.363 -235.71 2.8
    endloop
  endfacet
  facet normal 0 0 -1
    outer loop
      vertex 24.7127 -237.168 2.8
      vertex 22.923 -235.768 2.8
      vertex 23.1449 -235.753 2.8
    endloop
  endfacet
  facet normal 0 0 -1
    outer loop
      vertex 21.1332 -237.168 2.8
      vertex 22.923 -235.768 2.8
      vertex 24.7127 -237.168 2.8
    endloop
  endfacet
  facet normal -0 0 -1
    outer loop
      vertex 22.923 -235.768 2.8
      vertex 21.1332 -237.168 2.8
      vertex 22.7011 -235.753 2.8
    endloop
  endfacet
  facet normal -0 0 -1
    outer loop
      vertex 22.7011 -235.753 2.8
      vertex 21.1332 -237.168 2.8
      vertex 22.483 -235.71 2.8
    endloop
  endfacet
  facet normal -0 0 -1
    outer loop
      vertex 22.483 -235.71 2.8
      vertex 21.1332 -237.168 2.8
      vertex 22.2724 -235.639 2.8
    endloop
  endfacet
  facet normal 0 0 -1
    outer loop
      vertex 21.2809 -234.508 2.8
      vertex 19.3435 -234.068 2.8
      vertex 21.2375 -234.29 2.8
    endloop
  endfacet
  facet normal 0 0 -1
    outer loop
      vertex 21.3524 -234.719 2.8
      vertex 19.3435 -234.068 2.8
      vertex 21.2809 -234.508 2.8
    endloop
  endfacet
  facet normal 0 0 -1
    outer loop
      vertex 21.4508 -234.918 2.8
      vertex 19.3435 -234.068 2.8
      vertex 21.3524 -234.719 2.8
    endloop
  endfacet
  facet normal 0 0 -1
    outer loop
      vertex 19.3435 -234.068 2.8
      vertex 21.4508 -234.918 2.8
      vertex 21.1332 -237.168 2.8
    endloop
  endfacet
  facet normal -0 0 -1
    outer loop
      vertex 21.5743 -235.103 2.8
      vertex 21.1332 -237.168 2.8
      vertex 21.4508 -234.918 2.8
    endloop
  endfacet
  facet normal -0 0 -1
    outer loop
      vertex 21.7209 -235.27 2.8
      vertex 21.1332 -237.168 2.8
      vertex 21.5743 -235.103 2.8
    endloop
  endfacet
  facet normal -0 0 -1
    outer loop
      vertex 21.8881 -235.417 2.8
      vertex 21.1332 -237.168 2.8
      vertex 21.7209 -235.27 2.8
    endloop
  endfacet
  facet normal -0 0 -1
    outer loop
      vertex 22.073 -235.54 2.8
      vertex 21.1332 -237.168 2.8
      vertex 21.8881 -235.417 2.8
    endloop
  endfacet
  facet normal -0 0 -1
    outer loop
      vertex 22.2724 -235.639 2.8
      vertex 21.1332 -237.168 2.8
      vertex 22.073 -235.54 2.8
    endloop
  endfacet
  facet normal 0 0 -1
    outer loop
      vertex 24.5651 -233.628 2.8
      vertex 26.5025 -234.068 2.8
      vertex 24.6085 -233.846 2.8
    endloop
  endfacet
  facet normal 0 0 -1
    outer loop
      vertex 24.4936 -233.417 2.8
      vertex 26.5025 -234.068 2.8
      vertex 24.5651 -233.628 2.8
    endloop
  endfacet
  facet normal 0 0 -1
    outer loop
      vertex 24.3952 -233.218 2.8
      vertex 26.5025 -234.068 2.8
      vertex 24.4936 -233.417 2.8
    endloop
  endfacet
  facet normal 0 0 -1
    outer loop
      vertex 26.5025 -234.068 2.8
      vertex 24.3952 -233.218 2.8
      vertex 24.7127 -230.968 2.8
    endloop
  endfacet
  facet normal 0 0 -1
    outer loop
      vertex 24.2717 -233.033 2.8
      vertex 24.7127 -230.968 2.8
      vertex 24.3952 -233.218 2.8
    endloop
  endfacet
  facet normal 0 0 -1
    outer loop
      vertex 24.1251 -232.866 2.8
      vertex 24.7127 -230.968 2.8
      vertex 24.2717 -233.033 2.8
    endloop
  endfacet
  facet normal 0 0 -1
    outer loop
      vertex 23.9579 -232.719 2.8
      vertex 24.7127 -230.968 2.8
      vertex 24.1251 -232.866 2.8
    endloop
  endfacet
  facet normal 0 0 -1
    outer loop
      vertex 23.773 -232.596 2.8
      vertex 24.7127 -230.968 2.8
      vertex 23.9579 -232.719 2.8
    endloop
  endfacet
  facet normal 0 0 -1
    outer loop
      vertex 23.5736 -232.497 2.8
      vertex 24.7127 -230.968 2.8
      vertex 23.773 -232.596 2.8
    endloop
  endfacet
  facet normal 0 0 -1
    outer loop
      vertex 23.363 -232.426 2.8
      vertex 24.7127 -230.968 2.8
      vertex 23.5736 -232.497 2.8
    endloop
  endfacet
  facet normal 0 0 -1
    outer loop
      vertex 23.1449 -232.383 2.8
      vertex 24.7127 -230.968 2.8
      vertex 23.363 -232.426 2.8
    endloop
  endfacet
  facet normal 0 0 -1
    outer loop
      vertex 22.923 -232.368 2.8
      vertex 24.7127 -230.968 2.8
      vertex 23.1449 -232.383 2.8
    endloop
  endfacet
  facet normal 0 0 -1
    outer loop
      vertex 21.1332 -230.968 2.8
      vertex 22.923 -232.368 2.8
      vertex 22.7011 -232.383 2.8
    endloop
  endfacet
  facet normal 0 0 -1
    outer loop
      vertex 21.1332 -230.968 2.8
      vertex 22.7011 -232.383 2.8
      vertex 22.483 -232.426 2.8
    endloop
  endfacet
  facet normal 0 0 -1
    outer loop
      vertex 21.1332 -230.968 2.8
      vertex 22.483 -232.426 2.8
      vertex 22.2724 -232.497 2.8
    endloop
  endfacet
  facet normal 0 0 -1
    outer loop
      vertex 21.1332 -230.968 2.8
      vertex 22.2724 -232.497 2.8
      vertex 22.073 -232.596 2.8
    endloop
  endfacet
  facet normal 0 0 -1
    outer loop
      vertex 22.923 -232.368 2.8
      vertex 21.1332 -230.968 2.8
      vertex 24.7127 -230.968 2.8
    endloop
  endfacet
  facet normal 0 0 -1
    outer loop
      vertex 21.8881 -232.719 2.8
      vertex 21.1332 -230.968 2.8
      vertex 22.073 -232.596 2.8
    endloop
  endfacet
  facet normal 0 0 -1
    outer loop
      vertex 21.7209 -232.866 2.8
      vertex 21.1332 -230.968 2.8
      vertex 21.8881 -232.719 2.8
    endloop
  endfacet
  facet normal 0 0 -1
    outer loop
      vertex 21.5743 -233.033 2.8
      vertex 21.1332 -230.968 2.8
      vertex 21.7209 -232.866 2.8
    endloop
  endfacet
  facet normal 0 0 -1
    outer loop
      vertex 21.4508 -233.218 2.8
      vertex 21.1332 -230.968 2.8
      vertex 21.5743 -233.033 2.8
    endloop
  endfacet
  facet normal 0 0 -1
    outer loop
      vertex 19.3435 -234.068 2.8
      vertex 21.4508 -233.218 2.8
      vertex 21.3524 -233.417 2.8
    endloop
  endfacet
  facet normal 0 0 -1
    outer loop
      vertex 19.3435 -234.068 2.8
      vertex 21.3524 -233.417 2.8
      vertex 21.2809 -233.628 2.8
    endloop
  endfacet
  facet normal 0 0 -1
    outer loop
      vertex 19.3435 -234.068 2.8
      vertex 21.2809 -233.628 2.8
      vertex 21.2375 -233.846 2.8
    endloop
  endfacet
  facet normal 0 0 -1
    outer loop
      vertex 19.3435 -234.068 2.8
      vertex 21.2375 -233.846 2.8
      vertex 21.223 -234.068 2.8
    endloop
  endfacet
  facet normal 0 0 -1
    outer loop
      vertex 21.2375 -234.29 2.8
      vertex 19.3435 -234.068 2.8
      vertex 21.223 -234.068 2.8
    endloop
  endfacet
  facet normal -0 0 -1
    outer loop
      vertex 21.4508 -233.218 2.8
      vertex 19.3435 -234.068 2.8
      vertex 21.1332 -230.968 2.8
    endloop
  endfacet
  facet normal -0.980753 -0.195251 0
    outer loop
      vertex 24.6085 -233.846 2.8
      vertex 24.5651 -233.628 5
      vertex 24.5651 -233.628 2.8
    endloop
  endfacet
  facet normal -0.980753 -0.195251 0
    outer loop
      vertex 24.5651 -233.628 5
      vertex 24.6085 -233.846 2.8
      vertex 24.6085 -233.846 5
    endloop
  endfacet
  facet normal -0.997874 -0.0651764 0
    outer loop
      vertex 24.623 -234.068 2.8
      vertex 24.6085 -233.846 5
      vertex 24.6085 -233.846 2.8
    endloop
  endfacet
  facet normal -0.997874 -0.0651764 0
    outer loop
      vertex 24.6085 -233.846 5
      vertex 24.623 -234.068 2.8
      vertex 24.623 -234.068 5
    endloop
  endfacet
  facet normal -0.947101 -0.320937 0
    outer loop
      vertex 24.5651 -233.628 2.8
      vertex 24.4936 -233.417 5
      vertex 24.4936 -233.417 2.8
    endloop
  endfacet
  facet normal -0.947101 -0.320937 0
    outer loop
      vertex 24.4936 -233.417 5
      vertex 24.5651 -233.628 2.8
      vertex 24.5651 -233.628 5
    endloop
  endfacet
  facet normal 0.980753 -0.195251 0
    outer loop
      vertex 21.2375 -233.846 5
      vertex 21.2809 -233.628 2.8
      vertex 21.2809 -233.628 5
    endloop
  endfacet
  facet normal 0.980753 -0.195251 0
    outer loop
      vertex 21.2809 -233.628 2.8
      vertex 21.2375 -233.846 5
      vertex 21.2375 -233.846 2.8
    endloop
  endfacet
  facet normal -0.319466 -0.947598 0
    outer loop
      vertex 23.363 -232.426 2.8
      vertex 23.5736 -232.497 5
      vertex 23.363 -232.426 5
    endloop
  endfacet
  facet normal -0.319466 -0.947598 -0
    outer loop
      vertex 23.5736 -232.497 5
      vertex 23.363 -232.426 2.8
      vertex 23.5736 -232.497 2.8
    endloop
  endfacet
  facet normal -0.660284 0.751016 0
    outer loop
      vertex 24.1251 -235.27 2.8
      vertex 23.9579 -235.417 5
      vertex 24.1251 -235.27 5
    endloop
  endfacet
  facet normal -0.660284 0.751016 0
    outer loop
      vertex 23.9579 -235.417 5
      vertex 24.1251 -235.27 2.8
      vertex 23.9579 -235.417 2.8
    endloop
  endfacet
  facet normal 0.8964 0.443245 0
    outer loop
      vertex 21.4508 -234.918 5
      vertex 21.3524 -234.719 2.8
      vertex 21.3524 -234.719 5
    endloop
  endfacet
  facet normal 0.8964 0.443245 0
    outer loop
      vertex 21.3524 -234.719 2.8
      vertex 21.4508 -234.918 5
      vertex 21.4508 -234.918 2.8
    endloop
  endfacet
  facet normal -0.319466 0.947598 0
    outer loop
      vertex 23.5736 -235.639 2.8
      vertex 23.363 -235.71 5
      vertex 23.5736 -235.639 5
    endloop
  endfacet
  facet normal -0.319466 0.947598 0
    outer loop
      vertex 23.363 -235.71 5
      vertex 23.5736 -235.639 2.8
      vertex 23.363 -235.71 2.8
    endloop
  endfacet
  facet normal -0.8964 -0.443245 0
    outer loop
      vertex 24.4936 -233.417 2.8
      vertex 24.3952 -233.218 5
      vertex 24.3952 -233.218 2.8
    endloop
  endfacet
  facet normal -0.8964 -0.443245 0
    outer loop
      vertex 24.3952 -233.218 5
      vertex 24.4936 -233.417 2.8
      vertex 24.4936 -233.417 5
    endloop
  endfacet
  facet normal -0.751516 0.659714 0
    outer loop
      vertex 24.1251 -235.27 2.8
      vertex 24.2717 -235.103 5
      vertex 24.2717 -235.103 2.8
    endloop
  endfacet
  facet normal -0.751516 0.659714 0
    outer loop
      vertex 24.2717 -235.103 5
      vertex 24.1251 -235.27 2.8
      vertex 24.1251 -235.27 5
    endloop
  endfacet
  facet normal -0.947101 0.320937 0
    outer loop
      vertex 24.4936 -234.719 2.8
      vertex 24.5651 -234.508 5
      vertex 24.5651 -234.508 2.8
    endloop
  endfacet
  facet normal -0.947101 0.320937 0
    outer loop
      vertex 24.5651 -234.508 5
      vertex 24.4936 -234.719 2.8
      vertex 24.4936 -234.719 5
    endloop
  endfacet
  facet normal 0.553869 0.832604 -0
    outer loop
      vertex 22.073 -235.54 2.8
      vertex 21.8881 -235.417 5
      vertex 22.073 -235.54 5
    endloop
  endfacet
  facet normal 0.553869 0.832604 0
    outer loop
      vertex 21.8881 -235.417 5
      vertex 22.073 -235.54 2.8
      vertex 21.8881 -235.417 2.8
    endloop
  endfacet
  facet normal -0.553869 0.832604 0
    outer loop
      vertex 23.9579 -235.417 2.8
      vertex 23.773 -235.54 5
      vertex 23.9579 -235.417 5
    endloop
  endfacet
  facet normal -0.553869 0.832604 0
    outer loop
      vertex 23.773 -235.54 5
      vertex 23.9579 -235.417 2.8
      vertex 23.773 -235.54 2.8
    endloop
  endfacet
  facet normal 0.319466 0.947598 -0
    outer loop
      vertex 22.483 -235.71 2.8
      vertex 22.2724 -235.639 5
      vertex 22.483 -235.71 5
    endloop
  endfacet
  facet normal 0.319466 0.947598 0
    outer loop
      vertex 22.2724 -235.639 5
      vertex 22.483 -235.71 2.8
      vertex 22.2724 -235.639 2.8
    endloop
  endfacet
  facet normal 0.319466 -0.947598 0
    outer loop
      vertex 22.2724 -232.497 2.8
      vertex 22.483 -232.426 5
      vertex 22.2724 -232.497 5
    endloop
  endfacet
  facet normal 0.319466 -0.947598 0
    outer loop
      vertex 22.483 -232.426 5
      vertex 22.2724 -232.497 2.8
      vertex 22.483 -232.426 2.8
    endloop
  endfacet
  facet normal -0.831704 -0.555219 0
    outer loop
      vertex 24.3952 -233.218 2.8
      vertex 24.2717 -233.033 5
      vertex 24.2717 -233.033 2.8
    endloop
  endfacet
  facet normal -0.831704 -0.555219 0
    outer loop
      vertex 24.2717 -233.033 5
      vertex 24.3952 -233.218 2.8
      vertex 24.3952 -233.218 5
    endloop
  endfacet
  facet normal -0.193434 0.981113 0
    outer loop
      vertex 23.363 -235.71 2.8
      vertex 23.1449 -235.753 5
      vertex 23.363 -235.71 5
    endloop
  endfacet
  facet normal -0.193434 0.981113 0
    outer loop
      vertex 23.1449 -235.753 5
      vertex 23.363 -235.71 2.8
      vertex 23.1449 -235.753 2.8
    endloop
  endfacet
  facet normal 0.0674441 0.997723 -0
    outer loop
      vertex 22.923 -235.768 2.8
      vertex 22.7011 -235.753 5
      vertex 22.923 -235.768 5
    endloop
  endfacet
  facet normal 0.0674441 0.997723 0
    outer loop
      vertex 22.7011 -235.753 5
      vertex 22.923 -235.768 2.8
      vertex 22.7011 -235.753 2.8
    endloop
  endfacet
  facet normal -0.660284 -0.751016 0
    outer loop
      vertex 23.9579 -232.719 2.8
      vertex 24.1251 -232.866 5
      vertex 23.9579 -232.719 5
    endloop
  endfacet
  facet normal -0.660284 -0.751016 -0
    outer loop
      vertex 24.1251 -232.866 5
      vertex 23.9579 -232.719 2.8
      vertex 24.1251 -232.866 2.8
    endloop
  endfacet
  facet normal -0.444696 0.895681 0
    outer loop
      vertex 23.773 -235.54 2.8
      vertex 23.5736 -235.639 5
      vertex 23.773 -235.54 5
    endloop
  endfacet
  facet normal -0.444696 0.895681 0
    outer loop
      vertex 23.5736 -235.639 5
      vertex 23.773 -235.54 2.8
      vertex 23.5736 -235.639 2.8
    endloop
  endfacet
  facet normal 0.444696 0.895681 -0
    outer loop
      vertex 22.2724 -235.639 2.8
      vertex 22.073 -235.54 5
      vertex 22.2724 -235.639 5
    endloop
  endfacet
  facet normal 0.444696 0.895681 0
    outer loop
      vertex 22.073 -235.54 5
      vertex 22.2724 -235.639 2.8
      vertex 22.073 -235.54 2.8
    endloop
  endfacet
  facet normal 0.444696 -0.895681 0
    outer loop
      vertex 22.073 -232.596 2.8
      vertex 22.2724 -232.497 5
      vertex 22.073 -232.596 5
    endloop
  endfacet
  facet normal 0.444696 -0.895681 0
    outer loop
      vertex 22.2724 -232.497 5
      vertex 22.073 -232.596 2.8
      vertex 22.2724 -232.497 2.8
    endloop
  endfacet
  facet normal -0.751516 -0.659714 0
    outer loop
      vertex 24.2717 -233.033 2.8
      vertex 24.1251 -232.866 5
      vertex 24.1251 -232.866 2.8
    endloop
  endfacet
  facet normal -0.751516 -0.659714 0
    outer loop
      vertex 24.1251 -232.866 5
      vertex 24.2717 -233.033 2.8
      vertex 24.2717 -233.033 5
    endloop
  endfacet
  facet normal 0.193434 -0.981113 0
    outer loop
      vertex 22.483 -232.426 2.8
      vertex 22.7011 -232.383 5
      vertex 22.483 -232.426 5
    endloop
  endfacet
  facet normal 0.193434 -0.981113 0
    outer loop
      vertex 22.7011 -232.383 5
      vertex 22.483 -232.426 2.8
      vertex 22.7011 -232.383 2.8
    endloop
  endfacet
  facet normal -0.8964 0.443245 0
    outer loop
      vertex 24.3952 -234.918 2.8
      vertex 24.4936 -234.719 5
      vertex 24.4936 -234.719 2.8
    endloop
  endfacet
  facet normal -0.8964 0.443245 0
    outer loop
      vertex 24.4936 -234.719 5
      vertex 24.3952 -234.918 2.8
      vertex 24.3952 -234.918 5
    endloop
  endfacet
  facet normal 0.553869 -0.832604 0
    outer loop
      vertex 21.8881 -232.719 2.8
      vertex 22.073 -232.596 5
      vertex 21.8881 -232.719 5
    endloop
  endfacet
  facet normal 0.553869 -0.832604 0
    outer loop
      vertex 22.073 -232.596 5
      vertex 21.8881 -232.719 2.8
      vertex 22.073 -232.596 2.8
    endloop
  endfacet
  facet normal -0.980753 0.195251 0
    outer loop
      vertex 24.5651 -234.508 2.8
      vertex 24.6085 -234.29 5
      vertex 24.6085 -234.29 2.8
    endloop
  endfacet
  facet normal -0.980753 0.195251 0
    outer loop
      vertex 24.6085 -234.29 5
      vertex 24.5651 -234.508 2.8
      vertex 24.5651 -234.508 5
    endloop
  endfacet
  facet normal -0.997874 0.0651764 0
    outer loop
      vertex 24.6085 -234.29 2.8
      vertex 24.623 -234.068 5
      vertex 24.623 -234.068 2.8
    endloop
  endfacet
  facet normal -0.997874 0.0651764 0
    outer loop
      vertex 24.623 -234.068 5
      vertex 24.6085 -234.29 2.8
      vertex 24.6085 -234.29 5
    endloop
  endfacet
  facet normal 0.8964 -0.443245 0
    outer loop
      vertex 21.3524 -233.417 5
      vertex 21.4508 -233.218 2.8
      vertex 21.4508 -233.218 5
    endloop
  endfacet
  facet normal 0.8964 -0.443245 0
    outer loop
      vertex 21.4508 -233.218 2.8
      vertex 21.3524 -233.417 5
      vertex 21.3524 -233.417 2.8
    endloop
  endfacet
  facet normal 0.997874 0.0651764 0
    outer loop
      vertex 21.2375 -234.29 5
      vertex 21.223 -234.068 2.8
      vertex 21.223 -234.068 5
    endloop
  endfacet
  facet normal 0.997874 0.0651764 0
    outer loop
      vertex 21.223 -234.068 2.8
      vertex 21.2375 -234.29 5
      vertex 21.2375 -234.29 2.8
    endloop
  endfacet
  facet normal -0.0674441 -0.997723 0
    outer loop
      vertex 22.923 -232.368 2.8
      vertex 23.1449 -232.383 5
      vertex 22.923 -232.368 5
    endloop
  endfacet
  facet normal -0.0674441 -0.997723 -0
    outer loop
      vertex 23.1449 -232.383 5
      vertex 22.923 -232.368 2.8
      vertex 23.1449 -232.383 2.8
    endloop
  endfacet
  facet normal 0.660284 -0.751016 0
    outer loop
      vertex 21.7209 -232.866 2.8
      vertex 21.8881 -232.719 5
      vertex 21.7209 -232.866 5
    endloop
  endfacet
  facet normal 0.660284 -0.751016 0
    outer loop
      vertex 21.8881 -232.719 5
      vertex 21.7209 -232.866 2.8
      vertex 21.8881 -232.719 2.8
    endloop
  endfacet
  facet normal -0.193434 -0.981113 0
    outer loop
      vertex 23.1449 -232.383 2.8
      vertex 23.363 -232.426 5
      vertex 23.1449 -232.383 5
    endloop
  endfacet
  facet normal -0.193434 -0.981113 -0
    outer loop
      vertex 23.363 -232.426 5
      vertex 23.1449 -232.383 2.8
      vertex 23.363 -232.426 2.8
    endloop
  endfacet
  facet normal 0.997874 -0.0651764 0
    outer loop
      vertex 21.223 -234.068 5
      vertex 21.2375 -233.846 2.8
      vertex 21.2375 -233.846 5
    endloop
  endfacet
  facet normal 0.997874 -0.0651764 0
    outer loop
      vertex 21.2375 -233.846 2.8
      vertex 21.223 -234.068 5
      vertex 21.223 -234.068 2.8
    endloop
  endfacet
  facet normal -0.444696 -0.895681 0
    outer loop
      vertex 23.5736 -232.497 2.8
      vertex 23.773 -232.596 5
      vertex 23.5736 -232.497 5
    endloop
  endfacet
  facet normal -0.444696 -0.895681 -0
    outer loop
      vertex 23.773 -232.596 5
      vertex 23.5736 -232.497 2.8
      vertex 23.773 -232.596 2.8
    endloop
  endfacet
  facet normal -0.553869 -0.832604 0
    outer loop
      vertex 23.773 -232.596 2.8
      vertex 23.9579 -232.719 5
      vertex 23.773 -232.596 5
    endloop
  endfacet
  facet normal -0.553869 -0.832604 -0
    outer loop
      vertex 23.9579 -232.719 5
      vertex 23.773 -232.596 2.8
      vertex 23.9579 -232.719 2.8
    endloop
  endfacet
  facet normal 0.751516 0.659714 0
    outer loop
      vertex 21.7209 -235.27 5
      vertex 21.5743 -235.103 2.8
      vertex 21.5743 -235.103 5
    endloop
  endfacet
  facet normal 0.751516 0.659714 0
    outer loop
      vertex 21.5743 -235.103 2.8
      vertex 21.7209 -235.27 5
      vertex 21.7209 -235.27 2.8
    endloop
  endfacet
  facet normal 0.947101 -0.320937 0
    outer loop
      vertex 21.2809 -233.628 5
      vertex 21.3524 -233.417 2.8
      vertex 21.3524 -233.417 5
    endloop
  endfacet
  facet normal 0.947101 -0.320937 0
    outer loop
      vertex 21.3524 -233.417 2.8
      vertex 21.2809 -233.628 5
      vertex 21.2809 -233.628 2.8
    endloop
  endfacet
  facet normal -0.831704 0.555219 0
    outer loop
      vertex 24.2717 -235.103 2.8
      vertex 24.3952 -234.918 5
      vertex 24.3952 -234.918 2.8
    endloop
  endfacet
  facet normal -0.831704 0.555219 0
    outer loop
      vertex 24.3952 -234.918 5
      vertex 24.2717 -235.103 2.8
      vertex 24.2717 -235.103 5
    endloop
  endfacet
  facet normal 0.193434 0.981113 -0
    outer loop
      vertex 22.7011 -235.753 2.8
      vertex 22.483 -235.71 5
      vertex 22.7011 -235.753 5
    endloop
  endfacet
  facet normal 0.193434 0.981113 0
    outer loop
      vertex 22.483 -235.71 5
      vertex 22.7011 -235.753 2.8
      vertex 22.483 -235.71 2.8
    endloop
  endfacet
  facet normal 0.831704 0.555219 0
    outer loop
      vertex 21.5743 -235.103 5
      vertex 21.4508 -234.918 2.8
      vertex 21.4508 -234.918 5
    endloop
  endfacet
  facet normal 0.831704 0.555219 0
    outer loop
      vertex 21.4508 -234.918 2.8
      vertex 21.5743 -235.103 5
      vertex 21.5743 -235.103 2.8
    endloop
  endfacet
  facet normal 0.0674441 -0.997723 0
    outer loop
      vertex 22.7011 -232.383 2.8
      vertex 22.923 -232.368 5
      vertex 22.7011 -232.383 5
    endloop
  endfacet
  facet normal 0.0674441 -0.997723 0
    outer loop
      vertex 22.923 -232.368 5
      vertex 22.7011 -232.383 2.8
      vertex 22.923 -232.368 2.8
    endloop
  endfacet
  facet normal 0.947101 0.320937 0
    outer loop
      vertex 21.3524 -234.719 5
      vertex 21.2809 -234.508 2.8
      vertex 21.2809 -234.508 5
    endloop
  endfacet
  facet normal 0.947101 0.320937 0
    outer loop
      vertex 21.2809 -234.508 2.8
      vertex 21.3524 -234.719 5
      vertex 21.3524 -234.719 2.8
    endloop
  endfacet
  facet normal 0.980753 0.195251 0
    outer loop
      vertex 21.2809 -234.508 5
      vertex 21.2375 -234.29 2.8
      vertex 21.2375 -234.29 5
    endloop
  endfacet
  facet normal 0.980753 0.195251 0
    outer loop
      vertex 21.2375 -234.29 2.8
      vertex 21.2809 -234.508 5
      vertex 21.2809 -234.508 2.8
    endloop
  endfacet
  facet normal 0.831704 -0.555219 0
    outer loop
      vertex 21.4508 -233.218 5
      vertex 21.5743 -233.033 2.8
      vertex 21.5743 -233.033 5
    endloop
  endfacet
  facet normal 0.831704 -0.555219 0
    outer loop
      vertex 21.5743 -233.033 2.8
      vertex 21.4508 -233.218 5
      vertex 21.4508 -233.218 2.8
    endloop
  endfacet
  facet normal -0.0674441 0.997723 0
    outer loop
      vertex 23.1449 -235.753 2.8
      vertex 22.923 -235.768 5
      vertex 23.1449 -235.753 5
    endloop
  endfacet
  facet normal -0.0674441 0.997723 0
    outer loop
      vertex 22.923 -235.768 5
      vertex 23.1449 -235.753 2.8
      vertex 22.923 -235.768 2.8
    endloop
  endfacet
  facet normal 0.660284 0.751016 -0
    outer loop
      vertex 21.8881 -235.417 2.8
      vertex 21.7209 -235.27 5
      vertex 21.8881 -235.417 5
    endloop
  endfacet
  facet normal 0.660284 0.751016 0
    outer loop
      vertex 21.7209 -235.27 5
      vertex 21.8881 -235.417 2.8
      vertex 21.7209 -235.27 2.8
    endloop
  endfacet
  facet normal 0.751516 -0.659714 0
    outer loop
      vertex 21.5743 -233.033 5
      vertex 21.7209 -232.866 2.8
      vertex 21.7209 -232.866 5
    endloop
  endfacet
  facet normal 0.751516 -0.659714 0
    outer loop
      vertex 21.7209 -232.866 2.8
      vertex 21.5743 -233.033 5
      vertex 21.5743 -233.033 2.8
    endloop
  endfacet
  facet normal 1 0 0
    outer loop
      vertex 12.5 -91.572 12
      vertex 12.5 -99.871 6
      vertex 12.5 -91.572 0
    endloop
  endfacet
  facet normal 1 0 0
    outer loop
      vertex 12.5 -91.572 12
      vertex 12.5 -99.9289 6.43999
      vertex 12.5 -99.871 6
    endloop
  endfacet
  facet normal 1 0 0
    outer loop
      vertex 12.5 -91.572 12
      vertex 12.5 -100.099 6.85
      vertex 12.5 -99.9289 6.43999
    endloop
  endfacet
  facet normal 1 0 0
    outer loop
      vertex 12.5 -91.572 12
      vertex 12.5 -100.369 7.20208
      vertex 12.5 -100.099 6.85
    endloop
  endfacet
  facet normal 1 0 0
    outer loop
      vertex 12.5 -91.572 12
      vertex 12.5 -100.721 7.47224
      vertex 12.5 -100.369 7.20208
    endloop
  endfacet
  facet normal 1 0 0
    outer loop
      vertex 12.5 -91.572 12
      vertex 12.5 -101.131 7.64207
      vertex 12.5 -100.721 7.47224
    endloop
  endfacet
  facet normal 1 0 0
    outer loop
      vertex 12.5 -91.572 12
      vertex 12.5 -101.571 7.7
      vertex 12.5 -101.131 7.64207
    endloop
  endfacet
  facet normal 1 0 0
    outer loop
      vertex 12.5 -91.572 12
      vertex 12.5 -102.011 7.64207
      vertex 12.5 -101.571 7.7
    endloop
  endfacet
  facet normal 1 0 0
    outer loop
      vertex 12.5 -111.131 7.64207
      vertex 12.5 -102.011 7.64207
      vertex 12.5 -91.572 12
    endloop
  endfacet
  facet normal 1 0 0
    outer loop
      vertex 12.5 -103.213 6.43999
      vertex 12.5 -109.871 6
      vertex 12.5 -103.271 6
    endloop
  endfacet
  facet normal 1 0 0
    outer loop
      vertex 12.5 -109.929 6.43999
      vertex 12.5 -103.213 6.43999
      vertex 12.5 -103.043 6.85
    endloop
  endfacet
  facet normal 1 0 0
    outer loop
      vertex 12.5 -110.099 6.85
      vertex 12.5 -103.043 6.85
      vertex 12.5 -102.773 7.20208
    endloop
  endfacet
  facet normal 1 0 0
    outer loop
      vertex 12.5 -110.369 7.20208
      vertex 12.5 -102.773 7.20208
      vertex 12.5 -102.421 7.47224
    endloop
  endfacet
  facet normal 1 0 0
    outer loop
      vertex 12.5 -102.011 7.64207
      vertex 12.5 -111.131 7.64207
      vertex 12.5 -102.421 7.47224
    endloop
  endfacet
  facet normal 1 0 0
    outer loop
      vertex 12.5 -103.213 6.43999
      vertex 12.5 -109.929 6.43999
      vertex 12.5 -109.871 6
    endloop
  endfacet
  facet normal 1 0 0
    outer loop
      vertex 12.5 -103.043 6.85
      vertex 12.5 -110.099 6.85
      vertex 12.5 -109.929 6.43999
    endloop
  endfacet
  facet normal 1 0 0
    outer loop
      vertex 12.5 -102.773 7.20208
      vertex 12.5 -110.369 7.20208
      vertex 12.5 -110.099 6.85
    endloop
  endfacet
  facet normal 1 0 0
    outer loop
      vertex 12.5 -102.421 7.47224
      vertex 12.5 -110.721 7.47224
      vertex 12.5 -110.369 7.20208
    endloop
  endfacet
  facet normal 1 0 0
    outer loop
      vertex 12.5 -102.421 7.47224
      vertex 12.5 -111.131 7.64207
      vertex 12.5 -110.721 7.47224
    endloop
  endfacet
  facet normal 1 0 0
    outer loop
      vertex 12.5 -91.572 12
      vertex 12.5 -111.571 7.7
      vertex 12.5 -111.131 7.64207
    endloop
  endfacet
  facet normal 1 0 0
    outer loop
      vertex 12.5 -121.571 7.7
      vertex 12.5 -111.571 7.7
      vertex 12.5 -91.572 12
    endloop
  endfacet
  facet normal 1 0 0
    outer loop
      vertex 12.5 -113.213 6.43999
      vertex 12.5 -119.871 6
      vertex 12.5 -113.271 6
    endloop
  endfacet
  facet normal 1 0 0
    outer loop
      vertex 12.5 -119.929 6.43999
      vertex 12.5 -113.213 6.43999
      vertex 12.5 -113.043 6.85
    endloop
  endfacet
  facet normal 1 0 0
    outer loop
      vertex 12.5 -120.099 6.85
      vertex 12.5 -113.043 6.85
      vertex 12.5 -112.773 7.20208
    endloop
  endfacet
  facet normal 1 0 0
    outer loop
      vertex 12.5 -120.369 7.20208
      vertex 12.5 -112.773 7.20208
      vertex 12.5 -112.421 7.47224
    endloop
  endfacet
  facet normal 1 0 0
    outer loop
      vertex 12.5 -120.721 7.47224
      vertex 12.5 -112.421 7.47224
      vertex 12.5 -112.011 7.64207
    endloop
  endfacet
  facet normal 1 0 0
    outer loop
      vertex 12.5 -111.571 7.7
      vertex 12.5 -121.571 7.7
      vertex 12.5 -112.011 7.64207
    endloop
  endfacet
  facet normal 1 0 0
    outer loop
      vertex 12.5 -113.213 6.43999
      vertex 12.5 -119.929 6.43999
      vertex 12.5 -119.871 6
    endloop
  endfacet
  facet normal 1 0 0
    outer loop
      vertex 12.5 -113.043 6.85
      vertex 12.5 -120.099 6.85
      vertex 12.5 -119.929 6.43999
    endloop
  endfacet
  facet normal 1 0 0
    outer loop
      vertex 12.5 -112.773 7.20208
      vertex 12.5 -120.369 7.20208
      vertex 12.5 -120.099 6.85
    endloop
  endfacet
  facet normal 1 0 0
    outer loop
      vertex 12.5 -112.421 7.47224
      vertex 12.5 -120.721 7.47224
      vertex 12.5 -120.369 7.20208
    endloop
  endfacet
  facet normal 1 0 0
    outer loop
      vertex 12.5 -112.011 7.64207
      vertex 12.5 -121.131 7.64207
      vertex 12.5 -120.721 7.47224
    endloop
  endfacet
  facet normal 1 0 0
    outer loop
      vertex 12.5 -112.011 7.64207
      vertex 12.5 -121.571 7.7
      vertex 12.5 -121.131 7.64207
    endloop
  endfacet
  facet normal 1 0 0
    outer loop
      vertex 12.5 -131.571 7.7
      vertex 12.5 -121.571 7.7
      vertex 12.5 -91.572 12
    endloop
  endfacet
  facet normal 1 0 0
    outer loop
      vertex 12.5 -123.213 6.43999
      vertex 12.5 -129.871 6
      vertex 12.5 -123.271 6
    endloop
  endfacet
  facet normal 1 0 0
    outer loop
      vertex 12.5 -129.929 6.43999
      vertex 12.5 -123.213 6.43999
      vertex 12.5 -123.043 6.85
    endloop
  endfacet
  facet normal 1 0 0
    outer loop
      vertex 12.5 -130.099 6.85
      vertex 12.5 -123.043 6.85
      vertex 12.5 -122.773 7.20208
    endloop
  endfacet
  facet normal 1 0 0
    outer loop
      vertex 12.5 -130.369 7.20208
      vertex 12.5 -122.773 7.20208
      vertex 12.5 -122.421 7.47224
    endloop
  endfacet
  facet normal 1 0 0
    outer loop
      vertex 12.5 -130.721 7.47224
      vertex 12.5 -122.421 7.47224
      vertex 12.5 -122.011 7.64207
    endloop
  endfacet
  facet normal 1 0 0
    outer loop
      vertex 12.5 -123.213 6.43999
      vertex 12.5 -129.929 6.43999
      vertex 12.5 -129.871 6
    endloop
  endfacet
  facet normal 1 0 0
    outer loop
      vertex 12.5 -123.043 6.85
      vertex 12.5 -130.099 6.85
      vertex 12.5 -129.929 6.43999
    endloop
  endfacet
  facet normal 1 0 0
    outer loop
      vertex 12.5 -121.571 7.7
      vertex 12.5 -131.571 7.7
      vertex 12.5 -122.011 7.64207
    endloop
  endfacet
  facet normal 1 0 0
    outer loop
      vertex 12.5 -122.773 7.20208
      vertex 12.5 -130.369 7.20208
      vertex 12.5 -130.099 6.85
    endloop
  endfacet
  facet normal 1 0 0
    outer loop
      vertex 12.5 -122.421 7.47224
      vertex 12.5 -130.721 7.47224
      vertex 12.5 -130.369 7.20208
    endloop
  endfacet
  facet normal 1 0 0
    outer loop
      vertex 12.5 -122.011 7.64207
      vertex 12.5 -131.131 7.64207
      vertex 12.5 -130.721 7.47224
    endloop
  endfacet
  facet normal 1 0 0
    outer loop
      vertex 12.5 -122.011 7.64207
      vertex 12.5 -131.571 7.7
      vertex 12.5 -131.131 7.64207
    endloop
  endfacet
  facet normal 1 0 0
    outer loop
      vertex 12.5 -133.213 6.43999
      vertex 12.5 -139.871 6
      vertex 12.5 -133.271 6
    endloop
  endfacet
  facet normal 1 0 0
    outer loop
      vertex 12.5 -139.929 6.43999
      vertex 12.5 -133.213 6.43999
      vertex 12.5 -133.043 6.85
    endloop
  endfacet
  facet normal 1 0 0
    outer loop
      vertex 12.5 -140.099 6.85
      vertex 12.5 -133.043 6.85
      vertex 12.5 -132.773 7.20208
    endloop
  endfacet
  facet normal 1 0 0
    outer loop
      vertex 12.5 -140.369 7.20208
      vertex 12.5 -132.773 7.20208
      vertex 12.5 -132.421 7.47224
    endloop
  endfacet
  facet normal 1 0 0
    outer loop
      vertex 12.5 -140.721 7.47224
      vertex 12.5 -132.421 7.47224
      vertex 12.5 -132.011 7.64207
    endloop
  endfacet
  facet normal 1 0 0
    outer loop
      vertex 12.5 -133.213 6.43999
      vertex 12.5 -139.929 6.43999
      vertex 12.5 -139.871 6
    endloop
  endfacet
  facet normal 1 0 0
    outer loop
      vertex 12.5 -133.043 6.85
      vertex 12.5 -140.099 6.85
      vertex 12.5 -139.929 6.43999
    endloop
  endfacet
  facet normal 1 0 0
    outer loop
      vertex 12.5 -141.131 7.64207
      vertex 12.5 -132.011 7.64207
      vertex 12.5 -131.571 7.7
    endloop
  endfacet
  facet normal 1 0 0
    outer loop
      vertex 12.5 -141.571 7.7
      vertex 12.5 -131.571 7.7
      vertex 12.5 -91.572 12
    endloop
  endfacet
  facet normal 1 0 0
    outer loop
      vertex 12.5 -132.773 7.20208
      vertex 12.5 -140.369 7.20208
      vertex 12.5 -140.099 6.85
    endloop
  endfacet
  facet normal 1 0 0
    outer loop
      vertex 12.5 -132.421 7.47224
      vertex 12.5 -140.721 7.47224
      vertex 12.5 -140.369 7.20208
    endloop
  endfacet
  facet normal 1 0 0
    outer loop
      vertex 12.5 -132.011 7.64207
      vertex 12.5 -141.131 7.64207
      vertex 12.5 -140.721 7.47224
    endloop
  endfacet
  facet normal 1 0 0
    outer loop
      vertex 12.5 -131.571 7.7
      vertex 12.5 -141.571 7.7
      vertex 12.5 -141.131 7.64207
    endloop
  endfacet
  facet normal 1 0 0
    outer loop
      vertex 12.5 -143.213 6.43999
      vertex 12.5 -149.871 6
      vertex 12.5 -143.271 6
    endloop
  endfacet
  facet normal 1 0 0
    outer loop
      vertex 12.5 -149.929 6.43999
      vertex 12.5 -143.213 6.43999
      vertex 12.5 -143.043 6.85
    endloop
  endfacet
  facet normal 1 0 0
    outer loop
      vertex 12.5 -150.099 6.85
      vertex 12.5 -143.043 6.85
      vertex 12.5 -142.773 7.20208
    endloop
  endfacet
  facet normal 1 0 0
    outer loop
      vertex 12.5 -150.369 7.20208
      vertex 12.5 -142.773 7.20208
      vertex 12.5 -142.421 7.47224
    endloop
  endfacet
  facet normal 1 0 0
    outer loop
      vertex 12.5 -150.721 7.47224
      vertex 12.5 -142.421 7.47224
      vertex 12.5 -142.011 7.64207
    endloop
  endfacet
  facet normal 1 0 0
    outer loop
      vertex 12.5 -143.213 6.43999
      vertex 12.5 -149.929 6.43999
      vertex 12.5 -149.871 6
    endloop
  endfacet
  facet normal 1 0 0
    outer loop
      vertex 12.5 -143.043 6.85
      vertex 12.5 -150.099 6.85
      vertex 12.5 -149.929 6.43999
    endloop
  endfacet
  facet normal 1 0 0
    outer loop
      vertex 12.5 -151.131 7.64207
      vertex 12.5 -142.011 7.64207
      vertex 12.5 -141.571 7.7
    endloop
  endfacet
  facet normal 1 0 0
    outer loop
      vertex 12.5 -142.773 7.20208
      vertex 12.5 -150.369 7.20208
      vertex 12.5 -150.099 6.85
    endloop
  endfacet
  facet normal 1 -0 0
    outer loop
      vertex 12.5 -179.571 12
      vertex 12.5 -141.571 7.7
      vertex 12.5 -91.572 12
    endloop
  endfacet
  facet normal 1 0 0
    outer loop
      vertex 12.5 -142.421 7.47224
      vertex 12.5 -150.721 7.47224
      vertex 12.5 -150.369 7.20208
    endloop
  endfacet
  facet normal 1 0 0
    outer loop
      vertex 12.5 -142.011 7.64207
      vertex 12.5 -151.131 7.64207
      vertex 12.5 -150.721 7.47224
    endloop
  endfacet
  facet normal 1 0 0
    outer loop
      vertex 12.5 -141.571 7.7
      vertex 12.5 -151.571 7.7
      vertex 12.5 -151.131 7.64207
    endloop
  endfacet
  facet normal 1 0 0
    outer loop
      vertex 12.5 -153.213 6.43999
      vertex 12.5 -159.871 6
      vertex 12.5 -153.271 6
    endloop
  endfacet
  facet normal 1 0 0
    outer loop
      vertex 12.5 -159.929 6.43999
      vertex 12.5 -153.213 6.43999
      vertex 12.5 -153.043 6.85
    endloop
  endfacet
  facet normal 1 0 0
    outer loop
      vertex 12.5 -160.099 6.85
      vertex 12.5 -153.043 6.85
      vertex 12.5 -152.773 7.20208
    endloop
  endfacet
  facet normal 1 0 0
    outer loop
      vertex 12.5 -160.369 7.20208
      vertex 12.5 -152.773 7.20208
      vertex 12.5 -152.421 7.47224
    endloop
  endfacet
  facet normal 1 0 0
    outer loop
      vertex 12.5 -160.721 7.47224
      vertex 12.5 -152.421 7.47224
      vertex 12.5 -152.011 7.64207
    endloop
  endfacet
  facet normal 1 0 0
    outer loop
      vertex 12.5 -153.213 6.43999
      vertex 12.5 -159.929 6.43999
      vertex 12.5 -159.871 6
    endloop
  endfacet
  facet normal 1 0 0
    outer loop
      vertex 12.5 -153.043 6.85
      vertex 12.5 -160.099 6.85
      vertex 12.5 -159.929 6.43999
    endloop
  endfacet
  facet normal 1 0 0
    outer loop
      vertex 12.5 -161.131 7.64207
      vertex 12.5 -152.011 7.64207
      vertex 12.5 -151.571 7.7
    endloop
  endfacet
  facet normal 1 0 0
    outer loop
      vertex 12.5 -152.773 7.20208
      vertex 12.5 -160.369 7.20208
      vertex 12.5 -160.099 6.85
    endloop
  endfacet
  facet normal 1 0 0
    outer loop
      vertex 12.5 -141.571 7.7
      vertex 12.5 -179.571 12
      vertex 12.5 -151.571 7.7
    endloop
  endfacet
  facet normal 1 0 0
    outer loop
      vertex 12.5 -152.421 7.47224
      vertex 12.5 -160.721 7.47224
      vertex 12.5 -160.369 7.20208
    endloop
  endfacet
  facet normal 1 0 0
    outer loop
      vertex 12.5 -152.011 7.64207
      vertex 12.5 -161.131 7.64207
      vertex 12.5 -160.721 7.47224
    endloop
  endfacet
  facet normal 1 0 -0
    outer loop
      vertex 12.5 -161.571 7.7
      vertex 12.5 -151.571 7.7
      vertex 12.5 -179.571 12
    endloop
  endfacet
  facet normal 1 0 0
    outer loop
      vertex 12.5 -163.213 6.43999
      vertex 12.5 -179.571 12
      vertex 12.5 -163.271 6
    endloop
  endfacet
  facet normal 1 0 0
    outer loop
      vertex 12.5 -163.043 6.85
      vertex 12.5 -179.571 12
      vertex 12.5 -163.213 6.43999
    endloop
  endfacet
  facet normal 1 0 0
    outer loop
      vertex 12.5 -162.773 7.20208
      vertex 12.5 -179.571 12
      vertex 12.5 -163.043 6.85
    endloop
  endfacet
  facet normal 1 0 0
    outer loop
      vertex 12.5 -162.421 7.47224
      vertex 12.5 -179.571 12
      vertex 12.5 -162.773 7.20208
    endloop
  endfacet
  facet normal 1 0 0
    outer loop
      vertex 12.5 -162.011 7.64207
      vertex 12.5 -179.571 12
      vertex 12.5 -162.421 7.47224
    endloop
  endfacet
  facet normal 1 0 0
    outer loop
      vertex 12.5 -161.571 7.7
      vertex 12.5 -179.571 12
      vertex 12.5 -162.011 7.64207
    endloop
  endfacet
  facet normal 1 0 0
    outer loop
      vertex 12.5 -151.571 7.7
      vertex 12.5 -161.571 7.7
      vertex 12.5 -161.131 7.64207
    endloop
  endfacet
  facet normal 1 -0 0
    outer loop
      vertex 12.5 -99.9289 5.56001
      vertex 12.5 -91.572 0
      vertex 12.5 -99.871 6
    endloop
  endfacet
  facet normal 1 -0 0
    outer loop
      vertex 12.5 -100.099 5.15
      vertex 12.5 -91.572 0
      vertex 12.5 -99.9289 5.56001
    endloop
  endfacet
  facet normal 1 -0 0
    outer loop
      vertex 12.5 -100.369 4.79792
      vertex 12.5 -91.572 0
      vertex 12.5 -100.099 5.15
    endloop
  endfacet
  facet normal 1 -0 0
    outer loop
      vertex 12.5 -100.721 4.52776
      vertex 12.5 -91.572 0
      vertex 12.5 -100.369 4.79792
    endloop
  endfacet
  facet normal 1 -0 0
    outer loop
      vertex 12.5 -101.131 4.35793
      vertex 12.5 -91.572 0
      vertex 12.5 -100.721 4.52776
    endloop
  endfacet
  facet normal 1 -0 0
    outer loop
      vertex 12.5 -101.571 4.3
      vertex 12.5 -91.572 0
      vertex 12.5 -101.131 4.35793
    endloop
  endfacet
  facet normal 1 0 0
    outer loop
      vertex 12.5 -102.011 4.35793
      vertex 12.5 -91.572 0
      vertex 12.5 -101.571 4.3
    endloop
  endfacet
  facet normal 1 0 0
    outer loop
      vertex 12.5 -111.131 4.35793
      vertex 12.5 -102.011 4.35793
      vertex 12.5 -102.421 4.52776
    endloop
  endfacet
  facet normal 1 -0 0
    outer loop
      vertex 12.5 -109.871 6
      vertex 12.5 -103.213 5.56001
      vertex 12.5 -103.271 6
    endloop
  endfacet
  facet normal 1 0 0
    outer loop
      vertex 12.5 -109.929 5.56001
      vertex 12.5 -103.213 5.56001
      vertex 12.5 -109.871 6
    endloop
  endfacet
  facet normal 1 0 0
    outer loop
      vertex 12.5 -103.213 5.56001
      vertex 12.5 -109.929 5.56001
      vertex 12.5 -103.043 5.15
    endloop
  endfacet
  facet normal 1 0 0
    outer loop
      vertex 12.5 -110.099 5.15
      vertex 12.5 -103.043 5.15
      vertex 12.5 -109.929 5.56001
    endloop
  endfacet
  facet normal 1 0 0
    outer loop
      vertex 12.5 -103.043 5.15
      vertex 12.5 -110.099 5.15
      vertex 12.5 -102.773 4.79792
    endloop
  endfacet
  facet normal 1 0 0
    outer loop
      vertex 12.5 -110.369 4.79792
      vertex 12.5 -102.773 4.79792
      vertex 12.5 -110.099 5.15
    endloop
  endfacet
  facet normal 1 0 0
    outer loop
      vertex 12.5 -102.773 4.79792
      vertex 12.5 -110.369 4.79792
      vertex 12.5 -102.421 4.52776
    endloop
  endfacet
  facet normal 1 0 0
    outer loop
      vertex 12.5 -110.721 4.52776
      vertex 12.5 -102.421 4.52776
      vertex 12.5 -110.369 4.79792
    endloop
  endfacet
  facet normal 1 0 0
    outer loop
      vertex 12.5 -111.131 4.35793
      vertex 12.5 -102.421 4.52776
      vertex 12.5 -110.721 4.52776
    endloop
  endfacet
  facet normal 1 0 0
    outer loop
      vertex 12.5 -102.011 4.35793
      vertex 12.5 -111.131 4.35793
      vertex 12.5 -91.572 0
    endloop
  endfacet
  facet normal 1 -0 0
    outer loop
      vertex 12.5 -111.571 4.3
      vertex 12.5 -91.572 0
      vertex 12.5 -111.131 4.35793
    endloop
  endfacet
  facet normal 1 0 0
    outer loop
      vertex 12.5 -121.571 4.3
      vertex 12.5 -111.571 4.3
      vertex 12.5 -112.011 4.35793
    endloop
  endfacet
  facet normal 1 -0 0
    outer loop
      vertex 12.5 -119.871 6
      vertex 12.5 -113.213 5.56001
      vertex 12.5 -113.271 6
    endloop
  endfacet
  facet normal 1 0 0
    outer loop
      vertex 12.5 -119.929 5.56001
      vertex 12.5 -113.213 5.56001
      vertex 12.5 -119.871 6
    endloop
  endfacet
  facet normal 1 0 0
    outer loop
      vertex 12.5 -113.213 5.56001
      vertex 12.5 -119.929 5.56001
      vertex 12.5 -113.043 5.15
    endloop
  endfacet
  facet normal 1 0 0
    outer loop
      vertex 12.5 -120.099 5.15
      vertex 12.5 -113.043 5.15
      vertex 12.5 -119.929 5.56001
    endloop
  endfacet
  facet normal 1 0 0
    outer loop
      vertex 12.5 -113.043 5.15
      vertex 12.5 -120.099 5.15
      vertex 12.5 -112.773 4.79792
    endloop
  endfacet
  facet normal 1 0 0
    outer loop
      vertex 12.5 -120.369 4.79792
      vertex 12.5 -112.773 4.79792
      vertex 12.5 -120.099 5.15
    endloop
  endfacet
  facet normal 1 0 0
    outer loop
      vertex 12.5 -112.773 4.79792
      vertex 12.5 -120.369 4.79792
      vertex 12.5 -112.421 4.52776
    endloop
  endfacet
  facet normal 1 0 0
    outer loop
      vertex 12.5 -120.721 4.52776
      vertex 12.5 -112.421 4.52776
      vertex 12.5 -120.369 4.79792
    endloop
  endfacet
  facet normal 1 0 0
    outer loop
      vertex 12.5 -112.421 4.52776
      vertex 12.5 -120.721 4.52776
      vertex 12.5 -112.011 4.35793
    endloop
  endfacet
  facet normal 1 0 0
    outer loop
      vertex 12.5 -121.131 4.35793
      vertex 12.5 -112.011 4.35793
      vertex 12.5 -120.721 4.52776
    endloop
  endfacet
  facet normal 1 0 0
    outer loop
      vertex 12.5 -121.571 4.3
      vertex 12.5 -112.011 4.35793
      vertex 12.5 -121.131 4.35793
    endloop
  endfacet
  facet normal 1 0 0
    outer loop
      vertex 12.5 -111.571 4.3
      vertex 12.5 -121.571 4.3
      vertex 12.5 -91.572 0
    endloop
  endfacet
  facet normal 1 0 0
    outer loop
      vertex 12.5 -131.571 4.3
      vertex 12.5 -121.571 4.3
      vertex 12.5 -122.011 4.35793
    endloop
  endfacet
  facet normal 1 -0 0
    outer loop
      vertex 12.5 -129.871 6
      vertex 12.5 -123.213 5.56001
      vertex 12.5 -123.271 6
    endloop
  endfacet
  facet normal 1 0 0
    outer loop
      vertex 12.5 -129.929 5.56001
      vertex 12.5 -123.213 5.56001
      vertex 12.5 -129.871 6
    endloop
  endfacet
  facet normal 1 0 0
    outer loop
      vertex 12.5 -123.213 5.56001
      vertex 12.5 -129.929 5.56001
      vertex 12.5 -123.043 5.15
    endloop
  endfacet
  facet normal 1 0 0
    outer loop
      vertex 12.5 -130.099 5.15
      vertex 12.5 -123.043 5.15
      vertex 12.5 -129.929 5.56001
    endloop
  endfacet
  facet normal 1 0 0
    outer loop
      vertex 12.5 -123.043 5.15
      vertex 12.5 -130.099 5.15
      vertex 12.5 -122.773 4.79792
    endloop
  endfacet
  facet normal 1 0 0
    outer loop
      vertex 12.5 -130.369 4.79792
      vertex 12.5 -122.773 4.79792
      vertex 12.5 -130.099 5.15
    endloop
  endfacet
  facet normal 1 0 0
    outer loop
      vertex 12.5 -122.773 4.79792
      vertex 12.5 -130.369 4.79792
      vertex 12.5 -122.421 4.52776
    endloop
  endfacet
  facet normal 1 0 0
    outer loop
      vertex 12.5 -130.721 4.52776
      vertex 12.5 -122.421 4.52776
      vertex 12.5 -130.369 4.79792
    endloop
  endfacet
  facet normal 1 0 0
    outer loop
      vertex 12.5 -122.421 4.52776
      vertex 12.5 -130.721 4.52776
      vertex 12.5 -122.011 4.35793
    endloop
  endfacet
  facet normal 1 0 0
    outer loop
      vertex 12.5 -131.131 4.35793
      vertex 12.5 -122.011 4.35793
      vertex 12.5 -130.721 4.52776
    endloop
  endfacet
  facet normal 1 0 0
    outer loop
      vertex 12.5 -131.571 4.3
      vertex 12.5 -122.011 4.35793
      vertex 12.5 -131.131 4.35793
    endloop
  endfacet
  facet normal 1 0 0
    outer loop
      vertex 12.5 -121.571 4.3
      vertex 12.5 -131.571 4.3
      vertex 12.5 -91.572 0
    endloop
  endfacet
  facet normal 1 -0 0
    outer loop
      vertex 12.5 -139.871 6
      vertex 12.5 -133.213 5.56001
      vertex 12.5 -133.271 6
    endloop
  endfacet
  facet normal 1 0 0
    outer loop
      vertex 12.5 -139.929 5.56001
      vertex 12.5 -133.213 5.56001
      vertex 12.5 -139.871 6
    endloop
  endfacet
  facet normal 1 0 0
    outer loop
      vertex 12.5 -133.213 5.56001
      vertex 12.5 -139.929 5.56001
      vertex 12.5 -133.043 5.15
    endloop
  endfacet
  facet normal 1 0 0
    outer loop
      vertex 12.5 -140.099 5.15
      vertex 12.5 -133.043 5.15
      vertex 12.5 -139.929 5.56001
    endloop
  endfacet
  facet normal 1 0 0
    outer loop
      vertex 12.5 -133.043 5.15
      vertex 12.5 -140.099 5.15
      vertex 12.5 -132.773 4.79792
    endloop
  endfacet
  facet normal 1 0 0
    outer loop
      vertex 12.5 -140.369 4.79792
      vertex 12.5 -132.773 4.79792
      vertex 12.5 -140.099 5.15
    endloop
  endfacet
  facet normal 1 0 0
    outer loop
      vertex 12.5 -132.773 4.79792
      vertex 12.5 -140.369 4.79792
      vertex 12.5 -132.421 4.52776
    endloop
  endfacet
  facet normal 1 0 0
    outer loop
      vertex 12.5 -140.721 4.52776
      vertex 12.5 -132.421 4.52776
      vertex 12.5 -140.369 4.79792
    endloop
  endfacet
  facet normal 1 0 0
    outer loop
      vertex 12.5 -132.421 4.52776
      vertex 12.5 -140.721 4.52776
      vertex 12.5 -132.011 4.35793
    endloop
  endfacet
  facet normal 1 0 0
    outer loop
      vertex 12.5 -141.131 4.35793
      vertex 12.5 -132.011 4.35793
      vertex 12.5 -140.721 4.52776
    endloop
  endfacet
  facet normal 1 0 0
    outer loop
      vertex 12.5 -132.011 4.35793
      vertex 12.5 -141.131 4.35793
      vertex 12.5 -131.571 4.3
    endloop
  endfacet
  facet normal 1 0 0
    outer loop
      vertex 12.5 -141.571 4.3
      vertex 12.5 -131.571 4.3
      vertex 12.5 -141.131 4.35793
    endloop
  endfacet
  facet normal 1 0 0
    outer loop
      vertex 12.5 -131.571 4.3
      vertex 12.5 -141.571 4.3
      vertex 12.5 -91.572 0
    endloop
  endfacet
  facet normal 1 -0 0
    outer loop
      vertex 12.5 -149.871 6
      vertex 12.5 -143.213 5.56001
      vertex 12.5 -143.271 6
    endloop
  endfacet
  facet normal 1 0 0
    outer loop
      vertex 12.5 -149.929 5.56001
      vertex 12.5 -143.213 5.56001
      vertex 12.5 -149.871 6
    endloop
  endfacet
  facet normal 1 0 0
    outer loop
      vertex 12.5 -143.213 5.56001
      vertex 12.5 -149.929 5.56001
      vertex 12.5 -143.043 5.15
    endloop
  endfacet
  facet normal 1 0 0
    outer loop
      vertex 12.5 -150.099 5.15
      vertex 12.5 -143.043 5.15
      vertex 12.5 -149.929 5.56001
    endloop
  endfacet
  facet normal 1 0 0
    outer loop
      vertex 12.5 -143.043 5.15
      vertex 12.5 -150.099 5.15
      vertex 12.5 -142.773 4.79792
    endloop
  endfacet
  facet normal 1 0 0
    outer loop
      vertex 12.5 -150.369 4.79792
      vertex 12.5 -142.773 4.79792
      vertex 12.5 -150.099 5.15
    endloop
  endfacet
  facet normal 1 0 0
    outer loop
      vertex 12.5 -142.773 4.79792
      vertex 12.5 -150.369 4.79792
      vertex 12.5 -142.421 4.52776
    endloop
  endfacet
  facet normal 1 0 0
    outer loop
      vertex 12.5 -150.721 4.52776
      vertex 12.5 -142.421 4.52776
      vertex 12.5 -150.369 4.79792
    endloop
  endfacet
  facet normal 1 0 0
    outer loop
      vertex 12.5 -142.421 4.52776
      vertex 12.5 -150.721 4.52776
      vertex 12.5 -142.011 4.35793
    endloop
  endfacet
  facet normal 1 0 0
    outer loop
      vertex 12.5 -151.131 4.35793
      vertex 12.5 -142.011 4.35793
      vertex 12.5 -150.721 4.52776
    endloop
  endfacet
  facet normal 1 0 0
    outer loop
      vertex 12.5 -142.011 4.35793
      vertex 12.5 -151.131 4.35793
      vertex 12.5 -141.571 4.3
    endloop
  endfacet
  facet normal 1 0 0
    outer loop
      vertex 12.5 -151.571 4.3
      vertex 12.5 -141.571 4.3
      vertex 12.5 -151.131 4.35793
    endloop
  endfacet
  facet normal 1 0 0
    outer loop
      vertex 12.5 -179.571 0
      vertex 12.5 -141.571 4.3
      vertex 12.5 -151.571 4.3
    endloop
  endfacet
  facet normal 1 -0 0
    outer loop
      vertex 12.5 -159.871 6
      vertex 12.5 -153.213 5.56001
      vertex 12.5 -153.271 6
    endloop
  endfacet
  facet normal 1 0 0
    outer loop
      vertex 12.5 -159.929 5.56001
      vertex 12.5 -153.213 5.56001
      vertex 12.5 -159.871 6
    endloop
  endfacet
  facet normal 1 0 0
    outer loop
      vertex 12.5 -153.213 5.56001
      vertex 12.5 -159.929 5.56001
      vertex 12.5 -153.043 5.15
    endloop
  endfacet
  facet normal 1 0 0
    outer loop
      vertex 12.5 -160.099 5.15
      vertex 12.5 -153.043 5.15
      vertex 12.5 -159.929 5.56001
    endloop
  endfacet
  facet normal 1 0 0
    outer loop
      vertex 12.5 -153.043 5.15
      vertex 12.5 -160.099 5.15
      vertex 12.5 -152.773 4.79792
    endloop
  endfacet
  facet normal 1 0 0
    outer loop
      vertex 12.5 -160.369 4.79792
      vertex 12.5 -152.773 4.79792
      vertex 12.5 -160.099 5.15
    endloop
  endfacet
  facet normal 1 0 0
    outer loop
      vertex 12.5 -152.773 4.79792
      vertex 12.5 -160.369 4.79792
      vertex 12.5 -152.421 4.52776
    endloop
  endfacet
  facet normal 1 0 0
    outer loop
      vertex 12.5 -160.721 4.52776
      vertex 12.5 -152.421 4.52776
      vertex 12.5 -160.369 4.79792
    endloop
  endfacet
  facet normal 1 0 0
    outer loop
      vertex 12.5 -152.421 4.52776
      vertex 12.5 -160.721 4.52776
      vertex 12.5 -152.011 4.35793
    endloop
  endfacet
  facet normal 1 0 0
    outer loop
      vertex 12.5 -161.131 4.35793
      vertex 12.5 -152.011 4.35793
      vertex 12.5 -160.721 4.52776
    endloop
  endfacet
  facet normal 1 0 0
    outer loop
      vertex 12.5 -152.011 4.35793
      vertex 12.5 -161.131 4.35793
      vertex 12.5 -151.571 4.3
    endloop
  endfacet
  facet normal 1 0 0
    outer loop
      vertex 12.5 -161.571 4.3
      vertex 12.5 -151.571 4.3
      vertex 12.5 -161.131 4.35793
    endloop
  endfacet
  facet normal 1 0 0
    outer loop
      vertex 12.5 -151.571 4.3
      vertex 12.5 -161.571 4.3
      vertex 12.5 -179.571 0
    endloop
  endfacet
  facet normal 1 0 0
    outer loop
      vertex 12.5 -179.571 0
      vertex 12.5 -163.271 6
      vertex 12.5 -179.571 12
    endloop
  endfacet
  facet normal 1 0 0
    outer loop
      vertex 12.5 -163.271 6
      vertex 12.5 -179.571 0
      vertex 12.5 -163.213 5.56001
    endloop
  endfacet
  facet normal 1 0 0
    outer loop
      vertex 12.5 -163.213 5.56001
      vertex 12.5 -179.571 0
      vertex 12.5 -163.043 5.15
    endloop
  endfacet
  facet normal 1 0 0
    outer loop
      vertex 12.5 -163.043 5.15
      vertex 12.5 -179.571 0
      vertex 12.5 -162.773 4.79792
    endloop
  endfacet
  facet normal 1 0 0
    outer loop
      vertex 12.5 -141.571 4.3
      vertex 12.5 -179.571 0
      vertex 12.5 -91.572 0
    endloop
  endfacet
  facet normal 1 0 0
    outer loop
      vertex 12.5 -162.011 4.35793
      vertex 12.5 -179.571 0
      vertex 12.5 -161.571 4.3
    endloop
  endfacet
  facet normal 1 0 0
    outer loop
      vertex 12.5 -162.421 4.52776
      vertex 12.5 -179.571 0
      vertex 12.5 -162.011 4.35793
    endloop
  endfacet
  facet normal 1 0 0
    outer loop
      vertex 12.5 -162.773 4.79792
      vertex 12.5 -179.571 0
      vertex 12.5 -162.421 4.52776
    endloop
  endfacet
  facet normal 1 -0 0
    outer loop
      vertex 12.5 -235.948 12
      vertex 12.5 -213.571 8.7
      vertex 12.5 -213.571 12
    endloop
  endfacet
  facet normal 1 0 0
    outer loop
      vertex 12.5 -213.571 8.7
      vertex 12.5 -235.948 12
      vertex 12.5 -235.948 8.7
    endloop
  endfacet
  facet normal -0 0 1
    outer loop
      vertex 0 -91.572 12
      vertex 12.5 -179.571 12
      vertex 12.5 -91.572 12
    endloop
  endfacet
  facet normal 0 0 1
    outer loop
      vertex 12.5 -179.571 12
      vertex 12.091 -183.98 12
      vertex 12.4486 -184.446 12
    endloop
  endfacet
  facet normal 0 0 1
    outer loop
      vertex 12.5 -179.571 12
      vertex 11.625 -183.622 12
      vertex 12.091 -183.98 12
    endloop
  endfacet
  facet normal 0 0 1
    outer loop
      vertex 12.5 -179.571 12
      vertex 11.0823 -183.398 12
      vertex 11.625 -183.622 12
    endloop
  endfacet
  facet normal 0 0 1
    outer loop
      vertex 12.5 -179.571 12
      vertex 10.5 -183.321 12
      vertex 11.0823 -183.398 12
    endloop
  endfacet
  facet normal 0 -0 1
    outer loop
      vertex 8.90901 -183.98 12
      vertex 12.5 -179.571 12
      vertex 0 -91.572 12
    endloop
  endfacet
  facet normal 0 0 1
    outer loop
      vertex 12.5 -179.571 12
      vertex 9.91766 -183.398 12
      vertex 10.5 -183.321 12
    endloop
  endfacet
  facet normal 0 0 1
    outer loop
      vertex 12.5 -179.571 12
      vertex 9.375 -183.622 12
      vertex 9.91766 -183.398 12
    endloop
  endfacet
  facet normal 0 0 1
    outer loop
      vertex 12.5 -179.571 12
      vertex 8.90901 -183.98 12
      vertex 9.375 -183.622 12
    endloop
  endfacet
  facet normal 0 0 1
    outer loop
      vertex 8.90901 -183.98 12
      vertex 0 -91.572 12
      vertex 8.55144 -184.446 12
    endloop
  endfacet
  facet normal 0 0 1
    outer loop
      vertex 8.55144 -184.446 12
      vertex 0 -91.572 12
      vertex 8.32667 -184.989 12
    endloop
  endfacet
  facet normal 0 0 1
    outer loop
      vertex 8.55144 -186.696 12
      vertex 7.673 -194.682 12
      vertex 8.09584 -194.167 12
    endloop
  endfacet
  facet normal 0 0 1
    outer loop
      vertex 8.32667 -184.989 12
      vertex 0 -91.572 12
      vertex 8.25 -185.571 12
    endloop
  endfacet
  facet normal 0 -0 1
    outer loop
      vertex 7.16533 -195.908 12
      vertex 8.25 -185.571 12
      vertex 0 -91.572 12
    endloop
  endfacet
  facet normal 0 0 1
    outer loop
      vertex 8.32667 -186.153 12
      vertex 7.35881 -195.27 12
      vertex 7.673 -194.682 12
    endloop
  endfacet
  facet normal 0 0 1
    outer loop
      vertex 8.25 -185.571 12
      vertex 7.16533 -195.908 12
      vertex 7.35881 -195.27 12
    endloop
  endfacet
  facet normal 0 0 1
    outer loop
      vertex 0 -235.948 12
      vertex 7.16533 -195.908 12
      vertex 0 -91.572 12
    endloop
  endfacet
  facet normal 0 0 1
    outer loop
      vertex 21 -213.571 12
      vertex 12.6733 -206.989 12
      vertex 12.75 -207.571 12
    endloop
  endfacet
  facet normal 0 0 1
    outer loop
      vertex 13.327 -198.46 12
      vertex 12.4486 -206.446 12
      vertex 12.6733 -206.989 12
    endloop
  endfacet
  facet normal 0 0 1
    outer loop
      vertex 12.091 -205.98 12
      vertex 12.9042 -198.975 12
      vertex 12.3889 -199.398 12
    endloop
  endfacet
  facet normal 0 0 1
    outer loop
      vertex 12.9042 -198.975 12
      vertex 12.091 -205.98 12
      vertex 12.4486 -206.446 12
    endloop
  endfacet
  facet normal 0 0 1
    outer loop
      vertex 11.625 -205.622 12
      vertex 12.3889 -199.398 12
      vertex 11.8011 -199.712 12
    endloop
  endfacet
  facet normal 0 0 1
    outer loop
      vertex 12.3889 -199.398 12
      vertex 11.625 -205.622 12
      vertex 12.091 -205.98 12
    endloop
  endfacet
  facet normal 0 0 1
    outer loop
      vertex 11.0823 -205.398 12
      vertex 11.8011 -199.712 12
      vertex 11.1633 -199.906 12
    endloop
  endfacet
  facet normal 0 0 1
    outer loop
      vertex 11.8011 -199.712 12
      vertex 11.0823 -205.398 12
      vertex 11.625 -205.622 12
    endloop
  endfacet
  facet normal 0 0 1
    outer loop
      vertex 10.5 -205.321 12
      vertex 11.1633 -199.906 12
      vertex 10.5 -199.971 12
    endloop
  endfacet
  facet normal 0 0 1
    outer loop
      vertex 11.1633 -199.906 12
      vertex 10.5 -205.321 12
      vertex 11.0823 -205.398 12
    endloop
  endfacet
  facet normal 0 0 1
    outer loop
      vertex 9.83669 -199.906 12
      vertex 10.5 -205.321 12
      vertex 10.5 -199.971 12
    endloop
  endfacet
  facet normal 0 0 1
    outer loop
      vertex 10.5 -205.321 12
      vertex 9.83669 -199.906 12
      vertex 9.91766 -205.398 12
    endloop
  endfacet
  facet normal 0 0 1
    outer loop
      vertex 9.19888 -199.712 12
      vertex 9.91766 -205.398 12
      vertex 9.83669 -199.906 12
    endloop
  endfacet
  facet normal 0 0 1
    outer loop
      vertex 9.91766 -205.398 12
      vertex 9.19888 -199.712 12
      vertex 9.375 -205.622 12
    endloop
  endfacet
  facet normal 0 0 1
    outer loop
      vertex 8.61106 -199.398 12
      vertex 9.375 -205.622 12
      vertex 9.19888 -199.712 12
    endloop
  endfacet
  facet normal 0 0 1
    outer loop
      vertex 9.375 -205.622 12
      vertex 8.61106 -199.398 12
      vertex 8.90901 -205.98 12
    endloop
  endfacet
  facet normal 0 0 1
    outer loop
      vertex 8.09584 -198.975 12
      vertex 8.90901 -205.98 12
      vertex 8.61106 -199.398 12
    endloop
  endfacet
  facet normal 0 0 1
    outer loop
      vertex 8.90901 -205.98 12
      vertex 8.09584 -198.975 12
      vertex 8.55144 -206.446 12
    endloop
  endfacet
  facet normal 0 0 1
    outer loop
      vertex 7.673 -198.46 12
      vertex 8.55144 -206.446 12
      vertex 8.09584 -198.975 12
    endloop
  endfacet
  facet normal 0 0 1
    outer loop
      vertex 8.55144 -206.446 12
      vertex 7.673 -198.46 12
      vertex 8.32667 -206.989 12
    endloop
  endfacet
  facet normal 0 0 1
    outer loop
      vertex 21 -179.571 12
      vertex 13.9 -196.571 12
      vertex 21 -213.571 12
    endloop
  endfacet
  facet normal 0 0 1
    outer loop
      vertex 21 -179.571 12
      vertex 13.8347 -195.908 12
      vertex 13.9 -196.571 12
    endloop
  endfacet
  facet normal 0 0 1
    outer loop
      vertex 21 -179.571 12
      vertex 13.6412 -195.27 12
      vertex 13.8347 -195.908 12
    endloop
  endfacet
  facet normal 0 0 1
    outer loop
      vertex 21 -179.571 12
      vertex 13.327 -194.682 12
      vertex 13.6412 -195.27 12
    endloop
  endfacet
  facet normal -0 0 1
    outer loop
      vertex 12.6733 -186.153 12
      vertex 13.327 -194.682 12
      vertex 21 -179.571 12
    endloop
  endfacet
  facet normal 0 0 1
    outer loop
      vertex 12.6733 -186.153 12
      vertex 21 -179.571 12
      vertex 12.75 -185.571 12
    endloop
  endfacet
  facet normal 0 0 1
    outer loop
      vertex 21 -179.571 12
      vertex 12.6733 -184.989 12
      vertex 12.75 -185.571 12
    endloop
  endfacet
  facet normal 0 0 1
    outer loop
      vertex 12.4486 -184.446 12
      vertex 21 -179.571 12
      vertex 12.5 -179.571 12
    endloop
  endfacet
  facet normal 0 0 1
    outer loop
      vertex 21 -179.571 12
      vertex 12.4486 -184.446 12
      vertex 12.6733 -184.989 12
    endloop
  endfacet
  facet normal -0 0 1
    outer loop
      vertex 13.8347 -197.234 12
      vertex 21 -213.571 12
      vertex 13.9 -196.571 12
    endloop
  endfacet
  facet normal -0 0 1
    outer loop
      vertex 13.6412 -197.872 12
      vertex 21 -213.571 12
      vertex 13.8347 -197.234 12
    endloop
  endfacet
  facet normal -0 0 1
    outer loop
      vertex 13.327 -198.46 12
      vertex 21 -213.571 12
      vertex 13.6412 -197.872 12
    endloop
  endfacet
  facet normal 0 0 1
    outer loop
      vertex 12.4486 -206.446 12
      vertex 13.327 -198.46 12
      vertex 12.9042 -198.975 12
    endloop
  endfacet
  facet normal -0 0 1
    outer loop
      vertex 12.6733 -206.989 12
      vertex 21 -213.571 12
      vertex 13.327 -198.46 12
    endloop
  endfacet
  facet normal -0 0 1
    outer loop
      vertex 12.6733 -208.153 12
      vertex 21 -213.571 12
      vertex 12.75 -207.571 12
    endloop
  endfacet
  facet normal -0 0 1
    outer loop
      vertex 12.4486 -208.696 12
      vertex 21 -213.571 12
      vertex 12.6733 -208.153 12
    endloop
  endfacet
  facet normal 0 0 1
    outer loop
      vertex 21 -213.571 12
      vertex 12.4486 -208.696 12
      vertex 12.5 -213.571 12
    endloop
  endfacet
  facet normal -0 0 1
    outer loop
      vertex 12.091 -209.162 12
      vertex 12.5 -213.571 12
      vertex 12.4486 -208.696 12
    endloop
  endfacet
  facet normal -0 0 1
    outer loop
      vertex 11.625 -209.52 12
      vertex 12.5 -213.571 12
      vertex 12.091 -209.162 12
    endloop
  endfacet
  facet normal -0 0 1
    outer loop
      vertex 11.0823 -209.744 12
      vertex 12.5 -213.571 12
      vertex 11.625 -209.52 12
    endloop
  endfacet
  facet normal -0 0 1
    outer loop
      vertex 10.5 -209.821 12
      vertex 12.5 -213.571 12
      vertex 11.0823 -209.744 12
    endloop
  endfacet
  facet normal 0 0 1
    outer loop
      vertex 9.91766 -209.744 12
      vertex 12.5 -213.571 12
      vertex 10.5 -209.821 12
    endloop
  endfacet
  facet normal 0 0 1
    outer loop
      vertex 9.375 -209.52 12
      vertex 12.5 -213.571 12
      vertex 9.91766 -209.744 12
    endloop
  endfacet
  facet normal 0 0 1
    outer loop
      vertex 8.90901 -209.162 12
      vertex 12.5 -213.571 12
      vertex 9.375 -209.52 12
    endloop
  endfacet
  facet normal 0 0 1
    outer loop
      vertex 12.5 -213.571 12
      vertex 8.90901 -209.162 12
      vertex 0 -235.948 12
    endloop
  endfacet
  facet normal 0 0 1
    outer loop
      vertex 0 -235.948 12
      vertex 8.90901 -209.162 12
      vertex 8.55144 -208.696 12
    endloop
  endfacet
  facet normal 0 0 1
    outer loop
      vertex 0 -235.948 12
      vertex 8.55144 -208.696 12
      vertex 8.32667 -208.153 12
    endloop
  endfacet
  facet normal 0 0 1
    outer loop
      vertex 7.35881 -197.872 12
      vertex 8.32667 -206.989 12
      vertex 7.673 -198.46 12
    endloop
  endfacet
  facet normal 0 0 1
    outer loop
      vertex 8.32667 -206.989 12
      vertex 7.35881 -197.872 12
      vertex 8.25 -207.571 12
    endloop
  endfacet
  facet normal 0 0 1
    outer loop
      vertex 7.16533 -197.234 12
      vertex 8.25 -207.571 12
      vertex 7.35881 -197.872 12
    endloop
  endfacet
  facet normal 0 0 1
    outer loop
      vertex 12.5 -213.571 12
      vertex 0 -235.948 12
      vertex 12.5 -235.948 12
    endloop
  endfacet
  facet normal 0 0 1
    outer loop
      vertex 8.25 -207.571 12
      vertex 0 -235.948 12
      vertex 8.32667 -208.153 12
    endloop
  endfacet
  facet normal 0 0 1
    outer loop
      vertex 7.16533 -197.234 12
      vertex 0 -235.948 12
      vertex 8.25 -207.571 12
    endloop
  endfacet
  facet normal 0 0 1
    outer loop
      vertex 7.1 -196.571 12
      vertex 0 -235.948 12
      vertex 7.16533 -197.234 12
    endloop
  endfacet
  facet normal 0 0 1
    outer loop
      vertex 7.16533 -195.908 12
      vertex 0 -235.948 12
      vertex 7.1 -196.571 12
    endloop
  endfacet
  facet normal -0 0 1
    outer loop
      vertex 12.4486 -186.696 12
      vertex 13.327 -194.682 12
      vertex 12.6733 -186.153 12
    endloop
  endfacet
  facet normal 0 0 1
    outer loop
      vertex 13.327 -194.682 12
      vertex 12.4486 -186.696 12
      vertex 12.9042 -194.167 12
    endloop
  endfacet
  facet normal -0 0 1
    outer loop
      vertex 12.091 -187.162 12
      vertex 12.9042 -194.167 12
      vertex 12.4486 -186.696 12
    endloop
  endfacet
  facet normal 0 0 1
    outer loop
      vertex 12.9042 -194.167 12
      vertex 12.091 -187.162 12
      vertex 12.3889 -193.744 12
    endloop
  endfacet
  facet normal -0 0 1
    outer loop
      vertex 11.625 -187.52 12
      vertex 12.3889 -193.744 12
      vertex 12.091 -187.162 12
    endloop
  endfacet
  facet normal 0 0 1
    outer loop
      vertex 12.3889 -193.744 12
      vertex 11.625 -187.52 12
      vertex 11.8011 -193.43 12
    endloop
  endfacet
  facet normal -0 0 1
    outer loop
      vertex 11.0823 -187.744 12
      vertex 11.8011 -193.43 12
      vertex 11.625 -187.52 12
    endloop
  endfacet
  facet normal 0 0 1
    outer loop
      vertex 11.8011 -193.43 12
      vertex 11.0823 -187.744 12
      vertex 11.1633 -193.236 12
    endloop
  endfacet
  facet normal -0 0 1
    outer loop
      vertex 10.5 -187.821 12
      vertex 11.1633 -193.236 12
      vertex 11.0823 -187.744 12
    endloop
  endfacet
  facet normal 0 0 1
    outer loop
      vertex 10.5 -187.821 12
      vertex 10.5 -193.171 12
      vertex 11.1633 -193.236 12
    endloop
  endfacet
  facet normal 0 0 1
    outer loop
      vertex 9.83669 -193.236 12
      vertex 10.5 -187.821 12
      vertex 9.91766 -187.744 12
    endloop
  endfacet
  facet normal 0 0 1
    outer loop
      vertex 10.5 -187.821 12
      vertex 9.83669 -193.236 12
      vertex 10.5 -193.171 12
    endloop
  endfacet
  facet normal 0 0 1
    outer loop
      vertex 9.19888 -193.43 12
      vertex 9.91766 -187.744 12
      vertex 9.375 -187.52 12
    endloop
  endfacet
  facet normal 0 0 1
    outer loop
      vertex 9.91766 -187.744 12
      vertex 9.19888 -193.43 12
      vertex 9.83669 -193.236 12
    endloop
  endfacet
  facet normal 0 0 1
    outer loop
      vertex 8.61106 -193.744 12
      vertex 9.375 -187.52 12
      vertex 8.90901 -187.162 12
    endloop
  endfacet
  facet normal 0 0 1
    outer loop
      vertex 9.375 -187.52 12
      vertex 8.61106 -193.744 12
      vertex 9.19888 -193.43 12
    endloop
  endfacet
  facet normal 0 0 1
    outer loop
      vertex 8.09584 -194.167 12
      vertex 8.90901 -187.162 12
      vertex 8.55144 -186.696 12
    endloop
  endfacet
  facet normal 0 0 1
    outer loop
      vertex 7.673 -194.682 12
      vertex 8.55144 -186.696 12
      vertex 8.32667 -186.153 12
    endloop
  endfacet
  facet normal 0 0 1
    outer loop
      vertex 7.35881 -195.27 12
      vertex 8.32667 -186.153 12
      vertex 8.25 -185.571 12
    endloop
  endfacet
  facet normal 0 0 1
    outer loop
      vertex 8.90901 -187.162 12
      vertex 8.09584 -194.167 12
      vertex 8.61106 -193.744 12
    endloop
  endfacet
  facet normal -1 0 0
    outer loop
      vertex 0 -91.572 0
      vertex 0 -99.871 6
      vertex 0 -91.572 12
    endloop
  endfacet
  facet normal -1 0 0
    outer loop
      vertex 0 -91.572 0
      vertex 0 -99.9289 5.56001
      vertex 0 -99.871 6
    endloop
  endfacet
  facet normal -1 0 0
    outer loop
      vertex 0 -91.572 0
      vertex 0 -100.099 5.15
      vertex 0 -99.9289 5.56001
    endloop
  endfacet
  facet normal -1 0 0
    outer loop
      vertex 0 -91.572 0
      vertex 0 -100.369 4.79792
      vertex 0 -100.099 5.15
    endloop
  endfacet
  facet normal -1 0 0
    outer loop
      vertex 0 -91.572 0
      vertex 0 -100.721 4.52776
      vertex 0 -100.369 4.79792
    endloop
  endfacet
  facet normal -1 0 0
    outer loop
      vertex 0 -91.572 0
      vertex 0 -101.131 4.35793
      vertex 0 -100.721 4.52776
    endloop
  endfacet
  facet normal -1 0 0
    outer loop
      vertex 0 -91.572 0
      vertex 0 -101.571 4.3
      vertex 0 -101.131 4.35793
    endloop
  endfacet
  facet normal -1 0 0
    outer loop
      vertex 0 -91.572 0
      vertex 0 -102.011 4.35793
      vertex 0 -101.571 4.3
    endloop
  endfacet
  facet normal -1 0 0
    outer loop
      vertex 0 -111.131 4.35793
      vertex 0 -102.011 4.35793
      vertex 0 -91.572 0
    endloop
  endfacet
  facet normal -1 0 0
    outer loop
      vertex 0 -103.213 5.56001
      vertex 0 -109.871 6
      vertex 0 -103.271 6
    endloop
  endfacet
  facet normal -1 0 0
    outer loop
      vertex 0 -109.929 5.56001
      vertex 0 -103.213 5.56001
      vertex 0 -103.043 5.15
    endloop
  endfacet
  facet normal -1 0 0
    outer loop
      vertex 0 -110.099 5.15
      vertex 0 -103.043 5.15
      vertex 0 -102.773 4.79792
    endloop
  endfacet
  facet normal -1 0 0
    outer loop
      vertex 0 -110.369 4.79792
      vertex 0 -102.773 4.79792
      vertex 0 -102.421 4.52776
    endloop
  endfacet
  facet normal -1 0 0
    outer loop
      vertex 0 -102.011 4.35793
      vertex 0 -111.131 4.35793
      vertex 0 -102.421 4.52776
    endloop
  endfacet
  facet normal -1 0 0
    outer loop
      vertex 0 -103.213 5.56001
      vertex 0 -109.929 5.56001
      vertex 0 -109.871 6
    endloop
  endfacet
  facet normal -1 0 0
    outer loop
      vertex 0 -103.043 5.15
      vertex 0 -110.099 5.15
      vertex 0 -109.929 5.56001
    endloop
  endfacet
  facet normal -1 0 0
    outer loop
      vertex 0 -102.773 4.79792
      vertex 0 -110.369 4.79792
      vertex 0 -110.099 5.15
    endloop
  endfacet
  facet normal -1 0 0
    outer loop
      vertex 0 -102.421 4.52776
      vertex 0 -110.721 4.52776
      vertex 0 -110.369 4.79792
    endloop
  endfacet
  facet normal -1 -0 0
    outer loop
      vertex 0 -102.421 4.52776
      vertex 0 -111.131 4.35793
      vertex 0 -110.721 4.52776
    endloop
  endfacet
  facet normal -1 0 0
    outer loop
      vertex 0 -91.572 0
      vertex 0 -111.571 4.3
      vertex 0 -111.131 4.35793
    endloop
  endfacet
  facet normal -1 0 0
    outer loop
      vertex 0 -121.571 4.3
      vertex 0 -111.571 4.3
      vertex 0 -91.572 0
    endloop
  endfacet
  facet normal -1 0 0
    outer loop
      vertex 0 -113.213 5.56001
      vertex 0 -119.871 6
      vertex 0 -113.271 6
    endloop
  endfacet
  facet normal -1 0 0
    outer loop
      vertex 0 -119.929 5.56001
      vertex 0 -113.213 5.56001
      vertex 0 -113.043 5.15
    endloop
  endfacet
  facet normal -1 0 0
    outer loop
      vertex 0 -120.099 5.15
      vertex 0 -113.043 5.15
      vertex 0 -112.773 4.79792
    endloop
  endfacet
  facet normal -1 0 0
    outer loop
      vertex 0 -120.369 4.79792
      vertex 0 -112.773 4.79792
      vertex 0 -112.421 4.52776
    endloop
  endfacet
  facet normal -1 0 0
    outer loop
      vertex 0 -120.721 4.52776
      vertex 0 -112.421 4.52776
      vertex 0 -112.011 4.35793
    endloop
  endfacet
  facet normal -1 0 0
    outer loop
      vertex 0 -111.571 4.3
      vertex 0 -121.571 4.3
      vertex 0 -112.011 4.35793
    endloop
  endfacet
  facet normal -1 0 0
    outer loop
      vertex 0 -113.213 5.56001
      vertex 0 -119.929 5.56001
      vertex 0 -119.871 6
    endloop
  endfacet
  facet normal -1 0 0
    outer loop
      vertex 0 -113.043 5.15
      vertex 0 -120.099 5.15
      vertex 0 -119.929 5.56001
    endloop
  endfacet
  facet normal -1 0 0
    outer loop
      vertex 0 -112.773 4.79792
      vertex 0 -120.369 4.79792
      vertex 0 -120.099 5.15
    endloop
  endfacet
  facet normal -1 0 0
    outer loop
      vertex 0 -112.421 4.52776
      vertex 0 -120.721 4.52776
      vertex 0 -120.369 4.79792
    endloop
  endfacet
  facet normal -1 0 0
    outer loop
      vertex 0 -112.011 4.35793
      vertex 0 -121.131 4.35793
      vertex 0 -120.721 4.52776
    endloop
  endfacet
  facet normal -1 -0 0
    outer loop
      vertex 0 -112.011 4.35793
      vertex 0 -121.571 4.3
      vertex 0 -121.131 4.35793
    endloop
  endfacet
  facet normal -1 0 0
    outer loop
      vertex 0 -131.571 4.3
      vertex 0 -121.571 4.3
      vertex 0 -91.572 0
    endloop
  endfacet
  facet normal -1 0 0
    outer loop
      vertex 0 -123.213 5.56001
      vertex 0 -129.871 6
      vertex 0 -123.271 6
    endloop
  endfacet
  facet normal -1 0 0
    outer loop
      vertex 0 -129.929 5.56001
      vertex 0 -123.213 5.56001
      vertex 0 -123.043 5.15
    endloop
  endfacet
  facet normal -1 0 0
    outer loop
      vertex 0 -130.099 5.15
      vertex 0 -123.043 5.15
      vertex 0 -122.773 4.79792
    endloop
  endfacet
  facet normal -1 0 0
    outer loop
      vertex 0 -130.369 4.79792
      vertex 0 -122.773 4.79792
      vertex 0 -122.421 4.52776
    endloop
  endfacet
  facet normal -1 0 0
    outer loop
      vertex 0 -130.721 4.52776
      vertex 0 -122.421 4.52776
      vertex 0 -122.011 4.35793
    endloop
  endfacet
  facet normal -1 0 0
    outer loop
      vertex 0 -123.213 5.56001
      vertex 0 -129.929 5.56001
      vertex 0 -129.871 6
    endloop
  endfacet
  facet normal -1 0 0
    outer loop
      vertex 0 -123.043 5.15
      vertex 0 -130.099 5.15
      vertex 0 -129.929 5.56001
    endloop
  endfacet
  facet normal -1 0 0
    outer loop
      vertex 0 -121.571 4.3
      vertex 0 -131.571 4.3
      vertex 0 -122.011 4.35793
    endloop
  endfacet
  facet normal -1 0 0
    outer loop
      vertex 0 -122.773 4.79792
      vertex 0 -130.369 4.79792
      vertex 0 -130.099 5.15
    endloop
  endfacet
  facet normal -1 0 0
    outer loop
      vertex 0 -122.421 4.52776
      vertex 0 -130.721 4.52776
      vertex 0 -130.369 4.79792
    endloop
  endfacet
  facet normal -1 0 0
    outer loop
      vertex 0 -122.011 4.35793
      vertex 0 -131.131 4.35793
      vertex 0 -130.721 4.52776
    endloop
  endfacet
  facet normal -1 -0 0
    outer loop
      vertex 0 -122.011 4.35793
      vertex 0 -131.571 4.3
      vertex 0 -131.131 4.35793
    endloop
  endfacet
  facet normal -1 0 0
    outer loop
      vertex 0 -133.213 5.56001
      vertex 0 -139.871 6
      vertex 0 -133.271 6
    endloop
  endfacet
  facet normal -1 0 0
    outer loop
      vertex 0 -139.929 5.56001
      vertex 0 -133.213 5.56001
      vertex 0 -133.043 5.15
    endloop
  endfacet
  facet normal -1 0 0
    outer loop
      vertex 0 -140.099 5.15
      vertex 0 -133.043 5.15
      vertex 0 -132.773 4.79792
    endloop
  endfacet
  facet normal -1 0 0
    outer loop
      vertex 0 -140.369 4.79792
      vertex 0 -132.773 4.79792
      vertex 0 -132.421 4.52776
    endloop
  endfacet
  facet normal -1 0 0
    outer loop
      vertex 0 -140.721 4.52776
      vertex 0 -132.421 4.52776
      vertex 0 -132.011 4.35793
    endloop
  endfacet
  facet normal -1 0 0
    outer loop
      vertex 0 -133.213 5.56001
      vertex 0 -139.929 5.56001
      vertex 0 -139.871 6
    endloop
  endfacet
  facet normal -1 0 0
    outer loop
      vertex 0 -133.043 5.15
      vertex 0 -140.099 5.15
      vertex 0 -139.929 5.56001
    endloop
  endfacet
  facet normal -1 0 0
    outer loop
      vertex 0 -141.131 4.35793
      vertex 0 -132.011 4.35793
      vertex 0 -131.571 4.3
    endloop
  endfacet
  facet normal -1 0 0
    outer loop
      vertex 0 -141.571 4.3
      vertex 0 -131.571 4.3
      vertex 0 -91.572 0
    endloop
  endfacet
  facet normal -1 0 0
    outer loop
      vertex 0 -132.773 4.79792
      vertex 0 -140.369 4.79792
      vertex 0 -140.099 5.15
    endloop
  endfacet
  facet normal -1 0 0
    outer loop
      vertex 0 -132.421 4.52776
      vertex 0 -140.721 4.52776
      vertex 0 -140.369 4.79792
    endloop
  endfacet
  facet normal -1 0 0
    outer loop
      vertex 0 -132.011 4.35793
      vertex 0 -141.131 4.35793
      vertex 0 -140.721 4.52776
    endloop
  endfacet
  facet normal -1 0 0
    outer loop
      vertex 0 -131.571 4.3
      vertex 0 -141.571 4.3
      vertex 0 -141.131 4.35793
    endloop
  endfacet
  facet normal -1 0 0
    outer loop
      vertex 0 -143.213 5.56001
      vertex 0 -149.871 6
      vertex 0 -143.271 6
    endloop
  endfacet
  facet normal -1 0 0
    outer loop
      vertex 0 -149.929 5.56001
      vertex 0 -143.213 5.56001
      vertex 0 -143.043 5.15
    endloop
  endfacet
  facet normal -1 0 0
    outer loop
      vertex 0 -150.099 5.15
      vertex 0 -143.043 5.15
      vertex 0 -142.773 4.79792
    endloop
  endfacet
  facet normal -1 0 0
    outer loop
      vertex 0 -150.369 4.79792
      vertex 0 -142.773 4.79792
      vertex 0 -142.421 4.52776
    endloop
  endfacet
  facet normal -1 0 0
    outer loop
      vertex 0 -150.721 4.52776
      vertex 0 -142.421 4.52776
      vertex 0 -142.011 4.35793
    endloop
  endfacet
  facet normal -1 0 0
    outer loop
      vertex 0 -143.213 5.56001
      vertex 0 -149.929 5.56001
      vertex 0 -149.871 6
    endloop
  endfacet
  facet normal -1 0 0
    outer loop
      vertex 0 -143.043 5.15
      vertex 0 -150.099 5.15
      vertex 0 -149.929 5.56001
    endloop
  endfacet
  facet normal -1 0 0
    outer loop
      vertex 0 -151.131 4.35793
      vertex 0 -142.011 4.35793
      vertex 0 -141.571 4.3
    endloop
  endfacet
  facet normal -1 0 0
    outer loop
      vertex 0 -142.773 4.79792
      vertex 0 -150.369 4.79792
      vertex 0 -150.099 5.15
    endloop
  endfacet
  facet normal -1 0 0
    outer loop
      vertex 0 -151.571 4.3
      vertex 0 -141.571 4.3
      vertex 0 -91.572 0
    endloop
  endfacet
  facet normal -1 0 0
    outer loop
      vertex 0 -142.421 4.52776
      vertex 0 -150.721 4.52776
      vertex 0 -150.369 4.79792
    endloop
  endfacet
  facet normal -1 0 0
    outer loop
      vertex 0 -142.011 4.35793
      vertex 0 -151.131 4.35793
      vertex 0 -150.721 4.52776
    endloop
  endfacet
  facet normal -1 0 0
    outer loop
      vertex 0 -141.571 4.3
      vertex 0 -151.571 4.3
      vertex 0 -151.131 4.35793
    endloop
  endfacet
  facet normal -1 0 0
    outer loop
      vertex 0 -153.213 5.56001
      vertex 0 -159.871 6
      vertex 0 -153.271 6
    endloop
  endfacet
  facet normal -1 0 0
    outer loop
      vertex 0 -159.929 5.56001
      vertex 0 -153.213 5.56001
      vertex 0 -153.043 5.15
    endloop
  endfacet
  facet normal -1 0 0
    outer loop
      vertex 0 -160.099 5.15
      vertex 0 -153.043 5.15
      vertex 0 -152.773 4.79792
    endloop
  endfacet
  facet normal -1 0 0
    outer loop
      vertex 0 -160.369 4.79792
      vertex 0 -152.773 4.79792
      vertex 0 -152.421 4.52776
    endloop
  endfacet
  facet normal -1 0 0
    outer loop
      vertex 0 -160.721 4.52776
      vertex 0 -152.421 4.52776
      vertex 0 -152.011 4.35793
    endloop
  endfacet
  facet normal -1 0 0
    outer loop
      vertex 0 -153.213 5.56001
      vertex 0 -159.929 5.56001
      vertex 0 -159.871 6
    endloop
  endfacet
  facet normal -1 0 0
    outer loop
      vertex 0 -153.043 5.15
      vertex 0 -160.099 5.15
      vertex 0 -159.929 5.56001
    endloop
  endfacet
  facet normal -1 0 0
    outer loop
      vertex 0 -161.131 4.35793
      vertex 0 -152.011 4.35793
      vertex 0 -151.571 4.3
    endloop
  endfacet
  facet normal -1 0 0
    outer loop
      vertex 0 -152.773 4.79792
      vertex 0 -160.369 4.79792
      vertex 0 -160.099 5.15
    endloop
  endfacet
  facet normal -1 0 0
    outer loop
      vertex 0 -201.948 0
      vertex 0 -151.571 4.3
      vertex 0 -91.572 0
    endloop
  endfacet
  facet normal -1 0 0
    outer loop
      vertex 0 -152.421 4.52776
      vertex 0 -160.721 4.52776
      vertex 0 -160.369 4.79792
    endloop
  endfacet
  facet normal -1 0 0
    outer loop
      vertex 0 -152.011 4.35793
      vertex 0 -161.131 4.35793
      vertex 0 -160.721 4.52776
    endloop
  endfacet
  facet normal -1 0 0
    outer loop
      vertex 0 -151.571 4.3
      vertex 0 -161.571 4.3
      vertex 0 -161.131 4.35793
    endloop
  endfacet
  facet normal -1 -0 0
    outer loop
      vertex 0 -163.213 5.56001
      vertex 0 -201.948 0
      vertex 0 -163.271 6
    endloop
  endfacet
  facet normal -1 -0 0
    outer loop
      vertex 0 -163.043 5.15
      vertex 0 -201.948 0
      vertex 0 -163.213 5.56001
    endloop
  endfacet
  facet normal -1 -0 0
    outer loop
      vertex 0 -162.773 4.79792
      vertex 0 -201.948 0
      vertex 0 -163.043 5.15
    endloop
  endfacet
  facet normal -1 -0 0
    outer loop
      vertex 0 -162.421 4.52776
      vertex 0 -201.948 0
      vertex 0 -162.773 4.79792
    endloop
  endfacet
  facet normal -1 -0 0
    outer loop
      vertex 0 -162.011 4.35793
      vertex 0 -201.948 0
      vertex 0 -162.421 4.52776
    endloop
  endfacet
  facet normal -1 -0 0
    outer loop
      vertex 0 -161.571 4.3
      vertex 0 -201.948 0
      vertex 0 -162.011 4.35793
    endloop
  endfacet
  facet normal -1 -0 0
    outer loop
      vertex 0 -151.571 4.3
      vertex 0 -201.948 0
      vertex 0 -161.571 4.3
    endloop
  endfacet
  facet normal -1 0 0
    outer loop
      vertex 0 -99.9289 6.43999
      vertex 0 -91.572 12
      vertex 0 -99.871 6
    endloop
  endfacet
  facet normal -1 0 0
    outer loop
      vertex 0 -100.099 6.85
      vertex 0 -91.572 12
      vertex 0 -99.9289 6.43999
    endloop
  endfacet
  facet normal -1 0 0
    outer loop
      vertex 0 -100.369 7.20208
      vertex 0 -91.572 12
      vertex 0 -100.099 6.85
    endloop
  endfacet
  facet normal -1 0 0
    outer loop
      vertex 0 -100.721 7.47224
      vertex 0 -91.572 12
      vertex 0 -100.369 7.20208
    endloop
  endfacet
  facet normal -1 0 0
    outer loop
      vertex 0 -101.131 7.64207
      vertex 0 -91.572 12
      vertex 0 -100.721 7.47224
    endloop
  endfacet
  facet normal -1 0 0
    outer loop
      vertex 0 -101.571 7.7
      vertex 0 -91.572 12
      vertex 0 -101.131 7.64207
    endloop
  endfacet
  facet normal -1 0 0
    outer loop
      vertex 0 -102.011 7.64207
      vertex 0 -91.572 12
      vertex 0 -101.571 7.7
    endloop
  endfacet
  facet normal -1 0 0
    outer loop
      vertex 0 -111.131 7.64207
      vertex 0 -102.011 7.64207
      vertex 0 -102.421 7.47224
    endloop
  endfacet
  facet normal -1 0 0
    outer loop
      vertex 0 -109.871 6
      vertex 0 -103.213 6.43999
      vertex 0 -103.271 6
    endloop
  endfacet
  facet normal -1 0 0
    outer loop
      vertex 0 -109.929 6.43999
      vertex 0 -103.213 6.43999
      vertex 0 -109.871 6
    endloop
  endfacet
  facet normal -1 0 0
    outer loop
      vertex 0 -103.213 6.43999
      vertex 0 -109.929 6.43999
      vertex 0 -103.043 6.85
    endloop
  endfacet
  facet normal -1 0 0
    outer loop
      vertex 0 -110.099 6.85
      vertex 0 -103.043 6.85
      vertex 0 -109.929 6.43999
    endloop
  endfacet
  facet normal -1 0 0
    outer loop
      vertex 0 -103.043 6.85
      vertex 0 -110.099 6.85
      vertex 0 -102.773 7.20208
    endloop
  endfacet
  facet normal -1 0 0
    outer loop
      vertex 0 -110.369 7.20208
      vertex 0 -102.773 7.20208
      vertex 0 -110.099 6.85
    endloop
  endfacet
  facet normal -1 0 0
    outer loop
      vertex 0 -102.773 7.20208
      vertex 0 -110.369 7.20208
      vertex 0 -102.421 7.47224
    endloop
  endfacet
  facet normal -1 0 0
    outer loop
      vertex 0 -110.721 7.47224
      vertex 0 -102.421 7.47224
      vertex 0 -110.369 7.20208
    endloop
  endfacet
  facet normal -1 0 0
    outer loop
      vertex 0 -111.131 7.64207
      vertex 0 -102.421 7.47224
      vertex 0 -110.721 7.47224
    endloop
  endfacet
  facet normal -1 0 0
    outer loop
      vertex 0 -102.011 7.64207
      vertex 0 -111.131 7.64207
      vertex 0 -91.572 12
    endloop
  endfacet
  facet normal -1 0 0
    outer loop
      vertex 0 -111.571 7.7
      vertex 0 -91.572 12
      vertex 0 -111.131 7.64207
    endloop
  endfacet
  facet normal -1 0 0
    outer loop
      vertex 0 -121.571 7.7
      vertex 0 -111.571 7.7
      vertex 0 -112.011 7.64207
    endloop
  endfacet
  facet normal -1 0 0
    outer loop
      vertex 0 -119.871 6
      vertex 0 -113.213 6.43999
      vertex 0 -113.271 6
    endloop
  endfacet
  facet normal -1 0 0
    outer loop
      vertex 0 -119.929 6.43999
      vertex 0 -113.213 6.43999
      vertex 0 -119.871 6
    endloop
  endfacet
  facet normal -1 0 0
    outer loop
      vertex 0 -113.213 6.43999
      vertex 0 -119.929 6.43999
      vertex 0 -113.043 6.85
    endloop
  endfacet
  facet normal -1 0 0
    outer loop
      vertex 0 -120.099 6.85
      vertex 0 -113.043 6.85
      vertex 0 -119.929 6.43999
    endloop
  endfacet
  facet normal -1 0 0
    outer loop
      vertex 0 -113.043 6.85
      vertex 0 -120.099 6.85
      vertex 0 -112.773 7.20208
    endloop
  endfacet
  facet normal -1 0 0
    outer loop
      vertex 0 -120.369 7.20208
      vertex 0 -112.773 7.20208
      vertex 0 -120.099 6.85
    endloop
  endfacet
  facet normal -1 0 0
    outer loop
      vertex 0 -112.773 7.20208
      vertex 0 -120.369 7.20208
      vertex 0 -112.421 7.47224
    endloop
  endfacet
  facet normal -1 0 0
    outer loop
      vertex 0 -120.721 7.47224
      vertex 0 -112.421 7.47224
      vertex 0 -120.369 7.20208
    endloop
  endfacet
  facet normal -1 0 0
    outer loop
      vertex 0 -112.421 7.47224
      vertex 0 -120.721 7.47224
      vertex 0 -112.011 7.64207
    endloop
  endfacet
  facet normal -1 0 0
    outer loop
      vertex 0 -121.131 7.64207
      vertex 0 -112.011 7.64207
      vertex 0 -120.721 7.47224
    endloop
  endfacet
  facet normal -1 0 0
    outer loop
      vertex 0 -121.571 7.7
      vertex 0 -112.011 7.64207
      vertex 0 -121.131 7.64207
    endloop
  endfacet
  facet normal -1 0 0
    outer loop
      vertex 0 -111.571 7.7
      vertex 0 -121.571 7.7
      vertex 0 -91.572 12
    endloop
  endfacet
  facet normal -1 0 0
    outer loop
      vertex 0 -131.571 7.7
      vertex 0 -121.571 7.7
      vertex 0 -122.011 7.64207
    endloop
  endfacet
  facet normal -1 0 0
    outer loop
      vertex 0 -129.871 6
      vertex 0 -123.213 6.43999
      vertex 0 -123.271 6
    endloop
  endfacet
  facet normal -1 0 0
    outer loop
      vertex 0 -129.929 6.43999
      vertex 0 -123.213 6.43999
      vertex 0 -129.871 6
    endloop
  endfacet
  facet normal -1 0 0
    outer loop
      vertex 0 -123.213 6.43999
      vertex 0 -129.929 6.43999
      vertex 0 -123.043 6.85
    endloop
  endfacet
  facet normal -1 0 0
    outer loop
      vertex 0 -130.099 6.85
      vertex 0 -123.043 6.85
      vertex 0 -129.929 6.43999
    endloop
  endfacet
  facet normal -1 0 0
    outer loop
      vertex 0 -123.043 6.85
      vertex 0 -130.099 6.85
      vertex 0 -122.773 7.20208
    endloop
  endfacet
  facet normal -1 0 0
    outer loop
      vertex 0 -130.369 7.20208
      vertex 0 -122.773 7.20208
      vertex 0 -130.099 6.85
    endloop
  endfacet
  facet normal -1 0 0
    outer loop
      vertex 0 -122.773 7.20208
      vertex 0 -130.369 7.20208
      vertex 0 -122.421 7.47224
    endloop
  endfacet
  facet normal -1 0 0
    outer loop
      vertex 0 -130.721 7.47224
      vertex 0 -122.421 7.47224
      vertex 0 -130.369 7.20208
    endloop
  endfacet
  facet normal -1 0 0
    outer loop
      vertex 0 -122.421 7.47224
      vertex 0 -130.721 7.47224
      vertex 0 -122.011 7.64207
    endloop
  endfacet
  facet normal -1 0 0
    outer loop
      vertex 0 -131.131 7.64207
      vertex 0 -122.011 7.64207
      vertex 0 -130.721 7.47224
    endloop
  endfacet
  facet normal -1 0 0
    outer loop
      vertex 0 -131.571 7.7
      vertex 0 -122.011 7.64207
      vertex 0 -131.131 7.64207
    endloop
  endfacet
  facet normal -1 0 0
    outer loop
      vertex 0 -121.571 7.7
      vertex 0 -131.571 7.7
      vertex 0 -91.572 12
    endloop
  endfacet
  facet normal -1 0 0
    outer loop
      vertex 0 -139.871 6
      vertex 0 -133.213 6.43999
      vertex 0 -133.271 6
    endloop
  endfacet
  facet normal -1 0 0
    outer loop
      vertex 0 -139.929 6.43999
      vertex 0 -133.213 6.43999
      vertex 0 -139.871 6
    endloop
  endfacet
  facet normal -1 0 0
    outer loop
      vertex 0 -133.213 6.43999
      vertex 0 -139.929 6.43999
      vertex 0 -133.043 6.85
    endloop
  endfacet
  facet normal -1 0 0
    outer loop
      vertex 0 -140.099 6.85
      vertex 0 -133.043 6.85
      vertex 0 -139.929 6.43999
    endloop
  endfacet
  facet normal -1 0 0
    outer loop
      vertex 0 -133.043 6.85
      vertex 0 -140.099 6.85
      vertex 0 -132.773 7.20208
    endloop
  endfacet
  facet normal -1 0 0
    outer loop
      vertex 0 -140.369 7.20208
      vertex 0 -132.773 7.20208
      vertex 0 -140.099 6.85
    endloop
  endfacet
  facet normal -1 0 0
    outer loop
      vertex 0 -132.773 7.20208
      vertex 0 -140.369 7.20208
      vertex 0 -132.421 7.47224
    endloop
  endfacet
  facet normal -1 0 0
    outer loop
      vertex 0 -140.721 7.47224
      vertex 0 -132.421 7.47224
      vertex 0 -140.369 7.20208
    endloop
  endfacet
  facet normal -1 0 0
    outer loop
      vertex 0 -132.421 7.47224
      vertex 0 -140.721 7.47224
      vertex 0 -132.011 7.64207
    endloop
  endfacet
  facet normal -1 0 0
    outer loop
      vertex 0 -141.131 7.64207
      vertex 0 -132.011 7.64207
      vertex 0 -140.721 7.47224
    endloop
  endfacet
  facet normal -1 0 0
    outer loop
      vertex 0 -132.011 7.64207
      vertex 0 -141.131 7.64207
      vertex 0 -131.571 7.7
    endloop
  endfacet
  facet normal -1 0 0
    outer loop
      vertex 0 -141.571 7.7
      vertex 0 -131.571 7.7
      vertex 0 -141.131 7.64207
    endloop
  endfacet
  facet normal -1 0 0
    outer loop
      vertex 0 -131.571 7.7
      vertex 0 -141.571 7.7
      vertex 0 -91.572 12
    endloop
  endfacet
  facet normal -1 0 0
    outer loop
      vertex 0 -149.871 6
      vertex 0 -143.213 6.43999
      vertex 0 -143.271 6
    endloop
  endfacet
  facet normal -1 0 0
    outer loop
      vertex 0 -149.929 6.43999
      vertex 0 -143.213 6.43999
      vertex 0 -149.871 6
    endloop
  endfacet
  facet normal -1 0 0
    outer loop
      vertex 0 -143.213 6.43999
      vertex 0 -149.929 6.43999
      vertex 0 -143.043 6.85
    endloop
  endfacet
  facet normal -1 0 0
    outer loop
      vertex 0 -150.099 6.85
      vertex 0 -143.043 6.85
      vertex 0 -149.929 6.43999
    endloop
  endfacet
  facet normal -1 0 0
    outer loop
      vertex 0 -143.043 6.85
      vertex 0 -150.099 6.85
      vertex 0 -142.773 7.20208
    endloop
  endfacet
  facet normal -1 0 0
    outer loop
      vertex 0 -150.369 7.20208
      vertex 0 -142.773 7.20208
      vertex 0 -150.099 6.85
    endloop
  endfacet
  facet normal -1 0 0
    outer loop
      vertex 0 -142.773 7.20208
      vertex 0 -150.369 7.20208
      vertex 0 -142.421 7.47224
    endloop
  endfacet
  facet normal -1 0 0
    outer loop
      vertex 0 -150.721 7.47224
      vertex 0 -142.421 7.47224
      vertex 0 -150.369 7.20208
    endloop
  endfacet
  facet normal -1 0 0
    outer loop
      vertex 0 -142.421 7.47224
      vertex 0 -150.721 7.47224
      vertex 0 -142.011 7.64207
    endloop
  endfacet
  facet normal -1 0 0
    outer loop
      vertex 0 -151.131 7.64207
      vertex 0 -142.011 7.64207
      vertex 0 -150.721 7.47224
    endloop
  endfacet
  facet normal -1 0 0
    outer loop
      vertex 0 -142.011 7.64207
      vertex 0 -151.131 7.64207
      vertex 0 -141.571 7.7
    endloop
  endfacet
  facet normal -1 0 0
    outer loop
      vertex 0 -151.571 7.7
      vertex 0 -141.571 7.7
      vertex 0 -151.131 7.64207
    endloop
  endfacet
  facet normal -1 0 0
    outer loop
      vertex 0 -141.571 7.7
      vertex 0 -151.571 7.7
      vertex 0 -91.572 12
    endloop
  endfacet
  facet normal -1 0 0
    outer loop
      vertex 0 -159.871 6
      vertex 0 -153.213 6.43999
      vertex 0 -153.271 6
    endloop
  endfacet
  facet normal -1 0 0
    outer loop
      vertex 0 -159.929 6.43999
      vertex 0 -153.213 6.43999
      vertex 0 -159.871 6
    endloop
  endfacet
  facet normal -1 0 0
    outer loop
      vertex 0 -153.213 6.43999
      vertex 0 -159.929 6.43999
      vertex 0 -153.043 6.85
    endloop
  endfacet
  facet normal -1 0 0
    outer loop
      vertex 0 -160.099 6.85
      vertex 0 -153.043 6.85
      vertex 0 -159.929 6.43999
    endloop
  endfacet
  facet normal -1 0 0
    outer loop
      vertex 0 -153.043 6.85
      vertex 0 -160.099 6.85
      vertex 0 -152.773 7.20208
    endloop
  endfacet
  facet normal -1 0 0
    outer loop
      vertex 0 -160.369 7.20208
      vertex 0 -152.773 7.20208
      vertex 0 -160.099 6.85
    endloop
  endfacet
  facet normal -1 0 0
    outer loop
      vertex 0 -152.773 7.20208
      vertex 0 -160.369 7.20208
      vertex 0 -152.421 7.47224
    endloop
  endfacet
  facet normal -1 0 0
    outer loop
      vertex 0 -160.721 7.47224
      vertex 0 -152.421 7.47224
      vertex 0 -160.369 7.20208
    endloop
  endfacet
  facet normal -1 0 0
    outer loop
      vertex 0 -152.421 7.47224
      vertex 0 -160.721 7.47224
      vertex 0 -152.011 7.64207
    endloop
  endfacet
  facet normal -1 0 0
    outer loop
      vertex 0 -161.131 7.64207
      vertex 0 -152.011 7.64207
      vertex 0 -160.721 7.47224
    endloop
  endfacet
  facet normal -1 0 0
    outer loop
      vertex 0 -152.011 7.64207
      vertex 0 -161.131 7.64207
      vertex 0 -151.571 7.7
    endloop
  endfacet
  facet normal -1 0 0
    outer loop
      vertex 0 -161.571 7.7
      vertex 0 -151.571 7.7
      vertex 0 -161.131 7.64207
    endloop
  endfacet
  facet normal -1 0 0
    outer loop
      vertex 0 -151.571 7.7
      vertex 0 -161.571 7.7
      vertex 0 -91.572 12
    endloop
  endfacet
  facet normal -1 0 0
    outer loop
      vertex 0 -201.948 7.7
      vertex 0 -163.271 6
      vertex 0 -201.948 0
    endloop
  endfacet
  facet normal -1 0 0
    outer loop
      vertex 0 -163.271 6
      vertex 0 -201.948 7.7
      vertex 0 -163.213 6.43999
    endloop
  endfacet
  facet normal -1 0 0
    outer loop
      vertex 0 -163.213 6.43999
      vertex 0 -201.948 7.7
      vertex 0 -163.043 6.85
    endloop
  endfacet
  facet normal -1 0 0
    outer loop
      vertex 0 -163.043 6.85
      vertex 0 -201.948 7.7
      vertex 0 -162.773 7.20208
    endloop
  endfacet
  facet normal -1 0 0
    outer loop
      vertex 0 -162.773 7.20208
      vertex 0 -201.948 7.7
      vertex 0 -162.421 7.47224
    endloop
  endfacet
  facet normal -1 0 0
    outer loop
      vertex 0 -162.421 7.47224
      vertex 0 -201.948 7.7
      vertex 0 -162.011 7.64207
    endloop
  endfacet
  facet normal -1 0 0
    outer loop
      vertex 0 -204.798 8.7
      vertex 0 -162.011 7.64207
      vertex 0 -201.948 7.7
    endloop
  endfacet
  facet normal -1 0 0
    outer loop
      vertex 0 -162.011 7.64207
      vertex 0 -204.798 8.7
      vertex 0 -161.571 7.7
    endloop
  endfacet
  facet normal -1 0 0
    outer loop
      vertex 0 -204.798 8.7
      vertex 0 -201.948 7.7
      vertex 0 -204.798 7.7
    endloop
  endfacet
  facet normal -1 0 0
    outer loop
      vertex 0 -235.948 12
      vertex 0 -161.571 7.7
      vertex 0 -204.798 8.7
    endloop
  endfacet
  facet normal -1 0 0
    outer loop
      vertex 0 -235.948 12
      vertex 0 -204.798 8.7
      vertex 0 -235.948 8.7
    endloop
  endfacet
  facet normal -1 0 0
    outer loop
      vertex 0 -161.571 7.7
      vertex 0 -235.948 12
      vertex 0 -91.572 12
    endloop
  endfacet
  facet normal -1 0 0
    outer loop
      vertex 0 -206.663 0
      vertex 0 -208.214 2.8
      vertex 0 -206.663 2.8
    endloop
  endfacet
  facet normal -1 0 0
    outer loop
      vertex 0 -208.214 2.8
      vertex 0 -211.312 2.8
      vertex 0 -208.214 5
    endloop
  endfacet
  facet normal -1 0 0
    outer loop
      vertex 0 -206.663 0
      vertex 0 -211.312 2.8
      vertex 0 -208.214 2.8
    endloop
  endfacet
  facet normal -1 0 0
    outer loop
      vertex 0 -212.863 0
      vertex 0 -211.312 2.8
      vertex 0 -206.663 0
    endloop
  endfacet
  facet normal -1 -0 0
    outer loop
      vertex 0 -211.312 2.8
      vertex 0 -212.863 0
      vertex 0 -212.863 2.8
    endloop
  endfacet
  facet normal -1 -0 0
    outer loop
      vertex 0 -208.214 5
      vertex 0 -211.312 2.8
      vertex 0 -211.312 5
    endloop
  endfacet
  facet normal 0 1 -0
    outer loop
      vertex 12.5 -91.572 0
      vertex 0 -91.572 12
      vertex 12.5 -91.572 12
    endloop
  endfacet
  facet normal 0 1 0
    outer loop
      vertex 0 -91.572 12
      vertex 12.5 -91.572 0
      vertex 0 -91.572 0
    endloop
  endfacet
  facet normal 0 -1 0
    outer loop
      vertex 0 -235.948 8.7
      vertex 12.5 -235.948 12
      vertex 0 -235.948 12
    endloop
  endfacet
  facet normal 0 -1 -0
    outer loop
      vertex 12.5 -235.948 12
      vertex 0 -235.948 8.7
      vertex 12.5 -235.948 8.7
    endloop
  endfacet
  facet normal 1 0 0
    outer loop
      vertex 21 -179.571 12
      vertex 21 -201.948 7.7
      vertex 21 -179.571 0
    endloop
  endfacet
  facet normal 1 0 0
    outer loop
      vertex 21 -179.571 12
      vertex 21 -204.798 8.7
      vertex 21 -201.948 7.7
    endloop
  endfacet
  facet normal 1 -0 0
    outer loop
      vertex 21 -213.571 12
      vertex 21 -204.798 8.7
      vertex 21 -179.571 12
    endloop
  endfacet
  facet normal 1 0 0
    outer loop
      vertex 21 -204.798 8.7
      vertex 21 -213.571 12
      vertex 21 -213.571 8.7
    endloop
  endfacet
  facet normal 1 0 0
    outer loop
      vertex 21 -179.571 0
      vertex 21 -201.948 7.7
      vertex 21 -201.948 0
    endloop
  endfacet
  facet normal 1 0 0
    outer loop
      vertex 21 -201.948 7.7
      vertex 21 -204.798 8.7
      vertex 21 -204.798 7.7
    endloop
  endfacet
  facet normal 0 1 -0
    outer loop
      vertex 21 -179.571 0
      vertex 12.5 -179.571 12
      vertex 21 -179.571 12
    endloop
  endfacet
  facet normal 0 1 0
    outer loop
      vertex 12.5 -179.571 12
      vertex 21 -179.571 0
      vertex 12.5 -179.571 0
    endloop
  endfacet
  facet normal 0 -1 0
    outer loop
      vertex 12.5 -213.571 8.7
      vertex 21 -213.571 12
      vertex 12.5 -213.571 12
    endloop
  endfacet
  facet normal 0 -1 -0
    outer loop
      vertex 21 -213.571 12
      vertex 12.5 -213.571 8.7
      vertex 21 -213.571 8.7
    endloop
  endfacet
  facet normal 0 -0.130533 -0.991444
    outer loop
      vertex 0 -101.571 7.7
      vertex 12.5 -101.131 7.64207
      vertex 12.5 -101.571 7.7
    endloop
  endfacet
  facet normal -0 -0.130533 -0.991444
    outer loop
      vertex 12.5 -101.131 7.64207
      vertex 0 -101.571 7.7
      vertex 0 -101.131 7.64207
    endloop
  endfacet
  facet normal 0 -0.608848 0.793287
    outer loop
      vertex 0 -100.369 4.79792
      vertex 12.5 -100.721 4.52776
      vertex 12.5 -100.369 4.79792
    endloop
  endfacet
  facet normal 0 -0.608848 0.793287
    outer loop
      vertex 12.5 -100.721 4.52776
      vertex 0 -100.369 4.79792
      vertex 0 -100.721 4.52776
    endloop
  endfacet
  facet normal -0 0.130533 0.991444
    outer loop
      vertex 0 -101.571 4.3
      vertex 12.5 -102.011 4.35793
      vertex 12.5 -101.571 4.3
    endloop
  endfacet
  facet normal 0 0.130533 0.991444
    outer loop
      vertex 12.5 -102.011 4.35793
      vertex 0 -101.571 4.3
      vertex 0 -102.011 4.35793
    endloop
  endfacet
  facet normal 0 -0.608848 -0.793287
    outer loop
      vertex 0 -100.721 7.47224
      vertex 12.5 -100.369 7.20208
      vertex 12.5 -100.721 7.47224
    endloop
  endfacet
  facet normal -0 -0.608848 -0.793287
    outer loop
      vertex 12.5 -100.369 7.20208
      vertex 0 -100.721 7.47224
      vertex 0 -100.369 7.20208
    endloop
  endfacet
  facet normal 0 0.991423 -0.130691
    outer loop
      vertex 12.5 -103.271 6
      vertex 0 -103.213 6.43999
      vertex 12.5 -103.213 6.43999
    endloop
  endfacet
  facet normal 0 0.991423 -0.130691
    outer loop
      vertex 0 -103.213 6.43999
      vertex 12.5 -103.271 6
      vertex 0 -103.271 6
    endloop
  endfacet
  facet normal 0 0.923745 -0.383007
    outer loop
      vertex 12.5 -103.213 6.43999
      vertex 0 -103.043 6.85
      vertex 12.5 -103.043 6.85
    endloop
  endfacet
  facet normal 0 0.923745 -0.383007
    outer loop
      vertex 0 -103.043 6.85
      vertex 12.5 -103.213 6.43999
      vertex 0 -103.213 6.43999
    endloop
  endfacet
  facet normal 0 -0.793528 0.608534
    outer loop
      vertex 0 -100.369 4.79792
      vertex 12.5 -100.099 5.15
      vertex 0 -100.099 5.15
    endloop
  endfacet
  facet normal 0 -0.793528 0.608534
    outer loop
      vertex 12.5 -100.099 5.15
      vertex 0 -100.369 4.79792
      vertex 12.5 -100.369 4.79792
    endloop
  endfacet
  facet normal 0 -0.130533 0.991444
    outer loop
      vertex 0 -101.131 4.35793
      vertex 12.5 -101.571 4.3
      vertex 12.5 -101.131 4.35793
    endloop
  endfacet
  facet normal 0 -0.130533 0.991444
    outer loop
      vertex 12.5 -101.571 4.3
      vertex 0 -101.131 4.35793
      vertex 0 -101.571 4.3
    endloop
  endfacet
  facet normal 0 -0.991452 0.130469
    outer loop
      vertex 0 -99.9289 5.56001
      vertex 12.5 -99.871 6
      vertex 0 -99.871 6
    endloop
  endfacet
  facet normal 0 -0.991452 0.130469
    outer loop
      vertex 12.5 -99.871 6
      vertex 0 -99.9289 5.56001
      vertex 12.5 -99.9289 5.56001
    endloop
  endfacet
  facet normal 0 0.382688 -0.923878
    outer loop
      vertex 0 -102.421 7.47224
      vertex 12.5 -102.011 7.64207
      vertex 12.5 -102.421 7.47224
    endloop
  endfacet
  facet normal 0 0.382688 -0.923878
    outer loop
      vertex 12.5 -102.011 7.64207
      vertex 0 -102.421 7.47224
      vertex 0 -102.011 7.64207
    endloop
  endfacet
  facet normal 0 0.793528 -0.608534
    outer loop
      vertex 12.5 -103.043 6.85
      vertex 0 -102.773 7.20208
      vertex 12.5 -102.773 7.20208
    endloop
  endfacet
  facet normal 0 0.793528 -0.608534
    outer loop
      vertex 0 -102.773 7.20208
      vertex 12.5 -103.043 6.85
      vertex 0 -103.043 6.85
    endloop
  endfacet
  facet normal 0 0.923745 0.383007
    outer loop
      vertex 12.5 -103.043 5.15
      vertex 0 -103.213 5.56001
      vertex 12.5 -103.213 5.56001
    endloop
  endfacet
  facet normal 0 0.923745 0.383007
    outer loop
      vertex 0 -103.213 5.56001
      vertex 12.5 -103.043 5.15
      vertex 0 -103.043 5.15
    endloop
  endfacet
  facet normal 0 -0.382688 -0.923878
    outer loop
      vertex 0 -101.131 7.64207
      vertex 12.5 -100.721 7.47224
      vertex 12.5 -101.131 7.64207
    endloop
  endfacet
  facet normal -0 -0.382688 -0.923878
    outer loop
      vertex 12.5 -100.721 7.47224
      vertex 0 -101.131 7.64207
      vertex 0 -100.721 7.47224
    endloop
  endfacet
  facet normal -0 0.382688 0.923878
    outer loop
      vertex 0 -102.011 4.35793
      vertex 12.5 -102.421 4.52776
      vertex 12.5 -102.011 4.35793
    endloop
  endfacet
  facet normal 0 0.382688 0.923878
    outer loop
      vertex 12.5 -102.421 4.52776
      vertex 0 -102.011 4.35793
      vertex 0 -102.421 4.52776
    endloop
  endfacet
  facet normal 0 -0.793528 -0.608534
    outer loop
      vertex 0 -100.099 6.85
      vertex 12.5 -100.369 7.20208
      vertex 0 -100.369 7.20208
    endloop
  endfacet
  facet normal 0 -0.793528 -0.608534
    outer loop
      vertex 12.5 -100.369 7.20208
      vertex 0 -100.099 6.85
      vertex 12.5 -100.099 6.85
    endloop
  endfacet
  facet normal 0 0.793528 0.608534
    outer loop
      vertex 12.5 -102.773 4.79792
      vertex 0 -103.043 5.15
      vertex 12.5 -103.043 5.15
    endloop
  endfacet
  facet normal 0 0.793528 0.608534
    outer loop
      vertex 0 -103.043 5.15
      vertex 12.5 -102.773 4.79792
      vertex 0 -102.773 4.79792
    endloop
  endfacet
  facet normal 0 -0.923666 -0.383199
    outer loop
      vertex 0 -99.9289 6.43999
      vertex 12.5 -100.099 6.85
      vertex 0 -100.099 6.85
    endloop
  endfacet
  facet normal 0 -0.923666 -0.383199
    outer loop
      vertex 12.5 -100.099 6.85
      vertex 0 -99.9289 6.43999
      vertex 12.5 -99.9289 6.43999
    endloop
  endfacet
  facet normal -0 0.608848 0.793287
    outer loop
      vertex 0 -102.421 4.52776
      vertex 12.5 -102.773 4.79792
      vertex 12.5 -102.421 4.52776
    endloop
  endfacet
  facet normal 0 0.608848 0.793287
    outer loop
      vertex 12.5 -102.773 4.79792
      vertex 0 -102.421 4.52776
      vertex 0 -102.773 4.79792
    endloop
  endfacet
  facet normal 0 -0.923666 0.383199
    outer loop
      vertex 0 -100.099 5.15
      vertex 12.5 -99.9289 5.56001
      vertex 0 -99.9289 5.56001
    endloop
  endfacet
  facet normal 0 -0.923666 0.383199
    outer loop
      vertex 12.5 -99.9289 5.56001
      vertex 0 -100.099 5.15
      vertex 12.5 -100.099 5.15
    endloop
  endfacet
  facet normal 0 -0.382688 0.923878
    outer loop
      vertex 0 -100.721 4.52776
      vertex 12.5 -101.131 4.35793
      vertex 12.5 -100.721 4.52776
    endloop
  endfacet
  facet normal 0 -0.382688 0.923878
    outer loop
      vertex 12.5 -101.131 4.35793
      vertex 0 -100.721 4.52776
      vertex 0 -101.131 4.35793
    endloop
  endfacet
  facet normal 0 -0.991452 -0.130469
    outer loop
      vertex 0 -99.871 6
      vertex 12.5 -99.9289 6.43999
      vertex 0 -99.9289 6.43999
    endloop
  endfacet
  facet normal 0 -0.991452 -0.130469
    outer loop
      vertex 12.5 -99.9289 6.43999
      vertex 0 -99.871 6
      vertex 12.5 -99.871 6
    endloop
  endfacet
  facet normal 0 0.130533 -0.991444
    outer loop
      vertex 0 -102.011 7.64207
      vertex 12.5 -101.571 7.7
      vertex 12.5 -102.011 7.64207
    endloop
  endfacet
  facet normal 0 0.130533 -0.991444
    outer loop
      vertex 12.5 -101.571 7.7
      vertex 0 -102.011 7.64207
      vertex 0 -101.571 7.7
    endloop
  endfacet
  facet normal 0 0.608848 -0.793287
    outer loop
      vertex 0 -102.773 7.20208
      vertex 12.5 -102.421 7.47224
      vertex 12.5 -102.773 7.20208
    endloop
  endfacet
  facet normal 0 0.608848 -0.793287
    outer loop
      vertex 12.5 -102.421 7.47224
      vertex 0 -102.773 7.20208
      vertex 0 -102.421 7.47224
    endloop
  endfacet
  facet normal 0 0.991423 0.130691
    outer loop
      vertex 12.5 -103.213 5.56001
      vertex 0 -103.271 6
      vertex 12.5 -103.271 6
    endloop
  endfacet
  facet normal 0 0.991423 0.130691
    outer loop
      vertex 0 -103.271 6
      vertex 12.5 -103.213 5.56001
      vertex 0 -103.213 5.56001
    endloop
  endfacet
  facet normal 0 -0.130533 -0.991444
    outer loop
      vertex 0 -111.571 7.7
      vertex 12.5 -111.131 7.64207
      vertex 12.5 -111.571 7.7
    endloop
  endfacet
  facet normal -0 -0.130533 -0.991444
    outer loop
      vertex 12.5 -111.131 7.64207
      vertex 0 -111.571 7.7
      vertex 0 -111.131 7.64207
    endloop
  endfacet
  facet normal 0 -0.608848 0.793287
    outer loop
      vertex 0 -110.369 4.79792
      vertex 12.5 -110.721 4.52776
      vertex 12.5 -110.369 4.79792
    endloop
  endfacet
  facet normal 0 -0.608848 0.793287
    outer loop
      vertex 12.5 -110.721 4.52776
      vertex 0 -110.369 4.79792
      vertex 0 -110.721 4.52776
    endloop
  endfacet
  facet normal -0 0.130533 0.991444
    outer loop
      vertex 0 -111.571 4.3
      vertex 12.5 -112.011 4.35793
      vertex 12.5 -111.571 4.3
    endloop
  endfacet
  facet normal 0 0.130533 0.991444
    outer loop
      vertex 12.5 -112.011 4.35793
      vertex 0 -111.571 4.3
      vertex 0 -112.011 4.35793
    endloop
  endfacet
  facet normal 0 -0.608848 -0.793287
    outer loop
      vertex 0 -110.721 7.47224
      vertex 12.5 -110.369 7.20208
      vertex 12.5 -110.721 7.47224
    endloop
  endfacet
  facet normal -0 -0.608848 -0.793287
    outer loop
      vertex 12.5 -110.369 7.20208
      vertex 0 -110.721 7.47224
      vertex 0 -110.369 7.20208
    endloop
  endfacet
  facet normal 0 0.991423 -0.130691
    outer loop
      vertex 12.5 -113.271 6
      vertex 0 -113.213 6.43999
      vertex 12.5 -113.213 6.43999
    endloop
  endfacet
  facet normal 0 0.991423 -0.130691
    outer loop
      vertex 0 -113.213 6.43999
      vertex 12.5 -113.271 6
      vertex 0 -113.271 6
    endloop
  endfacet
  facet normal 0 0.923745 -0.383007
    outer loop
      vertex 12.5 -113.213 6.43999
      vertex 0 -113.043 6.85
      vertex 12.5 -113.043 6.85
    endloop
  endfacet
  facet normal 0 0.923745 -0.383007
    outer loop
      vertex 0 -113.043 6.85
      vertex 12.5 -113.213 6.43999
      vertex 0 -113.213 6.43999
    endloop
  endfacet
  facet normal 0 -0.793528 0.608534
    outer loop
      vertex 0 -110.369 4.79792
      vertex 12.5 -110.099 5.15
      vertex 0 -110.099 5.15
    endloop
  endfacet
  facet normal 0 -0.793528 0.608534
    outer loop
      vertex 12.5 -110.099 5.15
      vertex 0 -110.369 4.79792
      vertex 12.5 -110.369 4.79792
    endloop
  endfacet
  facet normal 0 -0.130533 0.991444
    outer loop
      vertex 0 -111.131 4.35793
      vertex 12.5 -111.571 4.3
      vertex 12.5 -111.131 4.35793
    endloop
  endfacet
  facet normal 0 -0.130533 0.991444
    outer loop
      vertex 12.5 -111.571 4.3
      vertex 0 -111.131 4.35793
      vertex 0 -111.571 4.3
    endloop
  endfacet
  facet normal 0 -0.991423 0.130691
    outer loop
      vertex 0 -109.929 5.56001
      vertex 12.5 -109.871 6
      vertex 0 -109.871 6
    endloop
  endfacet
  facet normal 0 -0.991423 0.130691
    outer loop
      vertex 12.5 -109.871 6
      vertex 0 -109.929 5.56001
      vertex 12.5 -109.929 5.56001
    endloop
  endfacet
  facet normal 0 0.382688 -0.923878
    outer loop
      vertex 0 -112.421 7.47224
      vertex 12.5 -112.011 7.64207
      vertex 12.5 -112.421 7.47224
    endloop
  endfacet
  facet normal 0 0.382688 -0.923878
    outer loop
      vertex 12.5 -112.011 7.64207
      vertex 0 -112.421 7.47224
      vertex 0 -112.011 7.64207
    endloop
  endfacet
  facet normal 0 0.793528 -0.608534
    outer loop
      vertex 12.5 -113.043 6.85
      vertex 0 -112.773 7.20208
      vertex 12.5 -112.773 7.20208
    endloop
  endfacet
  facet normal 0 0.793528 -0.608534
    outer loop
      vertex 0 -112.773 7.20208
      vertex 12.5 -113.043 6.85
      vertex 0 -113.043 6.85
    endloop
  endfacet
  facet normal 0 0.923745 0.383007
    outer loop
      vertex 12.5 -113.043 5.15
      vertex 0 -113.213 5.56001
      vertex 12.5 -113.213 5.56001
    endloop
  endfacet
  facet normal 0 0.923745 0.383007
    outer loop
      vertex 0 -113.213 5.56001
      vertex 12.5 -113.043 5.15
      vertex 0 -113.043 5.15
    endloop
  endfacet
  facet normal 0 -0.382688 -0.923878
    outer loop
      vertex 0 -111.131 7.64207
      vertex 12.5 -110.721 7.47224
      vertex 12.5 -111.131 7.64207
    endloop
  endfacet
  facet normal -0 -0.382688 -0.923878
    outer loop
      vertex 12.5 -110.721 7.47224
      vertex 0 -111.131 7.64207
      vertex 0 -110.721 7.47224
    endloop
  endfacet
  facet normal -0 0.382688 0.923878
    outer loop
      vertex 0 -112.011 4.35793
      vertex 12.5 -112.421 4.52776
      vertex 12.5 -112.011 4.35793
    endloop
  endfacet
  facet normal 0 0.382688 0.923878
    outer loop
      vertex 12.5 -112.421 4.52776
      vertex 0 -112.011 4.35793
      vertex 0 -112.421 4.52776
    endloop
  endfacet
  facet normal 0 -0.793528 -0.608534
    outer loop
      vertex 0 -110.099 6.85
      vertex 12.5 -110.369 7.20208
      vertex 0 -110.369 7.20208
    endloop
  endfacet
  facet normal 0 -0.793528 -0.608534
    outer loop
      vertex 12.5 -110.369 7.20208
      vertex 0 -110.099 6.85
      vertex 12.5 -110.099 6.85
    endloop
  endfacet
  facet normal 0 0.793528 0.608534
    outer loop
      vertex 12.5 -112.773 4.79792
      vertex 0 -113.043 5.15
      vertex 12.5 -113.043 5.15
    endloop
  endfacet
  facet normal 0 0.793528 0.608534
    outer loop
      vertex 0 -113.043 5.15
      vertex 12.5 -112.773 4.79792
      vertex 0 -112.773 4.79792
    endloop
  endfacet
  facet normal 0 -0.923745 -0.383007
    outer loop
      vertex 0 -109.929 6.43999
      vertex 12.5 -110.099 6.85
      vertex 0 -110.099 6.85
    endloop
  endfacet
  facet normal 0 -0.923745 -0.383007
    outer loop
      vertex 12.5 -110.099 6.85
      vertex 0 -109.929 6.43999
      vertex 12.5 -109.929 6.43999
    endloop
  endfacet
  facet normal -0 0.608848 0.793287
    outer loop
      vertex 0 -112.421 4.52776
      vertex 12.5 -112.773 4.79792
      vertex 12.5 -112.421 4.52776
    endloop
  endfacet
  facet normal 0 0.608848 0.793287
    outer loop
      vertex 12.5 -112.773 4.79792
      vertex 0 -112.421 4.52776
      vertex 0 -112.773 4.79792
    endloop
  endfacet
  facet normal 0 -0.923745 0.383007
    outer loop
      vertex 0 -110.099 5.15
      vertex 12.5 -109.929 5.56001
      vertex 0 -109.929 5.56001
    endloop
  endfacet
  facet normal 0 -0.923745 0.383007
    outer loop
      vertex 12.5 -109.929 5.56001
      vertex 0 -110.099 5.15
      vertex 12.5 -110.099 5.15
    endloop
  endfacet
  facet normal 0 0.130533 -0.991444
    outer loop
      vertex 0 -112.011 7.64207
      vertex 12.5 -111.571 7.7
      vertex 12.5 -112.011 7.64207
    endloop
  endfacet
  facet normal 0 0.130533 -0.991444
    outer loop
      vertex 12.5 -111.571 7.7
      vertex 0 -112.011 7.64207
      vertex 0 -111.571 7.7
    endloop
  endfacet
  facet normal 0 -0.382688 0.923878
    outer loop
      vertex 0 -110.721 4.52776
      vertex 12.5 -111.131 4.35793
      vertex 12.5 -110.721 4.52776
    endloop
  endfacet
  facet normal 0 -0.382688 0.923878
    outer loop
      vertex 12.5 -111.131 4.35793
      vertex 0 -110.721 4.52776
      vertex 0 -111.131 4.35793
    endloop
  endfacet
  facet normal 0 -0.991423 -0.130691
    outer loop
      vertex 0 -109.871 6
      vertex 12.5 -109.929 6.43999
      vertex 0 -109.929 6.43999
    endloop
  endfacet
  facet normal 0 -0.991423 -0.130691
    outer loop
      vertex 12.5 -109.929 6.43999
      vertex 0 -109.871 6
      vertex 12.5 -109.871 6
    endloop
  endfacet
  facet normal 0 0.608848 -0.793287
    outer loop
      vertex 0 -112.773 7.20208
      vertex 12.5 -112.421 7.47224
      vertex 12.5 -112.773 7.20208
    endloop
  endfacet
  facet normal 0 0.608848 -0.793287
    outer loop
      vertex 12.5 -112.421 7.47224
      vertex 0 -112.773 7.20208
      vertex 0 -112.421 7.47224
    endloop
  endfacet
  facet normal 0 0.991423 0.130691
    outer loop
      vertex 12.5 -113.213 5.56001
      vertex 0 -113.271 6
      vertex 12.5 -113.271 6
    endloop
  endfacet
  facet normal 0 0.991423 0.130691
    outer loop
      vertex 0 -113.271 6
      vertex 12.5 -113.213 5.56001
      vertex 0 -113.213 5.56001
    endloop
  endfacet
  facet normal 0 -0.130533 -0.991444
    outer loop
      vertex 0 -121.571 7.7
      vertex 12.5 -121.131 7.64207
      vertex 12.5 -121.571 7.7
    endloop
  endfacet
  facet normal -0 -0.130533 -0.991444
    outer loop
      vertex 12.5 -121.131 7.64207
      vertex 0 -121.571 7.7
      vertex 0 -121.131 7.64207
    endloop
  endfacet
  facet normal 0 -0.608848 0.793287
    outer loop
      vertex 0 -120.369 4.79792
      vertex 12.5 -120.721 4.52776
      vertex 12.5 -120.369 4.79792
    endloop
  endfacet
  facet normal 0 -0.608848 0.793287
    outer loop
      vertex 12.5 -120.721 4.52776
      vertex 0 -120.369 4.79792
      vertex 0 -120.721 4.52776
    endloop
  endfacet
  facet normal -0 0.130533 0.991444
    outer loop
      vertex 0 -121.571 4.3
      vertex 12.5 -122.011 4.35793
      vertex 12.5 -121.571 4.3
    endloop
  endfacet
  facet normal 0 0.130533 0.991444
    outer loop
      vertex 12.5 -122.011 4.35793
      vertex 0 -121.571 4.3
      vertex 0 -122.011 4.35793
    endloop
  endfacet
  facet normal 0 -0.608848 -0.793287
    outer loop
      vertex 0 -120.721 7.47224
      vertex 12.5 -120.369 7.20208
      vertex 12.5 -120.721 7.47224
    endloop
  endfacet
  facet normal -0 -0.608848 -0.793287
    outer loop
      vertex 12.5 -120.369 7.20208
      vertex 0 -120.721 7.47224
      vertex 0 -120.369 7.20208
    endloop
  endfacet
  facet normal 0 0.991423 -0.130691
    outer loop
      vertex 12.5 -123.271 6
      vertex 0 -123.213 6.43999
      vertex 12.5 -123.213 6.43999
    endloop
  endfacet
  facet normal 0 0.991423 -0.130691
    outer loop
      vertex 0 -123.213 6.43999
      vertex 12.5 -123.271 6
      vertex 0 -123.271 6
    endloop
  endfacet
  facet normal 0 0.923745 -0.383007
    outer loop
      vertex 12.5 -123.213 6.43999
      vertex 0 -123.043 6.85
      vertex 12.5 -123.043 6.85
    endloop
  endfacet
  facet normal 0 0.923745 -0.383007
    outer loop
      vertex 0 -123.043 6.85
      vertex 12.5 -123.213 6.43999
      vertex 0 -123.213 6.43999
    endloop
  endfacet
  facet normal 0 -0.793528 0.608534
    outer loop
      vertex 0 -120.369 4.79792
      vertex 12.5 -120.099 5.15
      vertex 0 -120.099 5.15
    endloop
  endfacet
  facet normal 0 -0.793528 0.608534
    outer loop
      vertex 12.5 -120.099 5.15
      vertex 0 -120.369 4.79792
      vertex 12.5 -120.369 4.79792
    endloop
  endfacet
  facet normal 0 -0.130533 0.991444
    outer loop
      vertex 0 -121.131 4.35793
      vertex 12.5 -121.571 4.3
      vertex 12.5 -121.131 4.35793
    endloop
  endfacet
  facet normal 0 -0.130533 0.991444
    outer loop
      vertex 12.5 -121.571 4.3
      vertex 0 -121.131 4.35793
      vertex 0 -121.571 4.3
    endloop
  endfacet
  facet normal 0 -0.991423 0.130691
    outer loop
      vertex 0 -119.929 5.56001
      vertex 12.5 -119.871 6
      vertex 0 -119.871 6
    endloop
  endfacet
  facet normal 0 -0.991423 0.130691
    outer loop
      vertex 12.5 -119.871 6
      vertex 0 -119.929 5.56001
      vertex 12.5 -119.929 5.56001
    endloop
  endfacet
  facet normal 0 0.382688 -0.923878
    outer loop
      vertex 0 -122.421 7.47224
      vertex 12.5 -122.011 7.64207
      vertex 12.5 -122.421 7.47224
    endloop
  endfacet
  facet normal 0 0.382688 -0.923878
    outer loop
      vertex 12.5 -122.011 7.64207
      vertex 0 -122.421 7.47224
      vertex 0 -122.011 7.64207
    endloop
  endfacet
  facet normal 0 0.793528 -0.608534
    outer loop
      vertex 12.5 -123.043 6.85
      vertex 0 -122.773 7.20208
      vertex 12.5 -122.773 7.20208
    endloop
  endfacet
  facet normal 0 0.793528 -0.608534
    outer loop
      vertex 0 -122.773 7.20208
      vertex 12.5 -123.043 6.85
      vertex 0 -123.043 6.85
    endloop
  endfacet
  facet normal 0 0.923745 0.383007
    outer loop
      vertex 12.5 -123.043 5.15
      vertex 0 -123.213 5.56001
      vertex 12.5 -123.213 5.56001
    endloop
  endfacet
  facet normal 0 0.923745 0.383007
    outer loop
      vertex 0 -123.213 5.56001
      vertex 12.5 -123.043 5.15
      vertex 0 -123.043 5.15
    endloop
  endfacet
  facet normal 0 -0.382688 -0.923878
    outer loop
      vertex 0 -121.131 7.64207
      vertex 12.5 -120.721 7.47224
      vertex 12.5 -121.131 7.64207
    endloop
  endfacet
  facet normal -0 -0.382688 -0.923878
    outer loop
      vertex 12.5 -120.721 7.47224
      vertex 0 -121.131 7.64207
      vertex 0 -120.721 7.47224
    endloop
  endfacet
  facet normal -0 0.382688 0.923878
    outer loop
      vertex 0 -122.011 4.35793
      vertex 12.5 -122.421 4.52776
      vertex 12.5 -122.011 4.35793
    endloop
  endfacet
  facet normal 0 0.382688 0.923878
    outer loop
      vertex 12.5 -122.421 4.52776
      vertex 0 -122.011 4.35793
      vertex 0 -122.421 4.52776
    endloop
  endfacet
  facet normal 0 -0.793528 -0.608534
    outer loop
      vertex 0 -120.099 6.85
      vertex 12.5 -120.369 7.20208
      vertex 0 -120.369 7.20208
    endloop
  endfacet
  facet normal 0 -0.793528 -0.608534
    outer loop
      vertex 12.5 -120.369 7.20208
      vertex 0 -120.099 6.85
      vertex 12.5 -120.099 6.85
    endloop
  endfacet
  facet normal 0 0.793528 0.608534
    outer loop
      vertex 12.5 -122.773 4.79792
      vertex 0 -123.043 5.15
      vertex 12.5 -123.043 5.15
    endloop
  endfacet
  facet normal 0 0.793528 0.608534
    outer loop
      vertex 0 -123.043 5.15
      vertex 12.5 -122.773 4.79792
      vertex 0 -122.773 4.79792
    endloop
  endfacet
  facet normal 0 -0.923745 -0.383007
    outer loop
      vertex 0 -119.929 6.43999
      vertex 12.5 -120.099 6.85
      vertex 0 -120.099 6.85
    endloop
  endfacet
  facet normal 0 -0.923745 -0.383007
    outer loop
      vertex 12.5 -120.099 6.85
      vertex 0 -119.929 6.43999
      vertex 12.5 -119.929 6.43999
    endloop
  endfacet
  facet normal -0 0.608848 0.793287
    outer loop
      vertex 0 -122.421 4.52776
      vertex 12.5 -122.773 4.79792
      vertex 12.5 -122.421 4.52776
    endloop
  endfacet
  facet normal 0 0.608848 0.793287
    outer loop
      vertex 12.5 -122.773 4.79792
      vertex 0 -122.421 4.52776
      vertex 0 -122.773 4.79792
    endloop
  endfacet
  facet normal 0 -0.923745 0.383007
    outer loop
      vertex 0 -120.099 5.15
      vertex 12.5 -119.929 5.56001
      vertex 0 -119.929 5.56001
    endloop
  endfacet
  facet normal 0 -0.923745 0.383007
    outer loop
      vertex 12.5 -119.929 5.56001
      vertex 0 -120.099 5.15
      vertex 12.5 -120.099 5.15
    endloop
  endfacet
  facet normal 0 0.130533 -0.991444
    outer loop
      vertex 0 -122.011 7.64207
      vertex 12.5 -121.571 7.7
      vertex 12.5 -122.011 7.64207
    endloop
  endfacet
  facet normal 0 0.130533 -0.991444
    outer loop
      vertex 12.5 -121.571 7.7
      vertex 0 -122.011 7.64207
      vertex 0 -121.571 7.7
    endloop
  endfacet
  facet normal 0 -0.382688 0.923878
    outer loop
      vertex 0 -120.721 4.52776
      vertex 12.5 -121.131 4.35793
      vertex 12.5 -120.721 4.52776
    endloop
  endfacet
  facet normal 0 -0.382688 0.923878
    outer loop
      vertex 12.5 -121.131 4.35793
      vertex 0 -120.721 4.52776
      vertex 0 -121.131 4.35793
    endloop
  endfacet
  facet normal 0 -0.991423 -0.130691
    outer loop
      vertex 0 -119.871 6
      vertex 12.5 -119.929 6.43999
      vertex 0 -119.929 6.43999
    endloop
  endfacet
  facet normal 0 -0.991423 -0.130691
    outer loop
      vertex 12.5 -119.929 6.43999
      vertex 0 -119.871 6
      vertex 12.5 -119.871 6
    endloop
  endfacet
  facet normal 0 0.608848 -0.793287
    outer loop
      vertex 0 -122.773 7.20208
      vertex 12.5 -122.421 7.47224
      vertex 12.5 -122.773 7.20208
    endloop
  endfacet
  facet normal 0 0.608848 -0.793287
    outer loop
      vertex 12.5 -122.421 7.47224
      vertex 0 -122.773 7.20208
      vertex 0 -122.421 7.47224
    endloop
  endfacet
  facet normal 0 0.991423 0.130691
    outer loop
      vertex 12.5 -123.213 5.56001
      vertex 0 -123.271 6
      vertex 12.5 -123.271 6
    endloop
  endfacet
  facet normal 0 0.991423 0.130691
    outer loop
      vertex 0 -123.271 6
      vertex 12.5 -123.213 5.56001
      vertex 0 -123.213 5.56001
    endloop
  endfacet
  facet normal 0 -0.130533 -0.991444
    outer loop
      vertex 0 -131.571 7.7
      vertex 12.5 -131.131 7.64207
      vertex 12.5 -131.571 7.7
    endloop
  endfacet
  facet normal -0 -0.130533 -0.991444
    outer loop
      vertex 12.5 -131.131 7.64207
      vertex 0 -131.571 7.7
      vertex 0 -131.131 7.64207
    endloop
  endfacet
  facet normal 0 -0.608848 0.793287
    outer loop
      vertex 0 -130.369 4.79792
      vertex 12.5 -130.721 4.52776
      vertex 12.5 -130.369 4.79792
    endloop
  endfacet
  facet normal 0 -0.608848 0.793287
    outer loop
      vertex 12.5 -130.721 4.52776
      vertex 0 -130.369 4.79792
      vertex 0 -130.721 4.52776
    endloop
  endfacet
  facet normal -0 0.130533 0.991444
    outer loop
      vertex 0 -131.571 4.3
      vertex 12.5 -132.011 4.35793
      vertex 12.5 -131.571 4.3
    endloop
  endfacet
  facet normal 0 0.130533 0.991444
    outer loop
      vertex 12.5 -132.011 4.35793
      vertex 0 -131.571 4.3
      vertex 0 -132.011 4.35793
    endloop
  endfacet
  facet normal 0 -0.608848 -0.793287
    outer loop
      vertex 0 -130.721 7.47224
      vertex 12.5 -130.369 7.20208
      vertex 12.5 -130.721 7.47224
    endloop
  endfacet
  facet normal -0 -0.608848 -0.793287
    outer loop
      vertex 12.5 -130.369 7.20208
      vertex 0 -130.721 7.47224
      vertex 0 -130.369 7.20208
    endloop
  endfacet
  facet normal 0 0.991423 -0.130691
    outer loop
      vertex 12.5 -133.271 6
      vertex 0 -133.213 6.43999
      vertex 12.5 -133.213 6.43999
    endloop
  endfacet
  facet normal 0 0.991423 -0.130691
    outer loop
      vertex 0 -133.213 6.43999
      vertex 12.5 -133.271 6
      vertex 0 -133.271 6
    endloop
  endfacet
  facet normal 0 0.923745 -0.383007
    outer loop
      vertex 12.5 -133.213 6.43999
      vertex 0 -133.043 6.85
      vertex 12.5 -133.043 6.85
    endloop
  endfacet
  facet normal 0 0.923745 -0.383007
    outer loop
      vertex 0 -133.043 6.85
      vertex 12.5 -133.213 6.43999
      vertex 0 -133.213 6.43999
    endloop
  endfacet
  facet normal 0 -0.793528 0.608534
    outer loop
      vertex 0 -130.369 4.79792
      vertex 12.5 -130.099 5.15
      vertex 0 -130.099 5.15
    endloop
  endfacet
  facet normal 0 -0.793528 0.608534
    outer loop
      vertex 12.5 -130.099 5.15
      vertex 0 -130.369 4.79792
      vertex 12.5 -130.369 4.79792
    endloop
  endfacet
  facet normal 0 -0.130533 0.991444
    outer loop
      vertex 0 -131.131 4.35793
      vertex 12.5 -131.571 4.3
      vertex 12.5 -131.131 4.35793
    endloop
  endfacet
  facet normal 0 -0.130533 0.991444
    outer loop
      vertex 12.5 -131.571 4.3
      vertex 0 -131.131 4.35793
      vertex 0 -131.571 4.3
    endloop
  endfacet
  facet normal 0 -0.991423 0.130691
    outer loop
      vertex 0 -129.929 5.56001
      vertex 12.5 -129.871 6
      vertex 0 -129.871 6
    endloop
  endfacet
  facet normal 0 -0.991423 0.130691
    outer loop
      vertex 12.5 -129.871 6
      vertex 0 -129.929 5.56001
      vertex 12.5 -129.929 5.56001
    endloop
  endfacet
  facet normal 0 0.382688 -0.923878
    outer loop
      vertex 0 -132.421 7.47224
      vertex 12.5 -132.011 7.64207
      vertex 12.5 -132.421 7.47224
    endloop
  endfacet
  facet normal 0 0.382688 -0.923878
    outer loop
      vertex 12.5 -132.011 7.64207
      vertex 0 -132.421 7.47224
      vertex 0 -132.011 7.64207
    endloop
  endfacet
  facet normal 0 0.793528 -0.608534
    outer loop
      vertex 12.5 -133.043 6.85
      vertex 0 -132.773 7.20208
      vertex 12.5 -132.773 7.20208
    endloop
  endfacet
  facet normal 0 0.793528 -0.608534
    outer loop
      vertex 0 -132.773 7.20208
      vertex 12.5 -133.043 6.85
      vertex 0 -133.043 6.85
    endloop
  endfacet
  facet normal 0 0.923745 0.383007
    outer loop
      vertex 12.5 -133.043 5.15
      vertex 0 -133.213 5.56001
      vertex 12.5 -133.213 5.56001
    endloop
  endfacet
  facet normal 0 0.923745 0.383007
    outer loop
      vertex 0 -133.213 5.56001
      vertex 12.5 -133.043 5.15
      vertex 0 -133.043 5.15
    endloop
  endfacet
  facet normal 0 -0.382688 -0.923878
    outer loop
      vertex 0 -131.131 7.64207
      vertex 12.5 -130.721 7.47224
      vertex 12.5 -131.131 7.64207
    endloop
  endfacet
  facet normal -0 -0.382688 -0.923878
    outer loop
      vertex 12.5 -130.721 7.47224
      vertex 0 -131.131 7.64207
      vertex 0 -130.721 7.47224
    endloop
  endfacet
  facet normal -0 0.382688 0.923878
    outer loop
      vertex 0 -132.011 4.35793
      vertex 12.5 -132.421 4.52776
      vertex 12.5 -132.011 4.35793
    endloop
  endfacet
  facet normal 0 0.382688 0.923878
    outer loop
      vertex 12.5 -132.421 4.52776
      vertex 0 -132.011 4.35793
      vertex 0 -132.421 4.52776
    endloop
  endfacet
  facet normal 0 -0.793528 -0.608534
    outer loop
      vertex 0 -130.099 6.85
      vertex 12.5 -130.369 7.20208
      vertex 0 -130.369 7.20208
    endloop
  endfacet
  facet normal 0 -0.793528 -0.608534
    outer loop
      vertex 12.5 -130.369 7.20208
      vertex 0 -130.099 6.85
      vertex 12.5 -130.099 6.85
    endloop
  endfacet
  facet normal 0 0.793528 0.608534
    outer loop
      vertex 12.5 -132.773 4.79792
      vertex 0 -133.043 5.15
      vertex 12.5 -133.043 5.15
    endloop
  endfacet
  facet normal 0 0.793528 0.608534
    outer loop
      vertex 0 -133.043 5.15
      vertex 12.5 -132.773 4.79792
      vertex 0 -132.773 4.79792
    endloop
  endfacet
  facet normal 0 -0.923745 -0.383007
    outer loop
      vertex 0 -129.929 6.43999
      vertex 12.5 -130.099 6.85
      vertex 0 -130.099 6.85
    endloop
  endfacet
  facet normal 0 -0.923745 -0.383007
    outer loop
      vertex 12.5 -130.099 6.85
      vertex 0 -129.929 6.43999
      vertex 12.5 -129.929 6.43999
    endloop
  endfacet
  facet normal -0 0.608848 0.793287
    outer loop
      vertex 0 -132.421 4.52776
      vertex 12.5 -132.773 4.79792
      vertex 12.5 -132.421 4.52776
    endloop
  endfacet
  facet normal 0 0.608848 0.793287
    outer loop
      vertex 12.5 -132.773 4.79792
      vertex 0 -132.421 4.52776
      vertex 0 -132.773 4.79792
    endloop
  endfacet
  facet normal 0 -0.923745 0.383007
    outer loop
      vertex 0 -130.099 5.15
      vertex 12.5 -129.929 5.56001
      vertex 0 -129.929 5.56001
    endloop
  endfacet
  facet normal 0 -0.923745 0.383007
    outer loop
      vertex 12.5 -129.929 5.56001
      vertex 0 -130.099 5.15
      vertex 12.5 -130.099 5.15
    endloop
  endfacet
  facet normal 0 0.130533 -0.991444
    outer loop
      vertex 0 -132.011 7.64207
      vertex 12.5 -131.571 7.7
      vertex 12.5 -132.011 7.64207
    endloop
  endfacet
  facet normal 0 0.130533 -0.991444
    outer loop
      vertex 12.5 -131.571 7.7
      vertex 0 -132.011 7.64207
      vertex 0 -131.571 7.7
    endloop
  endfacet
  facet normal 0 -0.382688 0.923878
    outer loop
      vertex 0 -130.721 4.52776
      vertex 12.5 -131.131 4.35793
      vertex 12.5 -130.721 4.52776
    endloop
  endfacet
  facet normal 0 -0.382688 0.923878
    outer loop
      vertex 12.5 -131.131 4.35793
      vertex 0 -130.721 4.52776
      vertex 0 -131.131 4.35793
    endloop
  endfacet
  facet normal 0 -0.991423 -0.130691
    outer loop
      vertex 0 -129.871 6
      vertex 12.5 -129.929 6.43999
      vertex 0 -129.929 6.43999
    endloop
  endfacet
  facet normal 0 -0.991423 -0.130691
    outer loop
      vertex 12.5 -129.929 6.43999
      vertex 0 -129.871 6
      vertex 12.5 -129.871 6
    endloop
  endfacet
  facet normal 0 0.608848 -0.793287
    outer loop
      vertex 0 -132.773 7.20208
      vertex 12.5 -132.421 7.47224
      vertex 12.5 -132.773 7.20208
    endloop
  endfacet
  facet normal 0 0.608848 -0.793287
    outer loop
      vertex 12.5 -132.421 7.47224
      vertex 0 -132.773 7.20208
      vertex 0 -132.421 7.47224
    endloop
  endfacet
  facet normal 0 0.991423 0.130691
    outer loop
      vertex 12.5 -133.213 5.56001
      vertex 0 -133.271 6
      vertex 12.5 -133.271 6
    endloop
  endfacet
  facet normal 0 0.991423 0.130691
    outer loop
      vertex 0 -133.271 6
      vertex 12.5 -133.213 5.56001
      vertex 0 -133.213 5.56001
    endloop
  endfacet
  facet normal 0 -0.130533 -0.991444
    outer loop
      vertex 0 -141.571 7.7
      vertex 12.5 -141.131 7.64207
      vertex 12.5 -141.571 7.7
    endloop
  endfacet
  facet normal -0 -0.130533 -0.991444
    outer loop
      vertex 12.5 -141.131 7.64207
      vertex 0 -141.571 7.7
      vertex 0 -141.131 7.64207
    endloop
  endfacet
  facet normal 0 -0.608848 0.793287
    outer loop
      vertex 0 -140.369 4.79792
      vertex 12.5 -140.721 4.52776
      vertex 12.5 -140.369 4.79792
    endloop
  endfacet
  facet normal 0 -0.608848 0.793287
    outer loop
      vertex 12.5 -140.721 4.52776
      vertex 0 -140.369 4.79792
      vertex 0 -140.721 4.52776
    endloop
  endfacet
  facet normal -0 0.130533 0.991444
    outer loop
      vertex 0 -141.571 4.3
      vertex 12.5 -142.011 4.35793
      vertex 12.5 -141.571 4.3
    endloop
  endfacet
  facet normal 0 0.130533 0.991444
    outer loop
      vertex 12.5 -142.011 4.35793
      vertex 0 -141.571 4.3
      vertex 0 -142.011 4.35793
    endloop
  endfacet
  facet normal 0 -0.608848 -0.793287
    outer loop
      vertex 0 -140.721 7.47224
      vertex 12.5 -140.369 7.20208
      vertex 12.5 -140.721 7.47224
    endloop
  endfacet
  facet normal -0 -0.608848 -0.793287
    outer loop
      vertex 12.5 -140.369 7.20208
      vertex 0 -140.721 7.47224
      vertex 0 -140.369 7.20208
    endloop
  endfacet
  facet normal 0 0.991423 -0.130691
    outer loop
      vertex 12.5 -143.271 6
      vertex 0 -143.213 6.43999
      vertex 12.5 -143.213 6.43999
    endloop
  endfacet
  facet normal 0 0.991423 -0.130691
    outer loop
      vertex 0 -143.213 6.43999
      vertex 12.5 -143.271 6
      vertex 0 -143.271 6
    endloop
  endfacet
  facet normal 0 0.923745 -0.383007
    outer loop
      vertex 12.5 -143.213 6.43999
      vertex 0 -143.043 6.85
      vertex 12.5 -143.043 6.85
    endloop
  endfacet
  facet normal 0 0.923745 -0.383007
    outer loop
      vertex 0 -143.043 6.85
      vertex 12.5 -143.213 6.43999
      vertex 0 -143.213 6.43999
    endloop
  endfacet
  facet normal 0 -0.793528 0.608534
    outer loop
      vertex 0 -140.369 4.79792
      vertex 12.5 -140.099 5.15
      vertex 0 -140.099 5.15
    endloop
  endfacet
  facet normal 0 -0.793528 0.608534
    outer loop
      vertex 12.5 -140.099 5.15
      vertex 0 -140.369 4.79792
      vertex 12.5 -140.369 4.79792
    endloop
  endfacet
  facet normal 0 -0.130533 0.991444
    outer loop
      vertex 0 -141.131 4.35793
      vertex 12.5 -141.571 4.3
      vertex 12.5 -141.131 4.35793
    endloop
  endfacet
  facet normal 0 -0.130533 0.991444
    outer loop
      vertex 12.5 -141.571 4.3
      vertex 0 -141.131 4.35793
      vertex 0 -141.571 4.3
    endloop
  endfacet
  facet normal 0 -0.991423 0.130691
    outer loop
      vertex 0 -139.929 5.56001
      vertex 12.5 -139.871 6
      vertex 0 -139.871 6
    endloop
  endfacet
  facet normal 0 -0.991423 0.130691
    outer loop
      vertex 12.5 -139.871 6
      vertex 0 -139.929 5.56001
      vertex 12.5 -139.929 5.56001
    endloop
  endfacet
  facet normal 0 0.382688 -0.923878
    outer loop
      vertex 0 -142.421 7.47224
      vertex 12.5 -142.011 7.64207
      vertex 12.5 -142.421 7.47224
    endloop
  endfacet
  facet normal 0 0.382688 -0.923878
    outer loop
      vertex 12.5 -142.011 7.64207
      vertex 0 -142.421 7.47224
      vertex 0 -142.011 7.64207
    endloop
  endfacet
  facet normal 0 0.793528 -0.608534
    outer loop
      vertex 12.5 -143.043 6.85
      vertex 0 -142.773 7.20208
      vertex 12.5 -142.773 7.20208
    endloop
  endfacet
  facet normal 0 0.793528 -0.608534
    outer loop
      vertex 0 -142.773 7.20208
      vertex 12.5 -143.043 6.85
      vertex 0 -143.043 6.85
    endloop
  endfacet
  facet normal 0 0.923745 0.383007
    outer loop
      vertex 12.5 -143.043 5.15
      vertex 0 -143.213 5.56001
      vertex 12.5 -143.213 5.56001
    endloop
  endfacet
  facet normal 0 0.923745 0.383007
    outer loop
      vertex 0 -143.213 5.56001
      vertex 12.5 -143.043 5.15
      vertex 0 -143.043 5.15
    endloop
  endfacet
  facet normal 0 -0.382688 -0.923878
    outer loop
      vertex 0 -141.131 7.64207
      vertex 12.5 -140.721 7.47224
      vertex 12.5 -141.131 7.64207
    endloop
  endfacet
  facet normal -0 -0.382688 -0.923878
    outer loop
      vertex 12.5 -140.721 7.47224
      vertex 0 -141.131 7.64207
      vertex 0 -140.721 7.47224
    endloop
  endfacet
  facet normal -0 0.382688 0.923878
    outer loop
      vertex 0 -142.011 4.35793
      vertex 12.5 -142.421 4.52776
      vertex 12.5 -142.011 4.35793
    endloop
  endfacet
  facet normal 0 0.382688 0.923878
    outer loop
      vertex 12.5 -142.421 4.52776
      vertex 0 -142.011 4.35793
      vertex 0 -142.421 4.52776
    endloop
  endfacet
  facet normal 0 -0.793528 -0.608534
    outer loop
      vertex 0 -140.099 6.85
      vertex 12.5 -140.369 7.20208
      vertex 0 -140.369 7.20208
    endloop
  endfacet
  facet normal 0 -0.793528 -0.608534
    outer loop
      vertex 12.5 -140.369 7.20208
      vertex 0 -140.099 6.85
      vertex 12.5 -140.099 6.85
    endloop
  endfacet
  facet normal 0 0.793528 0.608534
    outer loop
      vertex 12.5 -142.773 4.79792
      vertex 0 -143.043 5.15
      vertex 12.5 -143.043 5.15
    endloop
  endfacet
  facet normal 0 0.793528 0.608534
    outer loop
      vertex 0 -143.043 5.15
      vertex 12.5 -142.773 4.79792
      vertex 0 -142.773 4.79792
    endloop
  endfacet
  facet normal 0 -0.923745 -0.383007
    outer loop
      vertex 0 -139.929 6.43999
      vertex 12.5 -140.099 6.85
      vertex 0 -140.099 6.85
    endloop
  endfacet
  facet normal 0 -0.923745 -0.383007
    outer loop
      vertex 12.5 -140.099 6.85
      vertex 0 -139.929 6.43999
      vertex 12.5 -139.929 6.43999
    endloop
  endfacet
  facet normal -0 0.608848 0.793287
    outer loop
      vertex 0 -142.421 4.52776
      vertex 12.5 -142.773 4.79792
      vertex 12.5 -142.421 4.52776
    endloop
  endfacet
  facet normal 0 0.608848 0.793287
    outer loop
      vertex 12.5 -142.773 4.79792
      vertex 0 -142.421 4.52776
      vertex 0 -142.773 4.79792
    endloop
  endfacet
  facet normal 0 -0.923745 0.383007
    outer loop
      vertex 0 -140.099 5.15
      vertex 12.5 -139.929 5.56001
      vertex 0 -139.929 5.56001
    endloop
  endfacet
  facet normal 0 -0.923745 0.383007
    outer loop
      vertex 12.5 -139.929 5.56001
      vertex 0 -140.099 5.15
      vertex 12.5 -140.099 5.15
    endloop
  endfacet
  facet normal 0 0.130533 -0.991444
    outer loop
      vertex 0 -142.011 7.64207
      vertex 12.5 -141.571 7.7
      vertex 12.5 -142.011 7.64207
    endloop
  endfacet
  facet normal 0 0.130533 -0.991444
    outer loop
      vertex 12.5 -141.571 7.7
      vertex 0 -142.011 7.64207
      vertex 0 -141.571 7.7
    endloop
  endfacet
  facet normal 0 -0.382688 0.923878
    outer loop
      vertex 0 -140.721 4.52776
      vertex 12.5 -141.131 4.35793
      vertex 12.5 -140.721 4.52776
    endloop
  endfacet
  facet normal 0 -0.382688 0.923878
    outer loop
      vertex 12.5 -141.131 4.35793
      vertex 0 -140.721 4.52776
      vertex 0 -141.131 4.35793
    endloop
  endfacet
  facet normal 0 -0.991423 -0.130691
    outer loop
      vertex 0 -139.871 6
      vertex 12.5 -139.929 6.43999
      vertex 0 -139.929 6.43999
    endloop
  endfacet
  facet normal 0 -0.991423 -0.130691
    outer loop
      vertex 12.5 -139.929 6.43999
      vertex 0 -139.871 6
      vertex 12.5 -139.871 6
    endloop
  endfacet
  facet normal 0 0.608848 -0.793287
    outer loop
      vertex 0 -142.773 7.20208
      vertex 12.5 -142.421 7.47224
      vertex 12.5 -142.773 7.20208
    endloop
  endfacet
  facet normal 0 0.608848 -0.793287
    outer loop
      vertex 12.5 -142.421 7.47224
      vertex 0 -142.773 7.20208
      vertex 0 -142.421 7.47224
    endloop
  endfacet
  facet normal 0 0.991423 0.130691
    outer loop
      vertex 12.5 -143.213 5.56001
      vertex 0 -143.271 6
      vertex 12.5 -143.271 6
    endloop
  endfacet
  facet normal 0 0.991423 0.130691
    outer loop
      vertex 0 -143.271 6
      vertex 12.5 -143.213 5.56001
      vertex 0 -143.213 5.56001
    endloop
  endfacet
  facet normal 0 -0.130533 -0.991444
    outer loop
      vertex 0 -151.571 7.7
      vertex 12.5 -151.131 7.64207
      vertex 12.5 -151.571 7.7
    endloop
  endfacet
  facet normal -0 -0.130533 -0.991444
    outer loop
      vertex 12.5 -151.131 7.64207
      vertex 0 -151.571 7.7
      vertex 0 -151.131 7.64207
    endloop
  endfacet
  facet normal 0 -0.608848 0.793287
    outer loop
      vertex 0 -150.369 4.79792
      vertex 12.5 -150.721 4.52776
      vertex 12.5 -150.369 4.79792
    endloop
  endfacet
  facet normal 0 -0.608848 0.793287
    outer loop
      vertex 12.5 -150.721 4.52776
      vertex 0 -150.369 4.79792
      vertex 0 -150.721 4.52776
    endloop
  endfacet
  facet normal -0 0.130533 0.991444
    outer loop
      vertex 0 -151.571 4.3
      vertex 12.5 -152.011 4.35793
      vertex 12.5 -151.571 4.3
    endloop
  endfacet
  facet normal 0 0.130533 0.991444
    outer loop
      vertex 12.5 -152.011 4.35793
      vertex 0 -151.571 4.3
      vertex 0 -152.011 4.35793
    endloop
  endfacet
  facet normal 0 -0.608848 -0.793287
    outer loop
      vertex 0 -150.721 7.47224
      vertex 12.5 -150.369 7.20208
      vertex 12.5 -150.721 7.47224
    endloop
  endfacet
  facet normal -0 -0.608848 -0.793287
    outer loop
      vertex 12.5 -150.369 7.20208
      vertex 0 -150.721 7.47224
      vertex 0 -150.369 7.20208
    endloop
  endfacet
  facet normal 0 0.991423 -0.130691
    outer loop
      vertex 12.5 -153.271 6
      vertex 0 -153.213 6.43999
      vertex 12.5 -153.213 6.43999
    endloop
  endfacet
  facet normal 0 0.991423 -0.130691
    outer loop
      vertex 0 -153.213 6.43999
      vertex 12.5 -153.271 6
      vertex 0 -153.271 6
    endloop
  endfacet
  facet normal 0 0.923745 -0.383007
    outer loop
      vertex 12.5 -153.213 6.43999
      vertex 0 -153.043 6.85
      vertex 12.5 -153.043 6.85
    endloop
  endfacet
  facet normal 0 0.923745 -0.383007
    outer loop
      vertex 0 -153.043 6.85
      vertex 12.5 -153.213 6.43999
      vertex 0 -153.213 6.43999
    endloop
  endfacet
  facet normal 0 -0.793528 0.608534
    outer loop
      vertex 0 -150.369 4.79792
      vertex 12.5 -150.099 5.15
      vertex 0 -150.099 5.15
    endloop
  endfacet
  facet normal 0 -0.793528 0.608534
    outer loop
      vertex 12.5 -150.099 5.15
      vertex 0 -150.369 4.79792
      vertex 12.5 -150.369 4.79792
    endloop
  endfacet
  facet normal 0 -0.130533 0.991444
    outer loop
      vertex 0 -151.131 4.35793
      vertex 12.5 -151.571 4.3
      vertex 12.5 -151.131 4.35793
    endloop
  endfacet
  facet normal 0 -0.130533 0.991444
    outer loop
      vertex 12.5 -151.571 4.3
      vertex 0 -151.131 4.35793
      vertex 0 -151.571 4.3
    endloop
  endfacet
  facet normal 0 -0.991423 0.130691
    outer loop
      vertex 0 -149.929 5.56001
      vertex 12.5 -149.871 6
      vertex 0 -149.871 6
    endloop
  endfacet
  facet normal 0 -0.991423 0.130691
    outer loop
      vertex 12.5 -149.871 6
      vertex 0 -149.929 5.56001
      vertex 12.5 -149.929 5.56001
    endloop
  endfacet
  facet normal 0 0.382688 -0.923878
    outer loop
      vertex 0 -152.421 7.47224
      vertex 12.5 -152.011 7.64207
      vertex 12.5 -152.421 7.47224
    endloop
  endfacet
  facet normal 0 0.382688 -0.923878
    outer loop
      vertex 12.5 -152.011 7.64207
      vertex 0 -152.421 7.47224
      vertex 0 -152.011 7.64207
    endloop
  endfacet
  facet normal 0 0.793528 -0.608534
    outer loop
      vertex 12.5 -153.043 6.85
      vertex 0 -152.773 7.20208
      vertex 12.5 -152.773 7.20208
    endloop
  endfacet
  facet normal 0 0.793528 -0.608534
    outer loop
      vertex 0 -152.773 7.20208
      vertex 12.5 -153.043 6.85
      vertex 0 -153.043 6.85
    endloop
  endfacet
  facet normal 0 0.923745 0.383007
    outer loop
      vertex 12.5 -153.043 5.15
      vertex 0 -153.213 5.56001
      vertex 12.5 -153.213 5.56001
    endloop
  endfacet
  facet normal 0 0.923745 0.383007
    outer loop
      vertex 0 -153.213 5.56001
      vertex 12.5 -153.043 5.15
      vertex 0 -153.043 5.15
    endloop
  endfacet
  facet normal 0 -0.382688 -0.923878
    outer loop
      vertex 0 -151.131 7.64207
      vertex 12.5 -150.721 7.47224
      vertex 12.5 -151.131 7.64207
    endloop
  endfacet
  facet normal -0 -0.382688 -0.923878
    outer loop
      vertex 12.5 -150.721 7.47224
      vertex 0 -151.131 7.64207
      vertex 0 -150.721 7.47224
    endloop
  endfacet
  facet normal -0 0.382688 0.923878
    outer loop
      vertex 0 -152.011 4.35793
      vertex 12.5 -152.421 4.52776
      vertex 12.5 -152.011 4.35793
    endloop
  endfacet
  facet normal 0 0.382688 0.923878
    outer loop
      vertex 12.5 -152.421 4.52776
      vertex 0 -152.011 4.35793
      vertex 0 -152.421 4.52776
    endloop
  endfacet
  facet normal 0 -0.793528 -0.608534
    outer loop
      vertex 0 -150.099 6.85
      vertex 12.5 -150.369 7.20208
      vertex 0 -150.369 7.20208
    endloop
  endfacet
  facet normal 0 -0.793528 -0.608534
    outer loop
      vertex 12.5 -150.369 7.20208
      vertex 0 -150.099 6.85
      vertex 12.5 -150.099 6.85
    endloop
  endfacet
  facet normal 0 0.793528 0.608534
    outer loop
      vertex 12.5 -152.773 4.79792
      vertex 0 -153.043 5.15
      vertex 12.5 -153.043 5.15
    endloop
  endfacet
  facet normal 0 0.793528 0.608534
    outer loop
      vertex 0 -153.043 5.15
      vertex 12.5 -152.773 4.79792
      vertex 0 -152.773 4.79792
    endloop
  endfacet
  facet normal 0 -0.923745 -0.383007
    outer loop
      vertex 0 -149.929 6.43999
      vertex 12.5 -150.099 6.85
      vertex 0 -150.099 6.85
    endloop
  endfacet
  facet normal 0 -0.923745 -0.383007
    outer loop
      vertex 12.5 -150.099 6.85
      vertex 0 -149.929 6.43999
      vertex 12.5 -149.929 6.43999
    endloop
  endfacet
  facet normal -0 0.608848 0.793287
    outer loop
      vertex 0 -152.421 4.52776
      vertex 12.5 -152.773 4.79792
      vertex 12.5 -152.421 4.52776
    endloop
  endfacet
  facet normal 0 0.608848 0.793287
    outer loop
      vertex 12.5 -152.773 4.79792
      vertex 0 -152.421 4.52776
      vertex 0 -152.773 4.79792
    endloop
  endfacet
  facet normal 0 -0.923745 0.383007
    outer loop
      vertex 0 -150.099 5.15
      vertex 12.5 -149.929 5.56001
      vertex 0 -149.929 5.56001
    endloop
  endfacet
  facet normal 0 -0.923745 0.383007
    outer loop
      vertex 12.5 -149.929 5.56001
      vertex 0 -150.099 5.15
      vertex 12.5 -150.099 5.15
    endloop
  endfacet
  facet normal 0 -0.382688 0.923878
    outer loop
      vertex 0 -150.721 4.52776
      vertex 12.5 -151.131 4.35793
      vertex 12.5 -150.721 4.52776
    endloop
  endfacet
  facet normal 0 -0.382688 0.923878
    outer loop
      vertex 12.5 -151.131 4.35793
      vertex 0 -150.721 4.52776
      vertex 0 -151.131 4.35793
    endloop
  endfacet
  facet normal 0 -0.991423 -0.130691
    outer loop
      vertex 0 -149.871 6
      vertex 12.5 -149.929 6.43999
      vertex 0 -149.929 6.43999
    endloop
  endfacet
  facet normal 0 -0.991423 -0.130691
    outer loop
      vertex 12.5 -149.929 6.43999
      vertex 0 -149.871 6
      vertex 12.5 -149.871 6
    endloop
  endfacet
  facet normal 0 0.130533 -0.991444
    outer loop
      vertex 0 -152.011 7.64207
      vertex 12.5 -151.571 7.7
      vertex 12.5 -152.011 7.64207
    endloop
  endfacet
  facet normal 0 0.130533 -0.991444
    outer loop
      vertex 12.5 -151.571 7.7
      vertex 0 -152.011 7.64207
      vertex 0 -151.571 7.7
    endloop
  endfacet
  facet normal 0 0.608848 -0.793287
    outer loop
      vertex 0 -152.773 7.20208
      vertex 12.5 -152.421 7.47224
      vertex 12.5 -152.773 7.20208
    endloop
  endfacet
  facet normal 0 0.608848 -0.793287
    outer loop
      vertex 12.5 -152.421 7.47224
      vertex 0 -152.773 7.20208
      vertex 0 -152.421 7.47224
    endloop
  endfacet
  facet normal 0 0.991423 0.130691
    outer loop
      vertex 12.5 -153.213 5.56001
      vertex 0 -153.271 6
      vertex 12.5 -153.271 6
    endloop
  endfacet
  facet normal 0 0.991423 0.130691
    outer loop
      vertex 0 -153.271 6
      vertex 12.5 -153.213 5.56001
      vertex 0 -153.213 5.56001
    endloop
  endfacet
  facet normal 0 -0.130533 -0.991444
    outer loop
      vertex 0 -161.571 7.7
      vertex 12.5 -161.131 7.64207
      vertex 12.5 -161.571 7.7
    endloop
  endfacet
  facet normal -0 -0.130533 -0.991444
    outer loop
      vertex 12.5 -161.131 7.64207
      vertex 0 -161.571 7.7
      vertex 0 -161.131 7.64207
    endloop
  endfacet
  facet normal 0 -0.608848 0.793287
    outer loop
      vertex 0 -160.369 4.79792
      vertex 12.5 -160.721 4.52776
      vertex 12.5 -160.369 4.79792
    endloop
  endfacet
  facet normal 0 -0.608848 0.793287
    outer loop
      vertex 12.5 -160.721 4.52776
      vertex 0 -160.369 4.79792
      vertex 0 -160.721 4.52776
    endloop
  endfacet
  facet normal -0 0.130533 0.991444
    outer loop
      vertex 0 -161.571 4.3
      vertex 12.5 -162.011 4.35793
      vertex 12.5 -161.571 4.3
    endloop
  endfacet
  facet normal 0 0.130533 0.991444
    outer loop
      vertex 12.5 -162.011 4.35793
      vertex 0 -161.571 4.3
      vertex 0 -162.011 4.35793
    endloop
  endfacet
  facet normal 0 -0.608848 -0.793287
    outer loop
      vertex 0 -160.721 7.47224
      vertex 12.5 -160.369 7.20208
      vertex 12.5 -160.721 7.47224
    endloop
  endfacet
  facet normal -0 -0.608848 -0.793287
    outer loop
      vertex 12.5 -160.369 7.20208
      vertex 0 -160.721 7.47224
      vertex 0 -160.369 7.20208
    endloop
  endfacet
  facet normal 0 0.991423 -0.130691
    outer loop
      vertex 12.5 -163.271 6
      vertex 0 -163.213 6.43999
      vertex 12.5 -163.213 6.43999
    endloop
  endfacet
  facet normal 0 0.991423 -0.130691
    outer loop
      vertex 0 -163.213 6.43999
      vertex 12.5 -163.271 6
      vertex 0 -163.271 6
    endloop
  endfacet
  facet normal 0 0.923745 -0.383007
    outer loop
      vertex 12.5 -163.213 6.43999
      vertex 0 -163.043 6.85
      vertex 12.5 -163.043 6.85
    endloop
  endfacet
  facet normal 0 0.923745 -0.383007
    outer loop
      vertex 0 -163.043 6.85
      vertex 12.5 -163.213 6.43999
      vertex 0 -163.213 6.43999
    endloop
  endfacet
  facet normal 0 -0.793528 0.608534
    outer loop
      vertex 0 -160.369 4.79792
      vertex 12.5 -160.099 5.15
      vertex 0 -160.099 5.15
    endloop
  endfacet
  facet normal 0 -0.793528 0.608534
    outer loop
      vertex 12.5 -160.099 5.15
      vertex 0 -160.369 4.79792
      vertex 12.5 -160.369 4.79792
    endloop
  endfacet
  facet normal 0 -0.130533 0.991444
    outer loop
      vertex 0 -161.131 4.35793
      vertex 12.5 -161.571 4.3
      vertex 12.5 -161.131 4.35793
    endloop
  endfacet
  facet normal 0 -0.130533 0.991444
    outer loop
      vertex 12.5 -161.571 4.3
      vertex 0 -161.131 4.35793
      vertex 0 -161.571 4.3
    endloop
  endfacet
  facet normal 0 -0.991423 0.130691
    outer loop
      vertex 0 -159.929 5.56001
      vertex 12.5 -159.871 6
      vertex 0 -159.871 6
    endloop
  endfacet
  facet normal 0 -0.991423 0.130691
    outer loop
      vertex 12.5 -159.871 6
      vertex 0 -159.929 5.56001
      vertex 12.5 -159.929 5.56001
    endloop
  endfacet
  facet normal 0 0.382688 -0.923878
    outer loop
      vertex 0 -162.421 7.47224
      vertex 12.5 -162.011 7.64207
      vertex 12.5 -162.421 7.47224
    endloop
  endfacet
  facet normal 0 0.382688 -0.923878
    outer loop
      vertex 12.5 -162.011 7.64207
      vertex 0 -162.421 7.47224
      vertex 0 -162.011 7.64207
    endloop
  endfacet
  facet normal 0 0.793528 -0.608534
    outer loop
      vertex 12.5 -163.043 6.85
      vertex 0 -162.773 7.20208
      vertex 12.5 -162.773 7.20208
    endloop
  endfacet
  facet normal 0 0.793528 -0.608534
    outer loop
      vertex 0 -162.773 7.20208
      vertex 12.5 -163.043 6.85
      vertex 0 -163.043 6.85
    endloop
  endfacet
  facet normal 0 0.923745 0.383007
    outer loop
      vertex 12.5 -163.043 5.15
      vertex 0 -163.213 5.56001
      vertex 12.5 -163.213 5.56001
    endloop
  endfacet
  facet normal 0 0.923745 0.383007
    outer loop
      vertex 0 -163.213 5.56001
      vertex 12.5 -163.043 5.15
      vertex 0 -163.043 5.15
    endloop
  endfacet
  facet normal 0 -0.382688 -0.923878
    outer loop
      vertex 0 -161.131 7.64207
      vertex 12.5 -160.721 7.47224
      vertex 12.5 -161.131 7.64207
    endloop
  endfacet
  facet normal -0 -0.382688 -0.923878
    outer loop
      vertex 12.5 -160.721 7.47224
      vertex 0 -161.131 7.64207
      vertex 0 -160.721 7.47224
    endloop
  endfacet
  facet normal -0 0.382688 0.923878
    outer loop
      vertex 0 -162.011 4.35793
      vertex 12.5 -162.421 4.52776
      vertex 12.5 -162.011 4.35793
    endloop
  endfacet
  facet normal 0 0.382688 0.923878
    outer loop
      vertex 12.5 -162.421 4.52776
      vertex 0 -162.011 4.35793
      vertex 0 -162.421 4.52776
    endloop
  endfacet
  facet normal 0 -0.793528 -0.608534
    outer loop
      vertex 0 -160.099 6.85
      vertex 12.5 -160.369 7.20208
      vertex 0 -160.369 7.20208
    endloop
  endfacet
  facet normal 0 -0.793528 -0.608534
    outer loop
      vertex 12.5 -160.369 7.20208
      vertex 0 -160.099 6.85
      vertex 12.5 -160.099 6.85
    endloop
  endfacet
  facet normal 0 0.793528 0.608534
    outer loop
      vertex 12.5 -162.773 4.79792
      vertex 0 -163.043 5.15
      vertex 12.5 -163.043 5.15
    endloop
  endfacet
  facet normal 0 0.793528 0.608534
    outer loop
      vertex 0 -163.043 5.15
      vertex 12.5 -162.773 4.79792
      vertex 0 -162.773 4.79792
    endloop
  endfacet
  facet normal 0 -0.923745 -0.383007
    outer loop
      vertex 0 -159.929 6.43999
      vertex 12.5 -160.099 6.85
      vertex 0 -160.099 6.85
    endloop
  endfacet
  facet normal 0 -0.923745 -0.383007
    outer loop
      vertex 12.5 -160.099 6.85
      vertex 0 -159.929 6.43999
      vertex 12.5 -159.929 6.43999
    endloop
  endfacet
  facet normal -0 0.608848 0.793287
    outer loop
      vertex 0 -162.421 4.52776
      vertex 12.5 -162.773 4.79792
      vertex 12.5 -162.421 4.52776
    endloop
  endfacet
  facet normal 0 0.608848 0.793287
    outer loop
      vertex 12.5 -162.773 4.79792
      vertex 0 -162.421 4.52776
      vertex 0 -162.773 4.79792
    endloop
  endfacet
  facet normal 0 -0.923745 0.383007
    outer loop
      vertex 0 -160.099 5.15
      vertex 12.5 -159.929 5.56001
      vertex 0 -159.929 5.56001
    endloop
  endfacet
  facet normal 0 -0.923745 0.383007
    outer loop
      vertex 12.5 -159.929 5.56001
      vertex 0 -160.099 5.15
      vertex 12.5 -160.099 5.15
    endloop
  endfacet
  facet normal 0 -0.382688 0.923878
    outer loop
      vertex 0 -160.721 4.52776
      vertex 12.5 -161.131 4.35793
      vertex 12.5 -160.721 4.52776
    endloop
  endfacet
  facet normal 0 -0.382688 0.923878
    outer loop
      vertex 12.5 -161.131 4.35793
      vertex 0 -160.721 4.52776
      vertex 0 -161.131 4.35793
    endloop
  endfacet
  facet normal 0 -0.991423 -0.130691
    outer loop
      vertex 0 -159.871 6
      vertex 12.5 -159.929 6.43999
      vertex 0 -159.929 6.43999
    endloop
  endfacet
  facet normal 0 -0.991423 -0.130691
    outer loop
      vertex 12.5 -159.929 6.43999
      vertex 0 -159.871 6
      vertex 12.5 -159.871 6
    endloop
  endfacet
  facet normal 0 0.130533 -0.991444
    outer loop
      vertex 0 -162.011 7.64207
      vertex 12.5 -161.571 7.7
      vertex 12.5 -162.011 7.64207
    endloop
  endfacet
  facet normal 0 0.130533 -0.991444
    outer loop
      vertex 12.5 -161.571 7.7
      vertex 0 -162.011 7.64207
      vertex 0 -161.571 7.7
    endloop
  endfacet
  facet normal 0 0.608848 -0.793287
    outer loop
      vertex 0 -162.773 7.20208
      vertex 12.5 -162.421 7.47224
      vertex 12.5 -162.773 7.20208
    endloop
  endfacet
  facet normal 0 0.608848 -0.793287
    outer loop
      vertex 12.5 -162.421 7.47224
      vertex 0 -162.773 7.20208
      vertex 0 -162.421 7.47224
    endloop
  endfacet
  facet normal 0 0.991423 0.130691
    outer loop
      vertex 12.5 -163.213 5.56001
      vertex 0 -163.271 6
      vertex 12.5 -163.271 6
    endloop
  endfacet
  facet normal 0 0.991423 0.130691
    outer loop
      vertex 0 -163.271 6
      vertex 12.5 -163.213 5.56001
      vertex 0 -163.213 5.56001
    endloop
  endfacet
  facet normal -0.0975277 -0.995233 0
    outer loop
      vertex 10.5 -193.171 5.99
      vertex 11.1633 -193.236 12
      vertex 10.5 -193.171 12
    endloop
  endfacet
  facet normal -0.0975277 -0.995233 -0
    outer loop
      vertex 11.1633 -193.236 12
      vertex 10.5 -193.171 5.99
      vertex 11.1633 -193.236 5.99
    endloop
  endfacet
  facet normal -0.956955 -0.290236 0
    outer loop
      vertex 13.8347 -195.908 5.99
      vertex 13.6412 -195.27 12
      vertex 13.6412 -195.27 5.99
    endloop
  endfacet
  facet normal -0.956955 -0.290236 0
    outer loop
      vertex 13.6412 -195.27 12
      vertex 13.8347 -195.908 5.99
      vertex 13.8347 -195.908 12
    endloop
  endfacet
  facet normal -0.995185 -0.0980174 0
    outer loop
      vertex 13.9 -196.571 5.99
      vertex 13.8347 -195.908 12
      vertex 13.8347 -195.908 5.99
    endloop
  endfacet
  facet normal -0.995185 -0.0980174 0
    outer loop
      vertex 13.8347 -195.908 12
      vertex 13.9 -196.571 5.99
      vertex 13.9 -196.571 12
    endloop
  endfacet
  facet normal -0.634487 0.772934 0
    outer loop
      vertex 12.9042 -198.975 5.99
      vertex 12.3889 -199.398 12
      vertex 12.9042 -198.975 12
    endloop
  endfacet
  facet normal -0.634487 0.772934 0
    outer loop
      vertex 12.3889 -199.398 12
      vertex 12.9042 -198.975 5.99
      vertex 12.3889 -199.398 5.99
    endloop
  endfacet
  facet normal -0.291006 0.956721 0
    outer loop
      vertex 11.8011 -199.712 5.99
      vertex 11.1633 -199.906 12
      vertex 11.8011 -199.712 12
    endloop
  endfacet
  facet normal -0.291006 0.956721 0
    outer loop
      vertex 11.1633 -199.906 12
      vertex 11.8011 -199.712 5.99
      vertex 11.1633 -199.906 5.99
    endloop
  endfacet
  facet normal -0.0975277 0.995233 0
    outer loop
      vertex 11.1633 -199.906 5.99
      vertex 10.5 -199.971 12
      vertex 11.1633 -199.906 12
    endloop
  endfacet
  facet normal -0.0975277 0.995233 0
    outer loop
      vertex 10.5 -199.971 12
      vertex 11.1633 -199.906 5.99
      vertex 10.5 -199.971 5.99
    endloop
  endfacet
  facet normal 0.99518 -0.098062 0
    outer loop
      vertex 7.1 -196.571 12
      vertex 7.16533 -195.908 5.99
      vertex 7.16533 -195.908 12
    endloop
  endfacet
  facet normal 0.99518 -0.098062 0
    outer loop
      vertex 7.16533 -195.908 5.99
      vertex 7.1 -196.571 12
      vertex 7.1 -196.571 5.99
    endloop
  endfacet
  facet normal 0.634546 0.772885 -0
    outer loop
      vertex 8.61106 -199.398 5.99
      vertex 8.09584 -198.975 12
      vertex 8.61106 -199.398 12
    endloop
  endfacet
  facet normal 0.634546 0.772885 0
    outer loop
      vertex 8.09584 -198.975 12
      vertex 8.61106 -199.398 5.99
      vertex 8.09584 -198.975 5.99
    endloop
  endfacet
  facet normal -0.291006 -0.956721 0
    outer loop
      vertex 11.1633 -193.236 5.99
      vertex 11.8011 -193.43 12
      vertex 11.1633 -193.236 12
    endloop
  endfacet
  facet normal -0.291006 -0.956721 -0
    outer loop
      vertex 11.8011 -193.43 12
      vertex 11.1633 -193.236 5.99
      vertex 11.8011 -193.43 5.99
    endloop
  endfacet
  facet normal 0.634546 -0.772885 0
    outer loop
      vertex 8.09584 -194.167 5.99
      vertex 8.61106 -193.744 12
      vertex 8.09584 -194.167 12
    endloop
  endfacet
  facet normal 0.634546 -0.772885 0
    outer loop
      vertex 8.61106 -193.744 12
      vertex 8.09584 -194.167 5.99
      vertex 8.61106 -193.744 5.99
    endloop
  endfacet
  facet normal -0.956955 0.290236 0
    outer loop
      vertex 13.6412 -197.872 5.99
      vertex 13.8347 -197.234 12
      vertex 13.8347 -197.234 5.99
    endloop
  endfacet
  facet normal -0.956955 0.290236 0
    outer loop
      vertex 13.8347 -197.234 12
      vertex 13.6412 -197.872 5.99
      vertex 13.6412 -197.872 12
    endloop
  endfacet
  facet normal 0.77287 -0.634564 0
    outer loop
      vertex 7.673 -194.682 12
      vertex 8.09584 -194.167 5.99
      vertex 8.09584 -194.167 12
    endloop
  endfacet
  facet normal 0.77287 -0.634564 0
    outer loop
      vertex 8.09584 -194.167 5.99
      vertex 7.673 -194.682 12
      vertex 7.673 -194.682 5.99
    endloop
  endfacet
  facet normal 0.881985 0.471277 0
    outer loop
      vertex 7.673 -198.46 12
      vertex 7.35881 -197.872 5.99
      vertex 7.35881 -197.872 12
    endloop
  endfacet
  facet normal 0.881985 0.471277 0
    outer loop
      vertex 7.35881 -197.872 5.99
      vertex 7.673 -198.46 12
      vertex 7.673 -198.46 5.99
    endloop
  endfacet
  facet normal -0.881979 -0.471289 0
    outer loop
      vertex 13.6412 -195.27 5.99
      vertex 13.327 -194.682 12
      vertex 13.327 -194.682 5.99
    endloop
  endfacet
  facet normal -0.881979 -0.471289 0
    outer loop
      vertex 13.327 -194.682 12
      vertex 13.6412 -195.27 5.99
      vertex 13.6412 -195.27 12
    endloop
  endfacet
  facet normal 0.471168 -0.882044 0
    outer loop
      vertex 8.61106 -193.744 5.99
      vertex 9.19888 -193.43 12
      vertex 8.61106 -193.744 12
    endloop
  endfacet
  facet normal 0.471168 -0.882044 0
    outer loop
      vertex 9.19888 -193.43 12
      vertex 8.61106 -193.744 5.99
      vertex 9.19888 -193.43 5.99
    endloop
  endfacet
  facet normal -0.634487 -0.772934 0
    outer loop
      vertex 12.3889 -193.744 5.99
      vertex 12.9042 -194.167 12
      vertex 12.3889 -193.744 12
    endloop
  endfacet
  facet normal -0.634487 -0.772934 -0
    outer loop
      vertex 12.9042 -194.167 12
      vertex 12.3889 -193.744 5.99
      vertex 12.9042 -194.167 5.99
    endloop
  endfacet
  facet normal -0.47118 -0.882037 0
    outer loop
      vertex 11.8011 -193.43 5.99
      vertex 12.3889 -193.744 12
      vertex 11.8011 -193.43 12
    endloop
  endfacet
  facet normal -0.47118 -0.882037 -0
    outer loop
      vertex 12.3889 -193.744 12
      vertex 11.8011 -193.43 5.99
      vertex 12.3889 -193.744 5.99
    endloop
  endfacet
  facet normal -0.7729 -0.634528 0
    outer loop
      vertex 13.327 -194.682 5.99
      vertex 12.9042 -194.167 12
      vertex 12.9042 -194.167 5.99
    endloop
  endfacet
  facet normal -0.7729 -0.634528 0
    outer loop
      vertex 12.9042 -194.167 12
      vertex 13.327 -194.682 5.99
      vertex 13.327 -194.682 12
    endloop
  endfacet
  facet normal -0.7729 0.634528 0
    outer loop
      vertex 12.9042 -198.975 5.99
      vertex 13.327 -198.46 12
      vertex 13.327 -198.46 5.99
    endloop
  endfacet
  facet normal -0.7729 0.634528 0
    outer loop
      vertex 13.327 -198.46 12
      vertex 12.9042 -198.975 5.99
      vertex 12.9042 -198.975 12
    endloop
  endfacet
  facet normal -0.47118 0.882037 0
    outer loop
      vertex 12.3889 -199.398 5.99
      vertex 11.8011 -199.712 12
      vertex 12.3889 -199.398 12
    endloop
  endfacet
  facet normal -0.47118 0.882037 0
    outer loop
      vertex 11.8011 -199.712 12
      vertex 12.3889 -199.398 5.99
      vertex 11.8011 -199.712 5.99
    endloop
  endfacet
  facet normal 0.956963 -0.290209 0
    outer loop
      vertex 7.16533 -195.908 12
      vertex 7.35881 -195.27 5.99
      vertex 7.35881 -195.27 12
    endloop
  endfacet
  facet normal 0.956963 -0.290209 0
    outer loop
      vertex 7.35881 -195.27 5.99
      vertex 7.16533 -195.908 12
      vertex 7.16533 -195.908 5.99
    endloop
  endfacet
  facet normal -0.995185 0.0980174 0
    outer loop
      vertex 13.8347 -197.234 5.99
      vertex 13.9 -196.571 12
      vertex 13.9 -196.571 5.99
    endloop
  endfacet
  facet normal -0.995185 0.0980174 0
    outer loop
      vertex 13.9 -196.571 12
      vertex 13.8347 -197.234 5.99
      vertex 13.8347 -197.234 12
    endloop
  endfacet
  facet normal 0.291002 -0.956722 0
    outer loop
      vertex 9.19888 -193.43 5.99
      vertex 9.83669 -193.236 12
      vertex 9.19888 -193.43 12
    endloop
  endfacet
  facet normal 0.291002 -0.956722 0
    outer loop
      vertex 9.83669 -193.236 12
      vertex 9.19888 -193.43 5.99
      vertex 9.83669 -193.236 5.99
    endloop
  endfacet
  facet normal 0.0975263 -0.995233 0
    outer loop
      vertex 9.83669 -193.236 5.99
      vertex 10.5 -193.171 12
      vertex 9.83669 -193.236 12
    endloop
  endfacet
  facet normal 0.0975263 -0.995233 0
    outer loop
      vertex 10.5 -193.171 12
      vertex 9.83669 -193.236 5.99
      vertex 10.5 -193.171 5.99
    endloop
  endfacet
  facet normal -0.881979 0.471289 0
    outer loop
      vertex 13.327 -198.46 5.99
      vertex 13.6412 -197.872 12
      vertex 13.6412 -197.872 5.99
    endloop
  endfacet
  facet normal -0.881979 0.471289 0
    outer loop
      vertex 13.6412 -197.872 12
      vertex 13.327 -198.46 5.99
      vertex 13.327 -198.46 12
    endloop
  endfacet
  facet normal 0.881985 -0.471277 0
    outer loop
      vertex 7.35881 -195.27 12
      vertex 7.673 -194.682 5.99
      vertex 7.673 -194.682 12
    endloop
  endfacet
  facet normal 0.881985 -0.471277 0
    outer loop
      vertex 7.673 -194.682 5.99
      vertex 7.35881 -195.27 12
      vertex 7.35881 -195.27 5.99
    endloop
  endfacet
  facet normal 0.956963 0.290209 0
    outer loop
      vertex 7.35881 -197.872 12
      vertex 7.16533 -197.234 5.99
      vertex 7.16533 -197.234 12
    endloop
  endfacet
  facet normal 0.956963 0.290209 0
    outer loop
      vertex 7.16533 -197.234 5.99
      vertex 7.35881 -197.872 12
      vertex 7.35881 -197.872 5.99
    endloop
  endfacet
  facet normal 0.99518 0.098062 0
    outer loop
      vertex 7.16533 -197.234 12
      vertex 7.1 -196.571 5.99
      vertex 7.1 -196.571 12
    endloop
  endfacet
  facet normal 0.99518 0.098062 0
    outer loop
      vertex 7.1 -196.571 5.99
      vertex 7.16533 -197.234 12
      vertex 7.16533 -197.234 5.99
    endloop
  endfacet
  facet normal 0.77287 0.634564 0
    outer loop
      vertex 8.09584 -198.975 12
      vertex 7.673 -198.46 5.99
      vertex 7.673 -198.46 12
    endloop
  endfacet
  facet normal 0.77287 0.634564 0
    outer loop
      vertex 7.673 -198.46 5.99
      vertex 8.09584 -198.975 12
      vertex 8.09584 -198.975 5.99
    endloop
  endfacet
  facet normal 0.471168 0.882044 -0
    outer loop
      vertex 9.19888 -199.712 5.99
      vertex 8.61106 -199.398 12
      vertex 9.19888 -199.712 12
    endloop
  endfacet
  facet normal 0.471168 0.882044 0
    outer loop
      vertex 8.61106 -199.398 12
      vertex 9.19888 -199.712 5.99
      vertex 8.61106 -199.398 5.99
    endloop
  endfacet
  facet normal 0.0975263 0.995233 -0
    outer loop
      vertex 10.5 -199.971 5.99
      vertex 9.83669 -199.906 12
      vertex 10.5 -199.971 12
    endloop
  endfacet
  facet normal 0.0975263 0.995233 0
    outer loop
      vertex 9.83669 -199.906 12
      vertex 10.5 -199.971 5.99
      vertex 9.83669 -199.906 5.99
    endloop
  endfacet
  facet normal 0.291002 0.956722 -0
    outer loop
      vertex 9.83669 -199.906 5.99
      vertex 9.19888 -199.712 12
      vertex 9.83669 -199.906 12
    endloop
  endfacet
  facet normal 0.291002 0.956722 0
    outer loop
      vertex 9.19888 -199.712 12
      vertex 9.83669 -199.906 5.99
      vertex 9.19888 -199.712 5.99
    endloop
  endfacet
  facet normal 0 -1 0
    outer loop
      vertex 7.209 -190.871 0
      vertex 13.791 -190.871 5.99
      vertex 7.209 -190.871 5.99
    endloop
  endfacet
  facet normal 0 -1 -0
    outer loop
      vertex 13.791 -190.871 5.99
      vertex 7.209 -190.871 0
      vertex 13.791 -190.871 0
    endloop
  endfacet
  facet normal -0.866019 -0.500012 0
    outer loop
      vertex 17.082 -196.571 0
      vertex 13.791 -190.871 5.99
      vertex 13.791 -190.871 0
    endloop
  endfacet
  facet normal -0.866019 -0.500012 0
    outer loop
      vertex 13.791 -190.871 5.99
      vertex 17.082 -196.571 0
      vertex 17.082 -196.571 5.99
    endloop
  endfacet
  facet normal 0.866019 -0.500012 0
    outer loop
      vertex 3.918 -196.571 5.99
      vertex 7.209 -190.871 0
      vertex 7.209 -190.871 5.99
    endloop
  endfacet
  facet normal 0.866019 -0.500012 0
    outer loop
      vertex 7.209 -190.871 0
      vertex 3.918 -196.571 5.99
      vertex 3.918 -196.571 0
    endloop
  endfacet
  facet normal 0.866026 0.5 0
    outer loop
      vertex 7.02241 -201.948 5.99
      vertex 3.918 -196.571 0
      vertex 3.918 -196.571 5.99
    endloop
  endfacet
  facet normal 0.866026 0.5 0
    outer loop
      vertex 3.918 -196.571 0
      vertex 7.02241 -201.948 5.99
      vertex 7.02241 -201.948 0
    endloop
  endfacet
  facet normal -0 0 -1
    outer loop
      vertex 17.082 -196.571 5.99
      vertex 13.8347 -197.234 5.99
      vertex 13.9 -196.571 5.99
    endloop
  endfacet
  facet normal 0 0 -1
    outer loop
      vertex 17.082 -196.571 5.99
      vertex 13.6412 -197.872 5.99
      vertex 13.8347 -197.234 5.99
    endloop
  endfacet
  facet normal 0 0 -1
    outer loop
      vertex 17.082 -196.571 5.99
      vertex 13.327 -198.46 5.99
      vertex 13.6412 -197.872 5.99
    endloop
  endfacet
  facet normal 0 0 -1
    outer loop
      vertex 13.9776 -201.948 5.99
      vertex 12.9042 -198.975 5.99
      vertex 13.327 -198.46 5.99
    endloop
  endfacet
  facet normal 0 0 -1
    outer loop
      vertex 13.9776 -201.948 5.99
      vertex 12.3889 -199.398 5.99
      vertex 12.9042 -198.975 5.99
    endloop
  endfacet
  facet normal 0 0 -1
    outer loop
      vertex 13.9776 -201.948 5.99
      vertex 11.8011 -199.712 5.99
      vertex 12.3889 -199.398 5.99
    endloop
  endfacet
  facet normal 0 0 -1
    outer loop
      vertex 13.9776 -201.948 5.99
      vertex 11.1633 -199.906 5.99
      vertex 11.8011 -199.712 5.99
    endloop
  endfacet
  facet normal 0 0 -1
    outer loop
      vertex 13.9776 -201.948 5.99
      vertex 10.5 -199.971 5.99
      vertex 11.1633 -199.906 5.99
    endloop
  endfacet
  facet normal 0 0 -1
    outer loop
      vertex 7.02241 -201.948 5.99
      vertex 10.5 -199.971 5.99
      vertex 13.9776 -201.948 5.99
    endloop
  endfacet
  facet normal -0 0 -1
    outer loop
      vertex 10.5 -199.971 5.99
      vertex 7.02241 -201.948 5.99
      vertex 9.83669 -199.906 5.99
    endloop
  endfacet
  facet normal 0 0 -1
    outer loop
      vertex 7.35881 -197.872 5.99
      vertex 3.918 -196.571 5.99
      vertex 7.16533 -197.234 5.99
    endloop
  endfacet
  facet normal 0 0 -1
    outer loop
      vertex 7.673 -198.46 5.99
      vertex 3.918 -196.571 5.99
      vertex 7.35881 -197.872 5.99
    endloop
  endfacet
  facet normal 0 0 -1
    outer loop
      vertex 3.918 -196.571 5.99
      vertex 7.673 -198.46 5.99
      vertex 7.02241 -201.948 5.99
    endloop
  endfacet
  facet normal -0 0 -1
    outer loop
      vertex 8.09584 -198.975 5.99
      vertex 7.02241 -201.948 5.99
      vertex 7.673 -198.46 5.99
    endloop
  endfacet
  facet normal -0 0 -1
    outer loop
      vertex 8.61106 -199.398 5.99
      vertex 7.02241 -201.948 5.99
      vertex 8.09584 -198.975 5.99
    endloop
  endfacet
  facet normal -0 0 -1
    outer loop
      vertex 9.19888 -199.712 5.99
      vertex 7.02241 -201.948 5.99
      vertex 8.61106 -199.398 5.99
    endloop
  endfacet
  facet normal -0 0 -1
    outer loop
      vertex 9.83669 -199.906 5.99
      vertex 7.02241 -201.948 5.99
      vertex 9.19888 -199.712 5.99
    endloop
  endfacet
  facet normal 0 0 -1
    outer loop
      vertex 13.327 -198.46 5.99
      vertex 17.082 -196.571 5.99
      vertex 13.9776 -201.948 5.99
    endloop
  endfacet
  facet normal 0 0 -1
    outer loop
      vertex 13.8347 -195.908 5.99
      vertex 17.082 -196.571 5.99
      vertex 13.9 -196.571 5.99
    endloop
  endfacet
  facet normal 0 0 -1
    outer loop
      vertex 13.6412 -195.27 5.99
      vertex 17.082 -196.571 5.99
      vertex 13.8347 -195.908 5.99
    endloop
  endfacet
  facet normal 0 0 -1
    outer loop
      vertex 13.327 -194.682 5.99
      vertex 17.082 -196.571 5.99
      vertex 13.6412 -195.27 5.99
    endloop
  endfacet
  facet normal 0 0 -1
    outer loop
      vertex 17.082 -196.571 5.99
      vertex 13.327 -194.682 5.99
      vertex 13.791 -190.871 5.99
    endloop
  endfacet
  facet normal 0 0 -1
    outer loop
      vertex 12.9042 -194.167 5.99
      vertex 13.791 -190.871 5.99
      vertex 13.327 -194.682 5.99
    endloop
  endfacet
  facet normal 0 0 -1
    outer loop
      vertex 12.3889 -193.744 5.99
      vertex 13.791 -190.871 5.99
      vertex 12.9042 -194.167 5.99
    endloop
  endfacet
  facet normal 0 0 -1
    outer loop
      vertex 11.8011 -193.43 5.99
      vertex 13.791 -190.871 5.99
      vertex 12.3889 -193.744 5.99
    endloop
  endfacet
  facet normal 0 0 -1
    outer loop
      vertex 11.1633 -193.236 5.99
      vertex 13.791 -190.871 5.99
      vertex 11.8011 -193.43 5.99
    endloop
  endfacet
  facet normal 0 0 -1
    outer loop
      vertex 10.5 -193.171 5.99
      vertex 13.791 -190.871 5.99
      vertex 11.1633 -193.236 5.99
    endloop
  endfacet
  facet normal 0 0 -1
    outer loop
      vertex 7.209 -190.871 5.99
      vertex 10.5 -193.171 5.99
      vertex 9.83669 -193.236 5.99
    endloop
  endfacet
  facet normal 0 0 -1
    outer loop
      vertex 7.209 -190.871 5.99
      vertex 9.83669 -193.236 5.99
      vertex 9.19888 -193.43 5.99
    endloop
  endfacet
  facet normal 0 0 -1
    outer loop
      vertex 7.209 -190.871 5.99
      vertex 9.19888 -193.43 5.99
      vertex 8.61106 -193.744 5.99
    endloop
  endfacet
  facet normal 0 0 -1
    outer loop
      vertex 10.5 -193.171 5.99
      vertex 7.209 -190.871 5.99
      vertex 13.791 -190.871 5.99
    endloop
  endfacet
  facet normal 0 0 -1
    outer loop
      vertex 8.09584 -194.167 5.99
      vertex 7.209 -190.871 5.99
      vertex 8.61106 -193.744 5.99
    endloop
  endfacet
  facet normal 0 0 -1
    outer loop
      vertex 7.673 -194.682 5.99
      vertex 7.209 -190.871 5.99
      vertex 8.09584 -194.167 5.99
    endloop
  endfacet
  facet normal 0 0 -1
    outer loop
      vertex 3.918 -196.571 5.99
      vertex 7.673 -194.682 5.99
      vertex 7.35881 -195.27 5.99
    endloop
  endfacet
  facet normal 0 0 -1
    outer loop
      vertex 3.918 -196.571 5.99
      vertex 7.35881 -195.27 5.99
      vertex 7.16533 -195.908 5.99
    endloop
  endfacet
  facet normal 0 0 -1
    outer loop
      vertex 3.918 -196.571 5.99
      vertex 7.16533 -195.908 5.99
      vertex 7.1 -196.571 5.99
    endloop
  endfacet
  facet normal -0 0 -1
    outer loop
      vertex 7.673 -194.682 5.99
      vertex 3.918 -196.571 5.99
      vertex 7.209 -190.871 5.99
    endloop
  endfacet
  facet normal 0 0 -1
    outer loop
      vertex 7.16533 -197.234 5.99
      vertex 3.918 -196.571 5.99
      vertex 7.1 -196.571 5.99
    endloop
  endfacet
  facet normal -0.866026 0.499999 0
    outer loop
      vertex 13.9776 -201.948 0
      vertex 17.082 -196.571 5.99
      vertex 17.082 -196.571 0
    endloop
  endfacet
  facet normal -0.866026 0.499999 0
    outer loop
      vertex 17.082 -196.571 5.99
      vertex 13.9776 -201.948 0
      vertex 13.9776 -201.948 5.99
    endloop
  endfacet
  facet normal -0.131093 0.99137 0
    outer loop
      vertex 11.0823 -209.744 8.7
      vertex 10.5 -209.821 12
      vertex 11.0823 -209.744 12
    endloop
  endfacet
  facet normal -0.131093 0.99137 0
    outer loop
      vertex 10.5 -209.821 12
      vertex 11.0823 -209.744 8.7
      vertex 10.5 -209.821 8.7
    endloop
  endfacet
  facet normal -0.924011 -0.382367 0
    outer loop
      vertex 12.6733 -206.989 8.7
      vertex 12.4486 -206.446 12
      vertex 12.4486 -206.446 8.7
    endloop
  endfacet
  facet normal -0.924011 -0.382367 0
    outer loop
      vertex 12.4486 -206.446 12
      vertex 12.6733 -206.989 8.7
      vertex 12.6733 -206.989 12
    endloop
  endfacet
  facet normal -0.991428 -0.130657 0
    outer loop
      vertex 12.75 -207.571 8.7
      vertex 12.6733 -206.989 12
      vertex 12.6733 -206.989 8.7
    endloop
  endfacet
  facet normal -0.991428 -0.130657 0
    outer loop
      vertex 12.6733 -206.989 12
      vertex 12.75 -207.571 8.7
      vertex 12.75 -207.571 12
    endloop
  endfacet
  facet normal -0.991428 0.130657 0
    outer loop
      vertex 12.6733 -208.153 8.7
      vertex 12.75 -207.571 12
      vertex 12.75 -207.571 8.7
    endloop
  endfacet
  facet normal -0.991428 0.130657 0
    outer loop
      vertex 12.75 -207.571 12
      vertex 12.6733 -208.153 8.7
      vertex 12.6733 -208.153 12
    endloop
  endfacet
  facet normal -0.381529 0.924357 0
    outer loop
      vertex 11.625 -209.52 8.7
      vertex 11.0823 -209.744 12
      vertex 11.625 -209.52 12
    endloop
  endfacet
  facet normal -0.381529 0.924357 0
    outer loop
      vertex 11.0823 -209.744 12
      vertex 11.625 -209.52 8.7
      vertex 11.0823 -209.744 8.7
    endloop
  endfacet
  facet normal 0.793357 -0.608757 0
    outer loop
      vertex 8.55144 -206.446 12
      vertex 8.90901 -205.98 8.7
      vertex 8.90901 -205.98 12
    endloop
  endfacet
  facet normal 0.793357 -0.608757 0
    outer loop
      vertex 8.90901 -205.98 8.7
      vertex 8.55144 -206.446 12
      vertex 8.55144 -206.446 8.7
    endloop
  endfacet
  facet normal -0.609217 0.793003 0
    outer loop
      vertex 12.091 -209.162 8.7
      vertex 11.625 -209.52 12
      vertex 12.091 -209.162 12
    endloop
  endfacet
  facet normal -0.609217 0.793003 0
    outer loop
      vertex 11.625 -209.52 12
      vertex 12.091 -209.162 8.7
      vertex 11.625 -209.52 8.7
    endloop
  endfacet
  facet normal 0.131084 -0.991371 0
    outer loop
      vertex 9.91766 -205.398 8.7
      vertex 10.5 -205.321 12
      vertex 9.91766 -205.398 12
    endloop
  endfacet
  facet normal 0.131084 -0.991371 0
    outer loop
      vertex 10.5 -205.321 12
      vertex 9.91766 -205.398 8.7
      vertex 10.5 -205.321 8.7
    endloop
  endfacet
  facet normal 0.923969 0.382469 0
    outer loop
      vertex 8.55144 -208.696 12
      vertex 8.32667 -208.153 8.7
      vertex 8.32667 -208.153 12
    endloop
  endfacet
  facet normal 0.923969 0.382469 0
    outer loop
      vertex 8.32667 -208.153 8.7
      vertex 8.55144 -208.696 12
      vertex 8.55144 -208.696 8.7
    endloop
  endfacet
  facet normal 0.991434 0.130607 0
    outer loop
      vertex 8.32667 -208.153 12
      vertex 8.25 -207.571 8.7
      vertex 8.25 -207.571 12
    endloop
  endfacet
  facet normal 0.991434 0.130607 0
    outer loop
      vertex 8.25 -207.571 8.7
      vertex 8.32667 -208.153 12
      vertex 8.32667 -208.153 8.7
    endloop
  endfacet
  facet normal -0.381529 -0.924357 0
    outer loop
      vertex 11.0823 -205.398 8.7
      vertex 11.625 -205.622 12
      vertex 11.0823 -205.398 12
    endloop
  endfacet
  facet normal -0.381529 -0.924357 -0
    outer loop
      vertex 11.625 -205.622 12
      vertex 11.0823 -205.398 8.7
      vertex 11.625 -205.622 8.7
    endloop
  endfacet
  facet normal -0.609217 -0.793003 0
    outer loop
      vertex 11.625 -205.622 8.7
      vertex 12.091 -205.98 12
      vertex 11.625 -205.622 12
    endloop
  endfacet
  facet normal -0.609217 -0.793003 -0
    outer loop
      vertex 12.091 -205.98 12
      vertex 11.625 -205.622 8.7
      vertex 12.091 -205.98 8.7
    endloop
  endfacet
  facet normal 0.991434 -0.130607 0
    outer loop
      vertex 8.25 -207.571 12
      vertex 8.32667 -206.989 8.7
      vertex 8.32667 -206.989 12
    endloop
  endfacet
  facet normal 0.991434 -0.130607 0
    outer loop
      vertex 8.32667 -206.989 8.7
      vertex 8.25 -207.571 12
      vertex 8.25 -207.571 8.7
    endloop
  endfacet
  facet normal 0.381553 -0.924347 0
    outer loop
      vertex 9.375 -205.622 8.7
      vertex 9.91766 -205.398 12
      vertex 9.375 -205.622 12
    endloop
  endfacet
  facet normal 0.381553 -0.924347 0
    outer loop
      vertex 9.91766 -205.398 12
      vertex 9.375 -205.622 8.7
      vertex 9.91766 -205.398 8.7
    endloop
  endfacet
  facet normal -0.131093 -0.99137 0
    outer loop
      vertex 10.5 -205.321 8.7
      vertex 11.0823 -205.398 12
      vertex 10.5 -205.321 12
    endloop
  endfacet
  facet normal -0.131093 -0.99137 -0
    outer loop
      vertex 11.0823 -205.398 12
      vertex 10.5 -205.321 8.7
      vertex 11.0823 -205.398 8.7
    endloop
  endfacet
  facet normal -0.924011 0.382367 0
    outer loop
      vertex 12.4486 -208.696 8.7
      vertex 12.6733 -208.153 12
      vertex 12.6733 -208.153 8.7
    endloop
  endfacet
  facet normal -0.924011 0.382367 0
    outer loop
      vertex 12.6733 -208.153 12
      vertex 12.4486 -208.696 8.7
      vertex 12.4486 -208.696 12
    endloop
  endfacet
  facet normal 0.609225 -0.792997 0
    outer loop
      vertex 8.90901 -205.98 8.7
      vertex 9.375 -205.622 12
      vertex 8.90901 -205.98 12
    endloop
  endfacet
  facet normal 0.609225 -0.792997 0
    outer loop
      vertex 9.375 -205.622 12
      vertex 8.90901 -205.98 8.7
      vertex 9.375 -205.622 8.7
    endloop
  endfacet
  facet normal 0.793357 0.608757 0
    outer loop
      vertex 8.90901 -209.162 12
      vertex 8.55144 -208.696 8.7
      vertex 8.55144 -208.696 12
    endloop
  endfacet
  facet normal 0.793357 0.608757 0
    outer loop
      vertex 8.55144 -208.696 8.7
      vertex 8.90901 -209.162 12
      vertex 8.90901 -209.162 8.7
    endloop
  endfacet
  facet normal 0.609225 0.792997 -0
    outer loop
      vertex 9.375 -209.52 8.7
      vertex 8.90901 -209.162 12
      vertex 9.375 -209.52 12
    endloop
  endfacet
  facet normal 0.609225 0.792997 0
    outer loop
      vertex 8.90901 -209.162 12
      vertex 9.375 -209.52 8.7
      vertex 8.90901 -209.162 8.7
    endloop
  endfacet
  facet normal -0.793332 0.608789 0
    outer loop
      vertex 12.091 -209.162 8.7
      vertex 12.4486 -208.696 12
      vertex 12.4486 -208.696 8.7
    endloop
  endfacet
  facet normal -0.793332 0.608789 0
    outer loop
      vertex 12.4486 -208.696 12
      vertex 12.091 -209.162 8.7
      vertex 12.091 -209.162 12
    endloop
  endfacet
  facet normal -0.793332 -0.608789 0
    outer loop
      vertex 12.4486 -206.446 8.7
      vertex 12.091 -205.98 12
      vertex 12.091 -205.98 8.7
    endloop
  endfacet
  facet normal -0.793332 -0.608789 0
    outer loop
      vertex 12.091 -205.98 12
      vertex 12.4486 -206.446 8.7
      vertex 12.4486 -206.446 12
    endloop
  endfacet
  facet normal 0.381553 0.924347 -0
    outer loop
      vertex 9.91766 -209.744 8.7
      vertex 9.375 -209.52 12
      vertex 9.91766 -209.744 12
    endloop
  endfacet
  facet normal 0.381553 0.924347 0
    outer loop
      vertex 9.375 -209.52 12
      vertex 9.91766 -209.744 8.7
      vertex 9.375 -209.52 8.7
    endloop
  endfacet
  facet normal 0.131084 0.991371 -0
    outer loop
      vertex 10.5 -209.821 8.7
      vertex 9.91766 -209.744 12
      vertex 10.5 -209.821 12
    endloop
  endfacet
  facet normal 0.131084 0.991371 0
    outer loop
      vertex 9.91766 -209.744 12
      vertex 10.5 -209.821 8.7
      vertex 9.91766 -209.744 8.7
    endloop
  endfacet
  facet normal 0.923969 -0.382469 0
    outer loop
      vertex 8.32667 -206.989 12
      vertex 8.55144 -206.446 8.7
      vertex 8.55144 -206.446 12
    endloop
  endfacet
  facet normal 0.923969 -0.382469 0
    outer loop
      vertex 8.55144 -206.446 8.7
      vertex 8.32667 -206.989 12
      vertex 8.32667 -206.989 8.7
    endloop
  endfacet
  facet normal -0.131093 0.99137 0
    outer loop
      vertex 11.0823 -187.744 0
      vertex 10.5 -187.821 12
      vertex 11.0823 -187.744 12
    endloop
  endfacet
  facet normal -0.131093 0.99137 0
    outer loop
      vertex 10.5 -187.821 12
      vertex 11.0823 -187.744 0
      vertex 10.5 -187.821 0
    endloop
  endfacet
  facet normal -0.924011 -0.382367 0
    outer loop
      vertex 12.6733 -184.989 0
      vertex 12.4486 -184.446 12
      vertex 12.4486 -184.446 0
    endloop
  endfacet
  facet normal -0.924011 -0.382367 0
    outer loop
      vertex 12.4486 -184.446 12
      vertex 12.6733 -184.989 0
      vertex 12.6733 -184.989 12
    endloop
  endfacet
  facet normal -0.991428 -0.130657 0
    outer loop
      vertex 12.75 -185.571 0
      vertex 12.6733 -184.989 12
      vertex 12.6733 -184.989 0
    endloop
  endfacet
  facet normal -0.991428 -0.130657 0
    outer loop
      vertex 12.6733 -184.989 12
      vertex 12.75 -185.571 0
      vertex 12.75 -185.571 12
    endloop
  endfacet
  facet normal -0.991428 0.130657 0
    outer loop
      vertex 12.6733 -186.153 0
      vertex 12.75 -185.571 12
      vertex 12.75 -185.571 0
    endloop
  endfacet
  facet normal -0.991428 0.130657 0
    outer loop
      vertex 12.75 -185.571 12
      vertex 12.6733 -186.153 0
      vertex 12.6733 -186.153 12
    endloop
  endfacet
  facet normal -0.381529 0.924357 0
    outer loop
      vertex 11.625 -187.52 0
      vertex 11.0823 -187.744 12
      vertex 11.625 -187.52 12
    endloop
  endfacet
  facet normal -0.381529 0.924357 0
    outer loop
      vertex 11.0823 -187.744 12
      vertex 11.625 -187.52 0
      vertex 11.0823 -187.744 0
    endloop
  endfacet
  facet normal 0.793357 -0.608757 0
    outer loop
      vertex 8.55144 -184.446 12
      vertex 8.90901 -183.98 0
      vertex 8.90901 -183.98 12
    endloop
  endfacet
  facet normal 0.793357 -0.608757 0
    outer loop
      vertex 8.90901 -183.98 0
      vertex 8.55144 -184.446 12
      vertex 8.55144 -184.446 0
    endloop
  endfacet
  facet normal -0.609217 0.793003 0
    outer loop
      vertex 12.091 -187.162 0
      vertex 11.625 -187.52 12
      vertex 12.091 -187.162 12
    endloop
  endfacet
  facet normal -0.609217 0.793003 0
    outer loop
      vertex 11.625 -187.52 12
      vertex 12.091 -187.162 0
      vertex 11.625 -187.52 0
    endloop
  endfacet
  facet normal 0.131084 -0.991371 0
    outer loop
      vertex 9.91766 -183.398 0
      vertex 10.5 -183.321 12
      vertex 9.91766 -183.398 12
    endloop
  endfacet
  facet normal 0.131084 -0.991371 0
    outer loop
      vertex 10.5 -183.321 12
      vertex 9.91766 -183.398 0
      vertex 10.5 -183.321 0
    endloop
  endfacet
  facet normal 0.923969 0.382469 0
    outer loop
      vertex 8.55144 -186.696 12
      vertex 8.32667 -186.153 0
      vertex 8.32667 -186.153 12
    endloop
  endfacet
  facet normal 0.923969 0.382469 0
    outer loop
      vertex 8.32667 -186.153 0
      vertex 8.55144 -186.696 12
      vertex 8.55144 -186.696 0
    endloop
  endfacet
  facet normal 0.991434 0.130607 0
    outer loop
      vertex 8.32667 -186.153 12
      vertex 8.25 -185.571 0
      vertex 8.25 -185.571 12
    endloop
  endfacet
  facet normal 0.991434 0.130607 0
    outer loop
      vertex 8.25 -185.571 0
      vertex 8.32667 -186.153 12
      vertex 8.32667 -186.153 0
    endloop
  endfacet
  facet normal -0.381529 -0.924357 0
    outer loop
      vertex 11.0823 -183.398 0
      vertex 11.625 -183.622 12
      vertex 11.0823 -183.398 12
    endloop
  endfacet
  facet normal -0.381529 -0.924357 -0
    outer loop
      vertex 11.625 -183.622 12
      vertex 11.0823 -183.398 0
      vertex 11.625 -183.622 0
    endloop
  endfacet
  facet normal -0.609217 -0.793003 0
    outer loop
      vertex 11.625 -183.622 0
      vertex 12.091 -183.98 12
      vertex 11.625 -183.622 12
    endloop
  endfacet
  facet normal -0.609217 -0.793003 -0
    outer loop
      vertex 12.091 -183.98 12
      vertex 11.625 -183.622 0
      vertex 12.091 -183.98 0
    endloop
  endfacet
  facet normal 0.991434 -0.130607 0
    outer loop
      vertex 8.25 -185.571 12
      vertex 8.32667 -184.989 0
      vertex 8.32667 -184.989 12
    endloop
  endfacet
  facet normal 0.991434 -0.130607 0
    outer loop
      vertex 8.32667 -184.989 0
      vertex 8.25 -185.571 12
      vertex 8.25 -185.571 0
    endloop
  endfacet
  facet normal 0.381553 -0.924347 0
    outer loop
      vertex 9.375 -183.622 0
      vertex 9.91766 -183.398 12
      vertex 9.375 -183.622 12
    endloop
  endfacet
  facet normal 0.381553 -0.924347 0
    outer loop
      vertex 9.91766 -183.398 12
      vertex 9.375 -183.622 0
      vertex 9.91766 -183.398 0
    endloop
  endfacet
  facet normal -0.131093 -0.99137 0
    outer loop
      vertex 10.5 -183.321 0
      vertex 11.0823 -183.398 12
      vertex 10.5 -183.321 12
    endloop
  endfacet
  facet normal -0.131093 -0.99137 -0
    outer loop
      vertex 11.0823 -183.398 12
      vertex 10.5 -183.321 0
      vertex 11.0823 -183.398 0
    endloop
  endfacet
  facet normal -0.924011 0.382367 0
    outer loop
      vertex 12.4486 -186.696 0
      vertex 12.6733 -186.153 12
      vertex 12.6733 -186.153 0
    endloop
  endfacet
  facet normal -0.924011 0.382367 0
    outer loop
      vertex 12.6733 -186.153 12
      vertex 12.4486 -186.696 0
      vertex 12.4486 -186.696 12
    endloop
  endfacet
  facet normal 0.609225 -0.792997 0
    outer loop
      vertex 8.90901 -183.98 0
      vertex 9.375 -183.622 12
      vertex 8.90901 -183.98 12
    endloop
  endfacet
  facet normal 0.609225 -0.792997 0
    outer loop
      vertex 9.375 -183.622 12
      vertex 8.90901 -183.98 0
      vertex 9.375 -183.622 0
    endloop
  endfacet
  facet normal 0.793357 0.608757 0
    outer loop
      vertex 8.90901 -187.162 12
      vertex 8.55144 -186.696 0
      vertex 8.55144 -186.696 12
    endloop
  endfacet
  facet normal 0.793357 0.608757 0
    outer loop
      vertex 8.55144 -186.696 0
      vertex 8.90901 -187.162 12
      vertex 8.90901 -187.162 0
    endloop
  endfacet
  facet normal 0.609225 0.792997 -0
    outer loop
      vertex 9.375 -187.52 0
      vertex 8.90901 -187.162 12
      vertex 9.375 -187.52 12
    endloop
  endfacet
  facet normal 0.609225 0.792997 0
    outer loop
      vertex 8.90901 -187.162 12
      vertex 9.375 -187.52 0
      vertex 8.90901 -187.162 0
    endloop
  endfacet
  facet normal -0.793332 0.608789 0
    outer loop
      vertex 12.091 -187.162 0
      vertex 12.4486 -186.696 12
      vertex 12.4486 -186.696 0
    endloop
  endfacet
  facet normal -0.793332 0.608789 0
    outer loop
      vertex 12.4486 -186.696 12
      vertex 12.091 -187.162 0
      vertex 12.091 -187.162 12
    endloop
  endfacet
  facet normal -0.793332 -0.608789 0
    outer loop
      vertex 12.4486 -184.446 0
      vertex 12.091 -183.98 12
      vertex 12.091 -183.98 0
    endloop
  endfacet
  facet normal -0.793332 -0.608789 0
    outer loop
      vertex 12.091 -183.98 12
      vertex 12.4486 -184.446 0
      vertex 12.4486 -184.446 12
    endloop
  endfacet
  facet normal 0.381553 0.924347 -0
    outer loop
      vertex 9.91766 -187.744 0
      vertex 9.375 -187.52 12
      vertex 9.91766 -187.744 12
    endloop
  endfacet
  facet normal 0.381553 0.924347 0
    outer loop
      vertex 9.375 -187.52 12
      vertex 9.91766 -187.744 0
      vertex 9.375 -187.52 0
    endloop
  endfacet
  facet normal 0.131084 0.991371 -0
    outer loop
      vertex 10.5 -187.821 0
      vertex 9.91766 -187.744 12
      vertex 10.5 -187.821 12
    endloop
  endfacet
  facet normal 0.131084 0.991371 0
    outer loop
      vertex 9.91766 -187.744 12
      vertex 10.5 -187.821 0
      vertex 9.91766 -187.744 0
    endloop
  endfacet
  facet normal 0.923969 -0.382469 0
    outer loop
      vertex 8.32667 -184.989 12
      vertex 8.55144 -184.446 0
      vertex 8.55144 -184.446 12
    endloop
  endfacet
  facet normal 0.923969 -0.382469 0
    outer loop
      vertex 8.55144 -184.446 0
      vertex 8.32667 -184.989 12
      vertex 8.32667 -184.989 0
    endloop
  endfacet
  facet normal 0 0 -1
    outer loop
      vertex 0 -235.948 8.7
      vertex 12.5 -213.571 8.7
      vertex 12.5 -235.948 8.7
    endloop
  endfacet
  facet normal 0 0 -1
    outer loop
      vertex 12.5 -213.571 8.7
      vertex 12.091 -209.162 8.7
      vertex 12.4486 -208.696 8.7
    endloop
  endfacet
  facet normal 0 0 -1
    outer loop
      vertex 12.5 -213.571 8.7
      vertex 11.625 -209.52 8.7
      vertex 12.091 -209.162 8.7
    endloop
  endfacet
  facet normal 0 0 -1
    outer loop
      vertex 12.5 -213.571 8.7
      vertex 11.0823 -209.744 8.7
      vertex 11.625 -209.52 8.7
    endloop
  endfacet
  facet normal 0 0 -1
    outer loop
      vertex 12.5 -213.571 8.7
      vertex 10.5 -209.821 8.7
      vertex 11.0823 -209.744 8.7
    endloop
  endfacet
  facet normal 0 0 -1
    outer loop
      vertex 12.5 -213.571 8.7
      vertex 9.91766 -209.744 8.7
      vertex 10.5 -209.821 8.7
    endloop
  endfacet
  facet normal 0 -0 -1
    outer loop
      vertex 8.90901 -209.162 8.7
      vertex 12.5 -213.571 8.7
      vertex 0 -235.948 8.7
    endloop
  endfacet
  facet normal 0 0 -1
    outer loop
      vertex 12.5 -213.571 8.7
      vertex 9.375 -209.52 8.7
      vertex 9.91766 -209.744 8.7
    endloop
  endfacet
  facet normal 0 0 -1
    outer loop
      vertex 12.5 -213.571 8.7
      vertex 8.90901 -209.162 8.7
      vertex 9.375 -209.52 8.7
    endloop
  endfacet
  facet normal 0 0 -1
    outer loop
      vertex 0 -204.798 8.7
      vertex 8.90901 -209.162 8.7
      vertex 0 -235.948 8.7
    endloop
  endfacet
  facet normal 0 0 -1
    outer loop
      vertex 8.55144 -208.696 8.7
      vertex 0 -204.798 8.7
      vertex 8.32667 -208.153 8.7
    endloop
  endfacet
  facet normal 0 0 -1
    outer loop
      vertex 8.90901 -209.162 8.7
      vertex 0 -204.798 8.7
      vertex 8.55144 -208.696 8.7
    endloop
  endfacet
  facet normal 0 0 -1
    outer loop
      vertex 12.6733 -208.153 8.7
      vertex 21 -204.798 8.7
      vertex 21 -213.571 8.7
    endloop
  endfacet
  facet normal 0 0 -1
    outer loop
      vertex 21 -204.798 8.7
      vertex 12.6733 -208.153 8.7
      vertex 12.75 -207.571 8.7
    endloop
  endfacet
  facet normal 0 0 -1
    outer loop
      vertex 12.4486 -208.696 8.7
      vertex 21 -213.571 8.7
      vertex 12.5 -213.571 8.7
    endloop
  endfacet
  facet normal 0 0 -1
    outer loop
      vertex 21 -213.571 8.7
      vertex 12.4486 -208.696 8.7
      vertex 12.6733 -208.153 8.7
    endloop
  endfacet
  facet normal 0 0 -1
    outer loop
      vertex 12.6733 -206.989 8.7
      vertex 21 -204.798 8.7
      vertex 12.75 -207.571 8.7
    endloop
  endfacet
  facet normal 0 0 -1
    outer loop
      vertex 12.4486 -206.446 8.7
      vertex 21 -204.798 8.7
      vertex 12.6733 -206.989 8.7
    endloop
  endfacet
  facet normal 0 0 -1
    outer loop
      vertex 12.091 -205.98 8.7
      vertex 21 -204.798 8.7
      vertex 12.4486 -206.446 8.7
    endloop
  endfacet
  facet normal 0 0 -1
    outer loop
      vertex 11.625 -205.622 8.7
      vertex 21 -204.798 8.7
      vertex 12.091 -205.98 8.7
    endloop
  endfacet
  facet normal 0 0 -1
    outer loop
      vertex 11.0823 -205.398 8.7
      vertex 21 -204.798 8.7
      vertex 11.625 -205.622 8.7
    endloop
  endfacet
  facet normal 0 0 -1
    outer loop
      vertex 10.5 -205.321 8.7
      vertex 21 -204.798 8.7
      vertex 11.0823 -205.398 8.7
    endloop
  endfacet
  facet normal 0 0 -1
    outer loop
      vertex 8.32667 -208.153 8.7
      vertex 0 -204.798 8.7
      vertex 8.25 -207.571 8.7
    endloop
  endfacet
  facet normal 0 0 -1
    outer loop
      vertex 10.5 -205.321 8.7
      vertex 0 -204.798 8.7
      vertex 21 -204.798 8.7
    endloop
  endfacet
  facet normal 0 0 -1
    outer loop
      vertex 9.91766 -205.398 8.7
      vertex 0 -204.798 8.7
      vertex 10.5 -205.321 8.7
    endloop
  endfacet
  facet normal 0 0 -1
    outer loop
      vertex 9.375 -205.622 8.7
      vertex 0 -204.798 8.7
      vertex 9.91766 -205.398 8.7
    endloop
  endfacet
  facet normal 0 0 -1
    outer loop
      vertex 8.90901 -205.98 8.7
      vertex 0 -204.798 8.7
      vertex 9.375 -205.622 8.7
    endloop
  endfacet
  facet normal 0 0 -1
    outer loop
      vertex 8.55144 -206.446 8.7
      vertex 0 -204.798 8.7
      vertex 8.90901 -205.98 8.7
    endloop
  endfacet
  facet normal 0 0 -1
    outer loop
      vertex 8.32667 -206.989 8.7
      vertex 0 -204.798 8.7
      vertex 8.55144 -206.446 8.7
    endloop
  endfacet
  facet normal 0 0 -1
    outer loop
      vertex 8.25 -207.571 8.7
      vertex 0 -204.798 8.7
      vertex 8.32667 -206.989 8.7
    endloop
  endfacet
  facet normal -1 0 0
    outer loop
      vertex -23.195 -287.521 0
      vertex -23.195 -271.521 5
      vertex -23.195 -271.521 0
    endloop
  endfacet
  facet normal -1 -0 0
    outer loop
      vertex -23.195 -271.521 5
      vertex -23.195 -287.521 0
      vertex -23.195 -287.521 5
    endloop
  endfacet
  facet normal 0 -1 0
    outer loop
      vertex -37.195 -271.521 7.7
      vertex -34.345 -271.521 5
      vertex -34.345 -271.521 7.7
    endloop
  endfacet
  facet normal 0 -1 0
    outer loop
      vertex -37.195 -271.521 0
      vertex -34.345 -271.521 5
      vertex -37.195 -271.521 7.7
    endloop
  endfacet
  facet normal 0 -1 0
    outer loop
      vertex -23.195 -271.521 0
      vertex -34.345 -271.521 5
      vertex -37.195 -271.521 0
    endloop
  endfacet
  facet normal 0 -1 0
    outer loop
      vertex -34.345 -271.521 5
      vertex -23.195 -271.521 0
      vertex -23.195 -271.521 5
    endloop
  endfacet
  facet normal 0 1 0
    outer loop
      vertex -23.195 -287.521 5
      vertex -23.195 -287.521 0
      vertex -34.345 -287.521 5
    endloop
  endfacet
  facet normal 0 1 -0
    outer loop
      vertex -34.345 -287.521 5
      vertex -37.195 -287.521 7.7
      vertex -34.345 -287.521 7.7
    endloop
  endfacet
  facet normal 0 1 0
    outer loop
      vertex -34.345 -287.521 5
      vertex -37.195 -287.521 0
      vertex -37.195 -287.521 7.7
    endloop
  endfacet
  facet normal 0 1 0
    outer loop
      vertex -37.195 -287.521 0
      vertex -34.345 -287.521 5
      vertex -23.195 -287.521 0
    endloop
  endfacet
  facet normal -1 0 0
    outer loop
      vertex -23.195 -237.477 0
      vertex -23.195 -221.477 5
      vertex -23.195 -221.477 0
    endloop
  endfacet
  facet normal -1 -0 0
    outer loop
      vertex -23.195 -221.477 5
      vertex -23.195 -237.477 0
      vertex -23.195 -237.477 5
    endloop
  endfacet
  facet normal 0 -1 0
    outer loop
      vertex -37.195 -221.477 7.7
      vertex -34.345 -221.477 5
      vertex -34.345 -221.477 7.7
    endloop
  endfacet
  facet normal 0 -1 0
    outer loop
      vertex -37.195 -221.477 0
      vertex -34.345 -221.477 5
      vertex -37.195 -221.477 7.7
    endloop
  endfacet
  facet normal 0 -1 0
    outer loop
      vertex -23.195 -221.477 0
      vertex -34.345 -221.477 5
      vertex -37.195 -221.477 0
    endloop
  endfacet
  facet normal 0 -1 0
    outer loop
      vertex -34.345 -221.477 5
      vertex -23.195 -221.477 0
      vertex -23.195 -221.477 5
    endloop
  endfacet
  facet normal 0 1 0
    outer loop
      vertex -23.195 -237.477 5
      vertex -23.195 -237.477 0
      vertex -34.345 -237.477 5
    endloop
  endfacet
  facet normal 0 1 -0
    outer loop
      vertex -34.345 -237.477 5
      vertex -37.195 -237.477 7.7
      vertex -34.345 -237.477 7.7
    endloop
  endfacet
  facet normal 0 1 0
    outer loop
      vertex -34.345 -237.477 5
      vertex -37.195 -237.477 0
      vertex -37.195 -237.477 7.7
    endloop
  endfacet
  facet normal 0 1 0
    outer loop
      vertex -37.195 -237.477 0
      vertex -34.345 -237.477 5
      vertex -23.195 -237.477 0
    endloop
  endfacet
endsolid OpenSCAD_Model
