solid OpenSCAD_Model
  facet normal 1 -0 0
    outer loop
      vertex 104 0 5
      vertex 104 80 0
      vertex 104 80 5
    endloop
  endfacet
  facet normal 1 0 0
    outer loop
      vertex 104 80 0
      vertex 104 0 5
      vertex 104 0 0
    endloop
  endfacet
  facet normal -0 0 1
    outer loop
      vertex 12.5706 68.3494 5
      vertex 24 56 5
      vertex 12.6421 68.56 5
    endloop
  endfacet
  facet normal 0 0 1
    outer loop
      vertex 24 46 5
      vertex 12.6855 11.2219 5
      vertex 12.7 11 5
    endloop
  endfacet
  facet normal -0 0 1
    outer loop
      vertex 12.4722 68.15 5
      vertex 24 56 5
      vertex 12.5706 68.3494 5
    endloop
  endfacet
  facet normal 0 0 1
    outer loop
      vertex 24 46 5
      vertex 12.6421 11.44 5
      vertex 12.6855 11.2219 5
    endloop
  endfacet
  facet normal -0 0 1
    outer loop
      vertex 12.3487 67.9651 5
      vertex 24 56 5
      vertex 12.4722 68.15 5
    endloop
  endfacet
  facet normal 0 0 1
    outer loop
      vertex 24 46 5
      vertex 12.5706 11.6506 5
      vertex 12.6421 11.44 5
    endloop
  endfacet
  facet normal -0 0 1
    outer loop
      vertex 12.2021 67.7979 5
      vertex 24 56 5
      vertex 12.3487 67.9651 5
    endloop
  endfacet
  facet normal 0 0 1
    outer loop
      vertex 24 46 5
      vertex 12.4722 11.85 5
      vertex 12.5706 11.6506 5
    endloop
  endfacet
  facet normal -0 0 1
    outer loop
      vertex 12.0349 67.6513 5
      vertex 24 56 5
      vertex 12.2021 67.7979 5
    endloop
  endfacet
  facet normal 0 0 1
    outer loop
      vertex 24 46 5
      vertex 12.3487 12.0349 5
      vertex 12.4722 11.85 5
    endloop
  endfacet
  facet normal -0 0 1
    outer loop
      vertex 11.85 67.5278 5
      vertex 24 56 5
      vertex 12.0349 67.6513 5
    endloop
  endfacet
  facet normal 0 0 1
    outer loop
      vertex 24 46 5
      vertex 12.2021 12.2021 5
      vertex 12.3487 12.0349 5
    endloop
  endfacet
  facet normal -0 0 1
    outer loop
      vertex 11.6506 67.4294 5
      vertex 24 56 5
      vertex 11.85 67.5278 5
    endloop
  endfacet
  facet normal 0 0 1
    outer loop
      vertex 24 46 5
      vertex 12.0349 12.3487 5
      vertex 12.2021 12.2021 5
    endloop
  endfacet
  facet normal -0 0 1
    outer loop
      vertex 11.44 67.3579 5
      vertex 24 56 5
      vertex 11.6506 67.4294 5
    endloop
  endfacet
  facet normal 0 0 1
    outer loop
      vertex 24 46 5
      vertex 11.85 12.4722 5
      vertex 12.0349 12.3487 5
    endloop
  endfacet
  facet normal -0 0 1
    outer loop
      vertex 11.2219 67.3145 5
      vertex 24 56 5
      vertex 11.44 67.3579 5
    endloop
  endfacet
  facet normal 0 0 1
    outer loop
      vertex 24 46 5
      vertex 11.6506 12.5706 5
      vertex 11.85 12.4722 5
    endloop
  endfacet
  facet normal -0 0 1
    outer loop
      vertex 11 67.3 5
      vertex 24 56 5
      vertex 11.2219 67.3145 5
    endloop
  endfacet
  facet normal 0 0 1
    outer loop
      vertex 24 46 5
      vertex 11.44 12.6421 5
      vertex 11.6506 12.5706 5
    endloop
  endfacet
  facet normal 0 0 1
    outer loop
      vertex 10.7781 67.3145 5
      vertex 24 56 5
      vertex 11 67.3 5
    endloop
  endfacet
  facet normal 0 0 1
    outer loop
      vertex 24 46 5
      vertex 11.2219 12.6855 5
      vertex 11.44 12.6421 5
    endloop
  endfacet
  facet normal 0 0 1
    outer loop
      vertex 24 56 5
      vertex 10.7781 67.3145 5
      vertex 24 46 5
    endloop
  endfacet
  facet normal 0 0 1
    outer loop
      vertex 24 46 5
      vertex 11 12.7 5
      vertex 11.2219 12.6855 5
    endloop
  endfacet
  facet normal 0 0 1
    outer loop
      vertex 10.56 67.3579 5
      vertex 24 46 5
      vertex 10.7781 67.3145 5
    endloop
  endfacet
  facet normal 0 0 1
    outer loop
      vertex 24 46 5
      vertex 10.7781 12.6855 5
      vertex 11 12.7 5
    endloop
  endfacet
  facet normal 0 0 1
    outer loop
      vertex 10.3494 67.4294 5
      vertex 24 46 5
      vertex 10.56 67.3579 5
    endloop
  endfacet
  facet normal 0 0 1
    outer loop
      vertex 24 46 5
      vertex 10.56 12.6421 5
      vertex 10.7781 12.6855 5
    endloop
  endfacet
  facet normal 0 0 1
    outer loop
      vertex 10.15 67.5278 5
      vertex 24 46 5
      vertex 10.3494 67.4294 5
    endloop
  endfacet
  facet normal 0 0 1
    outer loop
      vertex 24 46 5
      vertex 10.3494 12.5706 5
      vertex 10.56 12.6421 5
    endloop
  endfacet
  facet normal 0 0 1
    outer loop
      vertex 9.96511 67.6513 5
      vertex 24 46 5
      vertex 10.15 67.5278 5
    endloop
  endfacet
  facet normal 0 0 1
    outer loop
      vertex 24 46 5
      vertex 10.15 12.4722 5
      vertex 10.3494 12.5706 5
    endloop
  endfacet
  facet normal 0 0 1
    outer loop
      vertex 9.96511 12.3487 5
      vertex 24 46 5
      vertex 9.96511 67.6513 5
    endloop
  endfacet
  facet normal 0 0 1
    outer loop
      vertex 24 46 5
      vertex 9.96511 12.3487 5
      vertex 10.15 12.4722 5
    endloop
  endfacet
  facet normal 0 0 1
    outer loop
      vertex 9.79792 67.7979 5
      vertex 9.96511 12.3487 5
      vertex 9.96511 67.6513 5
    endloop
  endfacet
  facet normal 0 0 1
    outer loop
      vertex 9.79792 67.7979 5
      vertex 9.79792 12.2021 5
      vertex 9.96511 12.3487 5
    endloop
  endfacet
  facet normal 0 0 1
    outer loop
      vertex 9.6513 67.9651 5
      vertex 9.79792 12.2021 5
      vertex 9.79792 67.7979 5
    endloop
  endfacet
  facet normal 0 0 1
    outer loop
      vertex 9.6513 67.9651 5
      vertex 9.6513 12.0349 5
      vertex 9.79792 12.2021 5
    endloop
  endfacet
  facet normal 0 0 1
    outer loop
      vertex 9.52776 68.15 5
      vertex 9.6513 12.0349 5
      vertex 9.6513 67.9651 5
    endloop
  endfacet
  facet normal 0 0 1
    outer loop
      vertex 9.52776 68.15 5
      vertex 9.52776 11.85 5
      vertex 9.6513 12.0349 5
    endloop
  endfacet
  facet normal 0 0 1
    outer loop
      vertex 0 80 5
      vertex 9.52776 68.15 5
      vertex 9.4294 68.3494 5
    endloop
  endfacet
  facet normal 0 0 1
    outer loop
      vertex 9.52776 68.15 5
      vertex 0 80 5
      vertex 9.52776 11.85 5
    endloop
  endfacet
  facet normal 0 0 1
    outer loop
      vertex 0 80 5
      vertex 9.4294 68.3494 5
      vertex 9.35793 68.56 5
    endloop
  endfacet
  facet normal 0 0 1
    outer loop
      vertex 0 0 5
      vertex 9.52776 11.85 5
      vertex 0 80 5
    endloop
  endfacet
  facet normal 0 0 1
    outer loop
      vertex 0 80 5
      vertex 9.35793 68.56 5
      vertex 9.31454 68.7781 5
    endloop
  endfacet
  facet normal 0 0 1
    outer loop
      vertex 9.52776 11.85 5
      vertex 0 0 5
      vertex 9.4294 11.6506 5
    endloop
  endfacet
  facet normal 0 0 1
    outer loop
      vertex 0 80 5
      vertex 9.31454 68.7781 5
      vertex 9.3 69 5
    endloop
  endfacet
  facet normal 0 0 1
    outer loop
      vertex 9.4294 11.6506 5
      vertex 0 0 5
      vertex 9.35793 11.44 5
    endloop
  endfacet
  facet normal 0 0 1
    outer loop
      vertex 42.0514 81.625 5
      vertex 38 80 5
      vertex 41.8267 81.0823 5
    endloop
  endfacet
  facet normal 0 0 1
    outer loop
      vertex 41.8267 94.0823 5
      vertex 38 95 5
      vertex 41.75 93.5 5
    endloop
  endfacet
  facet normal 0 0 1
    outer loop
      vertex 42.0514 94.625 5
      vertex 38 95 5
      vertex 41.8267 94.0823 5
    endloop
  endfacet
  facet normal -0 0 1
    outer loop
      vertex 38 95 5
      vertex 42.0514 94.625 5
      vertex 42.3392 95 5
    endloop
  endfacet
  facet normal 0 0 1
    outer loop
      vertex 38 80 5
      vertex 42.0514 79.375 5
      vertex 41.8267 79.9177 5
    endloop
  endfacet
  facet normal -0 0 1
    outer loop
      vertex 38 80 5
      vertex 41.8267 79.9177 5
      vertex 41.75 80.5 5
    endloop
  endfacet
  facet normal 0 0 1
    outer loop
      vertex 41.8267 81.0823 5
      vertex 38 80 5
      vertex 41.75 80.5 5
    endloop
  endfacet
  facet normal 0 0 1
    outer loop
      vertex 42.0514 79.375 5
      vertex 38 80 5
      vertex 42 76 5
    endloop
  endfacet
  facet normal 0 0 1
    outer loop
      vertex 38 80 5
      vertex 24 76 5
      vertex 42 76 5
    endloop
  endfacet
  facet normal 0 0 1
    outer loop
      vertex 12.6855 68.7781 5
      vertex 24 76 5
      vertex 12.7 69 5
    endloop
  endfacet
  facet normal 0 0 1
    outer loop
      vertex 12.6421 68.56 5
      vertex 24 76 5
      vertex 12.6855 68.7781 5
    endloop
  endfacet
  facet normal 0 0 1
    outer loop
      vertex 24 76 5
      vertex 12.6421 68.56 5
      vertex 24 56 5
    endloop
  endfacet
  facet normal 0 0 1
    outer loop
      vertex 24 76 5
      vertex 12.6855 69.2219 5
      vertex 12.7 69 5
    endloop
  endfacet
  facet normal 0 0 1
    outer loop
      vertex 24 76 5
      vertex 12.6421 69.44 5
      vertex 12.6855 69.2219 5
    endloop
  endfacet
  facet normal 0 0 1
    outer loop
      vertex 24 76 5
      vertex 12.5706 69.6506 5
      vertex 12.6421 69.44 5
    endloop
  endfacet
  facet normal 0 0 1
    outer loop
      vertex 24 76 5
      vertex 12.4722 69.85 5
      vertex 12.5706 69.6506 5
    endloop
  endfacet
  facet normal 0 0 1
    outer loop
      vertex 24 76 5
      vertex 12.3487 70.0349 5
      vertex 12.4722 69.85 5
    endloop
  endfacet
  facet normal 0 0 1
    outer loop
      vertex 24 76 5
      vertex 12.2021 70.2021 5
      vertex 12.3487 70.0349 5
    endloop
  endfacet
  facet normal 0 0 1
    outer loop
      vertex 24 76 5
      vertex 12.0349 70.3487 5
      vertex 12.2021 70.2021 5
    endloop
  endfacet
  facet normal 0 0 1
    outer loop
      vertex 24 76 5
      vertex 11.85 70.4722 5
      vertex 12.0349 70.3487 5
    endloop
  endfacet
  facet normal 0 0 1
    outer loop
      vertex 24 76 5
      vertex 11.6506 70.5706 5
      vertex 11.85 70.4722 5
    endloop
  endfacet
  facet normal 0 0 1
    outer loop
      vertex 24 76 5
      vertex 11.44 70.6421 5
      vertex 11.6506 70.5706 5
    endloop
  endfacet
  facet normal 0 0 1
    outer loop
      vertex 24 76 5
      vertex 11.2219 70.6855 5
      vertex 11.44 70.6421 5
    endloop
  endfacet
  facet normal 0 0 1
    outer loop
      vertex 0 80 5
      vertex 11.2219 70.6855 5
      vertex 24 76 5
    endloop
  endfacet
  facet normal 0 0 1
    outer loop
      vertex 11.2219 70.6855 5
      vertex 0 80 5
      vertex 11 70.7 5
    endloop
  endfacet
  facet normal 0 0 1
    outer loop
      vertex 11 70.7 5
      vertex 0 80 5
      vertex 10.7781 70.6855 5
    endloop
  endfacet
  facet normal 0 0 1
    outer loop
      vertex 10.7781 70.6855 5
      vertex 0 80 5
      vertex 10.56 70.6421 5
    endloop
  endfacet
  facet normal 0 0 1
    outer loop
      vertex 9.35793 11.44 5
      vertex 0 0 5
      vertex 9.31454 11.2219 5
    endloop
  endfacet
  facet normal 0 0 1
    outer loop
      vertex 9.31454 69.2219 5
      vertex 0 80 5
      vertex 9.3 69 5
    endloop
  endfacet
  facet normal 0 0 1
    outer loop
      vertex 9.35793 69.44 5
      vertex 0 80 5
      vertex 9.31454 69.2219 5
    endloop
  endfacet
  facet normal 0 0 1
    outer loop
      vertex 9.4294 69.6506 5
      vertex 0 80 5
      vertex 9.35793 69.44 5
    endloop
  endfacet
  facet normal 0 0 1
    outer loop
      vertex 9.52776 69.85 5
      vertex 0 80 5
      vertex 9.4294 69.6506 5
    endloop
  endfacet
  facet normal 0 0 1
    outer loop
      vertex 9.6513 70.0349 5
      vertex 0 80 5
      vertex 9.52776 69.85 5
    endloop
  endfacet
  facet normal 0 0 1
    outer loop
      vertex 9.79792 70.2021 5
      vertex 0 80 5
      vertex 9.6513 70.0349 5
    endloop
  endfacet
  facet normal 0 0 1
    outer loop
      vertex 9.96511 70.3487 5
      vertex 0 80 5
      vertex 9.79792 70.2021 5
    endloop
  endfacet
  facet normal 0 0 1
    outer loop
      vertex 10.15 70.4722 5
      vertex 0 80 5
      vertex 9.96511 70.3487 5
    endloop
  endfacet
  facet normal 0 0 1
    outer loop
      vertex 10.3494 70.5706 5
      vertex 0 80 5
      vertex 10.15 70.4722 5
    endloop
  endfacet
  facet normal 0 0 1
    outer loop
      vertex 10.56 70.6421 5
      vertex 0 80 5
      vertex 10.3494 70.5706 5
    endloop
  endfacet
  facet normal -0 0 1
    outer loop
      vertex 0 80 5
      vertex 24 76 5
      vertex 38 80 5
    endloop
  endfacet
  facet normal 0 0 1
    outer loop
      vertex 44.0706 55.3494 5
      vertex 54 56 5
      vertex 44.1421 55.56 5
    endloop
  endfacet
  facet normal 0 0 1
    outer loop
      vertex 54 46 5
      vertex 44.1855 24.2219 5
      vertex 44.2 24 5
    endloop
  endfacet
  facet normal 0 0 1
    outer loop
      vertex 43.9722 55.15 5
      vertex 54 56 5
      vertex 44.0706 55.3494 5
    endloop
  endfacet
  facet normal 0 0 1
    outer loop
      vertex 54 46 5
      vertex 44.1421 24.44 5
      vertex 44.1855 24.2219 5
    endloop
  endfacet
  facet normal 0 0 1
    outer loop
      vertex 43.8487 54.9651 5
      vertex 54 56 5
      vertex 43.9722 55.15 5
    endloop
  endfacet
  facet normal 0 -0 1
    outer loop
      vertex 43.1506 25.5706 5
      vertex 54 46 5
      vertex 42 46 5
    endloop
  endfacet
  facet normal 0 0 1
    outer loop
      vertex 54 56 5
      vertex 43.8487 54.9651 5
      vertex 54 46 5
    endloop
  endfacet
  facet normal 0 0 1
    outer loop
      vertex 54 46 5
      vertex 44.0706 24.6506 5
      vertex 44.1421 24.44 5
    endloop
  endfacet
  facet normal -0 0 1
    outer loop
      vertex 43.7021 54.7979 5
      vertex 54 46 5
      vertex 43.8487 54.9651 5
    endloop
  endfacet
  facet normal 0 0 1
    outer loop
      vertex 54 46 5
      vertex 43.9722 24.85 5
      vertex 44.0706 24.6506 5
    endloop
  endfacet
  facet normal -0 0 1
    outer loop
      vertex 43.5349 54.6513 5
      vertex 54 46 5
      vertex 43.7021 54.7979 5
    endloop
  endfacet
  facet normal 0 0 1
    outer loop
      vertex 54 46 5
      vertex 43.8487 25.0349 5
      vertex 43.9722 24.85 5
    endloop
  endfacet
  facet normal 0 0 1
    outer loop
      vertex 54 46 5
      vertex 43.5349 54.6513 5
      vertex 42 46 5
    endloop
  endfacet
  facet normal 0 0 1
    outer loop
      vertex 54 46 5
      vertex 43.7021 25.2021 5
      vertex 43.8487 25.0349 5
    endloop
  endfacet
  facet normal 0 0 1
    outer loop
      vertex 42 46 5
      vertex 43.5349 54.6513 5
      vertex 43.35 54.5278 5
    endloop
  endfacet
  facet normal 0 0 1
    outer loop
      vertex 54 46 5
      vertex 43.5349 25.3487 5
      vertex 43.7021 25.2021 5
    endloop
  endfacet
  facet normal 0 0 1
    outer loop
      vertex 42 46 5
      vertex 43.35 54.5278 5
      vertex 43.1506 54.4294 5
    endloop
  endfacet
  facet normal 0 0 1
    outer loop
      vertex 54 46 5
      vertex 43.35 25.4722 5
      vertex 43.5349 25.3487 5
    endloop
  endfacet
  facet normal 0 0 1
    outer loop
      vertex 42 46 5
      vertex 43.1506 54.4294 5
      vertex 42.94 54.3579 5
    endloop
  endfacet
  facet normal 0 0 1
    outer loop
      vertex 54 46 5
      vertex 43.1506 25.5706 5
      vertex 43.35 25.4722 5
    endloop
  endfacet
  facet normal 0 0 1
    outer loop
      vertex 42 46 5
      vertex 42.94 54.3579 5
      vertex 42.7219 54.3145 5
    endloop
  endfacet
  facet normal 0 0 1
    outer loop
      vertex 43.1506 25.5706 5
      vertex 42 46 5
      vertex 42.94 25.6421 5
    endloop
  endfacet
  facet normal 0 0 1
    outer loop
      vertex 42 46 5
      vertex 42.7219 54.3145 5
      vertex 42.5 54.3 5
    endloop
  endfacet
  facet normal -0 0 1
    outer loop
      vertex 42 26 5
      vertex 42.94 25.6421 5
      vertex 42 46 5
    endloop
  endfacet
  facet normal 0 0 1
    outer loop
      vertex 42 46 5
      vertex 42.5 54.3 5
      vertex 42.2781 54.3145 5
    endloop
  endfacet
  facet normal 0 0 1
    outer loop
      vertex 42.94 25.6421 5
      vertex 42 26 5
      vertex 42.7219 25.6855 5
    endloop
  endfacet
  facet normal 0 0 1
    outer loop
      vertex 42 46 5
      vertex 42.2781 54.3145 5
      vertex 42.06 54.3579 5
    endloop
  endfacet
  facet normal 0 0 1
    outer loop
      vertex 42.7219 25.6855 5
      vertex 42 26 5
      vertex 42.5 25.7 5
    endloop
  endfacet
  facet normal 0 0 1
    outer loop
      vertex 42.5 25.7 5
      vertex 42 26 5
      vertex 42.2781 25.6855 5
    endloop
  endfacet
  facet normal 0 0 1
    outer loop
      vertex 41.8494 54.4294 5
      vertex 42 46 5
      vertex 42.06 54.3579 5
    endloop
  endfacet
  facet normal 0 0 1
    outer loop
      vertex 41.65 54.5278 5
      vertex 42 46 5
      vertex 41.8494 54.4294 5
    endloop
  endfacet
  facet normal 0 0 1
    outer loop
      vertex 41.4651 54.6513 5
      vertex 42 46 5
      vertex 41.65 54.5278 5
    endloop
  endfacet
  facet normal 0 0 1
    outer loop
      vertex 41.2979 54.7979 5
      vertex 42 46 5
      vertex 41.4651 54.6513 5
    endloop
  endfacet
  facet normal 0 0 1
    outer loop
      vertex 41.1513 54.9651 5
      vertex 42 46 5
      vertex 41.2979 54.7979 5
    endloop
  endfacet
  facet normal 0 0 1
    outer loop
      vertex 41.0278 55.15 5
      vertex 42 46 5
      vertex 41.1513 54.9651 5
    endloop
  endfacet
  facet normal 0 0 1
    outer loop
      vertex 24 46 5
      vertex 41.0278 55.15 5
      vertex 40.9294 55.3494 5
    endloop
  endfacet
  facet normal 0 0 1
    outer loop
      vertex 24 56 5
      vertex 40.9294 55.3494 5
      vertex 40.8579 55.56 5
    endloop
  endfacet
  facet normal 0 0 1
    outer loop
      vertex 24 56 5
      vertex 40.8579 55.56 5
      vertex 40.8145 55.7781 5
    endloop
  endfacet
  facet normal -0 0 1
    outer loop
      vertex 24 56 5
      vertex 40.8145 55.7781 5
      vertex 40.8 56 5
    endloop
  endfacet
  facet normal 0 0 1
    outer loop
      vertex 40.9294 55.3494 5
      vertex 24 56 5
      vertex 24 46 5
    endloop
  endfacet
  facet normal 0 0 1
    outer loop
      vertex 41.0278 55.15 5
      vertex 24 46 5
      vertex 42 46 5
    endloop
  endfacet
  facet normal 0 0 1
    outer loop
      vertex 54 56 5
      vertex 44.1855 56.2219 5
      vertex 44.2 56 5
    endloop
  endfacet
  facet normal 0 0 1
    outer loop
      vertex 54 76 5
      vertex 44.1421 56.44 5
      vertex 44.1855 56.2219 5
    endloop
  endfacet
  facet normal 0 0 1
    outer loop
      vertex 54 76 5
      vertex 44.0706 56.6506 5
      vertex 44.1421 56.44 5
    endloop
  endfacet
  facet normal 0 0 1
    outer loop
      vertex 42 76 5
      vertex 44.5823 78.3267 5
      vertex 44 78.25 5
    endloop
  endfacet
  facet normal 0 0 1
    outer loop
      vertex 54 76 5
      vertex 43.9722 56.85 5
      vertex 44.0706 56.6506 5
    endloop
  endfacet
  facet normal 0 0 1
    outer loop
      vertex 54 76 5
      vertex 43.8487 57.0349 5
      vertex 43.9722 56.85 5
    endloop
  endfacet
  facet normal 0 0 1
    outer loop
      vertex 54 76 5
      vertex 43.7021 57.2021 5
      vertex 43.8487 57.0349 5
    endloop
  endfacet
  facet normal 0 -0 1
    outer loop
      vertex 43.35 57.4722 5
      vertex 54 76 5
      vertex 42 76 5
    endloop
  endfacet
  facet normal 0 0 1
    outer loop
      vertex 42 76 5
      vertex 44 78.25 5
      vertex 43.4177 78.3267 5
    endloop
  endfacet
  facet normal 0 0 1
    outer loop
      vertex 54 76 5
      vertex 43.5349 57.3487 5
      vertex 43.7021 57.2021 5
    endloop
  endfacet
  facet normal 0 0 1
    outer loop
      vertex 54 76 5
      vertex 43.35 57.4722 5
      vertex 43.5349 57.3487 5
    endloop
  endfacet
  facet normal 0 0 1
    outer loop
      vertex 43.35 57.4722 5
      vertex 42 76 5
      vertex 43.1506 57.5706 5
    endloop
  endfacet
  facet normal 0 0 1
    outer loop
      vertex 42 76 5
      vertex 43.4177 78.3267 5
      vertex 42.875 78.5514 5
    endloop
  endfacet
  facet normal 0 0 1
    outer loop
      vertex 43.1506 57.5706 5
      vertex 42 76 5
      vertex 42.94 57.6421 5
    endloop
  endfacet
  facet normal 0 0 1
    outer loop
      vertex 42.94 57.6421 5
      vertex 42 76 5
      vertex 42.7219 57.6855 5
    endloop
  endfacet
  facet normal 0 0 1
    outer loop
      vertex 42 76 5
      vertex 42.875 78.5514 5
      vertex 42.409 78.909 5
    endloop
  endfacet
  facet normal 0 0 1
    outer loop
      vertex 42.7219 57.6855 5
      vertex 42 76 5
      vertex 42.5 57.7 5
    endloop
  endfacet
  facet normal 0 0 1
    outer loop
      vertex 42.5 57.7 5
      vertex 42 76 5
      vertex 42.2781 57.6855 5
    endloop
  endfacet
  facet normal 0 0 1
    outer loop
      vertex 42 76 5
      vertex 42.409 78.909 5
      vertex 42.0514 79.375 5
    endloop
  endfacet
  facet normal 0 0 1
    outer loop
      vertex 42.2781 57.6855 5
      vertex 42 76 5
      vertex 42.06 57.6421 5
    endloop
  endfacet
  facet normal 0 0 1
    outer loop
      vertex 42.06 57.6421 5
      vertex 42 76 5
      vertex 42 57.6217 5
    endloop
  endfacet
  facet normal 0 0 1
    outer loop
      vertex 45.9486 92.375 5
      vertex 57.8267 92.9177 5
      vertex 46.1733 92.9177 5
    endloop
  endfacet
  facet normal 0 0 1
    outer loop
      vertex 57.8267 92.9177 5
      vertex 46.1733 81.0823 5
      vertex 46.25 80.5 5
    endloop
  endfacet
  facet normal 0 0 1
    outer loop
      vertex 45.591 91.909 5
      vertex 57.8267 92.9177 5
      vertex 45.9486 92.375 5
    endloop
  endfacet
  facet normal 0 0 1
    outer loop
      vertex 57.8267 92.9177 5
      vertex 45.9486 81.625 5
      vertex 46.1733 81.0823 5
    endloop
  endfacet
  facet normal 0 0 1
    outer loop
      vertex 45.591 82.091 5
      vertex 57.8267 92.9177 5
      vertex 45.591 91.909 5
    endloop
  endfacet
  facet normal 0 0 1
    outer loop
      vertex 57.8267 92.9177 5
      vertex 45.591 82.091 5
      vertex 45.9486 81.625 5
    endloop
  endfacet
  facet normal -0 0 1
    outer loop
      vertex 45.125 91.5514 5
      vertex 45.591 82.091 5
      vertex 45.591 91.909 5
    endloop
  endfacet
  facet normal 0 0 1
    outer loop
      vertex 45.125 91.5514 5
      vertex 45.125 82.4486 5
      vertex 45.591 82.091 5
    endloop
  endfacet
  facet normal -0 0 1
    outer loop
      vertex 44.5823 91.3267 5
      vertex 45.125 82.4486 5
      vertex 45.125 91.5514 5
    endloop
  endfacet
  facet normal 0 0 1
    outer loop
      vertex 44.5823 91.3267 5
      vertex 44.5823 82.6733 5
      vertex 45.125 82.4486 5
    endloop
  endfacet
  facet normal -0 0 1
    outer loop
      vertex 44 91.25 5
      vertex 44.5823 82.6733 5
      vertex 44.5823 91.3267 5
    endloop
  endfacet
  facet normal 0 0 1
    outer loop
      vertex 44 91.25 5
      vertex 44 82.75 5
      vertex 44.5823 82.6733 5
    endloop
  endfacet
  facet normal 0 0 1
    outer loop
      vertex 43.4177 91.3267 5
      vertex 44 82.75 5
      vertex 44 91.25 5
    endloop
  endfacet
  facet normal 0 0 1
    outer loop
      vertex 43.4177 91.3267 5
      vertex 43.4177 82.6733 5
      vertex 44 82.75 5
    endloop
  endfacet
  facet normal 0 0 1
    outer loop
      vertex 42.875 91.5514 5
      vertex 43.4177 82.6733 5
      vertex 43.4177 91.3267 5
    endloop
  endfacet
  facet normal 0 0 1
    outer loop
      vertex 42.875 91.5514 5
      vertex 42.875 82.4486 5
      vertex 43.4177 82.6733 5
    endloop
  endfacet
  facet normal 0 0 1
    outer loop
      vertex 42.409 91.909 5
      vertex 42.875 82.4486 5
      vertex 42.875 91.5514 5
    endloop
  endfacet
  facet normal 0 0 1
    outer loop
      vertex 42.409 91.909 5
      vertex 42.409 82.091 5
      vertex 42.875 82.4486 5
    endloop
  endfacet
  facet normal 0 0 1
    outer loop
      vertex 38 80 5
      vertex 42.0514 92.375 5
      vertex 38 95 5
    endloop
  endfacet
  facet normal 0 0 1
    outer loop
      vertex 42.0514 92.375 5
      vertex 38 80 5
      vertex 42.409 91.909 5
    endloop
  endfacet
  facet normal 0 0 1
    outer loop
      vertex 38 95 5
      vertex 42.0514 92.375 5
      vertex 41.8267 92.9177 5
    endloop
  endfacet
  facet normal 0 0 1
    outer loop
      vertex 42.409 91.909 5
      vertex 38 80 5
      vertex 42.409 82.091 5
    endloop
  endfacet
  facet normal 0 0 1
    outer loop
      vertex 38 95 5
      vertex 41.8267 92.9177 5
      vertex 41.75 93.5 5
    endloop
  endfacet
  facet normal 0 0 1
    outer loop
      vertex 42.409 82.091 5
      vertex 38 80 5
      vertex 42.0514 81.625 5
    endloop
  endfacet
  facet normal 0 0 1
    outer loop
      vertex 57.8267 81.0823 5
      vertex 54 76 5
      vertex 57.75 80.5 5
    endloop
  endfacet
  facet normal 0 0 1
    outer loop
      vertex 46.25 93.5 5
      vertex 57.75 93.5 5
      vertex 57.8267 94.0823 5
    endloop
  endfacet
  facet normal -0 0 1
    outer loop
      vertex 44.1855 56.2219 5
      vertex 54 56 5
      vertex 54 76 5
    endloop
  endfacet
  facet normal 0 0 1
    outer loop
      vertex 44.1855 55.7781 5
      vertex 54 56 5
      vertex 44.2 56 5
    endloop
  endfacet
  facet normal 0 0 1
    outer loop
      vertex 57.8267 92.9177 5
      vertex 46.25 80.5 5
      vertex 54 76 5
    endloop
  endfacet
  facet normal 0 0 1
    outer loop
      vertex 46.1733 92.9177 5
      vertex 57.8267 92.9177 5
      vertex 46.25 93.5 5
    endloop
  endfacet
  facet normal 0 0 1
    outer loop
      vertex 46.1733 94.0823 5
      vertex 57.8267 94.0823 5
      vertex 58.0514 94.625 5
    endloop
  endfacet
  facet normal 0 0 1
    outer loop
      vertex 45.9486 94.625 5
      vertex 58.0514 94.625 5
      vertex 58.3392 95 5
    endloop
  endfacet
  facet normal 0 0 1
    outer loop
      vertex 57.8267 94.0823 5
      vertex 46.1733 94.0823 5
      vertex 46.25 93.5 5
    endloop
  endfacet
  facet normal 0 0 1
    outer loop
      vertex 58.0514 94.625 5
      vertex 45.9486 94.625 5
      vertex 46.1733 94.0823 5
    endloop
  endfacet
  facet normal 0 -0 1
    outer loop
      vertex 45.9486 94.625 5
      vertex 58.3392 95 5
      vertex 45.6608 95 5
    endloop
  endfacet
  facet normal 0 0 1
    outer loop
      vertex 66 95 5
      vertex 61.9486 92.375 5
      vertex 66 80 5
    endloop
  endfacet
  facet normal 0 0 1
    outer loop
      vertex 66 80 5
      vertex 62.1733 81.0823 5
      vertex 62.25 80.5 5
    endloop
  endfacet
  facet normal -0 0 1
    outer loop
      vertex 61.591 91.909 5
      vertex 66 80 5
      vertex 61.9486 92.375 5
    endloop
  endfacet
  facet normal 0 0 1
    outer loop
      vertex 66 80 5
      vertex 61.9486 81.625 5
      vertex 62.1733 81.0823 5
    endloop
  endfacet
  facet normal -0 0 1
    outer loop
      vertex 61.591 82.091 5
      vertex 66 80 5
      vertex 61.591 91.909 5
    endloop
  endfacet
  facet normal 0 0 1
    outer loop
      vertex 66 80 5
      vertex 61.591 82.091 5
      vertex 61.9486 81.625 5
    endloop
  endfacet
  facet normal -0 0 1
    outer loop
      vertex 61.125 91.5514 5
      vertex 61.591 82.091 5
      vertex 61.591 91.909 5
    endloop
  endfacet
  facet normal 0 0 1
    outer loop
      vertex 61.125 91.5514 5
      vertex 61.125 82.4486 5
      vertex 61.591 82.091 5
    endloop
  endfacet
  facet normal -0 0 1
    outer loop
      vertex 60.5823 91.3267 5
      vertex 61.125 82.4486 5
      vertex 61.125 91.5514 5
    endloop
  endfacet
  facet normal 0 0 1
    outer loop
      vertex 60.5823 91.3267 5
      vertex 60.5823 82.6733 5
      vertex 61.125 82.4486 5
    endloop
  endfacet
  facet normal -0 0 1
    outer loop
      vertex 60 91.25 5
      vertex 60.5823 82.6733 5
      vertex 60.5823 91.3267 5
    endloop
  endfacet
  facet normal 0 0 1
    outer loop
      vertex 60 91.25 5
      vertex 60 82.75 5
      vertex 60.5823 82.6733 5
    endloop
  endfacet
  facet normal 0 0 1
    outer loop
      vertex 59.4177 91.3267 5
      vertex 60 82.75 5
      vertex 60 91.25 5
    endloop
  endfacet
  facet normal 0 0 1
    outer loop
      vertex 59.4177 91.3267 5
      vertex 59.4177 82.6733 5
      vertex 60 82.75 5
    endloop
  endfacet
  facet normal 0 0 1
    outer loop
      vertex 58.875 91.5514 5
      vertex 59.4177 82.6733 5
      vertex 59.4177 91.3267 5
    endloop
  endfacet
  facet normal 0 0 1
    outer loop
      vertex 58.875 91.5514 5
      vertex 58.875 82.4486 5
      vertex 59.4177 82.6733 5
    endloop
  endfacet
  facet normal 0 0 1
    outer loop
      vertex 58.409 91.909 5
      vertex 58.875 82.4486 5
      vertex 58.875 91.5514 5
    endloop
  endfacet
  facet normal 0 0 1
    outer loop
      vertex 58.409 91.909 5
      vertex 58.409 82.091 5
      vertex 58.875 82.4486 5
    endloop
  endfacet
  facet normal 0 0 1
    outer loop
      vertex 58.0514 92.375 5
      vertex 58.409 82.091 5
      vertex 58.409 91.909 5
    endloop
  endfacet
  facet normal 0 0 1
    outer loop
      vertex 58.0514 92.375 5
      vertex 58.0514 81.625 5
      vertex 58.409 82.091 5
    endloop
  endfacet
  facet normal 0 0 1
    outer loop
      vertex 57.8267 92.9177 5
      vertex 58.0514 81.625 5
      vertex 58.0514 92.375 5
    endloop
  endfacet
  facet normal 0 0 1
    outer loop
      vertex 54 76 5
      vertex 58.0514 81.625 5
      vertex 57.8267 92.9177 5
    endloop
  endfacet
  facet normal -0 0 1
    outer loop
      vertex 46.25 93.5 5
      vertex 57.8267 92.9177 5
      vertex 57.75 93.5 5
    endloop
  endfacet
  facet normal 0 0 1
    outer loop
      vertex 58.0514 81.625 5
      vertex 54 76 5
      vertex 57.8267 81.0823 5
    endloop
  endfacet
  facet normal 0 0 1
    outer loop
      vertex 62.1733 92.9177 5
      vertex 66 95 5
      vertex 62.25 93.5 5
    endloop
  endfacet
  facet normal 0 0 1
    outer loop
      vertex 66 95 5
      vertex 62.1733 94.0823 5
      vertex 62.25 93.5 5
    endloop
  endfacet
  facet normal 0 0 1
    outer loop
      vertex 66 95 5
      vertex 61.9486 94.625 5
      vertex 62.1733 94.0823 5
    endloop
  endfacet
  facet normal 0 -0 1
    outer loop
      vertex 61.9486 94.625 5
      vertex 66 95 5
      vertex 61.6608 95 5
    endloop
  endfacet
  facet normal -0 0 1
    outer loop
      vertex 54 56 5
      vertex 72 46 5
      vertex 72 56 5
    endloop
  endfacet
  facet normal 0 0 1
    outer loop
      vertex 72 46 5
      vertex 54 56 5
      vertex 54 46 5
    endloop
  endfacet
  facet normal 0 0 1
    outer loop
      vertex 42.2781 25.6855 5
      vertex 42 26 5
      vertex 42.06 25.6421 5
    endloop
  endfacet
  facet normal 0 0 1
    outer loop
      vertex 42 26 5
      vertex 41.8494 25.5706 5
      vertex 42.06 25.6421 5
    endloop
  endfacet
  facet normal 0 0 1
    outer loop
      vertex 42 26 5
      vertex 41.65 25.4722 5
      vertex 41.8494 25.5706 5
    endloop
  endfacet
  facet normal 0 0 1
    outer loop
      vertex 42 26 5
      vertex 41.4651 25.3487 5
      vertex 41.65 25.4722 5
    endloop
  endfacet
  facet normal 0 0 1
    outer loop
      vertex 42 26 5
      vertex 41.2979 25.2021 5
      vertex 41.4651 25.3487 5
    endloop
  endfacet
  facet normal 0 0 1
    outer loop
      vertex 40.8145 24.2219 5
      vertex 24 26 5
      vertex 40.8 24 5
    endloop
  endfacet
  facet normal 0 0 1
    outer loop
      vertex 40.8579 24.44 5
      vertex 24 26 5
      vertex 40.8145 24.2219 5
    endloop
  endfacet
  facet normal 0 0 1
    outer loop
      vertex 40.9294 24.6506 5
      vertex 24 26 5
      vertex 40.8579 24.44 5
    endloop
  endfacet
  facet normal 0 0 1
    outer loop
      vertex 41.0278 24.85 5
      vertex 24 26 5
      vertex 40.9294 24.6506 5
    endloop
  endfacet
  facet normal 0 0 1
    outer loop
      vertex 41.1513 25.0349 5
      vertex 24 26 5
      vertex 41.0278 24.85 5
    endloop
  endfacet
  facet normal 0 0 1
    outer loop
      vertex 41.2979 25.2021 5
      vertex 24 26 5
      vertex 41.1513 25.0349 5
    endloop
  endfacet
  facet normal -0 0 1
    outer loop
      vertex 24 26 5
      vertex 41.2979 25.2021 5
      vertex 42 26 5
    endloop
  endfacet
  facet normal 0 0 1
    outer loop
      vertex 104 0 5
      vertex 94.6855 11.2219 5
      vertex 94.7 11 5
    endloop
  endfacet
  facet normal 0 0 1
    outer loop
      vertex 102 26 5
      vertex 94.6421 11.44 5
      vertex 94.6855 11.2219 5
    endloop
  endfacet
  facet normal 0 0 1
    outer loop
      vertex 102 26 5
      vertex 94.5706 11.6506 5
      vertex 94.6421 11.44 5
    endloop
  endfacet
  facet normal 0 0 1
    outer loop
      vertex 102 26 5
      vertex 94.4722 11.85 5
      vertex 94.5706 11.6506 5
    endloop
  endfacet
  facet normal 0 0 1
    outer loop
      vertex 102 26 5
      vertex 94.3487 12.0349 5
      vertex 94.4722 11.85 5
    endloop
  endfacet
  facet normal 0 0 1
    outer loop
      vertex 102 26 5
      vertex 94.2021 12.2021 5
      vertex 94.3487 12.0349 5
    endloop
  endfacet
  facet normal 0 0 1
    outer loop
      vertex 102 26 5
      vertex 94.0349 12.3487 5
      vertex 94.2021 12.2021 5
    endloop
  endfacet
  facet normal 0 0 1
    outer loop
      vertex 102 26 5
      vertex 93.85 12.4722 5
      vertex 94.0349 12.3487 5
    endloop
  endfacet
  facet normal 0 0 1
    outer loop
      vertex 102 26 5
      vertex 93.6506 12.5706 5
      vertex 93.85 12.4722 5
    endloop
  endfacet
  facet normal 0 0 1
    outer loop
      vertex 102 26 5
      vertex 93.44 12.6421 5
      vertex 93.6506 12.5706 5
    endloop
  endfacet
  facet normal 0 0 1
    outer loop
      vertex 102 26 5
      vertex 93.2219 12.6855 5
      vertex 93.44 12.6421 5
    endloop
  endfacet
  facet normal 0 0 1
    outer loop
      vertex 102 26 5
      vertex 93 12.7 5
      vertex 93.2219 12.6855 5
    endloop
  endfacet
  facet normal -0 0 1
    outer loop
      vertex 84 26 5
      vertex 93 12.7 5
      vertex 102 26 5
    endloop
  endfacet
  facet normal 0 0 1
    outer loop
      vertex 93 12.7 5
      vertex 84 26 5
      vertex 92.7781 12.6855 5
    endloop
  endfacet
  facet normal 0 0 1
    outer loop
      vertex 92.7781 12.6855 5
      vertex 84 26 5
      vertex 92.56 12.6421 5
    endloop
  endfacet
  facet normal 0 0 1
    outer loop
      vertex 92.56 12.6421 5
      vertex 84 26 5
      vertex 92.3494 12.5706 5
    endloop
  endfacet
  facet normal 0 0 1
    outer loop
      vertex 92.3494 12.5706 5
      vertex 84 26 5
      vertex 92.15 12.4722 5
    endloop
  endfacet
  facet normal 0 0 1
    outer loop
      vertex 92.15 12.4722 5
      vertex 84 26 5
      vertex 91.9651 12.3487 5
    endloop
  endfacet
  facet normal 0 0 1
    outer loop
      vertex 91.9651 12.3487 5
      vertex 84 26 5
      vertex 91.7979 12.2021 5
    endloop
  endfacet
  facet normal -0 0 1
    outer loop
      vertex 72 26 5
      vertex 91.3145 11.2219 5
      vertex 84 26 5
    endloop
  endfacet
  facet normal 0 0 1
    outer loop
      vertex 91.3579 11.44 5
      vertex 84 26 5
      vertex 91.3145 11.2219 5
    endloop
  endfacet
  facet normal 0 0 1
    outer loop
      vertex 91.4294 11.6506 5
      vertex 84 26 5
      vertex 91.3579 11.44 5
    endloop
  endfacet
  facet normal 0 0 1
    outer loop
      vertex 91.5278 11.85 5
      vertex 84 26 5
      vertex 91.4294 11.6506 5
    endloop
  endfacet
  facet normal 0 0 1
    outer loop
      vertex 91.6513 12.0349 5
      vertex 84 26 5
      vertex 91.5278 11.85 5
    endloop
  endfacet
  facet normal 0 0 1
    outer loop
      vertex 91.7979 12.2021 5
      vertex 84 26 5
      vertex 91.6513 12.0349 5
    endloop
  endfacet
  facet normal -0 0 1
    outer loop
      vertex 84 56 5
      vertex 102 46 5
      vertex 102 56 5
    endloop
  endfacet
  facet normal 0 0 1
    outer loop
      vertex 102 46 5
      vertex 84 56 5
      vertex 84 46 5
    endloop
  endfacet
  facet normal 0 0 1
    outer loop
      vertex 102 56 5
      vertex 104 80 5
      vertex 102 76 5
    endloop
  endfacet
  facet normal 0 0 1
    outer loop
      vertex 104 80 5
      vertex 84 76 5
      vertex 102 76 5
    endloop
  endfacet
  facet normal 0 0 1
    outer loop
      vertex 72 56 5
      vertex 84 56 5
      vertex 84 76 5
    endloop
  endfacet
  facet normal 0 0 1
    outer loop
      vertex 84 56 5
      vertex 72 56 5
      vertex 84 46 5
    endloop
  endfacet
  facet normal 0 0 1
    outer loop
      vertex 72 56 5
      vertex 84 76 5
      vertex 72 76 5
    endloop
  endfacet
  facet normal -0 0 1
    outer loop
      vertex 66 80 5
      vertex 84 76 5
      vertex 104 80 5
    endloop
  endfacet
  facet normal 0 0 1
    outer loop
      vertex 84 76 5
      vertex 66 80 5
      vertex 72 76 5
    endloop
  endfacet
  facet normal 0 0 1
    outer loop
      vertex 61.9486 92.375 5
      vertex 66 95 5
      vertex 62.1733 92.9177 5
    endloop
  endfacet
  facet normal 0 0 1
    outer loop
      vertex 62.1733 79.9177 5
      vertex 66 80 5
      vertex 62.25 80.5 5
    endloop
  endfacet
  facet normal 0 0 1
    outer loop
      vertex 61.9486 79.375 5
      vertex 66 80 5
      vertex 62.1733 79.9177 5
    endloop
  endfacet
  facet normal 0 0 1
    outer loop
      vertex 61.591 78.909 5
      vertex 66 80 5
      vertex 61.9486 79.375 5
    endloop
  endfacet
  facet normal 0 0 1
    outer loop
      vertex 61.125 78.5514 5
      vertex 66 80 5
      vertex 61.591 78.909 5
    endloop
  endfacet
  facet normal 0 0 1
    outer loop
      vertex 66 80 5
      vertex 61.125 78.5514 5
      vertex 72 76 5
    endloop
  endfacet
  facet normal -0 0 1
    outer loop
      vertex 60.5823 78.3267 5
      vertex 72 76 5
      vertex 61.125 78.5514 5
    endloop
  endfacet
  facet normal 0 0 1
    outer loop
      vertex 54 76 5
      vertex 60.5823 78.3267 5
      vertex 60 78.25 5
    endloop
  endfacet
  facet normal 0 0 1
    outer loop
      vertex 54 76 5
      vertex 60 78.25 5
      vertex 59.4177 78.3267 5
    endloop
  endfacet
  facet normal 0 0 1
    outer loop
      vertex 60.5823 78.3267 5
      vertex 54 76 5
      vertex 72 76 5
    endloop
  endfacet
  facet normal 0 0 1
    outer loop
      vertex 58.875 78.5514 5
      vertex 54 76 5
      vertex 59.4177 78.3267 5
    endloop
  endfacet
  facet normal 0 0 1
    outer loop
      vertex 58.409 78.909 5
      vertex 54 76 5
      vertex 58.875 78.5514 5
    endloop
  endfacet
  facet normal 0 0 1
    outer loop
      vertex 58.0514 79.375 5
      vertex 54 76 5
      vertex 58.409 78.909 5
    endloop
  endfacet
  facet normal 0 0 1
    outer loop
      vertex 57.8267 79.9177 5
      vertex 54 76 5
      vertex 58.0514 79.375 5
    endloop
  endfacet
  facet normal 0 0 1
    outer loop
      vertex 54 76 5
      vertex 57.8267 79.9177 5
      vertex 57.75 80.5 5
    endloop
  endfacet
  facet normal 0 0 1
    outer loop
      vertex 102 46 5
      vertex 104 80 5
      vertex 102 56 5
    endloop
  endfacet
  facet normal 0 0 1
    outer loop
      vertex 104 80 5
      vertex 102 46 5
      vertex 104 0 5
    endloop
  endfacet
  facet normal -0 0 1
    outer loop
      vertex 102 26 5
      vertex 104 0 5
      vertex 102 46 5
    endloop
  endfacet
  facet normal -0 0 1
    outer loop
      vertex 94.6855 11.2219 5
      vertex 104 0 5
      vertex 102 26 5
    endloop
  endfacet
  facet normal -0 0 1
    outer loop
      vertex 94.6855 10.7781 5
      vertex 104 0 5
      vertex 94.7 11 5
    endloop
  endfacet
  facet normal -0 0 1
    outer loop
      vertex 94.6421 10.56 5
      vertex 104 0 5
      vertex 94.6855 10.7781 5
    endloop
  endfacet
  facet normal -0 0 1
    outer loop
      vertex 94.5706 10.3494 5
      vertex 104 0 5
      vertex 94.6421 10.56 5
    endloop
  endfacet
  facet normal -0 0 1
    outer loop
      vertex 94.4722 10.15 5
      vertex 104 0 5
      vertex 94.5706 10.3494 5
    endloop
  endfacet
  facet normal -0 0 1
    outer loop
      vertex 94.3487 9.96511 5
      vertex 104 0 5
      vertex 94.4722 10.15 5
    endloop
  endfacet
  facet normal -0 0 1
    outer loop
      vertex 94.2021 9.79792 5
      vertex 104 0 5
      vertex 94.3487 9.96511 5
    endloop
  endfacet
  facet normal -0 0 1
    outer loop
      vertex 94.0349 9.6513 5
      vertex 104 0 5
      vertex 94.2021 9.79792 5
    endloop
  endfacet
  facet normal -0 0 1
    outer loop
      vertex 93.85 9.52776 5
      vertex 104 0 5
      vertex 94.0349 9.6513 5
    endloop
  endfacet
  facet normal -0 0 1
    outer loop
      vertex 93.6506 9.4294 5
      vertex 104 0 5
      vertex 93.85 9.52776 5
    endloop
  endfacet
  facet normal -0 0 1
    outer loop
      vertex 93.44 9.35793 5
      vertex 104 0 5
      vertex 93.6506 9.4294 5
    endloop
  endfacet
  facet normal -0 0 1
    outer loop
      vertex 93.2219 9.31454 5
      vertex 104 0 5
      vertex 93.44 9.35793 5
    endloop
  endfacet
  facet normal -0 0 1
    outer loop
      vertex 93 9.3 5
      vertex 104 0 5
      vertex 93.2219 9.31454 5
    endloop
  endfacet
  facet normal 0 0 1
    outer loop
      vertex 92.7781 9.31454 5
      vertex 104 0 5
      vertex 93 9.3 5
    endloop
  endfacet
  facet normal 0 0 1
    outer loop
      vertex 92.56 9.35793 5
      vertex 104 0 5
      vertex 92.7781 9.31454 5
    endloop
  endfacet
  facet normal 0 0 1
    outer loop
      vertex 92.3494 9.4294 5
      vertex 104 0 5
      vertex 92.56 9.35793 5
    endloop
  endfacet
  facet normal 0 0 1
    outer loop
      vertex 92.15 9.52776 5
      vertex 104 0 5
      vertex 92.3494 9.4294 5
    endloop
  endfacet
  facet normal 0 0 1
    outer loop
      vertex 11.85 9.52776 5
      vertex 92.15 9.52776 5
      vertex 91.9651 9.6513 5
    endloop
  endfacet
  facet normal 0 0 1
    outer loop
      vertex 91.3145 11.2219 5
      vertex 72 26 5
      vertex 91.3 11 5
    endloop
  endfacet
  facet normal 0 0 1
    outer loop
      vertex 91.3 11 5
      vertex 72 26 5
      vertex 91.3145 10.7781 5
    endloop
  endfacet
  facet normal 0 0 1
    outer loop
      vertex 91.3145 10.7781 5
      vertex 72 26 5
      vertex 91.3579 10.56 5
    endloop
  endfacet
  facet normal 0 0 1
    outer loop
      vertex 72 46 5
      vertex 84 46 5
      vertex 72 56 5
    endloop
  endfacet
  facet normal 0 0 1
    outer loop
      vertex 84 46 5
      vertex 72 46 5
      vertex 84 26 5
    endloop
  endfacet
  facet normal 0 0 1
    outer loop
      vertex 72 26 5
      vertex 84 26 5
      vertex 72 46 5
    endloop
  endfacet
  facet normal 0 0 1
    outer loop
      vertex 91.3579 10.56 5
      vertex 72 26 5
      vertex 91.4294 10.3494 5
    endloop
  endfacet
  facet normal 0 0 1
    outer loop
      vertex 91.4294 10.3494 5
      vertex 72 26 5
      vertex 91.5278 10.15 5
    endloop
  endfacet
  facet normal -0 0 1
    outer loop
      vertex 54 26 5
      vertex 91.5278 10.15 5
      vertex 72 26 5
    endloop
  endfacet
  facet normal 0 0 1
    outer loop
      vertex 91.5278 10.15 5
      vertex 54 26 5
      vertex 91.6513 9.96511 5
    endloop
  endfacet
  facet normal -0 0 1
    outer loop
      vertex 43.1506 22.4294 5
      vertex 91.6513 9.96511 5
      vertex 54 26 5
    endloop
  endfacet
  facet normal 0 0 1
    outer loop
      vertex 91.6513 9.96511 5
      vertex 43.1506 22.4294 5
      vertex 91.7979 9.79792 5
    endloop
  endfacet
  facet normal -0 0 1
    outer loop
      vertex 42.94 22.3579 5
      vertex 91.7979 9.79792 5
      vertex 43.1506 22.4294 5
    endloop
  endfacet
  facet normal -0 0 1
    outer loop
      vertex 46.1733 79.9177 5
      vertex 54 76 5
      vertex 46.25 80.5 5
    endloop
  endfacet
  facet normal -0 0 1
    outer loop
      vertex 45.9486 79.375 5
      vertex 54 76 5
      vertex 46.1733 79.9177 5
    endloop
  endfacet
  facet normal -0 0 1
    outer loop
      vertex 45.591 78.909 5
      vertex 54 76 5
      vertex 45.9486 79.375 5
    endloop
  endfacet
  facet normal -0 0 1
    outer loop
      vertex 45.125 78.5514 5
      vertex 54 76 5
      vertex 45.591 78.909 5
    endloop
  endfacet
  facet normal 0 0 1
    outer loop
      vertex 42 76 5
      vertex 45.125 78.5514 5
      vertex 44.5823 78.3267 5
    endloop
  endfacet
  facet normal 0 0 1
    outer loop
      vertex 45.125 78.5514 5
      vertex 42 76 5
      vertex 54 76 5
    endloop
  endfacet
  facet normal 0 0 1
    outer loop
      vertex 44.1421 55.56 5
      vertex 54 56 5
      vertex 44.1855 55.7781 5
    endloop
  endfacet
  facet normal 0 0 1
    outer loop
      vertex 54 46 5
      vertex 44.2 24 5
      vertex 54 26 5
    endloop
  endfacet
  facet normal 0 0 1
    outer loop
      vertex 44.1855 23.7781 5
      vertex 54 26 5
      vertex 44.2 24 5
    endloop
  endfacet
  facet normal 0 0 1
    outer loop
      vertex 44.1421 23.56 5
      vertex 54 26 5
      vertex 44.1855 23.7781 5
    endloop
  endfacet
  facet normal 0 0 1
    outer loop
      vertex 44.0706 23.3494 5
      vertex 54 26 5
      vertex 44.1421 23.56 5
    endloop
  endfacet
  facet normal 0 0 1
    outer loop
      vertex 43.9722 23.15 5
      vertex 54 26 5
      vertex 44.0706 23.3494 5
    endloop
  endfacet
  facet normal 0 0 1
    outer loop
      vertex 43.8487 22.9651 5
      vertex 54 26 5
      vertex 43.9722 23.15 5
    endloop
  endfacet
  facet normal 0 0 1
    outer loop
      vertex 43.7021 22.7979 5
      vertex 54 26 5
      vertex 43.8487 22.9651 5
    endloop
  endfacet
  facet normal 0 0 1
    outer loop
      vertex 43.5349 22.6513 5
      vertex 54 26 5
      vertex 43.7021 22.7979 5
    endloop
  endfacet
  facet normal 0 0 1
    outer loop
      vertex 43.35 22.5278 5
      vertex 54 26 5
      vertex 43.5349 22.6513 5
    endloop
  endfacet
  facet normal 0 0 1
    outer loop
      vertex 43.1506 22.4294 5
      vertex 54 26 5
      vertex 43.35 22.5278 5
    endloop
  endfacet
  facet normal 0 0 1
    outer loop
      vertex 91.7979 9.79792 5
      vertex 42.94 22.3579 5
      vertex 91.9651 9.6513 5
    endloop
  endfacet
  facet normal -0 0 1
    outer loop
      vertex 42.7219 22.3145 5
      vertex 91.9651 9.6513 5
      vertex 42.94 22.3579 5
    endloop
  endfacet
  facet normal 0 0 1
    outer loop
      vertex 12.0349 9.6513 5
      vertex 91.9651 9.6513 5
      vertex 42.7219 22.3145 5
    endloop
  endfacet
  facet normal 0 0 1
    outer loop
      vertex 12.0349 9.6513 5
      vertex 42.7219 22.3145 5
      vertex 42.5 22.3 5
    endloop
  endfacet
  facet normal 0 0 1
    outer loop
      vertex 12.2021 9.79792 5
      vertex 42.5 22.3 5
      vertex 42.2781 22.3145 5
    endloop
  endfacet
  facet normal 0 0 1
    outer loop
      vertex 12.3487 9.96511 5
      vertex 42.2781 22.3145 5
      vertex 42.06 22.3579 5
    endloop
  endfacet
  facet normal 0 0 1
    outer loop
      vertex 12.4722 10.15 5
      vertex 42.06 22.3579 5
      vertex 41.8494 22.4294 5
    endloop
  endfacet
  facet normal 0 0 1
    outer loop
      vertex 24 26 5
      vertex 40.8145 23.7781 5
      vertex 40.8 24 5
    endloop
  endfacet
  facet normal 0 0 1
    outer loop
      vertex 24 26 5
      vertex 40.8579 23.56 5
      vertex 40.8145 23.7781 5
    endloop
  endfacet
  facet normal 0 0 1
    outer loop
      vertex 24 26 5
      vertex 40.9294 23.3494 5
      vertex 40.8579 23.56 5
    endloop
  endfacet
  facet normal 0 0 1
    outer loop
      vertex 24 26 5
      vertex 41.0278 23.15 5
      vertex 40.9294 23.3494 5
    endloop
  endfacet
  facet normal 0 0 1
    outer loop
      vertex 24 26 5
      vertex 41.1513 22.9651 5
      vertex 41.0278 23.15 5
    endloop
  endfacet
  facet normal 0 0 1
    outer loop
      vertex 24 26 5
      vertex 41.2979 22.7979 5
      vertex 41.1513 22.9651 5
    endloop
  endfacet
  facet normal 0 0 1
    outer loop
      vertex 24 26 5
      vertex 41.4651 22.6513 5
      vertex 41.2979 22.7979 5
    endloop
  endfacet
  facet normal 0 0 1
    outer loop
      vertex 12.6855 10.7781 5
      vertex 41.4651 22.6513 5
      vertex 24 26 5
    endloop
  endfacet
  facet normal 0 0 1
    outer loop
      vertex 41.4651 22.6513 5
      vertex 12.6855 10.7781 5
      vertex 41.65 22.5278 5
    endloop
  endfacet
  facet normal 0 0 1
    outer loop
      vertex 12.6421 10.56 5
      vertex 41.65 22.5278 5
      vertex 12.6855 10.7781 5
    endloop
  endfacet
  facet normal 0 0 1
    outer loop
      vertex 24 46 5
      vertex 12.7 11 5
      vertex 24 26 5
    endloop
  endfacet
  facet normal 0 0 1
    outer loop
      vertex 12.6855 10.7781 5
      vertex 24 26 5
      vertex 12.7 11 5
    endloop
  endfacet
  facet normal 0 0 1
    outer loop
      vertex 41.65 22.5278 5
      vertex 12.6421 10.56 5
      vertex 41.8494 22.4294 5
    endloop
  endfacet
  facet normal 0 0 1
    outer loop
      vertex 41.8494 22.4294 5
      vertex 12.6421 10.56 5
      vertex 12.5706 10.3494 5
    endloop
  endfacet
  facet normal 0 0 1
    outer loop
      vertex 12.4722 10.15 5
      vertex 41.8494 22.4294 5
      vertex 12.5706 10.3494 5
    endloop
  endfacet
  facet normal 0 0 1
    outer loop
      vertex 42.06 22.3579 5
      vertex 12.4722 10.15 5
      vertex 12.3487 9.96511 5
    endloop
  endfacet
  facet normal 0 0 1
    outer loop
      vertex 42.2781 22.3145 5
      vertex 12.3487 9.96511 5
      vertex 12.2021 9.79792 5
    endloop
  endfacet
  facet normal 0 0 1
    outer loop
      vertex 42.5 22.3 5
      vertex 12.2021 9.79792 5
      vertex 12.0349 9.6513 5
    endloop
  endfacet
  facet normal 0 0 1
    outer loop
      vertex 11.85 9.52776 5
      vertex 91.9651 9.6513 5
      vertex 12.0349 9.6513 5
    endloop
  endfacet
  facet normal 0 0 1
    outer loop
      vertex 92.15 9.52776 5
      vertex 11.85 9.52776 5
      vertex 104 0 5
    endloop
  endfacet
  facet normal 0 0 1
    outer loop
      vertex 0 0 5
      vertex 11.85 9.52776 5
      vertex 11.6506 9.4294 5
    endloop
  endfacet
  facet normal 0 0 1
    outer loop
      vertex 0 0 5
      vertex 11.6506 9.4294 5
      vertex 11.44 9.35793 5
    endloop
  endfacet
  facet normal 0 0 1
    outer loop
      vertex 0 0 5
      vertex 11.44 9.35793 5
      vertex 11.2219 9.31454 5
    endloop
  endfacet
  facet normal 0 0 1
    outer loop
      vertex 0 0 5
      vertex 11.2219 9.31454 5
      vertex 11 9.3 5
    endloop
  endfacet
  facet normal 0 0 1
    outer loop
      vertex 0 0 5
      vertex 11 9.3 5
      vertex 10.7781 9.31454 5
    endloop
  endfacet
  facet normal 0 0 1
    outer loop
      vertex 9.31454 11.2219 5
      vertex 0 0 5
      vertex 9.3 11 5
    endloop
  endfacet
  facet normal 0 0 1
    outer loop
      vertex 11.85 9.52776 5
      vertex 0 0 5
      vertex 104 0 5
    endloop
  endfacet
  facet normal 0 0 1
    outer loop
      vertex 10.56 9.35793 5
      vertex 0 0 5
      vertex 10.7781 9.31454 5
    endloop
  endfacet
  facet normal 0 0 1
    outer loop
      vertex 10.3494 9.4294 5
      vertex 0 0 5
      vertex 10.56 9.35793 5
    endloop
  endfacet
  facet normal 0 0 1
    outer loop
      vertex 10.15 9.52776 5
      vertex 0 0 5
      vertex 10.3494 9.4294 5
    endloop
  endfacet
  facet normal 0 0 1
    outer loop
      vertex 9.96511 9.6513 5
      vertex 0 0 5
      vertex 10.15 9.52776 5
    endloop
  endfacet
  facet normal 0 0 1
    outer loop
      vertex 9.79792 9.79792 5
      vertex 0 0 5
      vertex 9.96511 9.6513 5
    endloop
  endfacet
  facet normal 0 0 1
    outer loop
      vertex 9.6513 9.96511 5
      vertex 0 0 5
      vertex 9.79792 9.79792 5
    endloop
  endfacet
  facet normal 0 0 1
    outer loop
      vertex 9.52776 10.15 5
      vertex 0 0 5
      vertex 9.6513 9.96511 5
    endloop
  endfacet
  facet normal 0 0 1
    outer loop
      vertex 9.4294 10.3494 5
      vertex 0 0 5
      vertex 9.52776 10.15 5
    endloop
  endfacet
  facet normal 0 0 1
    outer loop
      vertex 9.35793 10.56 5
      vertex 0 0 5
      vertex 9.4294 10.3494 5
    endloop
  endfacet
  facet normal 0 0 1
    outer loop
      vertex 9.31454 10.7781 5
      vertex 0 0 5
      vertex 9.35793 10.56 5
    endloop
  endfacet
  facet normal 0 0 1
    outer loop
      vertex 9.3 11 5
      vertex 0 0 5
      vertex 9.31454 10.7781 5
    endloop
  endfacet
  facet normal -0 0 -1
    outer loop
      vertex 24 26 0
      vertex 9.21025 14.0999 0
      vertex 24 46 0
    endloop
  endfacet
  facet normal 0 0 -1
    outer loop
      vertex 24 46 0
      vertex 12.7897 65.9001 0
      vertex 14.5795 69 0
    endloop
  endfacet
  facet normal 0 0 -1
    outer loop
      vertex 9.21025 65.9001 0
      vertex 24 46 0
      vertex 9.21025 14.0999 0
    endloop
  endfacet
  facet normal 0 0 -1
    outer loop
      vertex 24 46 0
      vertex 9.21025 65.9001 0
      vertex 12.7897 65.9001 0
    endloop
  endfacet
  facet normal 0 0 -1
    outer loop
      vertex 7.4205 11 0
      vertex 9.21025 65.9001 0
      vertex 9.21025 14.0999 0
    endloop
  endfacet
  facet normal -0 0 -1
    outer loop
      vertex 9.21025 65.9001 0
      vertex 7.4205 11 0
      vertex 7.4205 69 0
    endloop
  endfacet
  facet normal 0 0 -1
    outer loop
      vertex 42 46 0
      vertex 54 46 0
      vertex 44.2897 27.0999 0
    endloop
  endfacet
  facet normal 0 -0 -1
    outer loop
      vertex 44.2897 52.9001 0
      vertex 54 46 0
      vertex 42 46 0
    endloop
  endfacet
  facet normal 0 0 -1
    outer loop
      vertex 42 46 0
      vertex 44.2897 27.0999 0
      vertex 42 27.0999 0
    endloop
  endfacet
  facet normal 0 0 -1
    outer loop
      vertex 54 46 0
      vertex 44.2897 52.9001 0
      vertex 46.0795 56 0
    endloop
  endfacet
  facet normal 0 0 -1
    outer loop
      vertex 42 46 0
      vertex 40.7103 52.9001 0
      vertex 44.2897 52.9001 0
    endloop
  endfacet
  facet normal 0 0 -1
    outer loop
      vertex 24 46 0
      vertex 40.7103 52.9001 0
      vertex 42 46 0
    endloop
  endfacet
  facet normal -0 0 -1
    outer loop
      vertex 40.7103 52.9001 0
      vertex 24 46 0
      vertex 38.9205 56 0
    endloop
  endfacet
  facet normal -0 0 -1
    outer loop
      vertex 38.9205 56 0
      vertex 24 46 0
      vertex 24 56 0
    endloop
  endfacet
  facet normal 0 0 -1
    outer loop
      vertex 58.409 82.091 0
      vertex 45.591 82.091 0
      vertex 58.409 91.909 0
    endloop
  endfacet
  facet normal 0 0 -1
    outer loop
      vertex 58.0514 92.375 0
      vertex 46.1733 92.9177 0
      vertex 46.25 93.5 0
    endloop
  endfacet
  facet normal 0 0 -1
    outer loop
      vertex 45.591 91.909 0
      vertex 58.409 91.909 0
      vertex 45.591 82.091 0
    endloop
  endfacet
  facet normal 0 0 -1
    outer loop
      vertex 58.0514 92.375 0
      vertex 45.9486 92.375 0
      vertex 46.1733 92.9177 0
    endloop
  endfacet
  facet normal 0 0 -1
    outer loop
      vertex 58.409 91.909 0
      vertex 45.591 91.909 0
      vertex 58.0514 92.375 0
    endloop
  endfacet
  facet normal -0 0 -1
    outer loop
      vertex 58.0514 92.375 0
      vertex 45.591 91.909 0
      vertex 45.9486 92.375 0
    endloop
  endfacet
  facet normal 0 0 -1
    outer loop
      vertex 45.125 82.4486 0
      vertex 45.591 91.909 0
      vertex 45.591 82.091 0
    endloop
  endfacet
  facet normal 0 0 -1
    outer loop
      vertex 45.125 82.4486 0
      vertex 45.125 91.5514 0
      vertex 45.591 91.909 0
    endloop
  endfacet
  facet normal 0 0 -1
    outer loop
      vertex 44.5823 82.6733 0
      vertex 45.125 91.5514 0
      vertex 45.125 82.4486 0
    endloop
  endfacet
  facet normal 0 0 -1
    outer loop
      vertex 44.5823 82.6733 0
      vertex 44.5823 91.3267 0
      vertex 45.125 91.5514 0
    endloop
  endfacet
  facet normal 0 0 -1
    outer loop
      vertex 44 82.75 0
      vertex 44.5823 91.3267 0
      vertex 44.5823 82.6733 0
    endloop
  endfacet
  facet normal 0 0 -1
    outer loop
      vertex 44 82.75 0
      vertex 44 91.25 0
      vertex 44.5823 91.3267 0
    endloop
  endfacet
  facet normal 0 0 -1
    outer loop
      vertex 43.4177 82.6733 0
      vertex 44 91.25 0
      vertex 44 82.75 0
    endloop
  endfacet
  facet normal 0 0 -1
    outer loop
      vertex 43.4177 82.6733 0
      vertex 43.4177 91.3267 0
      vertex 44 91.25 0
    endloop
  endfacet
  facet normal 0 0 -1
    outer loop
      vertex 42.875 82.4486 0
      vertex 43.4177 91.3267 0
      vertex 43.4177 82.6733 0
    endloop
  endfacet
  facet normal 0 0 -1
    outer loop
      vertex 42.875 82.4486 0
      vertex 42.875 91.5514 0
      vertex 43.4177 91.3267 0
    endloop
  endfacet
  facet normal 0 0 -1
    outer loop
      vertex 42.409 82.091 0
      vertex 42.875 91.5514 0
      vertex 42.875 82.4486 0
    endloop
  endfacet
  facet normal 0 0 -1
    outer loop
      vertex 42.409 82.091 0
      vertex 42.409 91.909 0
      vertex 42.875 91.5514 0
    endloop
  endfacet
  facet normal 0 0 -1
    outer loop
      vertex 38 80 0
      vertex 42.409 82.091 0
      vertex 42.0514 81.625 0
    endloop
  endfacet
  facet normal -0 0 -1
    outer loop
      vertex 42.409 82.091 0
      vertex 38 80 0
      vertex 42.409 91.909 0
    endloop
  endfacet
  facet normal 0 0 -1
    outer loop
      vertex 38 80 0
      vertex 42.0514 81.625 0
      vertex 41.8267 81.0823 0
    endloop
  endfacet
  facet normal -0 0 -1
    outer loop
      vertex 42.409 91.909 0
      vertex 38 80 0
      vertex 42.0514 92.375 0
    endloop
  endfacet
  facet normal 0 0 -1
    outer loop
      vertex 38 80 0
      vertex 41.8267 81.0823 0
      vertex 41.75 80.5 0
    endloop
  endfacet
  facet normal 0 0 -1
    outer loop
      vertex 38 95 0
      vertex 42.0514 92.375 0
      vertex 38 80 0
    endloop
  endfacet
  facet normal 0 0 -1
    outer loop
      vertex 54 56 0
      vertex 44.2897 59.0999 0
      vertex 54 76 0
    endloop
  endfacet
  facet normal 0 0 -1
    outer loop
      vertex 54 76 0
      vertex 45.9486 79.375 0
      vertex 46.1733 79.9177 0
    endloop
  endfacet
  facet normal 0 0 -1
    outer loop
      vertex 42 76 0
      vertex 54 76 0
      vertex 44.2897 59.0999 0
    endloop
  endfacet
  facet normal 0 0 -1
    outer loop
      vertex 54 76 0
      vertex 45.591 78.909 0
      vertex 45.9486 79.375 0
    endloop
  endfacet
  facet normal 0 0 -1
    outer loop
      vertex 54 76 0
      vertex 45.125 78.5514 0
      vertex 45.591 78.909 0
    endloop
  endfacet
  facet normal 0 0 -1
    outer loop
      vertex 54 76 0
      vertex 42 76 0
      vertex 45.125 78.5514 0
    endloop
  endfacet
  facet normal 0 0 -1
    outer loop
      vertex 45.125 78.5514 0
      vertex 42 76 0
      vertex 44.5823 78.3267 0
    endloop
  endfacet
  facet normal 0 0 -1
    outer loop
      vertex 44.5823 78.3267 0
      vertex 42 76 0
      vertex 44 78.25 0
    endloop
  endfacet
  facet normal -0 0 -1
    outer loop
      vertex 44 78.25 0
      vertex 42 76 0
      vertex 43.4177 78.3267 0
    endloop
  endfacet
  facet normal -0 0 -1
    outer loop
      vertex 43.4177 78.3267 0
      vertex 42 76 0
      vertex 42.875 78.5514 0
    endloop
  endfacet
  facet normal -0 0 -1
    outer loop
      vertex 42.875 78.5514 0
      vertex 42 76 0
      vertex 42.409 78.909 0
    endloop
  endfacet
  facet normal 0 0 -1
    outer loop
      vertex 42 76 0
      vertex 44.2897 59.0999 0
      vertex 42 59.0999 0
    endloop
  endfacet
  facet normal -0 0 -1
    outer loop
      vertex 42.409 78.909 0
      vertex 42 76 0
      vertex 42.0514 79.375 0
    endloop
  endfacet
  facet normal 0 0 -1
    outer loop
      vertex 38 80 0
      vertex 42.0514 79.375 0
      vertex 42 76 0
    endloop
  endfacet
  facet normal 0 0 -1
    outer loop
      vertex 42.0514 79.375 0
      vertex 38 80 0
      vertex 41.8267 79.9177 0
    endloop
  endfacet
  facet normal 0 0 -1
    outer loop
      vertex 42.0514 92.375 0
      vertex 38 95 0
      vertex 41.8267 92.9177 0
    endloop
  endfacet
  facet normal 0 0 -1
    outer loop
      vertex 41.8267 79.9177 0
      vertex 38 80 0
      vertex 41.75 80.5 0
    endloop
  endfacet
  facet normal 0 0 -1
    outer loop
      vertex 24 76 0
      vertex 38 80 0
      vertex 42 76 0
    endloop
  endfacet
  facet normal 0 0 -1
    outer loop
      vertex 24 56 0
      vertex 14.5795 69 0
      vertex 24 76 0
    endloop
  endfacet
  facet normal 0 0 -1
    outer loop
      vertex 12.7897 72.0999 0
      vertex 24 76 0
      vertex 14.5795 69 0
    endloop
  endfacet
  facet normal 0 0 -1
    outer loop
      vertex 0 80 0
      vertex 12.7897 72.0999 0
      vertex 9.21025 72.0999 0
    endloop
  endfacet
  facet normal 0 0 -1
    outer loop
      vertex 12.7897 72.0999 0
      vertex 0 80 0
      vertex 24 76 0
    endloop
  endfacet
  facet normal 0 0 -1
    outer loop
      vertex 24 76 0
      vertex 0 80 0
      vertex 38 80 0
    endloop
  endfacet
  facet normal 0 0 -1
    outer loop
      vertex 7.4205 69 0
      vertex 0 80 0
      vertex 9.21025 72.0999 0
    endloop
  endfacet
  facet normal 0 0 -1
    outer loop
      vertex 0 80 0
      vertex 7.4205 69 0
      vertex 0 0 0
    endloop
  endfacet
  facet normal 0 0 -1
    outer loop
      vertex 61.9486 81.625 0
      vertex 66 80 0
      vertex 62.1733 81.0823 0
    endloop
  endfacet
  facet normal 0 0 -1
    outer loop
      vertex 66 80 0
      vertex 62.1733 92.9177 0
      vertex 62.25 93.5 0
    endloop
  endfacet
  facet normal 0 0 -1
    outer loop
      vertex 61.591 82.091 0
      vertex 66 80 0
      vertex 61.9486 81.625 0
    endloop
  endfacet
  facet normal 0 0 -1
    outer loop
      vertex 66 80 0
      vertex 61.9486 92.375 0
      vertex 62.1733 92.9177 0
    endloop
  endfacet
  facet normal 0 0 -1
    outer loop
      vertex 61.591 91.909 0
      vertex 66 80 0
      vertex 61.591 82.091 0
    endloop
  endfacet
  facet normal 0 0 -1
    outer loop
      vertex 66 80 0
      vertex 61.591 91.909 0
      vertex 61.9486 92.375 0
    endloop
  endfacet
  facet normal 0 0 -1
    outer loop
      vertex 61.125 82.4486 0
      vertex 61.591 91.909 0
      vertex 61.591 82.091 0
    endloop
  endfacet
  facet normal 0 0 -1
    outer loop
      vertex 61.125 82.4486 0
      vertex 61.125 91.5514 0
      vertex 61.591 91.909 0
    endloop
  endfacet
  facet normal 0 0 -1
    outer loop
      vertex 60.5823 82.6733 0
      vertex 61.125 91.5514 0
      vertex 61.125 82.4486 0
    endloop
  endfacet
  facet normal 0 0 -1
    outer loop
      vertex 60.5823 82.6733 0
      vertex 60.5823 91.3267 0
      vertex 61.125 91.5514 0
    endloop
  endfacet
  facet normal 0 0 -1
    outer loop
      vertex 60 82.75 0
      vertex 60.5823 91.3267 0
      vertex 60.5823 82.6733 0
    endloop
  endfacet
  facet normal 0 0 -1
    outer loop
      vertex 60 82.75 0
      vertex 60 91.25 0
      vertex 60.5823 91.3267 0
    endloop
  endfacet
  facet normal 0 0 -1
    outer loop
      vertex 59.4177 82.6733 0
      vertex 60 91.25 0
      vertex 60 82.75 0
    endloop
  endfacet
  facet normal 0 0 -1
    outer loop
      vertex 59.4177 82.6733 0
      vertex 59.4177 91.3267 0
      vertex 60 91.25 0
    endloop
  endfacet
  facet normal 0 0 -1
    outer loop
      vertex 58.875 82.4486 0
      vertex 59.4177 91.3267 0
      vertex 59.4177 82.6733 0
    endloop
  endfacet
  facet normal 0 0 -1
    outer loop
      vertex 58.875 82.4486 0
      vertex 58.875 91.5514 0
      vertex 59.4177 91.3267 0
    endloop
  endfacet
  facet normal 0 0 -1
    outer loop
      vertex 58.409 82.091 0
      vertex 58.875 91.5514 0
      vertex 58.875 82.4486 0
    endloop
  endfacet
  facet normal 0 0 -1
    outer loop
      vertex 58.409 82.091 0
      vertex 58.409 91.909 0
      vertex 58.875 91.5514 0
    endloop
  endfacet
  facet normal 0 0 -1
    outer loop
      vertex 45.9486 81.625 0
      vertex 58.0514 81.625 0
      vertex 46.1733 81.0823 0
    endloop
  endfacet
  facet normal 0 0 -1
    outer loop
      vertex 58.0514 81.625 0
      vertex 45.9486 81.625 0
      vertex 58.409 82.091 0
    endloop
  endfacet
  facet normal 0 0 -1
    outer loop
      vertex 46.1733 81.0823 0
      vertex 57.8267 81.0823 0
      vertex 46.25 80.5 0
    endloop
  endfacet
  facet normal 0 0 -1
    outer loop
      vertex 57.8267 81.0823 0
      vertex 46.1733 81.0823 0
      vertex 58.0514 81.625 0
    endloop
  endfacet
  facet normal 0 0 -1
    outer loop
      vertex 46.25 80.5 0
      vertex 57.8267 81.0823 0
      vertex 57.75 80.5 0
    endloop
  endfacet
  facet normal 0 0 -1
    outer loop
      vertex 45.591 82.091 0
      vertex 58.409 82.091 0
      vertex 45.9486 81.625 0
    endloop
  endfacet
  facet normal 0 0 -1
    outer loop
      vertex 54 46 0
      vertex 72 56 0
      vertex 72 46 0
    endloop
  endfacet
  facet normal -0 0 -1
    outer loop
      vertex 72 56 0
      vertex 54 46 0
      vertex 54 56 0
    endloop
  endfacet
  facet normal 0 0 -1
    outer loop
      vertex 84 46 0
      vertex 102 56 0
      vertex 102 46 0
    endloop
  endfacet
  facet normal -0 0 -1
    outer loop
      vertex 102 56 0
      vertex 84 46 0
      vertex 84 56 0
    endloop
  endfacet
  facet normal 0 0 -1
    outer loop
      vertex 102 46 0
      vertex 104 0 0
      vertex 102 26 0
    endloop
  endfacet
  facet normal 0 0 -1
    outer loop
      vertex 104 0 0
      vertex 96.5795 11 0
      vertex 102 26 0
    endloop
  endfacet
  facet normal 0 0 -1
    outer loop
      vertex 104 0 0
      vertex 94.7897 7.90006 0
      vertex 96.5795 11 0
    endloop
  endfacet
  facet normal 0 0 -1
    outer loop
      vertex 104 0 0
      vertex 91.2103 7.90006 0
      vertex 94.7897 7.90006 0
    endloop
  endfacet
  facet normal 0 0 -1
    outer loop
      vertex 72 46 0
      vertex 84 46 0
      vertex 84 26 0
    endloop
  endfacet
  facet normal 0 0 -1
    outer loop
      vertex 84 46 0
      vertex 72 46 0
      vertex 84 56 0
    endloop
  endfacet
  facet normal 0 0 -1
    outer loop
      vertex 72 46 0
      vertex 84 26 0
      vertex 72 26 0
    endloop
  endfacet
  facet normal 0 0 -1
    outer loop
      vertex 89.4205 11 0
      vertex 72 26 0
      vertex 84 26 0
    endloop
  endfacet
  facet normal 0 0 -1
    outer loop
      vertex 44.2897 20.9001 0
      vertex 89.4205 11 0
      vertex 91.2103 7.90006 0
    endloop
  endfacet
  facet normal 0 0 -1
    outer loop
      vertex 89.4205 11 0
      vertex 54 26 0
      vertex 72 26 0
    endloop
  endfacet
  facet normal 0 0 -1
    outer loop
      vertex 12.7897 7.90006 0
      vertex 91.2103 7.90006 0
      vertex 104 0 0
    endloop
  endfacet
  facet normal 0 0 -1
    outer loop
      vertex 44.2897 27.0999 0
      vertex 54 26 0
      vertex 46.0795 24 0
    endloop
  endfacet
  facet normal 0 0 -1
    outer loop
      vertex 54 26 0
      vertex 44.2897 27.0999 0
      vertex 54 46 0
    endloop
  endfacet
  facet normal 0 0 -1
    outer loop
      vertex 54 46 0
      vertex 46.0795 56 0
      vertex 54 56 0
    endloop
  endfacet
  facet normal 0 0 -1
    outer loop
      vertex 54 76 0
      vertex 46.1733 79.9177 0
      vertex 46.25 80.5 0
    endloop
  endfacet
  facet normal 0 0 -1
    outer loop
      vertex 44.2897 59.0999 0
      vertex 54 56 0
      vertex 46.0795 56 0
    endloop
  endfacet
  facet normal 0 0 -1
    outer loop
      vertex 89.4205 11 0
      vertex 44.2897 20.9001 0
      vertex 54 26 0
    endloop
  endfacet
  facet normal 0 0 -1
    outer loop
      vertex 54 26 0
      vertex 44.2897 20.9001 0
      vertex 46.0795 24 0
    endloop
  endfacet
  facet normal 0 0 -1
    outer loop
      vertex 91.2103 7.90006 0
      vertex 12.7897 7.90006 0
      vertex 44.2897 20.9001 0
    endloop
  endfacet
  facet normal 0 0 -1
    outer loop
      vertex 40.7103 20.9001 0
      vertex 24 26 0
      vertex 38.9205 24 0
    endloop
  endfacet
  facet normal -0 0 -1
    outer loop
      vertex 44.2897 20.9001 0
      vertex 12.7897 7.90006 0
      vertex 40.7103 20.9001 0
    endloop
  endfacet
  facet normal 0 0 -1
    outer loop
      vertex 12.7897 14.0999 0
      vertex 24 26 0
      vertex 14.5795 11 0
    endloop
  endfacet
  facet normal 0 0 -1
    outer loop
      vertex 9.21025 14.0999 0
      vertex 24 26 0
      vertex 12.7897 14.0999 0
    endloop
  endfacet
  facet normal 0 0 -1
    outer loop
      vertex 24 46 0
      vertex 14.5795 69 0
      vertex 24 56 0
    endloop
  endfacet
  facet normal -0 0 -1
    outer loop
      vertex 40.7103 20.9001 0
      vertex 14.5795 11 0
      vertex 24 26 0
    endloop
  endfacet
  facet normal 0 0 -1
    outer loop
      vertex 40.7103 20.9001 0
      vertex 12.7897 7.90006 0
      vertex 14.5795 11 0
    endloop
  endfacet
  facet normal 0 0 -1
    outer loop
      vertex 0 0 0
      vertex 12.7897 7.90006 0
      vertex 104 0 0
    endloop
  endfacet
  facet normal -0 0 -1
    outer loop
      vertex 7.4205 11 0
      vertex 0 0 0
      vertex 7.4205 69 0
    endloop
  endfacet
  facet normal -0 0 -1
    outer loop
      vertex 9.21025 7.90006 0
      vertex 0 0 0
      vertex 7.4205 11 0
    endloop
  endfacet
  facet normal -0 0 -1
    outer loop
      vertex 12.7897 7.90006 0
      vertex 0 0 0
      vertex 9.21025 7.90006 0
    endloop
  endfacet
  facet normal 0 0 -1
    outer loop
      vertex 104 0 0
      vertex 102 46 0
      vertex 104 80 0
    endloop
  endfacet
  facet normal 0 0 -1
    outer loop
      vertex 102 56 0
      vertex 104 80 0
      vertex 102 46 0
    endloop
  endfacet
  facet normal 0 0 -1
    outer loop
      vertex 102 76 0
      vertex 104 80 0
      vertex 102 56 0
    endloop
  endfacet
  facet normal 0 0 -1
    outer loop
      vertex 84 76 0
      vertex 104 80 0
      vertex 102 76 0
    endloop
  endfacet
  facet normal 0 0 -1
    outer loop
      vertex 72 56 0
      vertex 84 56 0
      vertex 72 46 0
    endloop
  endfacet
  facet normal 0 0 -1
    outer loop
      vertex 84 56 0
      vertex 72 56 0
      vertex 84 76 0
    endloop
  endfacet
  facet normal 0 0 -1
    outer loop
      vertex 72 76 0
      vertex 84 76 0
      vertex 72 56 0
    endloop
  endfacet
  facet normal 0 0 -1
    outer loop
      vertex 66 80 0
      vertex 84 76 0
      vertex 72 76 0
    endloop
  endfacet
  facet normal 0 0 -1
    outer loop
      vertex 84 76 0
      vertex 66 80 0
      vertex 104 80 0
    endloop
  endfacet
  facet normal 0 0 -1
    outer loop
      vertex 62.1733 81.0823 0
      vertex 66 80 0
      vertex 62.25 80.5 0
    endloop
  endfacet
  facet normal 0 0 -1
    outer loop
      vertex 61.125 78.5514 0
      vertex 66 80 0
      vertex 72 76 0
    endloop
  endfacet
  facet normal -0 0 -1
    outer loop
      vertex 66 80 0
      vertex 62.1733 79.9177 0
      vertex 62.25 80.5 0
    endloop
  endfacet
  facet normal 0 0 -1
    outer loop
      vertex 66 80 0
      vertex 61.9486 79.375 0
      vertex 62.1733 79.9177 0
    endloop
  endfacet
  facet normal 0 0 -1
    outer loop
      vertex 66 80 0
      vertex 61.591 78.909 0
      vertex 61.9486 79.375 0
    endloop
  endfacet
  facet normal 0 0 -1
    outer loop
      vertex 66 80 0
      vertex 61.125 78.5514 0
      vertex 61.591 78.909 0
    endloop
  endfacet
  facet normal 0 0 -1
    outer loop
      vertex 72 76 0
      vertex 60.5823 78.3267 0
      vertex 61.125 78.5514 0
    endloop
  endfacet
  facet normal 0 0 -1
    outer loop
      vertex 54 76 0
      vertex 60.5823 78.3267 0
      vertex 72 76 0
    endloop
  endfacet
  facet normal 0 0 -1
    outer loop
      vertex 60.5823 78.3267 0
      vertex 54 76 0
      vertex 60 78.25 0
    endloop
  endfacet
  facet normal 0 0 -1
    outer loop
      vertex 46.25 80.5 0
      vertex 57.75 80.5 0
      vertex 54 76 0
    endloop
  endfacet
  facet normal -0 0 -1
    outer loop
      vertex 57.8267 79.9177 0
      vertex 54 76 0
      vertex 57.75 80.5 0
    endloop
  endfacet
  facet normal -0 0 -1
    outer loop
      vertex 58.0514 79.375 0
      vertex 54 76 0
      vertex 57.8267 79.9177 0
    endloop
  endfacet
  facet normal -0 0 -1
    outer loop
      vertex 58.409 78.909 0
      vertex 54 76 0
      vertex 58.0514 79.375 0
    endloop
  endfacet
  facet normal -0 0 -1
    outer loop
      vertex 58.875 78.5514 0
      vertex 54 76 0
      vertex 58.409 78.909 0
    endloop
  endfacet
  facet normal -0 0 -1
    outer loop
      vertex 59.4177 78.3267 0
      vertex 54 76 0
      vertex 58.875 78.5514 0
    endloop
  endfacet
  facet normal -0 0 -1
    outer loop
      vertex 60 78.25 0
      vertex 54 76 0
      vertex 59.4177 78.3267 0
    endloop
  endfacet
  facet normal 0 0 -1
    outer loop
      vertex 94.7897 14.0999 0
      vertex 102 26 0
      vertex 96.5795 11 0
    endloop
  endfacet
  facet normal 0 0 -1
    outer loop
      vertex 91.2103 14.0999 0
      vertex 102 26 0
      vertex 94.7897 14.0999 0
    endloop
  endfacet
  facet normal 0 0 -1
    outer loop
      vertex 91.2103 14.0999 0
      vertex 84 26 0
      vertex 102 26 0
    endloop
  endfacet
  facet normal 0 0 -1
    outer loop
      vertex 84 26 0
      vertex 91.2103 14.0999 0
      vertex 89.4205 11 0
    endloop
  endfacet
  facet normal 0 0 -1
    outer loop
      vertex 66 80 0
      vertex 62.25 93.5 0
      vertex 66 95 0
    endloop
  endfacet
  facet normal 0 0 -1
    outer loop
      vertex 62.1733 94.0823 0
      vertex 66 95 0
      vertex 62.25 93.5 0
    endloop
  endfacet
  facet normal 0 0 -1
    outer loop
      vertex 61.9486 94.625 0
      vertex 66 95 0
      vertex 62.1733 94.0823 0
    endloop
  endfacet
  facet normal -0 0 -1
    outer loop
      vertex 66 95 0
      vertex 61.9486 94.625 0
      vertex 61.6608 95 0
    endloop
  endfacet
  facet normal 0 0 -1
    outer loop
      vertex 58.0514 92.375 0
      vertex 46.25 93.5 0
      vertex 57.8267 92.9177 0
    endloop
  endfacet
  facet normal 0 0 -1
    outer loop
      vertex 57.8267 92.9177 0
      vertex 46.25 93.5 0
      vertex 57.75 93.5 0
    endloop
  endfacet
  facet normal 0 0 -1
    outer loop
      vertex 57.75 93.5 0
      vertex 46.25 93.5 0
      vertex 57.8267 94.0823 0
    endloop
  endfacet
  facet normal 0 0 -1
    outer loop
      vertex 46.1733 94.0823 0
      vertex 57.8267 94.0823 0
      vertex 46.25 93.5 0
    endloop
  endfacet
  facet normal 0 0 -1
    outer loop
      vertex 57.8267 94.0823 0
      vertex 46.1733 94.0823 0
      vertex 58.0514 94.625 0
    endloop
  endfacet
  facet normal 0 0 -1
    outer loop
      vertex 45.9486 94.625 0
      vertex 58.0514 94.625 0
      vertex 46.1733 94.0823 0
    endloop
  endfacet
  facet normal 0 0 -1
    outer loop
      vertex 58.0514 94.625 0
      vertex 45.9486 94.625 0
      vertex 58.3392 95 0
    endloop
  endfacet
  facet normal -0 0 -1
    outer loop
      vertex 58.3392 95 0
      vertex 45.9486 94.625 0
      vertex 45.6608 95 0
    endloop
  endfacet
  facet normal 0 0 -1
    outer loop
      vertex 41.8267 92.9177 0
      vertex 38 95 0
      vertex 41.75 93.5 0
    endloop
  endfacet
  facet normal 0 0 -1
    outer loop
      vertex 42.0514 94.625 0
      vertex 38 95 0
      vertex 42.3392 95 0
    endloop
  endfacet
  facet normal 0 0 -1
    outer loop
      vertex 41.8267 94.0823 0
      vertex 38 95 0
      vertex 42.0514 94.625 0
    endloop
  endfacet
  facet normal 0 0 -1
    outer loop
      vertex 41.75 93.5 0
      vertex 38 95 0
      vertex 41.8267 94.0823 0
    endloop
  endfacet
  facet normal -0 0 -1
    outer loop
      vertex 40.0752 26 0
      vertex 38.9205 24 0
      vertex 24 26 0
    endloop
  endfacet
  facet normal -1 0 0
    outer loop
      vertex 0 0 0
      vertex 0 80 5
      vertex 0 80 0
    endloop
  endfacet
  facet normal -1 -0 0
    outer loop
      vertex 0 80 5
      vertex 0 0 0
      vertex 0 0 5
    endloop
  endfacet
  facet normal 0 1 -0
    outer loop
      vertex 38 80 0
      vertex 0 80 5
      vertex 38 80 5
    endloop
  endfacet
  facet normal 0 1 0
    outer loop
      vertex 0 80 5
      vertex 38 80 0
      vertex 0 80 0
    endloop
  endfacet
  facet normal 0 1 -0
    outer loop
      vertex 104 80 0
      vertex 66 80 5
      vertex 104 80 5
    endloop
  endfacet
  facet normal 0 1 0
    outer loop
      vertex 66 80 5
      vertex 104 80 0
      vertex 66 80 0
    endloop
  endfacet
  facet normal 0 -1 0
    outer loop
      vertex 0 0 0
      vertex 104 0 5
      vertex 0 0 5
    endloop
  endfacet
  facet normal 0 -1 -0
    outer loop
      vertex 104 0 5
      vertex 0 0 0
      vertex 104 0 0
    endloop
  endfacet
  facet normal 1 -0 0
    outer loop
      vertex 66 80 5
      vertex 66 95 0
      vertex 66 95 5
    endloop
  endfacet
  facet normal 1 0 0
    outer loop
      vertex 66 95 0
      vertex 66 80 5
      vertex 66 80 0
    endloop
  endfacet
  facet normal -1 0 0
    outer loop
      vertex 38 80 0
      vertex 38 95 5
      vertex 38 95 0
    endloop
  endfacet
  facet normal -1 -0 0
    outer loop
      vertex 38 95 5
      vertex 38 80 0
      vertex 38 80 5
    endloop
  endfacet
  facet normal 0 1 -0
    outer loop
      vertex 42.3392 95 0
      vertex 38 95 5
      vertex 42.3392 95 5
    endloop
  endfacet
  facet normal 0 1 0
    outer loop
      vertex 38 95 5
      vertex 42.3392 95 0
      vertex 38 95 0
    endloop
  endfacet
  facet normal 0 1 -0
    outer loop
      vertex 66 95 0
      vertex 61.6608 95 5
      vertex 66 95 5
    endloop
  endfacet
  facet normal 0 1 0
    outer loop
      vertex 61.6608 95 5
      vertex 66 95 0
      vertex 61.6608 95 0
    endloop
  endfacet
  facet normal 0 1 -0
    outer loop
      vertex 58.3392 95 0
      vertex 45.6608 95 5
      vertex 58.3392 95 5
    endloop
  endfacet
  facet normal 0 1 0
    outer loop
      vertex 45.6608 95 5
      vertex 58.3392 95 0
      vertex 45.6608 95 0
    endloop
  endfacet
  facet normal -1 0 0
    outer loop
      vertex 42 27.0999 2.8
      vertex 42 46 0
      vertex 42 27.0999 0
    endloop
  endfacet
  facet normal -1 0 0
    outer loop
      vertex 42 46 0
      vertex 42 27.0999 2.8
      vertex 42 46 5
    endloop
  endfacet
  facet normal -1 0 0
    outer loop
      vertex 42 26 5
      vertex 42 27.0999 2.8
      vertex 42 26 2.8
    endloop
  endfacet
  facet normal -1 0 0
    outer loop
      vertex 42 27.0999 2.8
      vertex 42 26 5
      vertex 42 46 5
    endloop
  endfacet
  facet normal 1 -0 0
    outer loop
      vertex 24 26 5
      vertex 24 46 0
      vertex 24 46 5
    endloop
  endfacet
  facet normal 1 0 0
    outer loop
      vertex 24 46 0
      vertex 24 26 5
      vertex 24 26 0
    endloop
  endfacet
  facet normal 0 -1 0
    outer loop
      vertex 24 46 0
      vertex 42 46 5
      vertex 24 46 5
    endloop
  endfacet
  facet normal 0 -1 -0
    outer loop
      vertex 42 46 5
      vertex 24 46 0
      vertex 42 46 0
    endloop
  endfacet
  facet normal 0 1 0
    outer loop
      vertex 40.0752 26 2.8
      vertex 42 26 5
      vertex 42 26 2.8
    endloop
  endfacet
  facet normal 0 1 0
    outer loop
      vertex 42 26 5
      vertex 40.0752 26 2.8
      vertex 24 26 5
    endloop
  endfacet
  facet normal 0 1 0
    outer loop
      vertex 24 26 0
      vertex 40.0752 26 2.8
      vertex 40.0752 26 0
    endloop
  endfacet
  facet normal 0 1 0
    outer loop
      vertex 40.0752 26 2.8
      vertex 24 26 0
      vertex 24 26 5
    endloop
  endfacet
  facet normal -1 0 0
    outer loop
      vertex 42 59.0999 2.8
      vertex 42 76 0
      vertex 42 59.0999 0
    endloop
  endfacet
  facet normal -1 0 0
    outer loop
      vertex 42 76 0
      vertex 42 59.0999 2.8
      vertex 42 76 5
    endloop
  endfacet
  facet normal -1 0 0
    outer loop
      vertex 42 57.6217 5
      vertex 42 59.0999 2.8
      vertex 42 57.6217 2.8
    endloop
  endfacet
  facet normal -1 0 0
    outer loop
      vertex 42 59.0999 2.8
      vertex 42 57.6217 5
      vertex 42 76 5
    endloop
  endfacet
  facet normal 1 -0 0
    outer loop
      vertex 24 56 5
      vertex 24 76 0
      vertex 24 76 5
    endloop
  endfacet
  facet normal 1 0 0
    outer loop
      vertex 24 76 0
      vertex 24 56 5
      vertex 24 56 0
    endloop
  endfacet
  facet normal 0 -1 0
    outer loop
      vertex 24 76 0
      vertex 42 76 5
      vertex 24 76 5
    endloop
  endfacet
  facet normal 0 -1 -0
    outer loop
      vertex 42 76 5
      vertex 24 76 0
      vertex 42 76 0
    endloop
  endfacet
  facet normal 0 1 0
    outer loop
      vertex 38.9205 56 2.8
      vertex 40.8 56 5
      vertex 40.8 56 2.8
    endloop
  endfacet
  facet normal 0 1 0
    outer loop
      vertex 40.8 56 5
      vertex 38.9205 56 2.8
      vertex 24 56 5
    endloop
  endfacet
  facet normal 0 1 0
    outer loop
      vertex 24 56 0
      vertex 38.9205 56 2.8
      vertex 38.9205 56 0
    endloop
  endfacet
  facet normal 0 1 0
    outer loop
      vertex 38.9205 56 2.8
      vertex 24 56 0
      vertex 24 56 5
    endloop
  endfacet
  facet normal -1 0 0
    outer loop
      vertex 72 26 0
      vertex 72 46 5
      vertex 72 46 0
    endloop
  endfacet
  facet normal -1 -0 0
    outer loop
      vertex 72 46 5
      vertex 72 26 0
      vertex 72 26 5
    endloop
  endfacet
  facet normal 1 -0 0
    outer loop
      vertex 54 26 5
      vertex 54 46 0
      vertex 54 46 5
    endloop
  endfacet
  facet normal 1 0 0
    outer loop
      vertex 54 46 0
      vertex 54 26 5
      vertex 54 26 0
    endloop
  endfacet
  facet normal 0 -1 0
    outer loop
      vertex 54 46 0
      vertex 72 46 5
      vertex 54 46 5
    endloop
  endfacet
  facet normal 0 -1 -0
    outer loop
      vertex 72 46 5
      vertex 54 46 0
      vertex 72 46 0
    endloop
  endfacet
  facet normal 0 1 -0
    outer loop
      vertex 72 26 0
      vertex 54 26 5
      vertex 72 26 5
    endloop
  endfacet
  facet normal 0 1 0
    outer loop
      vertex 54 26 5
      vertex 72 26 0
      vertex 54 26 0
    endloop
  endfacet
  facet normal -1 0 0
    outer loop
      vertex 72 56 0
      vertex 72 76 5
      vertex 72 76 0
    endloop
  endfacet
  facet normal -1 -0 0
    outer loop
      vertex 72 76 5
      vertex 72 56 0
      vertex 72 56 5
    endloop
  endfacet
  facet normal 1 -0 0
    outer loop
      vertex 54 56 5
      vertex 54 76 0
      vertex 54 76 5
    endloop
  endfacet
  facet normal 1 0 0
    outer loop
      vertex 54 76 0
      vertex 54 56 5
      vertex 54 56 0
    endloop
  endfacet
  facet normal 0 -1 0
    outer loop
      vertex 54 76 0
      vertex 72 76 5
      vertex 54 76 5
    endloop
  endfacet
  facet normal 0 -1 -0
    outer loop
      vertex 72 76 5
      vertex 54 76 0
      vertex 72 76 0
    endloop
  endfacet
  facet normal 0 1 -0
    outer loop
      vertex 72 56 0
      vertex 54 56 5
      vertex 72 56 5
    endloop
  endfacet
  facet normal 0 1 0
    outer loop
      vertex 54 56 5
      vertex 72 56 0
      vertex 54 56 0
    endloop
  endfacet
  facet normal -1 0 0
    outer loop
      vertex 102 26 0
      vertex 102 46 5
      vertex 102 46 0
    endloop
  endfacet
  facet normal -1 -0 0
    outer loop
      vertex 102 46 5
      vertex 102 26 0
      vertex 102 26 5
    endloop
  endfacet
  facet normal 1 -0 0
    outer loop
      vertex 84 26 5
      vertex 84 46 0
      vertex 84 46 5
    endloop
  endfacet
  facet normal 1 0 0
    outer loop
      vertex 84 46 0
      vertex 84 26 5
      vertex 84 26 0
    endloop
  endfacet
  facet normal 0 -1 0
    outer loop
      vertex 84 46 0
      vertex 102 46 5
      vertex 84 46 5
    endloop
  endfacet
  facet normal 0 -1 -0
    outer loop
      vertex 102 46 5
      vertex 84 46 0
      vertex 102 46 0
    endloop
  endfacet
  facet normal 0 1 -0
    outer loop
      vertex 102 26 0
      vertex 84 26 5
      vertex 102 26 5
    endloop
  endfacet
  facet normal 0 1 0
    outer loop
      vertex 84 26 5
      vertex 102 26 0
      vertex 84 26 0
    endloop
  endfacet
  facet normal -1 0 0
    outer loop
      vertex 102 56 0
      vertex 102 76 5
      vertex 102 76 0
    endloop
  endfacet
  facet normal -1 -0 0
    outer loop
      vertex 102 76 5
      vertex 102 56 0
      vertex 102 56 5
    endloop
  endfacet
  facet normal 1 -0 0
    outer loop
      vertex 84 56 5
      vertex 84 76 0
      vertex 84 76 5
    endloop
  endfacet
  facet normal 1 0 0
    outer loop
      vertex 84 76 0
      vertex 84 56 5
      vertex 84 56 0
    endloop
  endfacet
  facet normal 0 -1 0
    outer loop
      vertex 84 76 0
      vertex 102 76 5
      vertex 84 76 5
    endloop
  endfacet
  facet normal 0 -1 -0
    outer loop
      vertex 102 76 5
      vertex 84 76 0
      vertex 102 76 0
    endloop
  endfacet
  facet normal 0 1 -0
    outer loop
      vertex 102 56 0
      vertex 84 56 5
      vertex 102 56 5
    endloop
  endfacet
  facet normal 0 1 0
    outer loop
      vertex 84 56 5
      vertex 102 56 0
      vertex 84 56 0
    endloop
  endfacet
  facet normal 0 -1 0
    outer loop
      vertex 9.21025 14.0999 0
      vertex 12.7897 14.0999 2.8
      vertex 9.21025 14.0999 2.8
    endloop
  endfacet
  facet normal 0 -1 -0
    outer loop
      vertex 12.7897 14.0999 2.8
      vertex 9.21025 14.0999 0
      vertex 12.7897 14.0999 0
    endloop
  endfacet
  facet normal -0.866017 -0.500015 0
    outer loop
      vertex 14.5795 11 0
      vertex 12.7897 14.0999 2.8
      vertex 12.7897 14.0999 0
    endloop
  endfacet
  facet normal -0.866017 -0.500015 0
    outer loop
      vertex 12.7897 14.0999 2.8
      vertex 14.5795 11 0
      vertex 14.5795 11 2.8
    endloop
  endfacet
  facet normal 0.866023 -0.500005 0
    outer loop
      vertex 7.4205 11 2.8
      vertex 9.21025 14.0999 0
      vertex 9.21025 14.0999 2.8
    endloop
  endfacet
  facet normal 0.866023 -0.500005 0
    outer loop
      vertex 9.21025 14.0999 0
      vertex 7.4205 11 2.8
      vertex 7.4205 11 0
    endloop
  endfacet
  facet normal 0.866026 0.5 0
    outer loop
      vertex 9.21025 7.90006 2.8
      vertex 7.4205 11 0
      vertex 7.4205 11 2.8
    endloop
  endfacet
  facet normal 0.866026 0.5 0
    outer loop
      vertex 7.4205 11 0
      vertex 9.21025 7.90006 2.8
      vertex 9.21025 7.90006 0
    endloop
  endfacet
  facet normal 0 0 -1
    outer loop
      vertex 12.4722 10.15 2.8
      vertex 14.5795 11 2.8
      vertex 12.7897 7.90006 2.8
    endloop
  endfacet
  facet normal 0 0 -1
    outer loop
      vertex 12.6855 11.2219 2.8
      vertex 14.5795 11 2.8
      vertex 12.7 11 2.8
    endloop
  endfacet
  facet normal -0 0 -1
    outer loop
      vertex 14.5795 11 2.8
      vertex 12.6855 10.7781 2.8
      vertex 12.7 11 2.8
    endloop
  endfacet
  facet normal 0 0 -1
    outer loop
      vertex 14.5795 11 2.8
      vertex 12.6421 10.56 2.8
      vertex 12.6855 10.7781 2.8
    endloop
  endfacet
  facet normal 0 0 -1
    outer loop
      vertex 14.5795 11 2.8
      vertex 12.5706 10.3494 2.8
      vertex 12.6421 10.56 2.8
    endloop
  endfacet
  facet normal 0 0 -1
    outer loop
      vertex 14.5795 11 2.8
      vertex 12.4722 10.15 2.8
      vertex 12.5706 10.3494 2.8
    endloop
  endfacet
  facet normal 0 0 -1
    outer loop
      vertex 12.7897 7.90006 2.8
      vertex 12.3487 9.96511 2.8
      vertex 12.4722 10.15 2.8
    endloop
  endfacet
  facet normal 0 0 -1
    outer loop
      vertex 12.7897 7.90006 2.8
      vertex 12.2021 9.79792 2.8
      vertex 12.3487 9.96511 2.8
    endloop
  endfacet
  facet normal 0 0 -1
    outer loop
      vertex 12.7897 7.90006 2.8
      vertex 12.0349 9.6513 2.8
      vertex 12.2021 9.79792 2.8
    endloop
  endfacet
  facet normal 0 0 -1
    outer loop
      vertex 12.7897 7.90006 2.8
      vertex 11.85 9.52776 2.8
      vertex 12.0349 9.6513 2.8
    endloop
  endfacet
  facet normal 0 0 -1
    outer loop
      vertex 12.7897 7.90006 2.8
      vertex 11.6506 9.4294 2.8
      vertex 11.85 9.52776 2.8
    endloop
  endfacet
  facet normal 0 0 -1
    outer loop
      vertex 12.7897 7.90006 2.8
      vertex 11.44 9.35793 2.8
      vertex 11.6506 9.4294 2.8
    endloop
  endfacet
  facet normal 0 0 -1
    outer loop
      vertex 12.7897 7.90006 2.8
      vertex 11.2219 9.31454 2.8
      vertex 11.44 9.35793 2.8
    endloop
  endfacet
  facet normal 0 0 -1
    outer loop
      vertex 12.7897 7.90006 2.8
      vertex 11 9.3 2.8
      vertex 11.2219 9.31454 2.8
    endloop
  endfacet
  facet normal 0 0 -1
    outer loop
      vertex 9.21025 7.90006 2.8
      vertex 11 9.3 2.8
      vertex 12.7897 7.90006 2.8
    endloop
  endfacet
  facet normal -0 0 -1
    outer loop
      vertex 11 9.3 2.8
      vertex 9.21025 7.90006 2.8
      vertex 10.7781 9.31454 2.8
    endloop
  endfacet
  facet normal -0 0 -1
    outer loop
      vertex 10.7781 9.31454 2.8
      vertex 9.21025 7.90006 2.8
      vertex 10.56 9.35793 2.8
    endloop
  endfacet
  facet normal -0 0 -1
    outer loop
      vertex 10.56 9.35793 2.8
      vertex 9.21025 7.90006 2.8
      vertex 10.3494 9.4294 2.8
    endloop
  endfacet
  facet normal 0 0 -1
    outer loop
      vertex 9.35793 10.56 2.8
      vertex 7.4205 11 2.8
      vertex 9.31454 10.7781 2.8
    endloop
  endfacet
  facet normal 0 0 -1
    outer loop
      vertex 9.4294 10.3494 2.8
      vertex 7.4205 11 2.8
      vertex 9.35793 10.56 2.8
    endloop
  endfacet
  facet normal 0 0 -1
    outer loop
      vertex 9.52776 10.15 2.8
      vertex 7.4205 11 2.8
      vertex 9.4294 10.3494 2.8
    endloop
  endfacet
  facet normal 0 0 -1
    outer loop
      vertex 7.4205 11 2.8
      vertex 9.52776 10.15 2.8
      vertex 9.21025 7.90006 2.8
    endloop
  endfacet
  facet normal -0 0 -1
    outer loop
      vertex 9.6513 9.96511 2.8
      vertex 9.21025 7.90006 2.8
      vertex 9.52776 10.15 2.8
    endloop
  endfacet
  facet normal -0 0 -1
    outer loop
      vertex 9.79792 9.79792 2.8
      vertex 9.21025 7.90006 2.8
      vertex 9.6513 9.96511 2.8
    endloop
  endfacet
  facet normal -0 0 -1
    outer loop
      vertex 9.96511 9.6513 2.8
      vertex 9.21025 7.90006 2.8
      vertex 9.79792 9.79792 2.8
    endloop
  endfacet
  facet normal -0 0 -1
    outer loop
      vertex 10.15 9.52776 2.8
      vertex 9.21025 7.90006 2.8
      vertex 9.96511 9.6513 2.8
    endloop
  endfacet
  facet normal -0 0 -1
    outer loop
      vertex 10.3494 9.4294 2.8
      vertex 9.21025 7.90006 2.8
      vertex 10.15 9.52776 2.8
    endloop
  endfacet
  facet normal 0 0 -1
    outer loop
      vertex 12.6421 11.44 2.8
      vertex 14.5795 11 2.8
      vertex 12.6855 11.2219 2.8
    endloop
  endfacet
  facet normal 0 0 -1
    outer loop
      vertex 12.5706 11.6506 2.8
      vertex 14.5795 11 2.8
      vertex 12.6421 11.44 2.8
    endloop
  endfacet
  facet normal 0 0 -1
    outer loop
      vertex 12.4722 11.85 2.8
      vertex 14.5795 11 2.8
      vertex 12.5706 11.6506 2.8
    endloop
  endfacet
  facet normal 0 0 -1
    outer loop
      vertex 14.5795 11 2.8
      vertex 12.4722 11.85 2.8
      vertex 12.7897 14.0999 2.8
    endloop
  endfacet
  facet normal 0 0 -1
    outer loop
      vertex 12.3487 12.0349 2.8
      vertex 12.7897 14.0999 2.8
      vertex 12.4722 11.85 2.8
    endloop
  endfacet
  facet normal 0 0 -1
    outer loop
      vertex 12.2021 12.2021 2.8
      vertex 12.7897 14.0999 2.8
      vertex 12.3487 12.0349 2.8
    endloop
  endfacet
  facet normal 0 0 -1
    outer loop
      vertex 12.0349 12.3487 2.8
      vertex 12.7897 14.0999 2.8
      vertex 12.2021 12.2021 2.8
    endloop
  endfacet
  facet normal 0 0 -1
    outer loop
      vertex 11.85 12.4722 2.8
      vertex 12.7897 14.0999 2.8
      vertex 12.0349 12.3487 2.8
    endloop
  endfacet
  facet normal 0 0 -1
    outer loop
      vertex 11.6506 12.5706 2.8
      vertex 12.7897 14.0999 2.8
      vertex 11.85 12.4722 2.8
    endloop
  endfacet
  facet normal 0 0 -1
    outer loop
      vertex 11.44 12.6421 2.8
      vertex 12.7897 14.0999 2.8
      vertex 11.6506 12.5706 2.8
    endloop
  endfacet
  facet normal 0 0 -1
    outer loop
      vertex 11.2219 12.6855 2.8
      vertex 12.7897 14.0999 2.8
      vertex 11.44 12.6421 2.8
    endloop
  endfacet
  facet normal 0 0 -1
    outer loop
      vertex 11 12.7 2.8
      vertex 12.7897 14.0999 2.8
      vertex 11.2219 12.6855 2.8
    endloop
  endfacet
  facet normal 0 0 -1
    outer loop
      vertex 9.21025 14.0999 2.8
      vertex 11 12.7 2.8
      vertex 10.7781 12.6855 2.8
    endloop
  endfacet
  facet normal 0 0 -1
    outer loop
      vertex 9.21025 14.0999 2.8
      vertex 10.7781 12.6855 2.8
      vertex 10.56 12.6421 2.8
    endloop
  endfacet
  facet normal 0 0 -1
    outer loop
      vertex 9.21025 14.0999 2.8
      vertex 10.56 12.6421 2.8
      vertex 10.3494 12.5706 2.8
    endloop
  endfacet
  facet normal 0 0 -1
    outer loop
      vertex 9.21025 14.0999 2.8
      vertex 10.3494 12.5706 2.8
      vertex 10.15 12.4722 2.8
    endloop
  endfacet
  facet normal 0 0 -1
    outer loop
      vertex 11 12.7 2.8
      vertex 9.21025 14.0999 2.8
      vertex 12.7897 14.0999 2.8
    endloop
  endfacet
  facet normal 0 0 -1
    outer loop
      vertex 9.96511 12.3487 2.8
      vertex 9.21025 14.0999 2.8
      vertex 10.15 12.4722 2.8
    endloop
  endfacet
  facet normal 0 0 -1
    outer loop
      vertex 9.79792 12.2021 2.8
      vertex 9.21025 14.0999 2.8
      vertex 9.96511 12.3487 2.8
    endloop
  endfacet
  facet normal 0 0 -1
    outer loop
      vertex 9.6513 12.0349 2.8
      vertex 9.21025 14.0999 2.8
      vertex 9.79792 12.2021 2.8
    endloop
  endfacet
  facet normal 0 0 -1
    outer loop
      vertex 9.52776 11.85 2.8
      vertex 9.21025 14.0999 2.8
      vertex 9.6513 12.0349 2.8
    endloop
  endfacet
  facet normal 0 0 -1
    outer loop
      vertex 7.4205 11 2.8
      vertex 9.52776 11.85 2.8
      vertex 9.4294 11.6506 2.8
    endloop
  endfacet
  facet normal 0 0 -1
    outer loop
      vertex 7.4205 11 2.8
      vertex 9.4294 11.6506 2.8
      vertex 9.35793 11.44 2.8
    endloop
  endfacet
  facet normal 0 0 -1
    outer loop
      vertex 7.4205 11 2.8
      vertex 9.35793 11.44 2.8
      vertex 9.31454 11.2219 2.8
    endloop
  endfacet
  facet normal 0 0 -1
    outer loop
      vertex 7.4205 11 2.8
      vertex 9.31454 11.2219 2.8
      vertex 9.3 11 2.8
    endloop
  endfacet
  facet normal 0 0 -1
    outer loop
      vertex 9.31454 10.7781 2.8
      vertex 7.4205 11 2.8
      vertex 9.3 11 2.8
    endloop
  endfacet
  facet normal -0 0 -1
    outer loop
      vertex 9.52776 11.85 2.8
      vertex 7.4205 11 2.8
      vertex 9.21025 14.0999 2.8
    endloop
  endfacet
  facet normal -0.866019 0.50001 0
    outer loop
      vertex 12.7897 7.90006 0
      vertex 14.5795 11 2.8
      vertex 14.5795 11 0
    endloop
  endfacet
  facet normal -0.866019 0.50001 0
    outer loop
      vertex 14.5795 11 2.8
      vertex 12.7897 7.90006 0
      vertex 12.7897 7.90006 2.8
    endloop
  endfacet
  facet normal 0 1 -0
    outer loop
      vertex 12.7897 7.90006 0
      vertex 9.21025 7.90006 2.8
      vertex 12.7897 7.90006 2.8
    endloop
  endfacet
  facet normal 0 1 0
    outer loop
      vertex 9.21025 7.90006 2.8
      vertex 12.7897 7.90006 0
      vertex 9.21025 7.90006 0
    endloop
  endfacet
  facet normal -0.98077 -0.195165 0
    outer loop
      vertex 12.6855 11.2219 2.8
      vertex 12.6421 11.44 5
      vertex 12.6421 11.44 2.8
    endloop
  endfacet
  facet normal -0.98077 -0.195165 0
    outer loop
      vertex 12.6421 11.44 5
      vertex 12.6855 11.2219 2.8
      vertex 12.6855 11.2219 5
    endloop
  endfacet
  facet normal -0.997872 -0.0652057 0
    outer loop
      vertex 12.7 11 2.8
      vertex 12.6855 11.2219 5
      vertex 12.6855 11.2219 2.8
    endloop
  endfacet
  facet normal -0.997872 -0.0652057 0
    outer loop
      vertex 12.6855 11.2219 5
      vertex 12.7 11 2.8
      vertex 12.7 11 5
    endloop
  endfacet
  facet normal 0.44253 -0.896754 0
    outer loop
      vertex 10.15 12.4722 2.8
      vertex 10.3494 12.5706 5
      vertex 10.15 12.4722 5
    endloop
  endfacet
  facet normal 0.44253 -0.896754 0
    outer loop
      vertex 10.3494 12.5706 5
      vertex 10.15 12.4722 2.8
      vertex 10.3494 12.5706 2.8
    endloop
  endfacet
  facet normal -0.555426 -0.831566 0
    outer loop
      vertex 11.85 12.4722 2.8
      vertex 12.0349 12.3487 5
      vertex 11.85 12.4722 5
    endloop
  endfacet
  facet normal -0.555426 -0.831566 -0
    outer loop
      vertex 12.0349 12.3487 5
      vertex 11.85 12.4722 2.8
      vertex 12.0349 12.3487 2.8
    endloop
  endfacet
  facet normal 0.659291 -0.751888 0
    outer loop
      vertex 9.79792 12.2021 2.8
      vertex 9.96511 12.3487 5
      vertex 9.79792 12.2021 5
    endloop
  endfacet
  facet normal 0.659291 -0.751888 0
    outer loop
      vertex 9.96511 12.3487 5
      vertex 9.79792 12.2021 2.8
      vertex 9.96511 12.3487 2.8
    endloop
  endfacet
  facet normal -0.321363 0.946956 0
    outer loop
      vertex 11.6506 9.4294 2.8
      vertex 11.44 9.35793 5
      vertex 11.6506 9.4294 5
    endloop
  endfacet
  facet normal -0.321363 0.946956 0
    outer loop
      vertex 11.44 9.35793 5
      vertex 11.6506 9.4294 2.8
      vertex 11.44 9.35793 2.8
    endloop
  endfacet
  facet normal -0.946915 0.321484 0
    outer loop
      vertex 12.5706 10.3494 2.8
      vertex 12.6421 10.56 5
      vertex 12.6421 10.56 2.8
    endloop
  endfacet
  facet normal -0.946915 0.321484 0
    outer loop
      vertex 12.6421 10.56 5
      vertex 12.5706 10.3494 2.8
      vertex 12.5706 10.3494 5
    endloop
  endfacet
  facet normal -0.321484 -0.946915 0
    outer loop
      vertex 11.44 12.6421 2.8
      vertex 11.6506 12.5706 5
      vertex 11.44 12.6421 5
    endloop
  endfacet
  facet normal -0.321484 -0.946915 -0
    outer loop
      vertex 11.6506 12.5706 5
      vertex 11.44 12.6421 2.8
      vertex 11.6506 12.5706 2.8
    endloop
  endfacet
  facet normal 0.555447 -0.831552 0
    outer loop
      vertex 9.96511 12.3487 2.8
      vertex 10.15 12.4722 5
      vertex 9.96511 12.3487 5
    endloop
  endfacet
  facet normal 0.555447 -0.831552 0
    outer loop
      vertex 10.15 12.4722 5
      vertex 9.96511 12.3487 2.8
      vertex 10.15 12.4722 2.8
    endloop
  endfacet
  facet normal -0.896754 0.44253 0
    outer loop
      vertex 12.4722 10.15 2.8
      vertex 12.5706 10.3494 5
      vertex 12.5706 10.3494 2.8
    endloop
  endfacet
  facet normal -0.896754 0.44253 0
    outer loop
      vertex 12.5706 10.3494 5
      vertex 12.4722 10.15 2.8
      vertex 12.4722 10.15 5
    endloop
  endfacet
  facet normal -0.659268 -0.751908 0
    outer loop
      vertex 12.0349 12.3487 2.8
      vertex 12.2021 12.2021 5
      vertex 12.0349 12.3487 5
    endloop
  endfacet
  facet normal -0.659268 -0.751908 -0
    outer loop
      vertex 12.2021 12.2021 5
      vertex 12.0349 12.3487 2.8
      vertex 12.2021 12.2021 2.8
    endloop
  endfacet
  facet normal -0.555551 0.831483 0
    outer loop
      vertex 12.0349 9.6513 2.8
      vertex 11.85 9.52776 5
      vertex 12.0349 9.6513 5
    endloop
  endfacet
  facet normal -0.555551 0.831483 0
    outer loop
      vertex 11.85 9.52776 5
      vertex 12.0349 9.6513 2.8
      vertex 11.85 9.52776 2.8
    endloop
  endfacet
  facet normal -0.44253 -0.896754 0
    outer loop
      vertex 11.6506 12.5706 2.8
      vertex 11.85 12.4722 5
      vertex 11.6506 12.5706 5
    endloop
  endfacet
  facet normal -0.44253 -0.896754 -0
    outer loop
      vertex 11.85 12.4722 5
      vertex 11.6506 12.5706 2.8
      vertex 11.85 12.4722 2.8
    endloop
  endfacet
  facet normal 0.659342 0.751844 -0
    outer loop
      vertex 9.96511 9.6513 2.8
      vertex 9.79792 9.79792 5
      vertex 9.96511 9.6513 5
    endloop
  endfacet
  facet normal 0.659342 0.751844 0
    outer loop
      vertex 9.79792 9.79792 5
      vertex 9.96511 9.6513 2.8
      vertex 9.79792 9.79792 2.8
    endloop
  endfacet
  facet normal 0.751844 0.659342 0
    outer loop
      vertex 9.79792 9.79792 5
      vertex 9.6513 9.96511 2.8
      vertex 9.6513 9.96511 5
    endloop
  endfacet
  facet normal 0.751844 0.659342 0
    outer loop
      vertex 9.6513 9.96511 2.8
      vertex 9.79792 9.79792 5
      vertex 9.79792 9.79792 2.8
    endloop
  endfacet
  facet normal 0.831469 0.555572 0
    outer loop
      vertex 9.6513 9.96511 5
      vertex 9.52776 10.15 2.8
      vertex 9.52776 10.15 5
    endloop
  endfacet
  facet normal 0.831469 0.555572 0
    outer loop
      vertex 9.52776 10.15 2.8
      vertex 9.6513 9.96511 5
      vertex 9.6513 9.96511 2.8
    endloop
  endfacet
  facet normal -0.831566 -0.555426 0
    outer loop
      vertex 12.4722 11.85 2.8
      vertex 12.3487 12.0349 5
      vertex 12.3487 12.0349 2.8
    endloop
  endfacet
  facet normal -0.831566 -0.555426 0
    outer loop
      vertex 12.3487 12.0349 5
      vertex 12.4722 11.85 2.8
      vertex 12.4722 11.85 5
    endloop
  endfacet
  facet normal -0.195122 0.980779 0
    outer loop
      vertex 11.44 9.35793 2.8
      vertex 11.2219 9.31454 5
      vertex 11.44 9.35793 5
    endloop
  endfacet
  facet normal -0.195122 0.980779 0
    outer loop
      vertex 11.2219 9.31454 5
      vertex 11.44 9.35793 2.8
      vertex 11.2219 9.31454 2.8
    endloop
  endfacet
  facet normal -0.98077 0.195165 0
    outer loop
      vertex 12.6421 10.56 2.8
      vertex 12.6855 10.7781 5
      vertex 12.6855 10.7781 2.8
    endloop
  endfacet
  facet normal -0.98077 0.195165 0
    outer loop
      vertex 12.6855 10.7781 5
      vertex 12.6421 10.56 2.8
      vertex 12.6421 10.56 5
    endloop
  endfacet
  facet normal 0.946956 0.321363 0
    outer loop
      vertex 9.4294 10.3494 5
      vertex 9.35793 10.56 2.8
      vertex 9.35793 10.56 5
    endloop
  endfacet
  facet normal 0.946956 0.321363 0
    outer loop
      vertex 9.35793 10.56 2.8
      vertex 9.4294 10.3494 5
      vertex 9.4294 10.3494 2.8
    endloop
  endfacet
  facet normal -0.442386 0.896825 0
    outer loop
      vertex 11.85 9.52776 2.8
      vertex 11.6506 9.4294 5
      vertex 11.85 9.52776 5
    endloop
  endfacet
  facet normal -0.442386 0.896825 0
    outer loop
      vertex 11.6506 9.4294 5
      vertex 11.85 9.52776 2.8
      vertex 11.6506 9.4294 2.8
    endloop
  endfacet
  facet normal -0.0652057 -0.997872 0
    outer loop
      vertex 11 12.7 2.8
      vertex 11.2219 12.6855 5
      vertex 11 12.7 5
    endloop
  endfacet
  facet normal -0.0652057 -0.997872 -0
    outer loop
      vertex 11.2219 12.6855 5
      vertex 11 12.7 2.8
      vertex 11.2219 12.6855 2.8
    endloop
  endfacet
  facet normal 0.321484 -0.946915 0
    outer loop
      vertex 10.3494 12.5706 2.8
      vertex 10.56 12.6421 5
      vertex 10.3494 12.5706 5
    endloop
  endfacet
  facet normal 0.321484 -0.946915 0
    outer loop
      vertex 10.56 12.6421 5
      vertex 10.3494 12.5706 2.8
      vertex 10.56 12.6421 2.8
    endloop
  endfacet
  facet normal 0.195165 -0.98077 0
    outer loop
      vertex 10.56 12.6421 2.8
      vertex 10.7781 12.6855 5
      vertex 10.56 12.6421 5
    endloop
  endfacet
  facet normal 0.195165 -0.98077 0
    outer loop
      vertex 10.7781 12.6855 5
      vertex 10.56 12.6421 2.8
      vertex 10.7781 12.6855 2.8
    endloop
  endfacet
  facet normal -0.896754 -0.44253 0
    outer loop
      vertex 12.5706 11.6506 2.8
      vertex 12.4722 11.85 5
      vertex 12.4722 11.85 2.8
    endloop
  endfacet
  facet normal -0.896754 -0.44253 0
    outer loop
      vertex 12.4722 11.85 5
      vertex 12.5706 11.6506 2.8
      vertex 12.5706 11.6506 5
    endloop
  endfacet
  facet normal -0.997872 0.0652057 0
    outer loop
      vertex 12.6855 10.7781 2.8
      vertex 12.7 11 5
      vertex 12.7 11 2.8
    endloop
  endfacet
  facet normal -0.997872 0.0652057 0
    outer loop
      vertex 12.7 11 5
      vertex 12.6855 10.7781 2.8
      vertex 12.6855 10.7781 5
    endloop
  endfacet
  facet normal -0.0653848 0.99786 0
    outer loop
      vertex 11.2219 9.31454 2.8
      vertex 11 9.3 5
      vertex 11.2219 9.31454 5
    endloop
  endfacet
  facet normal -0.0653848 0.99786 0
    outer loop
      vertex 11 9.3 5
      vertex 11.2219 9.31454 2.8
      vertex 11 9.3 2.8
    endloop
  endfacet
  facet normal -0.751908 -0.659268 0
    outer loop
      vertex 12.3487 12.0349 2.8
      vertex 12.2021 12.2021 5
      vertex 12.2021 12.2021 2.8
    endloop
  endfacet
  facet normal -0.751908 -0.659268 0
    outer loop
      vertex 12.2021 12.2021 5
      vertex 12.3487 12.0349 2.8
      vertex 12.3487 12.0349 5
    endloop
  endfacet
  facet normal 0.99786 0.0653848 0
    outer loop
      vertex 9.31454 10.7781 5
      vertex 9.3 11 2.8
      vertex 9.3 11 5
    endloop
  endfacet
  facet normal 0.99786 0.0653848 0
    outer loop
      vertex 9.3 11 2.8
      vertex 9.31454 10.7781 5
      vertex 9.31454 10.7781 2.8
    endloop
  endfacet
  facet normal -0.751888 0.659291 0
    outer loop
      vertex 12.2021 9.79792 2.8
      vertex 12.3487 9.96511 5
      vertex 12.3487 9.96511 2.8
    endloop
  endfacet
  facet normal -0.751888 0.659291 0
    outer loop
      vertex 12.3487 9.96511 5
      vertex 12.2021 9.79792 2.8
      vertex 12.2021 9.79792 5
    endloop
  endfacet
  facet normal 0.751863 -0.659319 0
    outer loop
      vertex 9.6513 12.0349 5
      vertex 9.79792 12.2021 2.8
      vertex 9.79792 12.2021 5
    endloop
  endfacet
  facet normal 0.751863 -0.659319 0
    outer loop
      vertex 9.79792 12.2021 2.8
      vertex 9.6513 12.0349 5
      vertex 9.6513 12.0349 2.8
    endloop
  endfacet
  facet normal 0.831483 -0.555551 0
    outer loop
      vertex 9.52776 11.85 5
      vertex 9.6513 12.0349 2.8
      vertex 9.6513 12.0349 5
    endloop
  endfacet
  facet normal 0.831483 -0.555551 0
    outer loop
      vertex 9.6513 12.0349 2.8
      vertex 9.52776 11.85 5
      vertex 9.52776 11.85 2.8
    endloop
  endfacet
  facet normal 0.0652057 -0.997872 0
    outer loop
      vertex 10.7781 12.6855 2.8
      vertex 11 12.7 5
      vertex 10.7781 12.6855 5
    endloop
  endfacet
  facet normal 0.0652057 -0.997872 0
    outer loop
      vertex 11 12.7 5
      vertex 10.7781 12.6855 2.8
      vertex 11 12.7 2.8
    endloop
  endfacet
  facet normal 0.980779 0.195122 0
    outer loop
      vertex 9.35793 10.56 5
      vertex 9.31454 10.7781 2.8
      vertex 9.31454 10.7781 5
    endloop
  endfacet
  facet normal 0.980779 0.195122 0
    outer loop
      vertex 9.31454 10.7781 2.8
      vertex 9.35793 10.56 5
      vertex 9.35793 10.56 2.8
    endloop
  endfacet
  facet normal 0.321363 0.946956 -0
    outer loop
      vertex 10.56 9.35793 2.8
      vertex 10.3494 9.4294 5
      vertex 10.56 9.35793 5
    endloop
  endfacet
  facet normal 0.321363 0.946956 0
    outer loop
      vertex 10.3494 9.4294 5
      vertex 10.56 9.35793 2.8
      vertex 10.3494 9.4294 2.8
    endloop
  endfacet
  facet normal -0.946915 -0.321484 0
    outer loop
      vertex 12.6421 11.44 2.8
      vertex 12.5706 11.6506 5
      vertex 12.5706 11.6506 2.8
    endloop
  endfacet
  facet normal -0.946915 -0.321484 0
    outer loop
      vertex 12.5706 11.6506 5
      vertex 12.6421 11.44 2.8
      vertex 12.6421 11.44 5
    endloop
  endfacet
  facet normal 0.442386 0.896825 -0
    outer loop
      vertex 10.3494 9.4294 2.8
      vertex 10.15 9.52776 5
      vertex 10.3494 9.4294 5
    endloop
  endfacet
  facet normal 0.442386 0.896825 0
    outer loop
      vertex 10.15 9.52776 5
      vertex 10.3494 9.4294 2.8
      vertex 10.15 9.52776 2.8
    endloop
  endfacet
  facet normal -0.831552 0.555447 0
    outer loop
      vertex 12.3487 9.96511 2.8
      vertex 12.4722 10.15 5
      vertex 12.4722 10.15 2.8
    endloop
  endfacet
  facet normal -0.831552 0.555447 0
    outer loop
      vertex 12.4722 10.15 5
      vertex 12.3487 9.96511 2.8
      vertex 12.3487 9.96511 5
    endloop
  endfacet
  facet normal 0.555572 0.831469 -0
    outer loop
      vertex 10.15 9.52776 2.8
      vertex 9.96511 9.6513 5
      vertex 10.15 9.52776 5
    endloop
  endfacet
  facet normal 0.555572 0.831469 0
    outer loop
      vertex 9.96511 9.6513 5
      vertex 10.15 9.52776 2.8
      vertex 9.96511 9.6513 2.8
    endloop
  endfacet
  facet normal 0.0653848 0.99786 -0
    outer loop
      vertex 11 9.3 2.8
      vertex 10.7781 9.31454 5
      vertex 11 9.3 5
    endloop
  endfacet
  facet normal 0.0653848 0.99786 0
    outer loop
      vertex 10.7781 9.31454 5
      vertex 11 9.3 2.8
      vertex 10.7781 9.31454 2.8
    endloop
  endfacet
  facet normal 0.195122 0.980779 -0
    outer loop
      vertex 10.7781 9.31454 2.8
      vertex 10.56 9.35793 5
      vertex 10.7781 9.31454 5
    endloop
  endfacet
  facet normal 0.195122 0.980779 0
    outer loop
      vertex 10.56 9.35793 5
      vertex 10.7781 9.31454 2.8
      vertex 10.56 9.35793 2.8
    endloop
  endfacet
  facet normal 0.896825 -0.442386 0
    outer loop
      vertex 9.4294 11.6506 5
      vertex 9.52776 11.85 2.8
      vertex 9.52776 11.85 5
    endloop
  endfacet
  facet normal 0.896825 -0.442386 0
    outer loop
      vertex 9.52776 11.85 2.8
      vertex 9.4294 11.6506 5
      vertex 9.4294 11.6506 2.8
    endloop
  endfacet
  facet normal 0.896825 0.442386 0
    outer loop
      vertex 9.52776 10.15 5
      vertex 9.4294 10.3494 2.8
      vertex 9.4294 10.3494 5
    endloop
  endfacet
  facet normal 0.896825 0.442386 0
    outer loop
      vertex 9.4294 10.3494 2.8
      vertex 9.52776 10.15 5
      vertex 9.52776 10.15 2.8
    endloop
  endfacet
  facet normal 0.99786 -0.0653848 0
    outer loop
      vertex 9.3 11 5
      vertex 9.31454 11.2219 2.8
      vertex 9.31454 11.2219 5
    endloop
  endfacet
  facet normal 0.99786 -0.0653848 0
    outer loop
      vertex 9.31454 11.2219 2.8
      vertex 9.3 11 5
      vertex 9.3 11 2.8
    endloop
  endfacet
  facet normal 0.980779 -0.195122 0
    outer loop
      vertex 9.31454 11.2219 5
      vertex 9.35793 11.44 2.8
      vertex 9.35793 11.44 5
    endloop
  endfacet
  facet normal 0.980779 -0.195122 0
    outer loop
      vertex 9.35793 11.44 2.8
      vertex 9.31454 11.2219 5
      vertex 9.31454 11.2219 2.8
    endloop
  endfacet
  facet normal 0.946956 -0.321363 0
    outer loop
      vertex 9.35793 11.44 5
      vertex 9.4294 11.6506 2.8
      vertex 9.4294 11.6506 5
    endloop
  endfacet
  facet normal 0.946956 -0.321363 0
    outer loop
      vertex 9.4294 11.6506 2.8
      vertex 9.35793 11.44 5
      vertex 9.35793 11.44 2.8
    endloop
  endfacet
  facet normal -0.195165 -0.98077 0
    outer loop
      vertex 11.2219 12.6855 2.8
      vertex 11.44 12.6421 5
      vertex 11.2219 12.6855 5
    endloop
  endfacet
  facet normal -0.195165 -0.98077 -0
    outer loop
      vertex 11.44 12.6421 5
      vertex 11.2219 12.6855 2.8
      vertex 11.44 12.6421 2.8
    endloop
  endfacet
  facet normal -0.659319 0.751863 0
    outer loop
      vertex 12.2021 9.79792 2.8
      vertex 12.0349 9.6513 5
      vertex 12.2021 9.79792 5
    endloop
  endfacet
  facet normal -0.659319 0.751863 0
    outer loop
      vertex 12.0349 9.6513 5
      vertex 12.2021 9.79792 2.8
      vertex 12.0349 9.6513 2.8
    endloop
  endfacet
  facet normal 0 -1 0
    outer loop
      vertex 9.21025 72.0999 0
      vertex 12.7897 72.0999 2.8
      vertex 9.21025 72.0999 2.8
    endloop
  endfacet
  facet normal 0 -1 -0
    outer loop
      vertex 12.7897 72.0999 2.8
      vertex 9.21025 72.0999 0
      vertex 12.7897 72.0999 0
    endloop
  endfacet
  facet normal -0.866017 -0.500015 0
    outer loop
      vertex 14.5795 69 0
      vertex 12.7897 72.0999 2.8
      vertex 12.7897 72.0999 0
    endloop
  endfacet
  facet normal -0.866017 -0.500015 0
    outer loop
      vertex 12.7897 72.0999 2.8
      vertex 14.5795 69 0
      vertex 14.5795 69 2.8
    endloop
  endfacet
  facet normal 0.866023 -0.500005 0
    outer loop
      vertex 7.4205 69 2.8
      vertex 9.21025 72.0999 0
      vertex 9.21025 72.0999 2.8
    endloop
  endfacet
  facet normal 0.866023 -0.500005 0
    outer loop
      vertex 9.21025 72.0999 0
      vertex 7.4205 69 2.8
      vertex 7.4205 69 0
    endloop
  endfacet
  facet normal 0.866023 0.500005 0
    outer loop
      vertex 9.21025 65.9001 2.8
      vertex 7.4205 69 0
      vertex 7.4205 69 2.8
    endloop
  endfacet
  facet normal 0.866023 0.500005 0
    outer loop
      vertex 7.4205 69 0
      vertex 9.21025 65.9001 2.8
      vertex 9.21025 65.9001 0
    endloop
  endfacet
  facet normal 0 0 -1
    outer loop
      vertex 12.4722 68.15 2.8
      vertex 14.5795 69 2.8
      vertex 12.7897 65.9001 2.8
    endloop
  endfacet
  facet normal 0 0 -1
    outer loop
      vertex 12.6855 69.2219 2.8
      vertex 14.5795 69 2.8
      vertex 12.7 69 2.8
    endloop
  endfacet
  facet normal -0 0 -1
    outer loop
      vertex 14.5795 69 2.8
      vertex 12.6855 68.7781 2.8
      vertex 12.7 69 2.8
    endloop
  endfacet
  facet normal 0 0 -1
    outer loop
      vertex 14.5795 69 2.8
      vertex 12.6421 68.56 2.8
      vertex 12.6855 68.7781 2.8
    endloop
  endfacet
  facet normal 0 0 -1
    outer loop
      vertex 14.5795 69 2.8
      vertex 12.5706 68.3494 2.8
      vertex 12.6421 68.56 2.8
    endloop
  endfacet
  facet normal 0 0 -1
    outer loop
      vertex 14.5795 69 2.8
      vertex 12.4722 68.15 2.8
      vertex 12.5706 68.3494 2.8
    endloop
  endfacet
  facet normal 0 0 -1
    outer loop
      vertex 12.7897 65.9001 2.8
      vertex 12.3487 67.9651 2.8
      vertex 12.4722 68.15 2.8
    endloop
  endfacet
  facet normal 0 0 -1
    outer loop
      vertex 12.7897 65.9001 2.8
      vertex 12.2021 67.7979 2.8
      vertex 12.3487 67.9651 2.8
    endloop
  endfacet
  facet normal 0 0 -1
    outer loop
      vertex 12.7897 65.9001 2.8
      vertex 12.0349 67.6513 2.8
      vertex 12.2021 67.7979 2.8
    endloop
  endfacet
  facet normal 0 0 -1
    outer loop
      vertex 12.7897 65.9001 2.8
      vertex 11.85 67.5278 2.8
      vertex 12.0349 67.6513 2.8
    endloop
  endfacet
  facet normal 0 0 -1
    outer loop
      vertex 12.7897 65.9001 2.8
      vertex 11.6506 67.4294 2.8
      vertex 11.85 67.5278 2.8
    endloop
  endfacet
  facet normal 0 0 -1
    outer loop
      vertex 12.7897 65.9001 2.8
      vertex 11.44 67.3579 2.8
      vertex 11.6506 67.4294 2.8
    endloop
  endfacet
  facet normal 0 0 -1
    outer loop
      vertex 12.7897 65.9001 2.8
      vertex 11.2219 67.3145 2.8
      vertex 11.44 67.3579 2.8
    endloop
  endfacet
  facet normal 0 0 -1
    outer loop
      vertex 12.7897 65.9001 2.8
      vertex 11 67.3 2.8
      vertex 11.2219 67.3145 2.8
    endloop
  endfacet
  facet normal 0 0 -1
    outer loop
      vertex 9.21025 65.9001 2.8
      vertex 11 67.3 2.8
      vertex 12.7897 65.9001 2.8
    endloop
  endfacet
  facet normal -0 0 -1
    outer loop
      vertex 11 67.3 2.8
      vertex 9.21025 65.9001 2.8
      vertex 10.7781 67.3145 2.8
    endloop
  endfacet
  facet normal -0 0 -1
    outer loop
      vertex 10.7781 67.3145 2.8
      vertex 9.21025 65.9001 2.8
      vertex 10.56 67.3579 2.8
    endloop
  endfacet
  facet normal -0 0 -1
    outer loop
      vertex 10.56 67.3579 2.8
      vertex 9.21025 65.9001 2.8
      vertex 10.3494 67.4294 2.8
    endloop
  endfacet
  facet normal 0 0 -1
    outer loop
      vertex 9.35793 68.56 2.8
      vertex 7.4205 69 2.8
      vertex 9.31454 68.7781 2.8
    endloop
  endfacet
  facet normal 0 0 -1
    outer loop
      vertex 9.4294 68.3494 2.8
      vertex 7.4205 69 2.8
      vertex 9.35793 68.56 2.8
    endloop
  endfacet
  facet normal 0 0 -1
    outer loop
      vertex 9.52776 68.15 2.8
      vertex 7.4205 69 2.8
      vertex 9.4294 68.3494 2.8
    endloop
  endfacet
  facet normal 0 0 -1
    outer loop
      vertex 7.4205 69 2.8
      vertex 9.52776 68.15 2.8
      vertex 9.21025 65.9001 2.8
    endloop
  endfacet
  facet normal -0 0 -1
    outer loop
      vertex 9.6513 67.9651 2.8
      vertex 9.21025 65.9001 2.8
      vertex 9.52776 68.15 2.8
    endloop
  endfacet
  facet normal -0 0 -1
    outer loop
      vertex 9.79792 67.7979 2.8
      vertex 9.21025 65.9001 2.8
      vertex 9.6513 67.9651 2.8
    endloop
  endfacet
  facet normal -0 0 -1
    outer loop
      vertex 9.96511 67.6513 2.8
      vertex 9.21025 65.9001 2.8
      vertex 9.79792 67.7979 2.8
    endloop
  endfacet
  facet normal -0 0 -1
    outer loop
      vertex 10.15 67.5278 2.8
      vertex 9.21025 65.9001 2.8
      vertex 9.96511 67.6513 2.8
    endloop
  endfacet
  facet normal -0 0 -1
    outer loop
      vertex 10.3494 67.4294 2.8
      vertex 9.21025 65.9001 2.8
      vertex 10.15 67.5278 2.8
    endloop
  endfacet
  facet normal 0 0 -1
    outer loop
      vertex 12.6421 69.44 2.8
      vertex 14.5795 69 2.8
      vertex 12.6855 69.2219 2.8
    endloop
  endfacet
  facet normal 0 0 -1
    outer loop
      vertex 12.5706 69.6506 2.8
      vertex 14.5795 69 2.8
      vertex 12.6421 69.44 2.8
    endloop
  endfacet
  facet normal 0 0 -1
    outer loop
      vertex 12.4722 69.85 2.8
      vertex 14.5795 69 2.8
      vertex 12.5706 69.6506 2.8
    endloop
  endfacet
  facet normal 0 0 -1
    outer loop
      vertex 14.5795 69 2.8
      vertex 12.4722 69.85 2.8
      vertex 12.7897 72.0999 2.8
    endloop
  endfacet
  facet normal 0 0 -1
    outer loop
      vertex 12.3487 70.0349 2.8
      vertex 12.7897 72.0999 2.8
      vertex 12.4722 69.85 2.8
    endloop
  endfacet
  facet normal 0 0 -1
    outer loop
      vertex 12.2021 70.2021 2.8
      vertex 12.7897 72.0999 2.8
      vertex 12.3487 70.0349 2.8
    endloop
  endfacet
  facet normal 0 0 -1
    outer loop
      vertex 12.0349 70.3487 2.8
      vertex 12.7897 72.0999 2.8
      vertex 12.2021 70.2021 2.8
    endloop
  endfacet
  facet normal 0 0 -1
    outer loop
      vertex 11.85 70.4722 2.8
      vertex 12.7897 72.0999 2.8
      vertex 12.0349 70.3487 2.8
    endloop
  endfacet
  facet normal 0 0 -1
    outer loop
      vertex 11.6506 70.5706 2.8
      vertex 12.7897 72.0999 2.8
      vertex 11.85 70.4722 2.8
    endloop
  endfacet
  facet normal 0 0 -1
    outer loop
      vertex 11.44 70.6421 2.8
      vertex 12.7897 72.0999 2.8
      vertex 11.6506 70.5706 2.8
    endloop
  endfacet
  facet normal 0 0 -1
    outer loop
      vertex 11.2219 70.6855 2.8
      vertex 12.7897 72.0999 2.8
      vertex 11.44 70.6421 2.8
    endloop
  endfacet
  facet normal 0 0 -1
    outer loop
      vertex 11 70.7 2.8
      vertex 12.7897 72.0999 2.8
      vertex 11.2219 70.6855 2.8
    endloop
  endfacet
  facet normal 0 0 -1
    outer loop
      vertex 9.21025 72.0999 2.8
      vertex 11 70.7 2.8
      vertex 10.7781 70.6855 2.8
    endloop
  endfacet
  facet normal 0 0 -1
    outer loop
      vertex 9.21025 72.0999 2.8
      vertex 10.7781 70.6855 2.8
      vertex 10.56 70.6421 2.8
    endloop
  endfacet
  facet normal 0 0 -1
    outer loop
      vertex 9.21025 72.0999 2.8
      vertex 10.56 70.6421 2.8
      vertex 10.3494 70.5706 2.8
    endloop
  endfacet
  facet normal 0 0 -1
    outer loop
      vertex 9.21025 72.0999 2.8
      vertex 10.3494 70.5706 2.8
      vertex 10.15 70.4722 2.8
    endloop
  endfacet
  facet normal 0 0 -1
    outer loop
      vertex 11 70.7 2.8
      vertex 9.21025 72.0999 2.8
      vertex 12.7897 72.0999 2.8
    endloop
  endfacet
  facet normal 0 0 -1
    outer loop
      vertex 9.96511 70.3487 2.8
      vertex 9.21025 72.0999 2.8
      vertex 10.15 70.4722 2.8
    endloop
  endfacet
  facet normal 0 0 -1
    outer loop
      vertex 9.79792 70.2021 2.8
      vertex 9.21025 72.0999 2.8
      vertex 9.96511 70.3487 2.8
    endloop
  endfacet
  facet normal 0 0 -1
    outer loop
      vertex 9.6513 70.0349 2.8
      vertex 9.21025 72.0999 2.8
      vertex 9.79792 70.2021 2.8
    endloop
  endfacet
  facet normal 0 0 -1
    outer loop
      vertex 9.52776 69.85 2.8
      vertex 9.21025 72.0999 2.8
      vertex 9.6513 70.0349 2.8
    endloop
  endfacet
  facet normal 0 0 -1
    outer loop
      vertex 7.4205 69 2.8
      vertex 9.52776 69.85 2.8
      vertex 9.4294 69.6506 2.8
    endloop
  endfacet
  facet normal 0 0 -1
    outer loop
      vertex 7.4205 69 2.8
      vertex 9.4294 69.6506 2.8
      vertex 9.35793 69.44 2.8
    endloop
  endfacet
  facet normal 0 0 -1
    outer loop
      vertex 7.4205 69 2.8
      vertex 9.35793 69.44 2.8
      vertex 9.31454 69.2219 2.8
    endloop
  endfacet
  facet normal 0 0 -1
    outer loop
      vertex 7.4205 69 2.8
      vertex 9.31454 69.2219 2.8
      vertex 9.3 69 2.8
    endloop
  endfacet
  facet normal 0 0 -1
    outer loop
      vertex 9.31454 68.7781 2.8
      vertex 7.4205 69 2.8
      vertex 9.3 69 2.8
    endloop
  endfacet
  facet normal -0 0 -1
    outer loop
      vertex 9.52776 69.85 2.8
      vertex 7.4205 69 2.8
      vertex 9.21025 72.0999 2.8
    endloop
  endfacet
  facet normal -0.866017 0.500015 0
    outer loop
      vertex 12.7897 65.9001 0
      vertex 14.5795 69 2.8
      vertex 14.5795 69 0
    endloop
  endfacet
  facet normal -0.866017 0.500015 0
    outer loop
      vertex 14.5795 69 2.8
      vertex 12.7897 65.9001 0
      vertex 12.7897 65.9001 2.8
    endloop
  endfacet
  facet normal 0 1 -0
    outer loop
      vertex 12.7897 65.9001 0
      vertex 9.21025 65.9001 2.8
      vertex 12.7897 65.9001 2.8
    endloop
  endfacet
  facet normal 0 1 0
    outer loop
      vertex 9.21025 65.9001 2.8
      vertex 12.7897 65.9001 0
      vertex 9.21025 65.9001 0
    endloop
  endfacet
  facet normal -0.98077 -0.195165 0
    outer loop
      vertex 12.6855 69.2219 2.8
      vertex 12.6421 69.44 5
      vertex 12.6421 69.44 2.8
    endloop
  endfacet
  facet normal -0.98077 -0.195165 0
    outer loop
      vertex 12.6421 69.44 5
      vertex 12.6855 69.2219 2.8
      vertex 12.6855 69.2219 5
    endloop
  endfacet
  facet normal -0.997872 -0.0652057 0
    outer loop
      vertex 12.7 69 2.8
      vertex 12.6855 69.2219 5
      vertex 12.6855 69.2219 2.8
    endloop
  endfacet
  facet normal -0.997872 -0.0652057 0
    outer loop
      vertex 12.6855 69.2219 5
      vertex 12.7 69 2.8
      vertex 12.7 69 5
    endloop
  endfacet
  facet normal 0.44253 -0.896754 0
    outer loop
      vertex 10.15 70.4722 2.8
      vertex 10.3494 70.5706 5
      vertex 10.15 70.4722 5
    endloop
  endfacet
  facet normal 0.44253 -0.896754 0
    outer loop
      vertex 10.3494 70.5706 5
      vertex 10.15 70.4722 2.8
      vertex 10.3494 70.5706 2.8
    endloop
  endfacet
  facet normal -0.555426 -0.831566 0
    outer loop
      vertex 11.85 70.4722 2.8
      vertex 12.0349 70.3487 5
      vertex 11.85 70.4722 5
    endloop
  endfacet
  facet normal -0.555426 -0.831566 -0
    outer loop
      vertex 12.0349 70.3487 5
      vertex 11.85 70.4722 2.8
      vertex 12.0349 70.3487 2.8
    endloop
  endfacet
  facet normal 0.659291 -0.751888 0
    outer loop
      vertex 9.79792 70.2021 2.8
      vertex 9.96511 70.3487 5
      vertex 9.79792 70.2021 5
    endloop
  endfacet
  facet normal 0.659291 -0.751888 0
    outer loop
      vertex 9.96511 70.3487 5
      vertex 9.79792 70.2021 2.8
      vertex 9.96511 70.3487 2.8
    endloop
  endfacet
  facet normal -0.321484 0.946915 0
    outer loop
      vertex 11.6506 67.4294 2.8
      vertex 11.44 67.3579 5
      vertex 11.6506 67.4294 5
    endloop
  endfacet
  facet normal -0.321484 0.946915 0
    outer loop
      vertex 11.44 67.3579 5
      vertex 11.6506 67.4294 2.8
      vertex 11.44 67.3579 2.8
    endloop
  endfacet
  facet normal -0.831566 0.555426 0
    outer loop
      vertex 12.3487 67.9651 2.8
      vertex 12.4722 68.15 5
      vertex 12.4722 68.15 2.8
    endloop
  endfacet
  facet normal -0.831566 0.555426 0
    outer loop
      vertex 12.4722 68.15 5
      vertex 12.3487 67.9651 2.8
      vertex 12.3487 67.9651 5
    endloop
  endfacet
  facet normal -0.946915 0.321484 0
    outer loop
      vertex 12.5706 68.3494 2.8
      vertex 12.6421 68.56 5
      vertex 12.6421 68.56 2.8
    endloop
  endfacet
  facet normal -0.946915 0.321484 0
    outer loop
      vertex 12.6421 68.56 5
      vertex 12.5706 68.3494 2.8
      vertex 12.5706 68.3494 5
    endloop
  endfacet
  facet normal -0.321484 -0.946915 0
    outer loop
      vertex 11.44 70.6421 2.8
      vertex 11.6506 70.5706 5
      vertex 11.44 70.6421 5
    endloop
  endfacet
  facet normal -0.321484 -0.946915 -0
    outer loop
      vertex 11.6506 70.5706 5
      vertex 11.44 70.6421 2.8
      vertex 11.6506 70.5706 2.8
    endloop
  endfacet
  facet normal 0.555447 -0.831552 0
    outer loop
      vertex 9.96511 70.3487 2.8
      vertex 10.15 70.4722 5
      vertex 9.96511 70.3487 5
    endloop
  endfacet
  facet normal 0.555447 -0.831552 0
    outer loop
      vertex 10.15 70.4722 5
      vertex 9.96511 70.3487 2.8
      vertex 10.15 70.4722 2.8
    endloop
  endfacet
  facet normal -0.896754 0.44253 0
    outer loop
      vertex 12.4722 68.15 2.8
      vertex 12.5706 68.3494 5
      vertex 12.5706 68.3494 2.8
    endloop
  endfacet
  facet normal -0.896754 0.44253 0
    outer loop
      vertex 12.5706 68.3494 5
      vertex 12.4722 68.15 2.8
      vertex 12.4722 68.15 5
    endloop
  endfacet
  facet normal -0.659268 -0.751908 0
    outer loop
      vertex 12.0349 70.3487 2.8
      vertex 12.2021 70.2021 5
      vertex 12.0349 70.3487 5
    endloop
  endfacet
  facet normal -0.659268 -0.751908 -0
    outer loop
      vertex 12.2021 70.2021 5
      vertex 12.0349 70.3487 2.8
      vertex 12.2021 70.2021 2.8
    endloop
  endfacet
  facet normal -0.555426 0.831566 0
    outer loop
      vertex 12.0349 67.6513 2.8
      vertex 11.85 67.5278 5
      vertex 12.0349 67.6513 5
    endloop
  endfacet
  facet normal -0.555426 0.831566 0
    outer loop
      vertex 11.85 67.5278 5
      vertex 12.0349 67.6513 2.8
      vertex 11.85 67.5278 2.8
    endloop
  endfacet
  facet normal -0.44253 -0.896754 0
    outer loop
      vertex 11.6506 70.5706 2.8
      vertex 11.85 70.4722 5
      vertex 11.6506 70.5706 5
    endloop
  endfacet
  facet normal -0.44253 -0.896754 -0
    outer loop
      vertex 11.85 70.4722 5
      vertex 11.6506 70.5706 2.8
      vertex 11.85 70.4722 2.8
    endloop
  endfacet
  facet normal 0.659291 0.751888 -0
    outer loop
      vertex 9.96511 67.6513 2.8
      vertex 9.79792 67.7979 5
      vertex 9.96511 67.6513 5
    endloop
  endfacet
  facet normal 0.659291 0.751888 0
    outer loop
      vertex 9.79792 67.7979 5
      vertex 9.96511 67.6513 2.8
      vertex 9.79792 67.7979 2.8
    endloop
  endfacet
  facet normal 0.751863 0.659319 0
    outer loop
      vertex 9.79792 67.7979 5
      vertex 9.6513 67.9651 2.8
      vertex 9.6513 67.9651 5
    endloop
  endfacet
  facet normal 0.751863 0.659319 0
    outer loop
      vertex 9.6513 67.9651 2.8
      vertex 9.79792 67.7979 5
      vertex 9.79792 67.7979 2.8
    endloop
  endfacet
  facet normal 0.831483 0.555551 0
    outer loop
      vertex 9.6513 67.9651 5
      vertex 9.52776 68.15 2.8
      vertex 9.52776 68.15 5
    endloop
  endfacet
  facet normal 0.831483 0.555551 0
    outer loop
      vertex 9.52776 68.15 2.8
      vertex 9.6513 67.9651 5
      vertex 9.6513 67.9651 2.8
    endloop
  endfacet
  facet normal -0.831566 -0.555426 0
    outer loop
      vertex 12.4722 69.85 2.8
      vertex 12.3487 70.0349 5
      vertex 12.3487 70.0349 2.8
    endloop
  endfacet
  facet normal -0.831566 -0.555426 0
    outer loop
      vertex 12.3487 70.0349 5
      vertex 12.4722 69.85 2.8
      vertex 12.4722 69.85 5
    endloop
  endfacet
  facet normal -0.195165 0.98077 0
    outer loop
      vertex 11.44 67.3579 2.8
      vertex 11.2219 67.3145 5
      vertex 11.44 67.3579 5
    endloop
  endfacet
  facet normal -0.195165 0.98077 0
    outer loop
      vertex 11.2219 67.3145 5
      vertex 11.44 67.3579 2.8
      vertex 11.2219 67.3145 2.8
    endloop
  endfacet
  facet normal -0.98077 0.195165 0
    outer loop
      vertex 12.6421 68.56 2.8
      vertex 12.6855 68.7781 5
      vertex 12.6855 68.7781 2.8
    endloop
  endfacet
  facet normal -0.98077 0.195165 0
    outer loop
      vertex 12.6855 68.7781 5
      vertex 12.6421 68.56 2.8
      vertex 12.6421 68.56 5
    endloop
  endfacet
  facet normal 0.946956 0.321363 0
    outer loop
      vertex 9.4294 68.3494 5
      vertex 9.35793 68.56 2.8
      vertex 9.35793 68.56 5
    endloop
  endfacet
  facet normal 0.946956 0.321363 0
    outer loop
      vertex 9.35793 68.56 2.8
      vertex 9.4294 68.3494 5
      vertex 9.4294 68.3494 2.8
    endloop
  endfacet
  facet normal -0.44253 0.896754 0
    outer loop
      vertex 11.85 67.5278 2.8
      vertex 11.6506 67.4294 5
      vertex 11.85 67.5278 5
    endloop
  endfacet
  facet normal -0.44253 0.896754 0
    outer loop
      vertex 11.6506 67.4294 5
      vertex 11.85 67.5278 2.8
      vertex 11.6506 67.4294 2.8
    endloop
  endfacet
  facet normal -0.0652057 -0.997872 0
    outer loop
      vertex 11 70.7 2.8
      vertex 11.2219 70.6855 5
      vertex 11 70.7 5
    endloop
  endfacet
  facet normal -0.0652057 -0.997872 -0
    outer loop
      vertex 11.2219 70.6855 5
      vertex 11 70.7 2.8
      vertex 11.2219 70.6855 2.8
    endloop
  endfacet
  facet normal 0.321484 -0.946915 0
    outer loop
      vertex 10.3494 70.5706 2.8
      vertex 10.56 70.6421 5
      vertex 10.3494 70.5706 5
    endloop
  endfacet
  facet normal 0.321484 -0.946915 0
    outer loop
      vertex 10.56 70.6421 5
      vertex 10.3494 70.5706 2.8
      vertex 10.56 70.6421 2.8
    endloop
  endfacet
  facet normal 0.195165 -0.98077 0
    outer loop
      vertex 10.56 70.6421 2.8
      vertex 10.7781 70.6855 5
      vertex 10.56 70.6421 5
    endloop
  endfacet
  facet normal 0.195165 -0.98077 0
    outer loop
      vertex 10.7781 70.6855 5
      vertex 10.56 70.6421 2.8
      vertex 10.7781 70.6855 2.8
    endloop
  endfacet
  facet normal -0.896754 -0.44253 0
    outer loop
      vertex 12.5706 69.6506 2.8
      vertex 12.4722 69.85 5
      vertex 12.4722 69.85 2.8
    endloop
  endfacet
  facet normal -0.896754 -0.44253 0
    outer loop
      vertex 12.4722 69.85 5
      vertex 12.5706 69.6506 2.8
      vertex 12.5706 69.6506 5
    endloop
  endfacet
  facet normal -0.997872 0.0652057 0
    outer loop
      vertex 12.6855 68.7781 2.8
      vertex 12.7 69 5
      vertex 12.7 69 2.8
    endloop
  endfacet
  facet normal -0.997872 0.0652057 0
    outer loop
      vertex 12.7 69 5
      vertex 12.6855 68.7781 2.8
      vertex 12.6855 68.7781 5
    endloop
  endfacet
  facet normal -0.0652057 0.997872 0
    outer loop
      vertex 11.2219 67.3145 2.8
      vertex 11 67.3 5
      vertex 11.2219 67.3145 5
    endloop
  endfacet
  facet normal -0.0652057 0.997872 0
    outer loop
      vertex 11 67.3 5
      vertex 11.2219 67.3145 2.8
      vertex 11 67.3 2.8
    endloop
  endfacet
  facet normal -0.751908 -0.659268 0
    outer loop
      vertex 12.3487 70.0349 2.8
      vertex 12.2021 70.2021 5
      vertex 12.2021 70.2021 2.8
    endloop
  endfacet
  facet normal -0.751908 -0.659268 0
    outer loop
      vertex 12.2021 70.2021 5
      vertex 12.3487 70.0349 2.8
      vertex 12.3487 70.0349 5
    endloop
  endfacet
  facet normal 0.99786 0.0653848 0
    outer loop
      vertex 9.31454 68.7781 5
      vertex 9.3 69 2.8
      vertex 9.3 69 5
    endloop
  endfacet
  facet normal 0.99786 0.0653848 0
    outer loop
      vertex 9.3 69 2.8
      vertex 9.31454 68.7781 5
      vertex 9.31454 68.7781 2.8
    endloop
  endfacet
  facet normal -0.751908 0.659268 0
    outer loop
      vertex 12.2021 67.7979 2.8
      vertex 12.3487 67.9651 5
      vertex 12.3487 67.9651 2.8
    endloop
  endfacet
  facet normal -0.751908 0.659268 0
    outer loop
      vertex 12.3487 67.9651 5
      vertex 12.2021 67.7979 2.8
      vertex 12.2021 67.7979 5
    endloop
  endfacet
  facet normal 0.751863 -0.659319 0
    outer loop
      vertex 9.6513 70.0349 5
      vertex 9.79792 70.2021 2.8
      vertex 9.79792 70.2021 5
    endloop
  endfacet
  facet normal 0.751863 -0.659319 0
    outer loop
      vertex 9.79792 70.2021 2.8
      vertex 9.6513 70.0349 5
      vertex 9.6513 70.0349 2.8
    endloop
  endfacet
  facet normal 0.831483 -0.555551 0
    outer loop
      vertex 9.52776 69.85 5
      vertex 9.6513 70.0349 2.8
      vertex 9.6513 70.0349 5
    endloop
  endfacet
  facet normal 0.831483 -0.555551 0
    outer loop
      vertex 9.6513 70.0349 2.8
      vertex 9.52776 69.85 5
      vertex 9.52776 69.85 2.8
    endloop
  endfacet
  facet normal 0.0652057 -0.997872 0
    outer loop
      vertex 10.7781 70.6855 2.8
      vertex 11 70.7 5
      vertex 10.7781 70.6855 5
    endloop
  endfacet
  facet normal 0.0652057 -0.997872 0
    outer loop
      vertex 11 70.7 5
      vertex 10.7781 70.6855 2.8
      vertex 11 70.7 2.8
    endloop
  endfacet
  facet normal 0.980779 0.195122 0
    outer loop
      vertex 9.35793 68.56 5
      vertex 9.31454 68.7781 2.8
      vertex 9.31454 68.7781 5
    endloop
  endfacet
  facet normal 0.980779 0.195122 0
    outer loop
      vertex 9.31454 68.7781 2.8
      vertex 9.35793 68.56 5
      vertex 9.35793 68.56 2.8
    endloop
  endfacet
  facet normal 0.321484 0.946915 -0
    outer loop
      vertex 10.56 67.3579 2.8
      vertex 10.3494 67.4294 5
      vertex 10.56 67.3579 5
    endloop
  endfacet
  facet normal 0.321484 0.946915 0
    outer loop
      vertex 10.3494 67.4294 5
      vertex 10.56 67.3579 2.8
      vertex 10.3494 67.4294 2.8
    endloop
  endfacet
  facet normal -0.946915 -0.321484 0
    outer loop
      vertex 12.6421 69.44 2.8
      vertex 12.5706 69.6506 5
      vertex 12.5706 69.6506 2.8
    endloop
  endfacet
  facet normal -0.946915 -0.321484 0
    outer loop
      vertex 12.5706 69.6506 5
      vertex 12.6421 69.44 2.8
      vertex 12.6421 69.44 5
    endloop
  endfacet
  facet normal 0.44253 0.896754 -0
    outer loop
      vertex 10.3494 67.4294 2.8
      vertex 10.15 67.5278 5
      vertex 10.3494 67.4294 5
    endloop
  endfacet
  facet normal 0.44253 0.896754 0
    outer loop
      vertex 10.15 67.5278 5
      vertex 10.3494 67.4294 2.8
      vertex 10.15 67.5278 2.8
    endloop
  endfacet
  facet normal 0.555447 0.831552 -0
    outer loop
      vertex 10.15 67.5278 2.8
      vertex 9.96511 67.6513 5
      vertex 10.15 67.5278 5
    endloop
  endfacet
  facet normal 0.555447 0.831552 0
    outer loop
      vertex 9.96511 67.6513 5
      vertex 10.15 67.5278 2.8
      vertex 9.96511 67.6513 2.8
    endloop
  endfacet
  facet normal 0.195165 0.98077 -0
    outer loop
      vertex 10.7781 67.3145 2.8
      vertex 10.56 67.3579 5
      vertex 10.7781 67.3145 5
    endloop
  endfacet
  facet normal 0.195165 0.98077 0
    outer loop
      vertex 10.56 67.3579 5
      vertex 10.7781 67.3145 2.8
      vertex 10.56 67.3579 2.8
    endloop
  endfacet
  facet normal 0.896825 -0.442386 0
    outer loop
      vertex 9.4294 69.6506 5
      vertex 9.52776 69.85 2.8
      vertex 9.52776 69.85 5
    endloop
  endfacet
  facet normal 0.896825 -0.442386 0
    outer loop
      vertex 9.52776 69.85 2.8
      vertex 9.4294 69.6506 5
      vertex 9.4294 69.6506 2.8
    endloop
  endfacet
  facet normal 0.0652057 0.997872 -0
    outer loop
      vertex 11 67.3 2.8
      vertex 10.7781 67.3145 5
      vertex 11 67.3 5
    endloop
  endfacet
  facet normal 0.0652057 0.997872 0
    outer loop
      vertex 10.7781 67.3145 5
      vertex 11 67.3 2.8
      vertex 10.7781 67.3145 2.8
    endloop
  endfacet
  facet normal 0.896825 0.442386 0
    outer loop
      vertex 9.52776 68.15 5
      vertex 9.4294 68.3494 2.8
      vertex 9.4294 68.3494 5
    endloop
  endfacet
  facet normal 0.896825 0.442386 0
    outer loop
      vertex 9.4294 68.3494 2.8
      vertex 9.52776 68.15 5
      vertex 9.52776 68.15 2.8
    endloop
  endfacet
  facet normal 0.99786 -0.0653848 0
    outer loop
      vertex 9.3 69 5
      vertex 9.31454 69.2219 2.8
      vertex 9.31454 69.2219 5
    endloop
  endfacet
  facet normal 0.99786 -0.0653848 0
    outer loop
      vertex 9.31454 69.2219 2.8
      vertex 9.3 69 5
      vertex 9.3 69 2.8
    endloop
  endfacet
  facet normal 0.980779 -0.195122 0
    outer loop
      vertex 9.31454 69.2219 5
      vertex 9.35793 69.44 2.8
      vertex 9.35793 69.44 5
    endloop
  endfacet
  facet normal 0.980779 -0.195122 0
    outer loop
      vertex 9.35793 69.44 2.8
      vertex 9.31454 69.2219 5
      vertex 9.31454 69.2219 2.8
    endloop
  endfacet
  facet normal 0.946956 -0.321363 0
    outer loop
      vertex 9.35793 69.44 5
      vertex 9.4294 69.6506 2.8
      vertex 9.4294 69.6506 5
    endloop
  endfacet
  facet normal 0.946956 -0.321363 0
    outer loop
      vertex 9.4294 69.6506 2.8
      vertex 9.35793 69.44 5
      vertex 9.35793 69.44 2.8
    endloop
  endfacet
  facet normal -0.195165 -0.98077 0
    outer loop
      vertex 11.2219 70.6855 2.8
      vertex 11.44 70.6421 5
      vertex 11.2219 70.6855 5
    endloop
  endfacet
  facet normal -0.195165 -0.98077 -0
    outer loop
      vertex 11.44 70.6421 5
      vertex 11.2219 70.6855 2.8
      vertex 11.44 70.6421 2.8
    endloop
  endfacet
  facet normal -0.659268 0.751908 0
    outer loop
      vertex 12.2021 67.7979 2.8
      vertex 12.0349 67.6513 5
      vertex 12.2021 67.7979 5
    endloop
  endfacet
  facet normal -0.659268 0.751908 0
    outer loop
      vertex 12.0349 67.6513 5
      vertex 12.2021 67.7979 2.8
      vertex 12.0349 67.6513 2.8
    endloop
  endfacet
  facet normal 0 -1 0
    outer loop
      vertex 42 27.0999 0
      vertex 44.2897 27.0999 2.8
      vertex 42 27.0999 2.8
    endloop
  endfacet
  facet normal 0 -1 -0
    outer loop
      vertex 44.2897 27.0999 2.8
      vertex 42 27.0999 0
      vertex 44.2897 27.0999 0
    endloop
  endfacet
  facet normal -0.866017 -0.500015 0
    outer loop
      vertex 46.0795 24 0
      vertex 44.2897 27.0999 2.8
      vertex 44.2897 27.0999 0
    endloop
  endfacet
  facet normal -0.866017 -0.500015 0
    outer loop
      vertex 44.2897 27.0999 2.8
      vertex 46.0795 24 0
      vertex 46.0795 24 2.8
    endloop
  endfacet
  facet normal 0.866026 -0.5 0
    outer loop
      vertex 38.9205 24 2.8
      vertex 40.0752 26 0
      vertex 40.0752 26 2.8
    endloop
  endfacet
  facet normal 0.866026 -0.5 0
    outer loop
      vertex 40.0752 26 0
      vertex 38.9205 24 2.8
      vertex 38.9205 24 0
    endloop
  endfacet
  facet normal 0.866017 0.500015 0
    outer loop
      vertex 40.7103 20.9001 2.8
      vertex 38.9205 24 0
      vertex 38.9205 24 2.8
    endloop
  endfacet
  facet normal 0.866017 0.500015 0
    outer loop
      vertex 38.9205 24 0
      vertex 40.7103 20.9001 2.8
      vertex 40.7103 20.9001 0
    endloop
  endfacet
  facet normal 0 0 -1
    outer loop
      vertex 41.8494 25.5706 2.8
      vertex 42 26 2.8
      vertex 42.06 25.6421 2.8
    endloop
  endfacet
  facet normal 0 0 -1
    outer loop
      vertex 41.65 25.4722 2.8
      vertex 42 26 2.8
      vertex 41.8494 25.5706 2.8
    endloop
  endfacet
  facet normal 0 0 -1
    outer loop
      vertex 40.0752 26 2.8
      vertex 41.65 25.4722 2.8
      vertex 41.4651 25.3487 2.8
    endloop
  endfacet
  facet normal 0 0 -1
    outer loop
      vertex 40.0752 26 2.8
      vertex 41.4651 25.3487 2.8
      vertex 41.2979 25.2021 2.8
    endloop
  endfacet
  facet normal 0 0 -1
    outer loop
      vertex 41.65 25.4722 2.8
      vertex 40.0752 26 2.8
      vertex 42 26 2.8
    endloop
  endfacet
  facet normal 0 0 -1
    outer loop
      vertex 41.1513 25.0349 2.8
      vertex 40.0752 26 2.8
      vertex 41.2979 25.2021 2.8
    endloop
  endfacet
  facet normal 0 0 -1
    outer loop
      vertex 41.0278 24.85 2.8
      vertex 40.0752 26 2.8
      vertex 41.1513 25.0349 2.8
    endloop
  endfacet
  facet normal 0 0 -1
    outer loop
      vertex 40.9294 24.6506 2.8
      vertex 40.0752 26 2.8
      vertex 41.0278 24.85 2.8
    endloop
  endfacet
  facet normal 0 0 -1
    outer loop
      vertex 40.8579 24.44 2.8
      vertex 40.0752 26 2.8
      vertex 40.9294 24.6506 2.8
    endloop
  endfacet
  facet normal 0 0 -1
    outer loop
      vertex 40.8145 24.2219 2.8
      vertex 40.0752 26 2.8
      vertex 40.8579 24.44 2.8
    endloop
  endfacet
  facet normal 0 0 -1
    outer loop
      vertex 40.8 24 2.8
      vertex 40.0752 26 2.8
      vertex 40.8145 24.2219 2.8
    endloop
  endfacet
  facet normal 0 0 -1
    outer loop
      vertex 40.8145 23.7781 2.8
      vertex 40.0752 26 2.8
      vertex 40.8 24 2.8
    endloop
  endfacet
  facet normal 0 0 -1
    outer loop
      vertex 40.8145 23.7781 2.8
      vertex 38.9205 24 2.8
      vertex 40.0752 26 2.8
    endloop
  endfacet
  facet normal 0 0 -1
    outer loop
      vertex 43.9722 23.15 2.8
      vertex 46.0795 24 2.8
      vertex 44.2897 20.9001 2.8
    endloop
  endfacet
  facet normal 0 0 -1
    outer loop
      vertex 44.1855 24.2219 2.8
      vertex 46.0795 24 2.8
      vertex 44.2 24 2.8
    endloop
  endfacet
  facet normal -0 0 -1
    outer loop
      vertex 46.0795 24 2.8
      vertex 44.1855 23.7781 2.8
      vertex 44.2 24 2.8
    endloop
  endfacet
  facet normal 0 0 -1
    outer loop
      vertex 46.0795 24 2.8
      vertex 44.1421 23.56 2.8
      vertex 44.1855 23.7781 2.8
    endloop
  endfacet
  facet normal 0 0 -1
    outer loop
      vertex 46.0795 24 2.8
      vertex 44.0706 23.3494 2.8
      vertex 44.1421 23.56 2.8
    endloop
  endfacet
  facet normal 0 0 -1
    outer loop
      vertex 46.0795 24 2.8
      vertex 43.9722 23.15 2.8
      vertex 44.0706 23.3494 2.8
    endloop
  endfacet
  facet normal 0 0 -1
    outer loop
      vertex 44.2897 20.9001 2.8
      vertex 43.8487 22.9651 2.8
      vertex 43.9722 23.15 2.8
    endloop
  endfacet
  facet normal 0 0 -1
    outer loop
      vertex 44.2897 20.9001 2.8
      vertex 43.7021 22.7979 2.8
      vertex 43.8487 22.9651 2.8
    endloop
  endfacet
  facet normal 0 0 -1
    outer loop
      vertex 44.2897 20.9001 2.8
      vertex 43.5349 22.6513 2.8
      vertex 43.7021 22.7979 2.8
    endloop
  endfacet
  facet normal 0 0 -1
    outer loop
      vertex 44.2897 20.9001 2.8
      vertex 43.35 22.5278 2.8
      vertex 43.5349 22.6513 2.8
    endloop
  endfacet
  facet normal 0 0 -1
    outer loop
      vertex 44.2897 20.9001 2.8
      vertex 43.1506 22.4294 2.8
      vertex 43.35 22.5278 2.8
    endloop
  endfacet
  facet normal 0 0 -1
    outer loop
      vertex 44.2897 20.9001 2.8
      vertex 42.94 22.3579 2.8
      vertex 43.1506 22.4294 2.8
    endloop
  endfacet
  facet normal 0 0 -1
    outer loop
      vertex 44.2897 20.9001 2.8
      vertex 42.7219 22.3145 2.8
      vertex 42.94 22.3579 2.8
    endloop
  endfacet
  facet normal 0 0 -1
    outer loop
      vertex 44.2897 20.9001 2.8
      vertex 42.5 22.3 2.8
      vertex 42.7219 22.3145 2.8
    endloop
  endfacet
  facet normal 0 0 -1
    outer loop
      vertex 40.7103 20.9001 2.8
      vertex 42.5 22.3 2.8
      vertex 44.2897 20.9001 2.8
    endloop
  endfacet
  facet normal -0 0 -1
    outer loop
      vertex 42.5 22.3 2.8
      vertex 40.7103 20.9001 2.8
      vertex 42.2781 22.3145 2.8
    endloop
  endfacet
  facet normal -0 0 -1
    outer loop
      vertex 42.2781 22.3145 2.8
      vertex 40.7103 20.9001 2.8
      vertex 42.06 22.3579 2.8
    endloop
  endfacet
  facet normal -0 0 -1
    outer loop
      vertex 42.06 22.3579 2.8
      vertex 40.7103 20.9001 2.8
      vertex 41.8494 22.4294 2.8
    endloop
  endfacet
  facet normal 0 0 -1
    outer loop
      vertex 40.8579 23.56 2.8
      vertex 38.9205 24 2.8
      vertex 40.8145 23.7781 2.8
    endloop
  endfacet
  facet normal 0 0 -1
    outer loop
      vertex 40.9294 23.3494 2.8
      vertex 38.9205 24 2.8
      vertex 40.8579 23.56 2.8
    endloop
  endfacet
  facet normal 0 0 -1
    outer loop
      vertex 41.0278 23.15 2.8
      vertex 38.9205 24 2.8
      vertex 40.9294 23.3494 2.8
    endloop
  endfacet
  facet normal 0 0 -1
    outer loop
      vertex 38.9205 24 2.8
      vertex 41.0278 23.15 2.8
      vertex 40.7103 20.9001 2.8
    endloop
  endfacet
  facet normal -0 0 -1
    outer loop
      vertex 41.1513 22.9651 2.8
      vertex 40.7103 20.9001 2.8
      vertex 41.0278 23.15 2.8
    endloop
  endfacet
  facet normal -0 0 -1
    outer loop
      vertex 41.2979 22.7979 2.8
      vertex 40.7103 20.9001 2.8
      vertex 41.1513 22.9651 2.8
    endloop
  endfacet
  facet normal -0 0 -1
    outer loop
      vertex 41.4651 22.6513 2.8
      vertex 40.7103 20.9001 2.8
      vertex 41.2979 22.7979 2.8
    endloop
  endfacet
  facet normal -0 0 -1
    outer loop
      vertex 41.65 22.5278 2.8
      vertex 40.7103 20.9001 2.8
      vertex 41.4651 22.6513 2.8
    endloop
  endfacet
  facet normal -0 0 -1
    outer loop
      vertex 41.8494 22.4294 2.8
      vertex 40.7103 20.9001 2.8
      vertex 41.65 22.5278 2.8
    endloop
  endfacet
  facet normal 0 0 -1
    outer loop
      vertex 44.1421 24.44 2.8
      vertex 46.0795 24 2.8
      vertex 44.1855 24.2219 2.8
    endloop
  endfacet
  facet normal 0 0 -1
    outer loop
      vertex 44.0706 24.6506 2.8
      vertex 46.0795 24 2.8
      vertex 44.1421 24.44 2.8
    endloop
  endfacet
  facet normal 0 0 -1
    outer loop
      vertex 43.9722 24.85 2.8
      vertex 46.0795 24 2.8
      vertex 44.0706 24.6506 2.8
    endloop
  endfacet
  facet normal 0 0 -1
    outer loop
      vertex 46.0795 24 2.8
      vertex 43.9722 24.85 2.8
      vertex 44.2897 27.0999 2.8
    endloop
  endfacet
  facet normal 0 0 -1
    outer loop
      vertex 43.8487 25.0349 2.8
      vertex 44.2897 27.0999 2.8
      vertex 43.9722 24.85 2.8
    endloop
  endfacet
  facet normal 0 0 -1
    outer loop
      vertex 43.7021 25.2021 2.8
      vertex 44.2897 27.0999 2.8
      vertex 43.8487 25.0349 2.8
    endloop
  endfacet
  facet normal 0 0 -1
    outer loop
      vertex 43.5349 25.3487 2.8
      vertex 44.2897 27.0999 2.8
      vertex 43.7021 25.2021 2.8
    endloop
  endfacet
  facet normal 0 0 -1
    outer loop
      vertex 43.35 25.4722 2.8
      vertex 44.2897 27.0999 2.8
      vertex 43.5349 25.3487 2.8
    endloop
  endfacet
  facet normal 0 0 -1
    outer loop
      vertex 43.1506 25.5706 2.8
      vertex 44.2897 27.0999 2.8
      vertex 43.35 25.4722 2.8
    endloop
  endfacet
  facet normal 0 0 -1
    outer loop
      vertex 42.94 25.6421 2.8
      vertex 44.2897 27.0999 2.8
      vertex 43.1506 25.5706 2.8
    endloop
  endfacet
  facet normal 0 0 -1
    outer loop
      vertex 42 27.0999 2.8
      vertex 42.94 25.6421 2.8
      vertex 42.7219 25.6855 2.8
    endloop
  endfacet
  facet normal 0 0 -1
    outer loop
      vertex 42 27.0999 2.8
      vertex 42.7219 25.6855 2.8
      vertex 42.5 25.7 2.8
    endloop
  endfacet
  facet normal 0 0 -1
    outer loop
      vertex 42 26 2.8
      vertex 42.5 25.7 2.8
      vertex 42.2781 25.6855 2.8
    endloop
  endfacet
  facet normal 0 0 -1
    outer loop
      vertex 42 26 2.8
      vertex 42.2781 25.6855 2.8
      vertex 42.06 25.6421 2.8
    endloop
  endfacet
  facet normal 0 0 -1
    outer loop
      vertex 42.5 25.7 2.8
      vertex 42 26 2.8
      vertex 42 27.0999 2.8
    endloop
  endfacet
  facet normal 0 0 -1
    outer loop
      vertex 42.94 25.6421 2.8
      vertex 42 27.0999 2.8
      vertex 44.2897 27.0999 2.8
    endloop
  endfacet
  facet normal -0.866017 0.500015 0
    outer loop
      vertex 44.2897 20.9001 0
      vertex 46.0795 24 2.8
      vertex 46.0795 24 0
    endloop
  endfacet
  facet normal -0.866017 0.500015 0
    outer loop
      vertex 46.0795 24 2.8
      vertex 44.2897 20.9001 0
      vertex 44.2897 20.9001 2.8
    endloop
  endfacet
  facet normal 0 1 -0
    outer loop
      vertex 44.2897 20.9001 0
      vertex 40.7103 20.9001 2.8
      vertex 44.2897 20.9001 2.8
    endloop
  endfacet
  facet normal 0 1 0
    outer loop
      vertex 40.7103 20.9001 2.8
      vertex 44.2897 20.9001 0
      vertex 40.7103 20.9001 0
    endloop
  endfacet
  facet normal -0.98077 -0.195165 0
    outer loop
      vertex 44.1855 24.2219 2.8
      vertex 44.1421 24.44 5
      vertex 44.1421 24.44 2.8
    endloop
  endfacet
  facet normal -0.98077 -0.195165 0
    outer loop
      vertex 44.1421 24.44 5
      vertex 44.1855 24.2219 2.8
      vertex 44.1855 24.2219 5
    endloop
  endfacet
  facet normal -0.997872 -0.0652057 0
    outer loop
      vertex 44.2 24 2.8
      vertex 44.1855 24.2219 5
      vertex 44.1855 24.2219 2.8
    endloop
  endfacet
  facet normal -0.997872 -0.0652057 0
    outer loop
      vertex 44.1855 24.2219 5
      vertex 44.2 24 2.8
      vertex 44.2 24 5
    endloop
  endfacet
  facet normal 0.44253 -0.896754 0
    outer loop
      vertex 41.65 25.4722 2.8
      vertex 41.8494 25.5706 5
      vertex 41.65 25.4722 5
    endloop
  endfacet
  facet normal 0.44253 -0.896754 0
    outer loop
      vertex 41.8494 25.5706 5
      vertex 41.65 25.4722 2.8
      vertex 41.8494 25.5706 2.8
    endloop
  endfacet
  facet normal -0.555426 -0.831566 0
    outer loop
      vertex 43.35 25.4722 2.8
      vertex 43.5349 25.3487 5
      vertex 43.35 25.4722 5
    endloop
  endfacet
  facet normal -0.555426 -0.831566 -0
    outer loop
      vertex 43.5349 25.3487 5
      vertex 43.35 25.4722 2.8
      vertex 43.5349 25.3487 2.8
    endloop
  endfacet
  facet normal 0.659268 -0.751908 0
    outer loop
      vertex 41.2979 25.2021 2.8
      vertex 41.4651 25.3487 5
      vertex 41.2979 25.2021 5
    endloop
  endfacet
  facet normal 0.659268 -0.751908 0
    outer loop
      vertex 41.4651 25.3487 5
      vertex 41.2979 25.2021 2.8
      vertex 41.4651 25.3487 2.8
    endloop
  endfacet
  facet normal -0.321484 0.946915 0
    outer loop
      vertex 43.1506 22.4294 2.8
      vertex 42.94 22.3579 5
      vertex 43.1506 22.4294 5
    endloop
  endfacet
  facet normal -0.321484 0.946915 0
    outer loop
      vertex 42.94 22.3579 5
      vertex 43.1506 22.4294 2.8
      vertex 42.94 22.3579 2.8
    endloop
  endfacet
  facet normal -0.831566 0.555426 0
    outer loop
      vertex 43.8487 22.9651 2.8
      vertex 43.9722 23.15 5
      vertex 43.9722 23.15 2.8
    endloop
  endfacet
  facet normal -0.831566 0.555426 0
    outer loop
      vertex 43.9722 23.15 5
      vertex 43.8487 22.9651 2.8
      vertex 43.8487 22.9651 5
    endloop
  endfacet
  facet normal -0.946915 0.321484 0
    outer loop
      vertex 44.0706 23.3494 2.8
      vertex 44.1421 23.56 5
      vertex 44.1421 23.56 2.8
    endloop
  endfacet
  facet normal -0.946915 0.321484 0
    outer loop
      vertex 44.1421 23.56 5
      vertex 44.0706 23.3494 2.8
      vertex 44.0706 23.3494 5
    endloop
  endfacet
  facet normal -0.321484 -0.946915 0
    outer loop
      vertex 42.94 25.6421 2.8
      vertex 43.1506 25.5706 5
      vertex 42.94 25.6421 5
    endloop
  endfacet
  facet normal -0.321484 -0.946915 -0
    outer loop
      vertex 43.1506 25.5706 5
      vertex 42.94 25.6421 2.8
      vertex 43.1506 25.5706 2.8
    endloop
  endfacet
  facet normal -0.195165 -0.98077 0
    outer loop
      vertex 42.7219 25.6855 2.8
      vertex 42.94 25.6421 5
      vertex 42.7219 25.6855 5
    endloop
  endfacet
  facet normal -0.195165 -0.98077 -0
    outer loop
      vertex 42.94 25.6421 5
      vertex 42.7219 25.6855 2.8
      vertex 42.94 25.6421 2.8
    endloop
  endfacet
  facet normal 0.555426 -0.831566 0
    outer loop
      vertex 41.4651 25.3487 2.8
      vertex 41.65 25.4722 5
      vertex 41.4651 25.3487 5
    endloop
  endfacet
  facet normal 0.555426 -0.831566 0
    outer loop
      vertex 41.65 25.4722 5
      vertex 41.4651 25.3487 2.8
      vertex 41.65 25.4722 2.8
    endloop
  endfacet
  facet normal -0.896754 0.44253 0
    outer loop
      vertex 43.9722 23.15 2.8
      vertex 44.0706 23.3494 5
      vertex 44.0706 23.3494 2.8
    endloop
  endfacet
  facet normal -0.896754 0.44253 0
    outer loop
      vertex 44.0706 23.3494 5
      vertex 43.9722 23.15 2.8
      vertex 43.9722 23.15 5
    endloop
  endfacet
  facet normal -0.659268 -0.751908 0
    outer loop
      vertex 43.5349 25.3487 2.8
      vertex 43.7021 25.2021 5
      vertex 43.5349 25.3487 5
    endloop
  endfacet
  facet normal -0.659268 -0.751908 -0
    outer loop
      vertex 43.7021 25.2021 5
      vertex 43.5349 25.3487 2.8
      vertex 43.7021 25.2021 2.8
    endloop
  endfacet
  facet normal -0.555426 0.831566 0
    outer loop
      vertex 43.5349 22.6513 2.8
      vertex 43.35 22.5278 5
      vertex 43.5349 22.6513 5
    endloop
  endfacet
  facet normal -0.555426 0.831566 0
    outer loop
      vertex 43.35 22.5278 5
      vertex 43.5349 22.6513 2.8
      vertex 43.35 22.5278 2.8
    endloop
  endfacet
  facet normal -0.44253 -0.896754 0
    outer loop
      vertex 43.1506 25.5706 2.8
      vertex 43.35 25.4722 5
      vertex 43.1506 25.5706 5
    endloop
  endfacet
  facet normal -0.44253 -0.896754 -0
    outer loop
      vertex 43.35 25.4722 5
      vertex 43.1506 25.5706 2.8
      vertex 43.35 25.4722 2.8
    endloop
  endfacet
  facet normal 0.997872 -0.0652057 0
    outer loop
      vertex 40.8 24 5
      vertex 40.8145 24.2219 2.8
      vertex 40.8145 24.2219 5
    endloop
  endfacet
  facet normal 0.997872 -0.0652057 0
    outer loop
      vertex 40.8145 24.2219 2.8
      vertex 40.8 24 5
      vertex 40.8 24 2.8
    endloop
  endfacet
  facet normal 0.659268 0.751908 -0
    outer loop
      vertex 41.4651 22.6513 2.8
      vertex 41.2979 22.7979 5
      vertex 41.4651 22.6513 5
    endloop
  endfacet
  facet normal 0.659268 0.751908 0
    outer loop
      vertex 41.2979 22.7979 5
      vertex 41.4651 22.6513 2.8
      vertex 41.2979 22.7979 2.8
    endloop
  endfacet
  facet normal 0.751908 0.659268 0
    outer loop
      vertex 41.2979 22.7979 5
      vertex 41.1513 22.9651 2.8
      vertex 41.1513 22.9651 5
    endloop
  endfacet
  facet normal 0.751908 0.659268 0
    outer loop
      vertex 41.1513 22.9651 2.8
      vertex 41.2979 22.7979 5
      vertex 41.2979 22.7979 2.8
    endloop
  endfacet
  facet normal 0.831566 0.555426 0
    outer loop
      vertex 41.1513 22.9651 5
      vertex 41.0278 23.15 2.8
      vertex 41.0278 23.15 5
    endloop
  endfacet
  facet normal 0.831566 0.555426 0
    outer loop
      vertex 41.0278 23.15 2.8
      vertex 41.1513 22.9651 5
      vertex 41.1513 22.9651 2.8
    endloop
  endfacet
  facet normal -0.831566 -0.555426 0
    outer loop
      vertex 43.9722 24.85 2.8
      vertex 43.8487 25.0349 5
      vertex 43.8487 25.0349 2.8
    endloop
  endfacet
  facet normal -0.831566 -0.555426 0
    outer loop
      vertex 43.8487 25.0349 5
      vertex 43.9722 24.85 2.8
      vertex 43.9722 24.85 5
    endloop
  endfacet
  facet normal -0.195165 0.98077 0
    outer loop
      vertex 42.94 22.3579 2.8
      vertex 42.7219 22.3145 5
      vertex 42.94 22.3579 5
    endloop
  endfacet
  facet normal -0.195165 0.98077 0
    outer loop
      vertex 42.7219 22.3145 5
      vertex 42.94 22.3579 2.8
      vertex 42.7219 22.3145 2.8
    endloop
  endfacet
  facet normal -0.98077 0.195165 0
    outer loop
      vertex 44.1421 23.56 2.8
      vertex 44.1855 23.7781 5
      vertex 44.1855 23.7781 2.8
    endloop
  endfacet
  facet normal -0.98077 0.195165 0
    outer loop
      vertex 44.1855 23.7781 5
      vertex 44.1421 23.56 2.8
      vertex 44.1421 23.56 5
    endloop
  endfacet
  facet normal 0.946915 0.321484 0
    outer loop
      vertex 40.9294 23.3494 5
      vertex 40.8579 23.56 2.8
      vertex 40.8579 23.56 5
    endloop
  endfacet
  facet normal 0.946915 0.321484 0
    outer loop
      vertex 40.8579 23.56 2.8
      vertex 40.9294 23.3494 5
      vertex 40.9294 23.3494 2.8
    endloop
  endfacet
  facet normal -0.44253 0.896754 0
    outer loop
      vertex 43.35 22.5278 2.8
      vertex 43.1506 22.4294 5
      vertex 43.35 22.5278 5
    endloop
  endfacet
  facet normal -0.44253 0.896754 0
    outer loop
      vertex 43.1506 22.4294 5
      vertex 43.35 22.5278 2.8
      vertex 43.1506 22.4294 2.8
    endloop
  endfacet
  facet normal -0.0652057 -0.997872 0
    outer loop
      vertex 42.5 25.7 2.8
      vertex 42.7219 25.6855 5
      vertex 42.5 25.7 5
    endloop
  endfacet
  facet normal -0.0652057 -0.997872 -0
    outer loop
      vertex 42.7219 25.6855 5
      vertex 42.5 25.7 2.8
      vertex 42.7219 25.6855 2.8
    endloop
  endfacet
  facet normal 0.321484 -0.946915 0
    outer loop
      vertex 41.8494 25.5706 2.8
      vertex 42.06 25.6421 5
      vertex 41.8494 25.5706 5
    endloop
  endfacet
  facet normal 0.321484 -0.946915 0
    outer loop
      vertex 42.06 25.6421 5
      vertex 41.8494 25.5706 2.8
      vertex 42.06 25.6421 2.8
    endloop
  endfacet
  facet normal 0.195165 -0.98077 0
    outer loop
      vertex 42.06 25.6421 2.8
      vertex 42.2781 25.6855 5
      vertex 42.06 25.6421 5
    endloop
  endfacet
  facet normal 0.195165 -0.98077 0
    outer loop
      vertex 42.2781 25.6855 5
      vertex 42.06 25.6421 2.8
      vertex 42.2781 25.6855 2.8
    endloop
  endfacet
  facet normal -0.896754 -0.44253 0
    outer loop
      vertex 44.0706 24.6506 2.8
      vertex 43.9722 24.85 5
      vertex 43.9722 24.85 2.8
    endloop
  endfacet
  facet normal -0.896754 -0.44253 0
    outer loop
      vertex 43.9722 24.85 5
      vertex 44.0706 24.6506 2.8
      vertex 44.0706 24.6506 5
    endloop
  endfacet
  facet normal -0.997872 0.0652057 0
    outer loop
      vertex 44.1855 23.7781 2.8
      vertex 44.2 24 5
      vertex 44.2 24 2.8
    endloop
  endfacet
  facet normal -0.997872 0.0652057 0
    outer loop
      vertex 44.2 24 5
      vertex 44.1855 23.7781 2.8
      vertex 44.1855 23.7781 5
    endloop
  endfacet
  facet normal -0.0652057 0.997872 0
    outer loop
      vertex 42.7219 22.3145 2.8
      vertex 42.5 22.3 5
      vertex 42.7219 22.3145 5
    endloop
  endfacet
  facet normal -0.0652057 0.997872 0
    outer loop
      vertex 42.5 22.3 5
      vertex 42.7219 22.3145 2.8
      vertex 42.5 22.3 2.8
    endloop
  endfacet
  facet normal -0.751908 -0.659268 0
    outer loop
      vertex 43.8487 25.0349 2.8
      vertex 43.7021 25.2021 5
      vertex 43.7021 25.2021 2.8
    endloop
  endfacet
  facet normal -0.751908 -0.659268 0
    outer loop
      vertex 43.7021 25.2021 5
      vertex 43.8487 25.0349 2.8
      vertex 43.8487 25.0349 5
    endloop
  endfacet
  facet normal 0.997872 0.0652057 0
    outer loop
      vertex 40.8145 23.7781 5
      vertex 40.8 24 2.8
      vertex 40.8 24 5
    endloop
  endfacet
  facet normal 0.997872 0.0652057 0
    outer loop
      vertex 40.8 24 2.8
      vertex 40.8145 23.7781 5
      vertex 40.8145 23.7781 2.8
    endloop
  endfacet
  facet normal -0.751908 0.659268 0
    outer loop
      vertex 43.7021 22.7979 2.8
      vertex 43.8487 22.9651 5
      vertex 43.8487 22.9651 2.8
    endloop
  endfacet
  facet normal -0.751908 0.659268 0
    outer loop
      vertex 43.8487 22.9651 5
      vertex 43.7021 22.7979 2.8
      vertex 43.7021 22.7979 5
    endloop
  endfacet
  facet normal 0.751908 -0.659268 0
    outer loop
      vertex 41.1513 25.0349 5
      vertex 41.2979 25.2021 2.8
      vertex 41.2979 25.2021 5
    endloop
  endfacet
  facet normal 0.751908 -0.659268 0
    outer loop
      vertex 41.2979 25.2021 2.8
      vertex 41.1513 25.0349 5
      vertex 41.1513 25.0349 2.8
    endloop
  endfacet
  facet normal 0.831566 -0.555426 0
    outer loop
      vertex 41.0278 24.85 5
      vertex 41.1513 25.0349 2.8
      vertex 41.1513 25.0349 5
    endloop
  endfacet
  facet normal 0.831566 -0.555426 0
    outer loop
      vertex 41.1513 25.0349 2.8
      vertex 41.0278 24.85 5
      vertex 41.0278 24.85 2.8
    endloop
  endfacet
  facet normal 0.0652057 -0.997872 0
    outer loop
      vertex 42.2781 25.6855 2.8
      vertex 42.5 25.7 5
      vertex 42.2781 25.6855 5
    endloop
  endfacet
  facet normal 0.0652057 -0.997872 0
    outer loop
      vertex 42.5 25.7 5
      vertex 42.2781 25.6855 2.8
      vertex 42.5 25.7 2.8
    endloop
  endfacet
  facet normal 0.98077 0.195165 0
    outer loop
      vertex 40.8579 23.56 5
      vertex 40.8145 23.7781 2.8
      vertex 40.8145 23.7781 5
    endloop
  endfacet
  facet normal 0.98077 0.195165 0
    outer loop
      vertex 40.8145 23.7781 2.8
      vertex 40.8579 23.56 5
      vertex 40.8579 23.56 2.8
    endloop
  endfacet
  facet normal 0.321484 0.946915 -0
    outer loop
      vertex 42.06 22.3579 2.8
      vertex 41.8494 22.4294 5
      vertex 42.06 22.3579 5
    endloop
  endfacet
  facet normal 0.321484 0.946915 0
    outer loop
      vertex 41.8494 22.4294 5
      vertex 42.06 22.3579 2.8
      vertex 41.8494 22.4294 2.8
    endloop
  endfacet
  facet normal -0.946915 -0.321484 0
    outer loop
      vertex 44.1421 24.44 2.8
      vertex 44.0706 24.6506 5
      vertex 44.0706 24.6506 2.8
    endloop
  endfacet
  facet normal -0.946915 -0.321484 0
    outer loop
      vertex 44.0706 24.6506 5
      vertex 44.1421 24.44 2.8
      vertex 44.1421 24.44 5
    endloop
  endfacet
  facet normal 0.44253 0.896754 -0
    outer loop
      vertex 41.8494 22.4294 2.8
      vertex 41.65 22.5278 5
      vertex 41.8494 22.4294 5
    endloop
  endfacet
  facet normal 0.44253 0.896754 0
    outer loop
      vertex 41.65 22.5278 5
      vertex 41.8494 22.4294 2.8
      vertex 41.65 22.5278 2.8
    endloop
  endfacet
  facet normal 0.555426 0.831566 -0
    outer loop
      vertex 41.65 22.5278 2.8
      vertex 41.4651 22.6513 5
      vertex 41.65 22.5278 5
    endloop
  endfacet
  facet normal 0.555426 0.831566 0
    outer loop
      vertex 41.4651 22.6513 5
      vertex 41.65 22.5278 2.8
      vertex 41.4651 22.6513 2.8
    endloop
  endfacet
  facet normal 0.195165 0.98077 -0
    outer loop
      vertex 42.2781 22.3145 2.8
      vertex 42.06 22.3579 5
      vertex 42.2781 22.3145 5
    endloop
  endfacet
  facet normal 0.195165 0.98077 0
    outer loop
      vertex 42.06 22.3579 5
      vertex 42.2781 22.3145 2.8
      vertex 42.06 22.3579 2.8
    endloop
  endfacet
  facet normal 0.896754 -0.44253 0
    outer loop
      vertex 40.9294 24.6506 5
      vertex 41.0278 24.85 2.8
      vertex 41.0278 24.85 5
    endloop
  endfacet
  facet normal 0.896754 -0.44253 0
    outer loop
      vertex 41.0278 24.85 2.8
      vertex 40.9294 24.6506 5
      vertex 40.9294 24.6506 2.8
    endloop
  endfacet
  facet normal 0.0652057 0.997872 -0
    outer loop
      vertex 42.5 22.3 2.8
      vertex 42.2781 22.3145 5
      vertex 42.5 22.3 5
    endloop
  endfacet
  facet normal 0.0652057 0.997872 0
    outer loop
      vertex 42.2781 22.3145 5
      vertex 42.5 22.3 2.8
      vertex 42.2781 22.3145 2.8
    endloop
  endfacet
  facet normal 0.896754 0.44253 0
    outer loop
      vertex 41.0278 23.15 5
      vertex 40.9294 23.3494 2.8
      vertex 40.9294 23.3494 5
    endloop
  endfacet
  facet normal 0.896754 0.44253 0
    outer loop
      vertex 40.9294 23.3494 2.8
      vertex 41.0278 23.15 5
      vertex 41.0278 23.15 2.8
    endloop
  endfacet
  facet normal 0.98077 -0.195165 0
    outer loop
      vertex 40.8145 24.2219 5
      vertex 40.8579 24.44 2.8
      vertex 40.8579 24.44 5
    endloop
  endfacet
  facet normal 0.98077 -0.195165 0
    outer loop
      vertex 40.8579 24.44 2.8
      vertex 40.8145 24.2219 5
      vertex 40.8145 24.2219 2.8
    endloop
  endfacet
  facet normal 0.946915 -0.321484 0
    outer loop
      vertex 40.8579 24.44 5
      vertex 40.9294 24.6506 2.8
      vertex 40.9294 24.6506 5
    endloop
  endfacet
  facet normal 0.946915 -0.321484 0
    outer loop
      vertex 40.9294 24.6506 2.8
      vertex 40.8579 24.44 5
      vertex 40.8579 24.44 2.8
    endloop
  endfacet
  facet normal -0.659268 0.751908 0
    outer loop
      vertex 43.7021 22.7979 2.8
      vertex 43.5349 22.6513 5
      vertex 43.7021 22.7979 5
    endloop
  endfacet
  facet normal -0.659268 0.751908 0
    outer loop
      vertex 43.5349 22.6513 5
      vertex 43.7021 22.7979 2.8
      vertex 43.5349 22.6513 2.8
    endloop
  endfacet
  facet normal 0 -1 0
    outer loop
      vertex 42 59.0999 0
      vertex 44.2897 59.0999 2.8
      vertex 42 59.0999 2.8
    endloop
  endfacet
  facet normal 0 -1 -0
    outer loop
      vertex 44.2897 59.0999 2.8
      vertex 42 59.0999 0
      vertex 44.2897 59.0999 0
    endloop
  endfacet
  facet normal -0.866017 -0.500015 0
    outer loop
      vertex 46.0795 56 0
      vertex 44.2897 59.0999 2.8
      vertex 44.2897 59.0999 0
    endloop
  endfacet
  facet normal -0.866017 -0.500015 0
    outer loop
      vertex 44.2897 59.0999 2.8
      vertex 46.0795 56 0
      vertex 46.0795 56 2.8
    endloop
  endfacet
  facet normal 0.866017 0.500015 0
    outer loop
      vertex 40.7103 52.9001 2.8
      vertex 38.9205 56 0
      vertex 38.9205 56 2.8
    endloop
  endfacet
  facet normal 0.866017 0.500015 0
    outer loop
      vertex 38.9205 56 0
      vertex 40.7103 52.9001 2.8
      vertex 40.7103 52.9001 0
    endloop
  endfacet
  facet normal 0 0 -1
    outer loop
      vertex 43.9722 55.15 2.8
      vertex 46.0795 56 2.8
      vertex 44.2897 52.9001 2.8
    endloop
  endfacet
  facet normal 0 0 -1
    outer loop
      vertex 44.1855 56.2219 2.8
      vertex 46.0795 56 2.8
      vertex 44.2 56 2.8
    endloop
  endfacet
  facet normal -0 0 -1
    outer loop
      vertex 46.0795 56 2.8
      vertex 44.1855 55.7781 2.8
      vertex 44.2 56 2.8
    endloop
  endfacet
  facet normal 0 0 -1
    outer loop
      vertex 46.0795 56 2.8
      vertex 44.1421 55.56 2.8
      vertex 44.1855 55.7781 2.8
    endloop
  endfacet
  facet normal 0 0 -1
    outer loop
      vertex 46.0795 56 2.8
      vertex 44.0706 55.3494 2.8
      vertex 44.1421 55.56 2.8
    endloop
  endfacet
  facet normal 0 0 -1
    outer loop
      vertex 46.0795 56 2.8
      vertex 43.9722 55.15 2.8
      vertex 44.0706 55.3494 2.8
    endloop
  endfacet
  facet normal 0 0 -1
    outer loop
      vertex 44.2897 52.9001 2.8
      vertex 43.8487 54.9651 2.8
      vertex 43.9722 55.15 2.8
    endloop
  endfacet
  facet normal 0 0 -1
    outer loop
      vertex 44.2897 52.9001 2.8
      vertex 43.7021 54.7979 2.8
      vertex 43.8487 54.9651 2.8
    endloop
  endfacet
  facet normal 0 0 -1
    outer loop
      vertex 44.2897 52.9001 2.8
      vertex 43.5349 54.6513 2.8
      vertex 43.7021 54.7979 2.8
    endloop
  endfacet
  facet normal 0 0 -1
    outer loop
      vertex 44.2897 52.9001 2.8
      vertex 43.35 54.5278 2.8
      vertex 43.5349 54.6513 2.8
    endloop
  endfacet
  facet normal 0 0 -1
    outer loop
      vertex 44.2897 52.9001 2.8
      vertex 43.1506 54.4294 2.8
      vertex 43.35 54.5278 2.8
    endloop
  endfacet
  facet normal 0 0 -1
    outer loop
      vertex 44.2897 52.9001 2.8
      vertex 42.94 54.3579 2.8
      vertex 43.1506 54.4294 2.8
    endloop
  endfacet
  facet normal 0 0 -1
    outer loop
      vertex 44.2897 52.9001 2.8
      vertex 42.7219 54.3145 2.8
      vertex 42.94 54.3579 2.8
    endloop
  endfacet
  facet normal 0 0 -1
    outer loop
      vertex 44.2897 52.9001 2.8
      vertex 42.5 54.3 2.8
      vertex 42.7219 54.3145 2.8
    endloop
  endfacet
  facet normal 0 0 -1
    outer loop
      vertex 40.7103 52.9001 2.8
      vertex 42.5 54.3 2.8
      vertex 44.2897 52.9001 2.8
    endloop
  endfacet
  facet normal -0 0 -1
    outer loop
      vertex 42.5 54.3 2.8
      vertex 40.7103 52.9001 2.8
      vertex 42.2781 54.3145 2.8
    endloop
  endfacet
  facet normal -0 0 -1
    outer loop
      vertex 42.2781 54.3145 2.8
      vertex 40.7103 52.9001 2.8
      vertex 42.06 54.3579 2.8
    endloop
  endfacet
  facet normal -0 0 -1
    outer loop
      vertex 42.06 54.3579 2.8
      vertex 40.7103 52.9001 2.8
      vertex 41.8494 54.4294 2.8
    endloop
  endfacet
  facet normal -0 0 -1
    outer loop
      vertex 41.8494 54.4294 2.8
      vertex 40.7103 52.9001 2.8
      vertex 41.65 54.5278 2.8
    endloop
  endfacet
  facet normal 0 0 -1
    outer loop
      vertex 40.7103 52.9001 2.8
      vertex 41.4651 54.6513 2.8
      vertex 41.65 54.5278 2.8
    endloop
  endfacet
  facet normal 0 0 -1
    outer loop
      vertex 40.7103 52.9001 2.8
      vertex 41.2979 54.7979 2.8
      vertex 41.4651 54.6513 2.8
    endloop
  endfacet
  facet normal 0 0 -1
    outer loop
      vertex 40.7103 52.9001 2.8
      vertex 41.1513 54.9651 2.8
      vertex 41.2979 54.7979 2.8
    endloop
  endfacet
  facet normal 0 0 -1
    outer loop
      vertex 40.7103 52.9001 2.8
      vertex 41.0278 55.15 2.8
      vertex 41.1513 54.9651 2.8
    endloop
  endfacet
  facet normal 0 0 -1
    outer loop
      vertex 38.9205 56 2.8
      vertex 41.0278 55.15 2.8
      vertex 40.7103 52.9001 2.8
    endloop
  endfacet
  facet normal 0 0 -1
    outer loop
      vertex 41.0278 55.15 2.8
      vertex 38.9205 56 2.8
      vertex 40.9294 55.3494 2.8
    endloop
  endfacet
  facet normal 0 0 -1
    outer loop
      vertex 40.9294 55.3494 2.8
      vertex 38.9205 56 2.8
      vertex 40.8579 55.56 2.8
    endloop
  endfacet
  facet normal 0 0 -1
    outer loop
      vertex 40.8579 55.56 2.8
      vertex 38.9205 56 2.8
      vertex 40.8145 55.7781 2.8
    endloop
  endfacet
  facet normal 0 0 -1
    outer loop
      vertex 40.8145 55.7781 2.8
      vertex 38.9205 56 2.8
      vertex 40.8 56 2.8
    endloop
  endfacet
  facet normal 0 0 -1
    outer loop
      vertex 44.1421 56.44 2.8
      vertex 46.0795 56 2.8
      vertex 44.1855 56.2219 2.8
    endloop
  endfacet
  facet normal 0 0 -1
    outer loop
      vertex 44.0706 56.6506 2.8
      vertex 46.0795 56 2.8
      vertex 44.1421 56.44 2.8
    endloop
  endfacet
  facet normal 0 0 -1
    outer loop
      vertex 43.9722 56.85 2.8
      vertex 46.0795 56 2.8
      vertex 44.0706 56.6506 2.8
    endloop
  endfacet
  facet normal 0 0 -1
    outer loop
      vertex 46.0795 56 2.8
      vertex 43.9722 56.85 2.8
      vertex 44.2897 59.0999 2.8
    endloop
  endfacet
  facet normal 0 0 -1
    outer loop
      vertex 43.8487 57.0349 2.8
      vertex 44.2897 59.0999 2.8
      vertex 43.9722 56.85 2.8
    endloop
  endfacet
  facet normal 0 0 -1
    outer loop
      vertex 43.7021 57.2021 2.8
      vertex 44.2897 59.0999 2.8
      vertex 43.8487 57.0349 2.8
    endloop
  endfacet
  facet normal 0 0 -1
    outer loop
      vertex 43.5349 57.3487 2.8
      vertex 44.2897 59.0999 2.8
      vertex 43.7021 57.2021 2.8
    endloop
  endfacet
  facet normal 0 0 -1
    outer loop
      vertex 43.35 57.4722 2.8
      vertex 44.2897 59.0999 2.8
      vertex 43.5349 57.3487 2.8
    endloop
  endfacet
  facet normal 0 0 -1
    outer loop
      vertex 43.1506 57.5706 2.8
      vertex 44.2897 59.0999 2.8
      vertex 43.35 57.4722 2.8
    endloop
  endfacet
  facet normal 0 0 -1
    outer loop
      vertex 42.94 57.6421 2.8
      vertex 44.2897 59.0999 2.8
      vertex 43.1506 57.5706 2.8
    endloop
  endfacet
  facet normal 0 0 -1
    outer loop
      vertex 42 59.0999 2.8
      vertex 42.94 57.6421 2.8
      vertex 42.7219 57.6855 2.8
    endloop
  endfacet
  facet normal 0 0 -1
    outer loop
      vertex 42 59.0999 2.8
      vertex 42.7219 57.6855 2.8
      vertex 42.5 57.7 2.8
    endloop
  endfacet
  facet normal 0 0 -1
    outer loop
      vertex 42 59.0999 2.8
      vertex 42.5 57.7 2.8
      vertex 42.2781 57.6855 2.8
    endloop
  endfacet
  facet normal 0 0 -1
    outer loop
      vertex 42 59.0999 2.8
      vertex 42.2781 57.6855 2.8
      vertex 42.06 57.6421 2.8
    endloop
  endfacet
  facet normal 0 0 -1
    outer loop
      vertex 42 59.0999 2.8
      vertex 42.06 57.6421 2.8
      vertex 42 57.6217 2.8
    endloop
  endfacet
  facet normal 0 0 -1
    outer loop
      vertex 42.94 57.6421 2.8
      vertex 42 59.0999 2.8
      vertex 44.2897 59.0999 2.8
    endloop
  endfacet
  facet normal -0.866017 0.500015 0
    outer loop
      vertex 44.2897 52.9001 0
      vertex 46.0795 56 2.8
      vertex 46.0795 56 0
    endloop
  endfacet
  facet normal -0.866017 0.500015 0
    outer loop
      vertex 46.0795 56 2.8
      vertex 44.2897 52.9001 0
      vertex 44.2897 52.9001 2.8
    endloop
  endfacet
  facet normal 0 1 -0
    outer loop
      vertex 44.2897 52.9001 0
      vertex 40.7103 52.9001 2.8
      vertex 44.2897 52.9001 2.8
    endloop
  endfacet
  facet normal 0 1 0
    outer loop
      vertex 40.7103 52.9001 2.8
      vertex 44.2897 52.9001 0
      vertex 40.7103 52.9001 0
    endloop
  endfacet
  facet normal -0.98077 -0.195165 0
    outer loop
      vertex 44.1855 56.2219 2.8
      vertex 44.1421 56.44 5
      vertex 44.1421 56.44 2.8
    endloop
  endfacet
  facet normal -0.98077 -0.195165 0
    outer loop
      vertex 44.1421 56.44 5
      vertex 44.1855 56.2219 2.8
      vertex 44.1855 56.2219 5
    endloop
  endfacet
  facet normal -0.997872 -0.0652057 0
    outer loop
      vertex 44.2 56 2.8
      vertex 44.1855 56.2219 5
      vertex 44.1855 56.2219 2.8
    endloop
  endfacet
  facet normal -0.997872 -0.0652057 0
    outer loop
      vertex 44.1855 56.2219 5
      vertex 44.2 56 2.8
      vertex 44.2 56 5
    endloop
  endfacet
  facet normal 0.0652057 0.997872 -0
    outer loop
      vertex 42.5 54.3 2.8
      vertex 42.2781 54.3145 5
      vertex 42.5 54.3 5
    endloop
  endfacet
  facet normal 0.0652057 0.997872 0
    outer loop
      vertex 42.2781 54.3145 5
      vertex 42.5 54.3 2.8
      vertex 42.2781 54.3145 2.8
    endloop
  endfacet
  facet normal -0.555426 -0.831566 0
    outer loop
      vertex 43.35 57.4722 2.8
      vertex 43.5349 57.3487 5
      vertex 43.35 57.4722 5
    endloop
  endfacet
  facet normal -0.555426 -0.831566 -0
    outer loop
      vertex 43.5349 57.3487 5
      vertex 43.35 57.4722 2.8
      vertex 43.5349 57.3487 2.8
    endloop
  endfacet
  facet normal -0.321484 0.946915 0
    outer loop
      vertex 43.1506 54.4294 2.8
      vertex 42.94 54.3579 5
      vertex 43.1506 54.4294 5
    endloop
  endfacet
  facet normal -0.321484 0.946915 0
    outer loop
      vertex 42.94 54.3579 5
      vertex 43.1506 54.4294 2.8
      vertex 42.94 54.3579 2.8
    endloop
  endfacet
  facet normal -0.946915 0.321484 0
    outer loop
      vertex 44.0706 55.3494 2.8
      vertex 44.1421 55.56 5
      vertex 44.1421 55.56 2.8
    endloop
  endfacet
  facet normal -0.946915 0.321484 0
    outer loop
      vertex 44.1421 55.56 5
      vertex 44.0706 55.3494 2.8
      vertex 44.0706 55.3494 5
    endloop
  endfacet
  facet normal -0.321484 -0.946915 0
    outer loop
      vertex 42.94 57.6421 2.8
      vertex 43.1506 57.5706 5
      vertex 42.94 57.6421 5
    endloop
  endfacet
  facet normal -0.321484 -0.946915 -0
    outer loop
      vertex 43.1506 57.5706 5
      vertex 42.94 57.6421 2.8
      vertex 43.1506 57.5706 2.8
    endloop
  endfacet
  facet normal -0.896754 0.44253 0
    outer loop
      vertex 43.9722 55.15 2.8
      vertex 44.0706 55.3494 5
      vertex 44.0706 55.3494 2.8
    endloop
  endfacet
  facet normal -0.896754 0.44253 0
    outer loop
      vertex 44.0706 55.3494 5
      vertex 43.9722 55.15 2.8
      vertex 43.9722 55.15 5
    endloop
  endfacet
  facet normal -0.659268 -0.751908 0
    outer loop
      vertex 43.5349 57.3487 2.8
      vertex 43.7021 57.2021 5
      vertex 43.5349 57.3487 5
    endloop
  endfacet
  facet normal -0.659268 -0.751908 -0
    outer loop
      vertex 43.7021 57.2021 5
      vertex 43.5349 57.3487 2.8
      vertex 43.7021 57.2021 2.8
    endloop
  endfacet
  facet normal -0.555426 0.831566 0
    outer loop
      vertex 43.5349 54.6513 2.8
      vertex 43.35 54.5278 5
      vertex 43.5349 54.6513 5
    endloop
  endfacet
  facet normal -0.555426 0.831566 0
    outer loop
      vertex 43.35 54.5278 5
      vertex 43.5349 54.6513 2.8
      vertex 43.35 54.5278 2.8
    endloop
  endfacet
  facet normal -0.44253 -0.896754 0
    outer loop
      vertex 43.1506 57.5706 2.8
      vertex 43.35 57.4722 5
      vertex 43.1506 57.5706 5
    endloop
  endfacet
  facet normal -0.44253 -0.896754 -0
    outer loop
      vertex 43.35 57.4722 5
      vertex 43.1506 57.5706 2.8
      vertex 43.35 57.4722 2.8
    endloop
  endfacet
  facet normal 0.659268 0.751908 -0
    outer loop
      vertex 41.4651 54.6513 2.8
      vertex 41.2979 54.7979 5
      vertex 41.4651 54.6513 5
    endloop
  endfacet
  facet normal 0.659268 0.751908 0
    outer loop
      vertex 41.2979 54.7979 5
      vertex 41.4651 54.6513 2.8
      vertex 41.2979 54.7979 2.8
    endloop
  endfacet
  facet normal 0.751908 0.659268 0
    outer loop
      vertex 41.2979 54.7979 5
      vertex 41.1513 54.9651 2.8
      vertex 41.1513 54.9651 5
    endloop
  endfacet
  facet normal 0.751908 0.659268 0
    outer loop
      vertex 41.1513 54.9651 2.8
      vertex 41.2979 54.7979 5
      vertex 41.2979 54.7979 2.8
    endloop
  endfacet
  facet normal 0.831566 0.555426 0
    outer loop
      vertex 41.1513 54.9651 5
      vertex 41.0278 55.15 2.8
      vertex 41.0278 55.15 5
    endloop
  endfacet
  facet normal 0.831566 0.555426 0
    outer loop
      vertex 41.0278 55.15 2.8
      vertex 41.1513 54.9651 5
      vertex 41.1513 54.9651 2.8
    endloop
  endfacet
  facet normal -0.831566 -0.555426 0
    outer loop
      vertex 43.9722 56.85 2.8
      vertex 43.8487 57.0349 5
      vertex 43.8487 57.0349 2.8
    endloop
  endfacet
  facet normal -0.831566 -0.555426 0
    outer loop
      vertex 43.8487 57.0349 5
      vertex 43.9722 56.85 2.8
      vertex 43.9722 56.85 5
    endloop
  endfacet
  facet normal -0.195165 0.98077 0
    outer loop
      vertex 42.94 54.3579 2.8
      vertex 42.7219 54.3145 5
      vertex 42.94 54.3579 5
    endloop
  endfacet
  facet normal -0.195165 0.98077 0
    outer loop
      vertex 42.7219 54.3145 5
      vertex 42.94 54.3579 2.8
      vertex 42.7219 54.3145 2.8
    endloop
  endfacet
  facet normal -0.98077 0.195165 0
    outer loop
      vertex 44.1421 55.56 2.8
      vertex 44.1855 55.7781 5
      vertex 44.1855 55.7781 2.8
    endloop
  endfacet
  facet normal -0.98077 0.195165 0
    outer loop
      vertex 44.1855 55.7781 5
      vertex 44.1421 55.56 2.8
      vertex 44.1421 55.56 5
    endloop
  endfacet
  facet normal 0.946915 0.321484 0
    outer loop
      vertex 40.9294 55.3494 5
      vertex 40.8579 55.56 2.8
      vertex 40.8579 55.56 5
    endloop
  endfacet
  facet normal 0.946915 0.321484 0
    outer loop
      vertex 40.8579 55.56 2.8
      vertex 40.9294 55.3494 5
      vertex 40.9294 55.3494 2.8
    endloop
  endfacet
  facet normal -0.44253 0.896754 0
    outer loop
      vertex 43.35 54.5278 2.8
      vertex 43.1506 54.4294 5
      vertex 43.35 54.5278 5
    endloop
  endfacet
  facet normal -0.44253 0.896754 0
    outer loop
      vertex 43.1506 54.4294 5
      vertex 43.35 54.5278 2.8
      vertex 43.1506 54.4294 2.8
    endloop
  endfacet
  facet normal 0.555426 0.831566 -0
    outer loop
      vertex 41.65 54.5278 2.8
      vertex 41.4651 54.6513 5
      vertex 41.65 54.5278 5
    endloop
  endfacet
  facet normal 0.555426 0.831566 0
    outer loop
      vertex 41.4651 54.6513 5
      vertex 41.65 54.5278 2.8
      vertex 41.4651 54.6513 2.8
    endloop
  endfacet
  facet normal 0.321903 -0.946773 0
    outer loop
      vertex 42 57.6217 2.8
      vertex 42.06 57.6421 5
      vertex 42 57.6217 5
    endloop
  endfacet
  facet normal 0.321903 -0.946773 0
    outer loop
      vertex 42.06 57.6421 5
      vertex 42 57.6217 2.8
      vertex 42.06 57.6421 2.8
    endloop
  endfacet
  facet normal -0.195165 -0.98077 0
    outer loop
      vertex 42.7219 57.6855 2.8
      vertex 42.94 57.6421 5
      vertex 42.7219 57.6855 5
    endloop
  endfacet
  facet normal -0.195165 -0.98077 -0
    outer loop
      vertex 42.94 57.6421 5
      vertex 42.7219 57.6855 2.8
      vertex 42.94 57.6421 2.8
    endloop
  endfacet
  facet normal 0.195165 -0.98077 0
    outer loop
      vertex 42.06 57.6421 2.8
      vertex 42.2781 57.6855 5
      vertex 42.06 57.6421 5
    endloop
  endfacet
  facet normal 0.195165 -0.98077 0
    outer loop
      vertex 42.2781 57.6855 5
      vertex 42.06 57.6421 2.8
      vertex 42.2781 57.6855 2.8
    endloop
  endfacet
  facet normal -0.896754 -0.44253 0
    outer loop
      vertex 44.0706 56.6506 2.8
      vertex 43.9722 56.85 5
      vertex 43.9722 56.85 2.8
    endloop
  endfacet
  facet normal -0.896754 -0.44253 0
    outer loop
      vertex 43.9722 56.85 5
      vertex 44.0706 56.6506 2.8
      vertex 44.0706 56.6506 5
    endloop
  endfacet
  facet normal -0.997872 0.0652057 0
    outer loop
      vertex 44.1855 55.7781 2.8
      vertex 44.2 56 5
      vertex 44.2 56 2.8
    endloop
  endfacet
  facet normal -0.997872 0.0652057 0
    outer loop
      vertex 44.2 56 5
      vertex 44.1855 55.7781 2.8
      vertex 44.1855 55.7781 5
    endloop
  endfacet
  facet normal 0.44253 0.896754 -0
    outer loop
      vertex 41.8494 54.4294 2.8
      vertex 41.65 54.5278 5
      vertex 41.8494 54.4294 5
    endloop
  endfacet
  facet normal 0.44253 0.896754 0
    outer loop
      vertex 41.65 54.5278 5
      vertex 41.8494 54.4294 2.8
      vertex 41.65 54.5278 2.8
    endloop
  endfacet
  facet normal -0.0652057 0.997872 0
    outer loop
      vertex 42.7219 54.3145 2.8
      vertex 42.5 54.3 5
      vertex 42.7219 54.3145 5
    endloop
  endfacet
  facet normal -0.0652057 0.997872 0
    outer loop
      vertex 42.5 54.3 5
      vertex 42.7219 54.3145 2.8
      vertex 42.5 54.3 2.8
    endloop
  endfacet
  facet normal -0.0652057 -0.997872 0
    outer loop
      vertex 42.5 57.7 2.8
      vertex 42.7219 57.6855 5
      vertex 42.5 57.7 5
    endloop
  endfacet
  facet normal -0.0652057 -0.997872 -0
    outer loop
      vertex 42.7219 57.6855 5
      vertex 42.5 57.7 2.8
      vertex 42.7219 57.6855 2.8
    endloop
  endfacet
  facet normal -0.751908 -0.659268 0
    outer loop
      vertex 43.8487 57.0349 2.8
      vertex 43.7021 57.2021 5
      vertex 43.7021 57.2021 2.8
    endloop
  endfacet
  facet normal -0.751908 -0.659268 0
    outer loop
      vertex 43.7021 57.2021 5
      vertex 43.8487 57.0349 2.8
      vertex 43.8487 57.0349 5
    endloop
  endfacet
  facet normal 0.997872 0.0652057 0
    outer loop
      vertex 40.8145 55.7781 5
      vertex 40.8 56 2.8
      vertex 40.8 56 5
    endloop
  endfacet
  facet normal 0.997872 0.0652057 0
    outer loop
      vertex 40.8 56 2.8
      vertex 40.8145 55.7781 5
      vertex 40.8145 55.7781 2.8
    endloop
  endfacet
  facet normal -0.751908 0.659268 0
    outer loop
      vertex 43.7021 54.7979 2.8
      vertex 43.8487 54.9651 5
      vertex 43.8487 54.9651 2.8
    endloop
  endfacet
  facet normal -0.751908 0.659268 0
    outer loop
      vertex 43.8487 54.9651 5
      vertex 43.7021 54.7979 2.8
      vertex 43.7021 54.7979 5
    endloop
  endfacet
  facet normal 0.0652057 -0.997872 0
    outer loop
      vertex 42.2781 57.6855 2.8
      vertex 42.5 57.7 5
      vertex 42.2781 57.6855 5
    endloop
  endfacet
  facet normal 0.0652057 -0.997872 0
    outer loop
      vertex 42.5 57.7 5
      vertex 42.2781 57.6855 2.8
      vertex 42.5 57.7 2.8
    endloop
  endfacet
  facet normal 0.98077 0.195165 0
    outer loop
      vertex 40.8579 55.56 5
      vertex 40.8145 55.7781 2.8
      vertex 40.8145 55.7781 5
    endloop
  endfacet
  facet normal 0.98077 0.195165 0
    outer loop
      vertex 40.8145 55.7781 2.8
      vertex 40.8579 55.56 5
      vertex 40.8579 55.56 2.8
    endloop
  endfacet
  facet normal 0.321484 0.946915 -0
    outer loop
      vertex 42.06 54.3579 2.8
      vertex 41.8494 54.4294 5
      vertex 42.06 54.3579 5
    endloop
  endfacet
  facet normal 0.321484 0.946915 0
    outer loop
      vertex 41.8494 54.4294 5
      vertex 42.06 54.3579 2.8
      vertex 41.8494 54.4294 2.8
    endloop
  endfacet
  facet normal -0.946915 -0.321484 0
    outer loop
      vertex 44.1421 56.44 2.8
      vertex 44.0706 56.6506 5
      vertex 44.0706 56.6506 2.8
    endloop
  endfacet
  facet normal -0.946915 -0.321484 0
    outer loop
      vertex 44.0706 56.6506 5
      vertex 44.1421 56.44 2.8
      vertex 44.1421 56.44 5
    endloop
  endfacet
  facet normal -0.831566 0.555426 0
    outer loop
      vertex 43.8487 54.9651 2.8
      vertex 43.9722 55.15 5
      vertex 43.9722 55.15 2.8
    endloop
  endfacet
  facet normal -0.831566 0.555426 0
    outer loop
      vertex 43.9722 55.15 5
      vertex 43.8487 54.9651 2.8
      vertex 43.8487 54.9651 5
    endloop
  endfacet
  facet normal 0.896754 0.44253 0
    outer loop
      vertex 41.0278 55.15 5
      vertex 40.9294 55.3494 2.8
      vertex 40.9294 55.3494 5
    endloop
  endfacet
  facet normal 0.896754 0.44253 0
    outer loop
      vertex 40.9294 55.3494 2.8
      vertex 41.0278 55.15 5
      vertex 41.0278 55.15 2.8
    endloop
  endfacet
  facet normal -0.659268 0.751908 0
    outer loop
      vertex 43.7021 54.7979 2.8
      vertex 43.5349 54.6513 5
      vertex 43.7021 54.7979 5
    endloop
  endfacet
  facet normal -0.659268 0.751908 0
    outer loop
      vertex 43.5349 54.6513 5
      vertex 43.7021 54.7979 2.8
      vertex 43.5349 54.6513 2.8
    endloop
  endfacet
  facet normal 0.195165 0.98077 -0
    outer loop
      vertex 42.2781 54.3145 2.8
      vertex 42.06 54.3579 5
      vertex 42.2781 54.3145 5
    endloop
  endfacet
  facet normal 0.195165 0.98077 0
    outer loop
      vertex 42.06 54.3579 5
      vertex 42.2781 54.3145 2.8
      vertex 42.06 54.3579 2.8
    endloop
  endfacet
  facet normal 0 -1 0
    outer loop
      vertex 91.2103 14.0999 0
      vertex 94.7897 14.0999 2.8
      vertex 91.2103 14.0999 2.8
    endloop
  endfacet
  facet normal 0 -1 -0
    outer loop
      vertex 94.7897 14.0999 2.8
      vertex 91.2103 14.0999 0
      vertex 94.7897 14.0999 0
    endloop
  endfacet
  facet normal -0.866017 -0.500015 0
    outer loop
      vertex 96.5795 11 0
      vertex 94.7897 14.0999 2.8
      vertex 94.7897 14.0999 0
    endloop
  endfacet
  facet normal -0.866017 -0.500015 0
    outer loop
      vertex 94.7897 14.0999 2.8
      vertex 96.5795 11 0
      vertex 96.5795 11 2.8
    endloop
  endfacet
  facet normal 0.866017 -0.500015 0
    outer loop
      vertex 89.4205 11 2.8
      vertex 91.2103 14.0999 0
      vertex 91.2103 14.0999 2.8
    endloop
  endfacet
  facet normal 0.866017 -0.500015 0
    outer loop
      vertex 91.2103 14.0999 0
      vertex 89.4205 11 2.8
      vertex 89.4205 11 0
    endloop
  endfacet
  facet normal 0.866019 0.50001 0
    outer loop
      vertex 91.2103 7.90006 2.8
      vertex 89.4205 11 0
      vertex 89.4205 11 2.8
    endloop
  endfacet
  facet normal 0.866019 0.50001 0
    outer loop
      vertex 89.4205 11 0
      vertex 91.2103 7.90006 2.8
      vertex 91.2103 7.90006 0
    endloop
  endfacet
  facet normal 0 0 -1
    outer loop
      vertex 94.4722 10.15 2.8
      vertex 96.5795 11 2.8
      vertex 94.7897 7.90006 2.8
    endloop
  endfacet
  facet normal 0 0 -1
    outer loop
      vertex 94.6855 11.2219 2.8
      vertex 96.5795 11 2.8
      vertex 94.7 11 2.8
    endloop
  endfacet
  facet normal -0 0 -1
    outer loop
      vertex 96.5795 11 2.8
      vertex 94.6855 10.7781 2.8
      vertex 94.7 11 2.8
    endloop
  endfacet
  facet normal 0 0 -1
    outer loop
      vertex 96.5795 11 2.8
      vertex 94.6421 10.56 2.8
      vertex 94.6855 10.7781 2.8
    endloop
  endfacet
  facet normal 0 0 -1
    outer loop
      vertex 96.5795 11 2.8
      vertex 94.5706 10.3494 2.8
      vertex 94.6421 10.56 2.8
    endloop
  endfacet
  facet normal 0 0 -1
    outer loop
      vertex 96.5795 11 2.8
      vertex 94.4722 10.15 2.8
      vertex 94.5706 10.3494 2.8
    endloop
  endfacet
  facet normal 0 0 -1
    outer loop
      vertex 94.7897 7.90006 2.8
      vertex 94.3487 9.96511 2.8
      vertex 94.4722 10.15 2.8
    endloop
  endfacet
  facet normal 0 0 -1
    outer loop
      vertex 94.7897 7.90006 2.8
      vertex 94.2021 9.79792 2.8
      vertex 94.3487 9.96511 2.8
    endloop
  endfacet
  facet normal 0 0 -1
    outer loop
      vertex 94.7897 7.90006 2.8
      vertex 94.0349 9.6513 2.8
      vertex 94.2021 9.79792 2.8
    endloop
  endfacet
  facet normal 0 0 -1
    outer loop
      vertex 94.7897 7.90006 2.8
      vertex 93.85 9.52776 2.8
      vertex 94.0349 9.6513 2.8
    endloop
  endfacet
  facet normal 0 0 -1
    outer loop
      vertex 94.7897 7.90006 2.8
      vertex 93.6506 9.4294 2.8
      vertex 93.85 9.52776 2.8
    endloop
  endfacet
  facet normal 0 0 -1
    outer loop
      vertex 94.7897 7.90006 2.8
      vertex 93.44 9.35793 2.8
      vertex 93.6506 9.4294 2.8
    endloop
  endfacet
  facet normal 0 0 -1
    outer loop
      vertex 94.7897 7.90006 2.8
      vertex 93.2219 9.31454 2.8
      vertex 93.44 9.35793 2.8
    endloop
  endfacet
  facet normal 0 0 -1
    outer loop
      vertex 94.7897 7.90006 2.8
      vertex 93 9.3 2.8
      vertex 93.2219 9.31454 2.8
    endloop
  endfacet
  facet normal 0 0 -1
    outer loop
      vertex 91.2103 7.90006 2.8
      vertex 93 9.3 2.8
      vertex 94.7897 7.90006 2.8
    endloop
  endfacet
  facet normal -0 0 -1
    outer loop
      vertex 93 9.3 2.8
      vertex 91.2103 7.90006 2.8
      vertex 92.7781 9.31454 2.8
    endloop
  endfacet
  facet normal -0 0 -1
    outer loop
      vertex 92.7781 9.31454 2.8
      vertex 91.2103 7.90006 2.8
      vertex 92.56 9.35793 2.8
    endloop
  endfacet
  facet normal -0 0 -1
    outer loop
      vertex 92.56 9.35793 2.8
      vertex 91.2103 7.90006 2.8
      vertex 92.3494 9.4294 2.8
    endloop
  endfacet
  facet normal 0 0 -1
    outer loop
      vertex 91.3579 10.56 2.8
      vertex 89.4205 11 2.8
      vertex 91.3145 10.7781 2.8
    endloop
  endfacet
  facet normal 0 0 -1
    outer loop
      vertex 91.4294 10.3494 2.8
      vertex 89.4205 11 2.8
      vertex 91.3579 10.56 2.8
    endloop
  endfacet
  facet normal 0 0 -1
    outer loop
      vertex 91.5278 10.15 2.8
      vertex 89.4205 11 2.8
      vertex 91.4294 10.3494 2.8
    endloop
  endfacet
  facet normal 0 0 -1
    outer loop
      vertex 89.4205 11 2.8
      vertex 91.5278 10.15 2.8
      vertex 91.2103 7.90006 2.8
    endloop
  endfacet
  facet normal -0 0 -1
    outer loop
      vertex 91.6513 9.96511 2.8
      vertex 91.2103 7.90006 2.8
      vertex 91.5278 10.15 2.8
    endloop
  endfacet
  facet normal -0 0 -1
    outer loop
      vertex 91.7979 9.79792 2.8
      vertex 91.2103 7.90006 2.8
      vertex 91.6513 9.96511 2.8
    endloop
  endfacet
  facet normal -0 0 -1
    outer loop
      vertex 91.9651 9.6513 2.8
      vertex 91.2103 7.90006 2.8
      vertex 91.7979 9.79792 2.8
    endloop
  endfacet
  facet normal -0 0 -1
    outer loop
      vertex 92.15 9.52776 2.8
      vertex 91.2103 7.90006 2.8
      vertex 91.9651 9.6513 2.8
    endloop
  endfacet
  facet normal -0 0 -1
    outer loop
      vertex 92.3494 9.4294 2.8
      vertex 91.2103 7.90006 2.8
      vertex 92.15 9.52776 2.8
    endloop
  endfacet
  facet normal 0 0 -1
    outer loop
      vertex 94.6421 11.44 2.8
      vertex 96.5795 11 2.8
      vertex 94.6855 11.2219 2.8
    endloop
  endfacet
  facet normal 0 0 -1
    outer loop
      vertex 94.5706 11.6506 2.8
      vertex 96.5795 11 2.8
      vertex 94.6421 11.44 2.8
    endloop
  endfacet
  facet normal 0 0 -1
    outer loop
      vertex 94.4722 11.85 2.8
      vertex 96.5795 11 2.8
      vertex 94.5706 11.6506 2.8
    endloop
  endfacet
  facet normal 0 0 -1
    outer loop
      vertex 96.5795 11 2.8
      vertex 94.4722 11.85 2.8
      vertex 94.7897 14.0999 2.8
    endloop
  endfacet
  facet normal 0 0 -1
    outer loop
      vertex 94.3487 12.0349 2.8
      vertex 94.7897 14.0999 2.8
      vertex 94.4722 11.85 2.8
    endloop
  endfacet
  facet normal 0 0 -1
    outer loop
      vertex 94.2021 12.2021 2.8
      vertex 94.7897 14.0999 2.8
      vertex 94.3487 12.0349 2.8
    endloop
  endfacet
  facet normal 0 0 -1
    outer loop
      vertex 94.0349 12.3487 2.8
      vertex 94.7897 14.0999 2.8
      vertex 94.2021 12.2021 2.8
    endloop
  endfacet
  facet normal 0 0 -1
    outer loop
      vertex 93.85 12.4722 2.8
      vertex 94.7897 14.0999 2.8
      vertex 94.0349 12.3487 2.8
    endloop
  endfacet
  facet normal 0 0 -1
    outer loop
      vertex 93.6506 12.5706 2.8
      vertex 94.7897 14.0999 2.8
      vertex 93.85 12.4722 2.8
    endloop
  endfacet
  facet normal 0 0 -1
    outer loop
      vertex 93.44 12.6421 2.8
      vertex 94.7897 14.0999 2.8
      vertex 93.6506 12.5706 2.8
    endloop
  endfacet
  facet normal 0 0 -1
    outer loop
      vertex 93.2219 12.6855 2.8
      vertex 94.7897 14.0999 2.8
      vertex 93.44 12.6421 2.8
    endloop
  endfacet
  facet normal 0 0 -1
    outer loop
      vertex 93 12.7 2.8
      vertex 94.7897 14.0999 2.8
      vertex 93.2219 12.6855 2.8
    endloop
  endfacet
  facet normal 0 0 -1
    outer loop
      vertex 91.2103 14.0999 2.8
      vertex 93 12.7 2.8
      vertex 92.7781 12.6855 2.8
    endloop
  endfacet
  facet normal 0 0 -1
    outer loop
      vertex 91.2103 14.0999 2.8
      vertex 92.7781 12.6855 2.8
      vertex 92.56 12.6421 2.8
    endloop
  endfacet
  facet normal 0 0 -1
    outer loop
      vertex 91.2103 14.0999 2.8
      vertex 92.56 12.6421 2.8
      vertex 92.3494 12.5706 2.8
    endloop
  endfacet
  facet normal 0 0 -1
    outer loop
      vertex 91.2103 14.0999 2.8
      vertex 92.3494 12.5706 2.8
      vertex 92.15 12.4722 2.8
    endloop
  endfacet
  facet normal 0 0 -1
    outer loop
      vertex 93 12.7 2.8
      vertex 91.2103 14.0999 2.8
      vertex 94.7897 14.0999 2.8
    endloop
  endfacet
  facet normal 0 0 -1
    outer loop
      vertex 91.9651 12.3487 2.8
      vertex 91.2103 14.0999 2.8
      vertex 92.15 12.4722 2.8
    endloop
  endfacet
  facet normal 0 0 -1
    outer loop
      vertex 91.7979 12.2021 2.8
      vertex 91.2103 14.0999 2.8
      vertex 91.9651 12.3487 2.8
    endloop
  endfacet
  facet normal 0 0 -1
    outer loop
      vertex 91.6513 12.0349 2.8
      vertex 91.2103 14.0999 2.8
      vertex 91.7979 12.2021 2.8
    endloop
  endfacet
  facet normal 0 0 -1
    outer loop
      vertex 91.5278 11.85 2.8
      vertex 91.2103 14.0999 2.8
      vertex 91.6513 12.0349 2.8
    endloop
  endfacet
  facet normal 0 0 -1
    outer loop
      vertex 89.4205 11 2.8
      vertex 91.5278 11.85 2.8
      vertex 91.4294 11.6506 2.8
    endloop
  endfacet
  facet normal 0 0 -1
    outer loop
      vertex 89.4205 11 2.8
      vertex 91.4294 11.6506 2.8
      vertex 91.3579 11.44 2.8
    endloop
  endfacet
  facet normal 0 0 -1
    outer loop
      vertex 89.4205 11 2.8
      vertex 91.3579 11.44 2.8
      vertex 91.3145 11.2219 2.8
    endloop
  endfacet
  facet normal 0 0 -1
    outer loop
      vertex 89.4205 11 2.8
      vertex 91.3145 11.2219 2.8
      vertex 91.3 11 2.8
    endloop
  endfacet
  facet normal 0 0 -1
    outer loop
      vertex 91.3145 10.7781 2.8
      vertex 89.4205 11 2.8
      vertex 91.3 11 2.8
    endloop
  endfacet
  facet normal -0 0 -1
    outer loop
      vertex 91.5278 11.85 2.8
      vertex 89.4205 11 2.8
      vertex 91.2103 14.0999 2.8
    endloop
  endfacet
  facet normal -0.866019 0.50001 0
    outer loop
      vertex 94.7897 7.90006 0
      vertex 96.5795 11 2.8
      vertex 96.5795 11 0
    endloop
  endfacet
  facet normal -0.866019 0.50001 0
    outer loop
      vertex 96.5795 11 2.8
      vertex 94.7897 7.90006 0
      vertex 94.7897 7.90006 2.8
    endloop
  endfacet
  facet normal 0 1 -0
    outer loop
      vertex 94.7897 7.90006 0
      vertex 91.2103 7.90006 2.8
      vertex 94.7897 7.90006 2.8
    endloop
  endfacet
  facet normal 0 1 0
    outer loop
      vertex 91.2103 7.90006 2.8
      vertex 94.7897 7.90006 0
      vertex 91.2103 7.90006 0
    endloop
  endfacet
  facet normal -0.98077 -0.195165 0
    outer loop
      vertex 94.6855 11.2219 2.8
      vertex 94.6421 11.44 5
      vertex 94.6421 11.44 2.8
    endloop
  endfacet
  facet normal -0.98077 -0.195165 0
    outer loop
      vertex 94.6421 11.44 5
      vertex 94.6855 11.2219 2.8
      vertex 94.6855 11.2219 5
    endloop
  endfacet
  facet normal -0.997872 -0.0652057 0
    outer loop
      vertex 94.7 11 2.8
      vertex 94.6855 11.2219 5
      vertex 94.6855 11.2219 2.8
    endloop
  endfacet
  facet normal -0.997872 -0.0652057 0
    outer loop
      vertex 94.6855 11.2219 5
      vertex 94.7 11 2.8
      vertex 94.7 11 5
    endloop
  endfacet
  facet normal 0.44253 -0.896754 0
    outer loop
      vertex 92.15 12.4722 2.8
      vertex 92.3494 12.5706 5
      vertex 92.15 12.4722 5
    endloop
  endfacet
  facet normal 0.44253 -0.896754 0
    outer loop
      vertex 92.3494 12.5706 5
      vertex 92.15 12.4722 2.8
      vertex 92.3494 12.5706 2.8
    endloop
  endfacet
  facet normal -0.555426 -0.831566 0
    outer loop
      vertex 93.85 12.4722 2.8
      vertex 94.0349 12.3487 5
      vertex 93.85 12.4722 5
    endloop
  endfacet
  facet normal -0.555426 -0.831566 -0
    outer loop
      vertex 94.0349 12.3487 5
      vertex 93.85 12.4722 2.8
      vertex 94.0349 12.3487 2.8
    endloop
  endfacet
  facet normal 0.659268 -0.751908 0
    outer loop
      vertex 91.7979 12.2021 2.8
      vertex 91.9651 12.3487 5
      vertex 91.7979 12.2021 5
    endloop
  endfacet
  facet normal 0.659268 -0.751908 0
    outer loop
      vertex 91.9651 12.3487 5
      vertex 91.7979 12.2021 2.8
      vertex 91.9651 12.3487 2.8
    endloop
  endfacet
  facet normal -0.321363 0.946956 0
    outer loop
      vertex 93.6506 9.4294 2.8
      vertex 93.44 9.35793 5
      vertex 93.6506 9.4294 5
    endloop
  endfacet
  facet normal -0.321363 0.946956 0
    outer loop
      vertex 93.44 9.35793 5
      vertex 93.6506 9.4294 2.8
      vertex 93.44 9.35793 2.8
    endloop
  endfacet
  facet normal -0.831552 0.555447 0
    outer loop
      vertex 94.3487 9.96511 2.8
      vertex 94.4722 10.15 5
      vertex 94.4722 10.15 2.8
    endloop
  endfacet
  facet normal -0.831552 0.555447 0
    outer loop
      vertex 94.4722 10.15 5
      vertex 94.3487 9.96511 2.8
      vertex 94.3487 9.96511 5
    endloop
  endfacet
  facet normal -0.946915 0.321484 0
    outer loop
      vertex 94.5706 10.3494 2.8
      vertex 94.6421 10.56 5
      vertex 94.6421 10.56 2.8
    endloop
  endfacet
  facet normal -0.946915 0.321484 0
    outer loop
      vertex 94.6421 10.56 5
      vertex 94.5706 10.3494 2.8
      vertex 94.5706 10.3494 5
    endloop
  endfacet
  facet normal -0.321484 -0.946915 0
    outer loop
      vertex 93.44 12.6421 2.8
      vertex 93.6506 12.5706 5
      vertex 93.44 12.6421 5
    endloop
  endfacet
  facet normal -0.321484 -0.946915 -0
    outer loop
      vertex 93.6506 12.5706 5
      vertex 93.44 12.6421 2.8
      vertex 93.6506 12.5706 2.8
    endloop
  endfacet
  facet normal -0.195165 -0.98077 0
    outer loop
      vertex 93.2219 12.6855 2.8
      vertex 93.44 12.6421 5
      vertex 93.2219 12.6855 5
    endloop
  endfacet
  facet normal -0.195165 -0.98077 -0
    outer loop
      vertex 93.44 12.6421 5
      vertex 93.2219 12.6855 2.8
      vertex 93.44 12.6421 2.8
    endloop
  endfacet
  facet normal 0.555426 -0.831566 0
    outer loop
      vertex 91.9651 12.3487 2.8
      vertex 92.15 12.4722 5
      vertex 91.9651 12.3487 5
    endloop
  endfacet
  facet normal 0.555426 -0.831566 0
    outer loop
      vertex 92.15 12.4722 5
      vertex 91.9651 12.3487 2.8
      vertex 92.15 12.4722 2.8
    endloop
  endfacet
  facet normal -0.896754 0.44253 0
    outer loop
      vertex 94.4722 10.15 2.8
      vertex 94.5706 10.3494 5
      vertex 94.5706 10.3494 2.8
    endloop
  endfacet
  facet normal -0.896754 0.44253 0
    outer loop
      vertex 94.5706 10.3494 5
      vertex 94.4722 10.15 2.8
      vertex 94.4722 10.15 5
    endloop
  endfacet
  facet normal -0.659268 -0.751908 0
    outer loop
      vertex 94.0349 12.3487 2.8
      vertex 94.2021 12.2021 5
      vertex 94.0349 12.3487 5
    endloop
  endfacet
  facet normal -0.659268 -0.751908 -0
    outer loop
      vertex 94.2021 12.2021 5
      vertex 94.0349 12.3487 2.8
      vertex 94.2021 12.2021 2.8
    endloop
  endfacet
  facet normal -0.555551 0.831483 0
    outer loop
      vertex 94.0349 9.6513 2.8
      vertex 93.85 9.52776 5
      vertex 94.0349 9.6513 5
    endloop
  endfacet
  facet normal -0.555551 0.831483 0
    outer loop
      vertex 93.85 9.52776 5
      vertex 94.0349 9.6513 2.8
      vertex 93.85 9.52776 2.8
    endloop
  endfacet
  facet normal -0.44253 -0.896754 0
    outer loop
      vertex 93.6506 12.5706 2.8
      vertex 93.85 12.4722 5
      vertex 93.6506 12.5706 5
    endloop
  endfacet
  facet normal -0.44253 -0.896754 -0
    outer loop
      vertex 93.85 12.4722 5
      vertex 93.6506 12.5706 2.8
      vertex 93.85 12.4722 2.8
    endloop
  endfacet
  facet normal 0.997872 -0.0652057 0
    outer loop
      vertex 91.3 11 5
      vertex 91.3145 11.2219 2.8
      vertex 91.3145 11.2219 5
    endloop
  endfacet
  facet normal 0.997872 -0.0652057 0
    outer loop
      vertex 91.3145 11.2219 2.8
      vertex 91.3 11 5
      vertex 91.3 11 2.8
    endloop
  endfacet
  facet normal 0.659319 0.751863 -0
    outer loop
      vertex 91.9651 9.6513 2.8
      vertex 91.7979 9.79792 5
      vertex 91.9651 9.6513 5
    endloop
  endfacet
  facet normal 0.659319 0.751863 0
    outer loop
      vertex 91.7979 9.79792 5
      vertex 91.9651 9.6513 2.8
      vertex 91.7979 9.79792 2.8
    endloop
  endfacet
  facet normal 0.751888 0.659291 0
    outer loop
      vertex 91.7979 9.79792 5
      vertex 91.6513 9.96511 2.8
      vertex 91.6513 9.96511 5
    endloop
  endfacet
  facet normal 0.751888 0.659291 0
    outer loop
      vertex 91.6513 9.96511 2.8
      vertex 91.7979 9.79792 5
      vertex 91.7979 9.79792 2.8
    endloop
  endfacet
  facet normal 0.831552 0.555447 0
    outer loop
      vertex 91.6513 9.96511 5
      vertex 91.5278 10.15 2.8
      vertex 91.5278 10.15 5
    endloop
  endfacet
  facet normal 0.831552 0.555447 0
    outer loop
      vertex 91.5278 10.15 2.8
      vertex 91.6513 9.96511 5
      vertex 91.6513 9.96511 2.8
    endloop
  endfacet
  facet normal -0.831566 -0.555426 0
    outer loop
      vertex 94.4722 11.85 2.8
      vertex 94.3487 12.0349 5
      vertex 94.3487 12.0349 2.8
    endloop
  endfacet
  facet normal -0.831566 -0.555426 0
    outer loop
      vertex 94.3487 12.0349 5
      vertex 94.4722 11.85 2.8
      vertex 94.4722 11.85 5
    endloop
  endfacet
  facet normal -0.195122 0.980779 0
    outer loop
      vertex 93.44 9.35793 2.8
      vertex 93.2219 9.31454 5
      vertex 93.44 9.35793 5
    endloop
  endfacet
  facet normal -0.195122 0.980779 0
    outer loop
      vertex 93.2219 9.31454 5
      vertex 93.44 9.35793 2.8
      vertex 93.2219 9.31454 2.8
    endloop
  endfacet
  facet normal -0.98077 0.195165 0
    outer loop
      vertex 94.6421 10.56 2.8
      vertex 94.6855 10.7781 5
      vertex 94.6855 10.7781 2.8
    endloop
  endfacet
  facet normal -0.98077 0.195165 0
    outer loop
      vertex 94.6855 10.7781 5
      vertex 94.6421 10.56 2.8
      vertex 94.6421 10.56 5
    endloop
  endfacet
  facet normal 0.946915 0.321484 0
    outer loop
      vertex 91.4294 10.3494 5
      vertex 91.3579 10.56 2.8
      vertex 91.3579 10.56 5
    endloop
  endfacet
  facet normal 0.946915 0.321484 0
    outer loop
      vertex 91.3579 10.56 2.8
      vertex 91.4294 10.3494 5
      vertex 91.4294 10.3494 2.8
    endloop
  endfacet
  facet normal -0.442386 0.896825 0
    outer loop
      vertex 93.85 9.52776 2.8
      vertex 93.6506 9.4294 5
      vertex 93.85 9.52776 5
    endloop
  endfacet
  facet normal -0.442386 0.896825 0
    outer loop
      vertex 93.6506 9.4294 5
      vertex 93.85 9.52776 2.8
      vertex 93.6506 9.4294 2.8
    endloop
  endfacet
  facet normal -0.0652057 -0.997872 0
    outer loop
      vertex 93 12.7 2.8
      vertex 93.2219 12.6855 5
      vertex 93 12.7 5
    endloop
  endfacet
  facet normal -0.0652057 -0.997872 -0
    outer loop
      vertex 93.2219 12.6855 5
      vertex 93 12.7 2.8
      vertex 93.2219 12.6855 2.8
    endloop
  endfacet
  facet normal 0.321484 -0.946915 0
    outer loop
      vertex 92.3494 12.5706 2.8
      vertex 92.56 12.6421 5
      vertex 92.3494 12.5706 5
    endloop
  endfacet
  facet normal 0.321484 -0.946915 0
    outer loop
      vertex 92.56 12.6421 5
      vertex 92.3494 12.5706 2.8
      vertex 92.56 12.6421 2.8
    endloop
  endfacet
  facet normal 0.195165 -0.98077 0
    outer loop
      vertex 92.56 12.6421 2.8
      vertex 92.7781 12.6855 5
      vertex 92.56 12.6421 5
    endloop
  endfacet
  facet normal 0.195165 -0.98077 0
    outer loop
      vertex 92.7781 12.6855 5
      vertex 92.56 12.6421 2.8
      vertex 92.7781 12.6855 2.8
    endloop
  endfacet
  facet normal -0.896754 -0.44253 0
    outer loop
      vertex 94.5706 11.6506 2.8
      vertex 94.4722 11.85 5
      vertex 94.4722 11.85 2.8
    endloop
  endfacet
  facet normal -0.896754 -0.44253 0
    outer loop
      vertex 94.4722 11.85 5
      vertex 94.5706 11.6506 2.8
      vertex 94.5706 11.6506 5
    endloop
  endfacet
  facet normal -0.997872 0.0652057 0
    outer loop
      vertex 94.6855 10.7781 2.8
      vertex 94.7 11 5
      vertex 94.7 11 2.8
    endloop
  endfacet
  facet normal -0.997872 0.0652057 0
    outer loop
      vertex 94.7 11 5
      vertex 94.6855 10.7781 2.8
      vertex 94.6855 10.7781 5
    endloop
  endfacet
  facet normal -0.0653848 0.99786 0
    outer loop
      vertex 93.2219 9.31454 2.8
      vertex 93 9.3 5
      vertex 93.2219 9.31454 5
    endloop
  endfacet
  facet normal -0.0653848 0.99786 0
    outer loop
      vertex 93 9.3 5
      vertex 93.2219 9.31454 2.8
      vertex 93 9.3 2.8
    endloop
  endfacet
  facet normal -0.751908 -0.659268 0
    outer loop
      vertex 94.3487 12.0349 2.8
      vertex 94.2021 12.2021 5
      vertex 94.2021 12.2021 2.8
    endloop
  endfacet
  facet normal -0.751908 -0.659268 0
    outer loop
      vertex 94.2021 12.2021 5
      vertex 94.3487 12.0349 2.8
      vertex 94.3487 12.0349 5
    endloop
  endfacet
  facet normal 0.997872 0.0652057 0
    outer loop
      vertex 91.3145 10.7781 5
      vertex 91.3 11 2.8
      vertex 91.3 11 5
    endloop
  endfacet
  facet normal 0.997872 0.0652057 0
    outer loop
      vertex 91.3 11 2.8
      vertex 91.3145 10.7781 5
      vertex 91.3145 10.7781 2.8
    endloop
  endfacet
  facet normal -0.751888 0.659291 0
    outer loop
      vertex 94.2021 9.79792 2.8
      vertex 94.3487 9.96511 5
      vertex 94.3487 9.96511 2.8
    endloop
  endfacet
  facet normal -0.751888 0.659291 0
    outer loop
      vertex 94.3487 9.96511 5
      vertex 94.2021 9.79792 2.8
      vertex 94.2021 9.79792 5
    endloop
  endfacet
  facet normal 0.751908 -0.659268 0
    outer loop
      vertex 91.6513 12.0349 5
      vertex 91.7979 12.2021 2.8
      vertex 91.7979 12.2021 5
    endloop
  endfacet
  facet normal 0.751908 -0.659268 0
    outer loop
      vertex 91.7979 12.2021 2.8
      vertex 91.6513 12.0349 5
      vertex 91.6513 12.0349 2.8
    endloop
  endfacet
  facet normal 0.831566 -0.555426 0
    outer loop
      vertex 91.5278 11.85 5
      vertex 91.6513 12.0349 2.8
      vertex 91.6513 12.0349 5
    endloop
  endfacet
  facet normal 0.831566 -0.555426 0
    outer loop
      vertex 91.6513 12.0349 2.8
      vertex 91.5278 11.85 5
      vertex 91.5278 11.85 2.8
    endloop
  endfacet
  facet normal 0.0652057 -0.997872 0
    outer loop
      vertex 92.7781 12.6855 2.8
      vertex 93 12.7 5
      vertex 92.7781 12.6855 5
    endloop
  endfacet
  facet normal 0.0652057 -0.997872 0
    outer loop
      vertex 93 12.7 5
      vertex 92.7781 12.6855 2.8
      vertex 93 12.7 2.8
    endloop
  endfacet
  facet normal 0.98077 0.195165 0
    outer loop
      vertex 91.3579 10.56 5
      vertex 91.3145 10.7781 2.8
      vertex 91.3145 10.7781 5
    endloop
  endfacet
  facet normal 0.98077 0.195165 0
    outer loop
      vertex 91.3145 10.7781 2.8
      vertex 91.3579 10.56 5
      vertex 91.3579 10.56 2.8
    endloop
  endfacet
  facet normal 0.321363 0.946956 -0
    outer loop
      vertex 92.56 9.35793 2.8
      vertex 92.3494 9.4294 5
      vertex 92.56 9.35793 5
    endloop
  endfacet
  facet normal 0.321363 0.946956 0
    outer loop
      vertex 92.3494 9.4294 5
      vertex 92.56 9.35793 2.8
      vertex 92.3494 9.4294 2.8
    endloop
  endfacet
  facet normal -0.946915 -0.321484 0
    outer loop
      vertex 94.6421 11.44 2.8
      vertex 94.5706 11.6506 5
      vertex 94.5706 11.6506 2.8
    endloop
  endfacet
  facet normal -0.946915 -0.321484 0
    outer loop
      vertex 94.5706 11.6506 5
      vertex 94.6421 11.44 2.8
      vertex 94.6421 11.44 5
    endloop
  endfacet
  facet normal 0.442386 0.896825 -0
    outer loop
      vertex 92.3494 9.4294 2.8
      vertex 92.15 9.52776 5
      vertex 92.3494 9.4294 5
    endloop
  endfacet
  facet normal 0.442386 0.896825 0
    outer loop
      vertex 92.15 9.52776 5
      vertex 92.3494 9.4294 2.8
      vertex 92.15 9.52776 2.8
    endloop
  endfacet
  facet normal 0.555551 0.831483 -0
    outer loop
      vertex 92.15 9.52776 2.8
      vertex 91.9651 9.6513 5
      vertex 92.15 9.52776 5
    endloop
  endfacet
  facet normal 0.555551 0.831483 0
    outer loop
      vertex 91.9651 9.6513 5
      vertex 92.15 9.52776 2.8
      vertex 91.9651 9.6513 2.8
    endloop
  endfacet
  facet normal 0.195122 0.980779 -0
    outer loop
      vertex 92.7781 9.31454 2.8
      vertex 92.56 9.35793 5
      vertex 92.7781 9.31454 5
    endloop
  endfacet
  facet normal 0.195122 0.980779 0
    outer loop
      vertex 92.56 9.35793 5
      vertex 92.7781 9.31454 2.8
      vertex 92.56 9.35793 2.8
    endloop
  endfacet
  facet normal 0.896754 -0.44253 0
    outer loop
      vertex 91.4294 11.6506 5
      vertex 91.5278 11.85 2.8
      vertex 91.5278 11.85 5
    endloop
  endfacet
  facet normal 0.896754 -0.44253 0
    outer loop
      vertex 91.5278 11.85 2.8
      vertex 91.4294 11.6506 5
      vertex 91.4294 11.6506 2.8
    endloop
  endfacet
  facet normal 0.0653848 0.99786 -0
    outer loop
      vertex 93 9.3 2.8
      vertex 92.7781 9.31454 5
      vertex 93 9.3 5
    endloop
  endfacet
  facet normal 0.0653848 0.99786 0
    outer loop
      vertex 92.7781 9.31454 5
      vertex 93 9.3 2.8
      vertex 92.7781 9.31454 2.8
    endloop
  endfacet
  facet normal 0.896754 0.44253 0
    outer loop
      vertex 91.5278 10.15 5
      vertex 91.4294 10.3494 2.8
      vertex 91.4294 10.3494 5
    endloop
  endfacet
  facet normal 0.896754 0.44253 0
    outer loop
      vertex 91.4294 10.3494 2.8
      vertex 91.5278 10.15 5
      vertex 91.5278 10.15 2.8
    endloop
  endfacet
  facet normal 0.98077 -0.195165 0
    outer loop
      vertex 91.3145 11.2219 5
      vertex 91.3579 11.44 2.8
      vertex 91.3579 11.44 5
    endloop
  endfacet
  facet normal 0.98077 -0.195165 0
    outer loop
      vertex 91.3579 11.44 2.8
      vertex 91.3145 11.2219 5
      vertex 91.3145 11.2219 2.8
    endloop
  endfacet
  facet normal 0.946915 -0.321484 0
    outer loop
      vertex 91.3579 11.44 5
      vertex 91.4294 11.6506 2.8
      vertex 91.4294 11.6506 5
    endloop
  endfacet
  facet normal 0.946915 -0.321484 0
    outer loop
      vertex 91.4294 11.6506 2.8
      vertex 91.3579 11.44 5
      vertex 91.3579 11.44 2.8
    endloop
  endfacet
  facet normal -0.659319 0.751863 0
    outer loop
      vertex 94.2021 9.79792 2.8
      vertex 94.0349 9.6513 5
      vertex 94.2021 9.79792 5
    endloop
  endfacet
  facet normal -0.659319 0.751863 0
    outer loop
      vertex 94.0349 9.6513 5
      vertex 94.2021 9.79792 2.8
      vertex 94.0349 9.6513 2.8
    endloop
  endfacet
  facet normal -0.130591 0.991436 0
    outer loop
      vertex 44.5823 78.3267 0
      vertex 44 78.25 5
      vertex 44.5823 78.3267 5
    endloop
  endfacet
  facet normal -0.130591 0.991436 0
    outer loop
      vertex 44 78.25 5
      vertex 44.5823 78.3267 0
      vertex 44 78.25 0
    endloop
  endfacet
  facet normal -0.923936 -0.382547 0
    outer loop
      vertex 46.1733 81.0823 0
      vertex 45.9486 81.625 5
      vertex 45.9486 81.625 0
    endloop
  endfacet
  facet normal -0.923936 -0.382547 0
    outer loop
      vertex 45.9486 81.625 5
      vertex 46.1733 81.0823 0
      vertex 46.1733 81.0823 5
    endloop
  endfacet
  facet normal -0.991436 -0.130591 0
    outer loop
      vertex 46.25 80.5 0
      vertex 46.1733 81.0823 5
      vertex 46.1733 81.0823 0
    endloop
  endfacet
  facet normal -0.991436 -0.130591 0
    outer loop
      vertex 46.1733 81.0823 5
      vertex 46.25 80.5 0
      vertex 46.25 80.5 5
    endloop
  endfacet
  facet normal -0.923936 0.382547 0
    outer loop
      vertex 45.9486 79.375 0
      vertex 46.1733 79.9177 5
      vertex 46.1733 79.9177 0
    endloop
  endfacet
  facet normal -0.923936 0.382547 0
    outer loop
      vertex 46.1733 79.9177 5
      vertex 45.9486 79.375 0
      vertex 45.9486 79.375 5
    endloop
  endfacet
  facet normal 0.991436 0.130591 0
    outer loop
      vertex 41.8267 79.9177 5
      vertex 41.75 80.5 0
      vertex 41.75 80.5 5
    endloop
  endfacet
  facet normal 0.991436 0.130591 0
    outer loop
      vertex 41.75 80.5 0
      vertex 41.8267 79.9177 5
      vertex 41.8267 79.9177 0
    endloop
  endfacet
  facet normal -0.382547 0.923936 0
    outer loop
      vertex 45.125 78.5514 0
      vertex 44.5823 78.3267 5
      vertex 45.125 78.5514 5
    endloop
  endfacet
  facet normal -0.382547 0.923936 0
    outer loop
      vertex 44.5823 78.3267 5
      vertex 45.125 78.5514 0
      vertex 44.5823 78.3267 0
    endloop
  endfacet
  facet normal 0.793332 -0.608789 0
    outer loop
      vertex 42.0514 81.625 5
      vertex 42.409 82.091 0
      vertex 42.409 82.091 5
    endloop
  endfacet
  facet normal 0.793332 -0.608789 0
    outer loop
      vertex 42.409 82.091 0
      vertex 42.0514 81.625 5
      vertex 42.0514 81.625 0
    endloop
  endfacet
  facet normal -0.608789 0.793332 0
    outer loop
      vertex 45.591 78.909 0
      vertex 45.125 78.5514 5
      vertex 45.591 78.909 5
    endloop
  endfacet
  facet normal -0.608789 0.793332 0
    outer loop
      vertex 45.125 78.5514 5
      vertex 45.591 78.909 0
      vertex 45.125 78.5514 0
    endloop
  endfacet
  facet normal 0.923936 0.382547 0
    outer loop
      vertex 42.0514 79.375 5
      vertex 41.8267 79.9177 0
      vertex 41.8267 79.9177 5
    endloop
  endfacet
  facet normal 0.923936 0.382547 0
    outer loop
      vertex 41.8267 79.9177 0
      vertex 42.0514 79.375 5
      vertex 42.0514 79.375 0
    endloop
  endfacet
  facet normal 0.130591 0.991436 -0
    outer loop
      vertex 44 78.25 0
      vertex 43.4177 78.3267 5
      vertex 44 78.25 5
    endloop
  endfacet
  facet normal 0.130591 0.991436 0
    outer loop
      vertex 43.4177 78.3267 5
      vertex 44 78.25 0
      vertex 43.4177 78.3267 0
    endloop
  endfacet
  facet normal -0.608789 -0.793332 0
    outer loop
      vertex 45.125 82.4486 0
      vertex 45.591 82.091 5
      vertex 45.125 82.4486 5
    endloop
  endfacet
  facet normal -0.608789 -0.793332 -0
    outer loop
      vertex 45.591 82.091 5
      vertex 45.125 82.4486 0
      vertex 45.591 82.091 0
    endloop
  endfacet
  facet normal 0.130591 -0.991436 0
    outer loop
      vertex 43.4177 82.6733 0
      vertex 44 82.75 5
      vertex 43.4177 82.6733 5
    endloop
  endfacet
  facet normal 0.130591 -0.991436 0
    outer loop
      vertex 44 82.75 5
      vertex 43.4177 82.6733 0
      vertex 44 82.75 0
    endloop
  endfacet
  facet normal -0.382547 -0.923936 0
    outer loop
      vertex 44.5823 82.6733 0
      vertex 45.125 82.4486 5
      vertex 44.5823 82.6733 5
    endloop
  endfacet
  facet normal -0.382547 -0.923936 -0
    outer loop
      vertex 45.125 82.4486 5
      vertex 44.5823 82.6733 0
      vertex 45.125 82.4486 0
    endloop
  endfacet
  facet normal 0.608789 -0.793332 0
    outer loop
      vertex 42.409 82.091 0
      vertex 42.875 82.4486 5
      vertex 42.409 82.091 5
    endloop
  endfacet
  facet normal 0.608789 -0.793332 0
    outer loop
      vertex 42.875 82.4486 5
      vertex 42.409 82.091 0
      vertex 42.875 82.4486 0
    endloop
  endfacet
  facet normal -0.991436 0.130591 0
    outer loop
      vertex 46.1733 79.9177 0
      vertex 46.25 80.5 5
      vertex 46.25 80.5 0
    endloop
  endfacet
  facet normal -0.991436 0.130591 0
    outer loop
      vertex 46.25 80.5 5
      vertex 46.1733 79.9177 0
      vertex 46.1733 79.9177 5
    endloop
  endfacet
  facet normal 0.991436 -0.130591 0
    outer loop
      vertex 41.75 80.5 5
      vertex 41.8267 81.0823 0
      vertex 41.8267 81.0823 5
    endloop
  endfacet
  facet normal 0.991436 -0.130591 0
    outer loop
      vertex 41.8267 81.0823 0
      vertex 41.75 80.5 5
      vertex 41.75 80.5 0
    endloop
  endfacet
  facet normal 0.382547 -0.923936 0
    outer loop
      vertex 42.875 82.4486 0
      vertex 43.4177 82.6733 5
      vertex 42.875 82.4486 5
    endloop
  endfacet
  facet normal 0.382547 -0.923936 0
    outer loop
      vertex 43.4177 82.6733 5
      vertex 42.875 82.4486 0
      vertex 43.4177 82.6733 0
    endloop
  endfacet
  facet normal 0.793332 0.608789 0
    outer loop
      vertex 42.409 78.909 5
      vertex 42.0514 79.375 0
      vertex 42.0514 79.375 5
    endloop
  endfacet
  facet normal 0.793332 0.608789 0
    outer loop
      vertex 42.0514 79.375 0
      vertex 42.409 78.909 5
      vertex 42.409 78.909 0
    endloop
  endfacet
  facet normal 0.608789 0.793332 -0
    outer loop
      vertex 42.875 78.5514 0
      vertex 42.409 78.909 5
      vertex 42.875 78.5514 5
    endloop
  endfacet
  facet normal 0.608789 0.793332 0
    outer loop
      vertex 42.409 78.909 5
      vertex 42.875 78.5514 0
      vertex 42.409 78.909 0
    endloop
  endfacet
  facet normal -0.793332 0.608789 0
    outer loop
      vertex 45.591 78.909 0
      vertex 45.9486 79.375 5
      vertex 45.9486 79.375 0
    endloop
  endfacet
  facet normal -0.793332 0.608789 0
    outer loop
      vertex 45.9486 79.375 5
      vertex 45.591 78.909 0
      vertex 45.591 78.909 5
    endloop
  endfacet
  facet normal -0.130591 -0.991436 0
    outer loop
      vertex 44 82.75 0
      vertex 44.5823 82.6733 5
      vertex 44 82.75 5
    endloop
  endfacet
  facet normal -0.130591 -0.991436 -0
    outer loop
      vertex 44.5823 82.6733 5
      vertex 44 82.75 0
      vertex 44.5823 82.6733 0
    endloop
  endfacet
  facet normal -0.793332 -0.608789 0
    outer loop
      vertex 45.9486 81.625 0
      vertex 45.591 82.091 5
      vertex 45.591 82.091 0
    endloop
  endfacet
  facet normal -0.793332 -0.608789 0
    outer loop
      vertex 45.591 82.091 5
      vertex 45.9486 81.625 0
      vertex 45.9486 81.625 5
    endloop
  endfacet
  facet normal 0.382547 0.923936 -0
    outer loop
      vertex 43.4177 78.3267 0
      vertex 42.875 78.5514 5
      vertex 43.4177 78.3267 5
    endloop
  endfacet
  facet normal 0.382547 0.923936 0
    outer loop
      vertex 42.875 78.5514 5
      vertex 43.4177 78.3267 0
      vertex 42.875 78.5514 0
    endloop
  endfacet
  facet normal 0.923936 -0.382547 0
    outer loop
      vertex 41.8267 81.0823 5
      vertex 42.0514 81.625 0
      vertex 42.0514 81.625 5
    endloop
  endfacet
  facet normal 0.923936 -0.382547 0
    outer loop
      vertex 42.0514 81.625 0
      vertex 41.8267 81.0823 5
      vertex 41.8267 81.0823 0
    endloop
  endfacet
  facet normal -0.130591 0.991436 0
    outer loop
      vertex 44.5823 91.3267 0
      vertex 44 91.25 5
      vertex 44.5823 91.3267 5
    endloop
  endfacet
  facet normal -0.130591 0.991436 0
    outer loop
      vertex 44 91.25 5
      vertex 44.5823 91.3267 0
      vertex 44 91.25 0
    endloop
  endfacet
  facet normal -0.923936 -0.382547 0
    outer loop
      vertex 46.1733 94.0823 0
      vertex 45.9486 94.625 5
      vertex 45.9486 94.625 0
    endloop
  endfacet
  facet normal -0.923936 -0.382547 0
    outer loop
      vertex 45.9486 94.625 5
      vertex 46.1733 94.0823 0
      vertex 46.1733 94.0823 5
    endloop
  endfacet
  facet normal -0.991436 -0.130591 0
    outer loop
      vertex 46.25 93.5 0
      vertex 46.1733 94.0823 5
      vertex 46.1733 94.0823 0
    endloop
  endfacet
  facet normal -0.991436 -0.130591 0
    outer loop
      vertex 46.1733 94.0823 5
      vertex 46.25 93.5 0
      vertex 46.25 93.5 5
    endloop
  endfacet
  facet normal -0.923936 0.382547 0
    outer loop
      vertex 45.9486 92.375 0
      vertex 46.1733 92.9177 5
      vertex 46.1733 92.9177 0
    endloop
  endfacet
  facet normal -0.923936 0.382547 0
    outer loop
      vertex 46.1733 92.9177 5
      vertex 45.9486 92.375 0
      vertex 45.9486 92.375 5
    endloop
  endfacet
  facet normal 0.991436 0.130591 0
    outer loop
      vertex 41.8267 92.9177 5
      vertex 41.75 93.5 0
      vertex 41.75 93.5 5
    endloop
  endfacet
  facet normal 0.991436 0.130591 0
    outer loop
      vertex 41.75 93.5 0
      vertex 41.8267 92.9177 5
      vertex 41.8267 92.9177 0
    endloop
  endfacet
  facet normal -0.382547 0.923936 0
    outer loop
      vertex 45.125 91.5514 0
      vertex 44.5823 91.3267 5
      vertex 45.125 91.5514 5
    endloop
  endfacet
  facet normal -0.382547 0.923936 0
    outer loop
      vertex 44.5823 91.3267 5
      vertex 45.125 91.5514 0
      vertex 44.5823 91.3267 0
    endloop
  endfacet
  facet normal 0.7933 -0.608831 0
    outer loop
      vertex 42.0514 94.625 5
      vertex 42.3392 95 0
      vertex 42.3392 95 5
    endloop
  endfacet
  facet normal 0.7933 -0.608831 0
    outer loop
      vertex 42.3392 95 0
      vertex 42.0514 94.625 5
      vertex 42.0514 94.625 0
    endloop
  endfacet
  facet normal -0.608789 0.793332 0
    outer loop
      vertex 45.591 91.909 0
      vertex 45.125 91.5514 5
      vertex 45.591 91.909 5
    endloop
  endfacet
  facet normal -0.608789 0.793332 0
    outer loop
      vertex 45.125 91.5514 5
      vertex 45.591 91.909 0
      vertex 45.125 91.5514 0
    endloop
  endfacet
  facet normal 0.923936 0.382547 0
    outer loop
      vertex 42.0514 92.375 5
      vertex 41.8267 92.9177 0
      vertex 41.8267 92.9177 5
    endloop
  endfacet
  facet normal 0.923936 0.382547 0
    outer loop
      vertex 41.8267 92.9177 0
      vertex 42.0514 92.375 5
      vertex 42.0514 92.375 0
    endloop
  endfacet
  facet normal 0.130591 0.991436 -0
    outer loop
      vertex 44 91.25 0
      vertex 43.4177 91.3267 5
      vertex 44 91.25 5
    endloop
  endfacet
  facet normal 0.130591 0.991436 0
    outer loop
      vertex 43.4177 91.3267 5
      vertex 44 91.25 0
      vertex 43.4177 91.3267 0
    endloop
  endfacet
  facet normal -0.991436 0.130591 0
    outer loop
      vertex 46.1733 92.9177 0
      vertex 46.25 93.5 5
      vertex 46.25 93.5 0
    endloop
  endfacet
  facet normal -0.991436 0.130591 0
    outer loop
      vertex 46.25 93.5 5
      vertex 46.1733 92.9177 0
      vertex 46.1733 92.9177 5
    endloop
  endfacet
  facet normal 0.991436 -0.130591 0
    outer loop
      vertex 41.75 93.5 5
      vertex 41.8267 94.0823 0
      vertex 41.8267 94.0823 5
    endloop
  endfacet
  facet normal 0.991436 -0.130591 0
    outer loop
      vertex 41.8267 94.0823 0
      vertex 41.75 93.5 5
      vertex 41.75 93.5 0
    endloop
  endfacet
  facet normal 0.793332 0.608789 0
    outer loop
      vertex 42.409 91.909 5
      vertex 42.0514 92.375 0
      vertex 42.0514 92.375 5
    endloop
  endfacet
  facet normal 0.793332 0.608789 0
    outer loop
      vertex 42.0514 92.375 0
      vertex 42.409 91.909 5
      vertex 42.409 91.909 0
    endloop
  endfacet
  facet normal 0.608789 0.793332 -0
    outer loop
      vertex 42.875 91.5514 0
      vertex 42.409 91.909 5
      vertex 42.875 91.5514 5
    endloop
  endfacet
  facet normal 0.608789 0.793332 0
    outer loop
      vertex 42.409 91.909 5
      vertex 42.875 91.5514 0
      vertex 42.409 91.909 0
    endloop
  endfacet
  facet normal -0.793332 0.608789 0
    outer loop
      vertex 45.591 91.909 0
      vertex 45.9486 92.375 5
      vertex 45.9486 92.375 0
    endloop
  endfacet
  facet normal -0.793332 0.608789 0
    outer loop
      vertex 45.9486 92.375 5
      vertex 45.591 91.909 0
      vertex 45.591 91.909 5
    endloop
  endfacet
  facet normal -0.7933 -0.608831 0
    outer loop
      vertex 45.9486 94.625 0
      vertex 45.6608 95 5
      vertex 45.6608 95 0
    endloop
  endfacet
  facet normal -0.7933 -0.608831 0
    outer loop
      vertex 45.6608 95 5
      vertex 45.9486 94.625 0
      vertex 45.9486 94.625 5
    endloop
  endfacet
  facet normal 0.382547 0.923936 -0
    outer loop
      vertex 43.4177 91.3267 0
      vertex 42.875 91.5514 5
      vertex 43.4177 91.3267 5
    endloop
  endfacet
  facet normal 0.382547 0.923936 0
    outer loop
      vertex 42.875 91.5514 5
      vertex 43.4177 91.3267 0
      vertex 42.875 91.5514 0
    endloop
  endfacet
  facet normal 0.923936 -0.382547 0
    outer loop
      vertex 41.8267 94.0823 5
      vertex 42.0514 94.625 0
      vertex 42.0514 94.625 5
    endloop
  endfacet
  facet normal 0.923936 -0.382547 0
    outer loop
      vertex 42.0514 94.625 0
      vertex 41.8267 94.0823 5
      vertex 41.8267 94.0823 0
    endloop
  endfacet
  facet normal -0.130591 0.991436 0
    outer loop
      vertex 60.5823 78.3267 0
      vertex 60 78.25 5
      vertex 60.5823 78.3267 5
    endloop
  endfacet
  facet normal -0.130591 0.991436 0
    outer loop
      vertex 60 78.25 5
      vertex 60.5823 78.3267 0
      vertex 60 78.25 0
    endloop
  endfacet
  facet normal -0.923936 -0.382547 0
    outer loop
      vertex 62.1733 81.0823 0
      vertex 61.9486 81.625 5
      vertex 61.9486 81.625 0
    endloop
  endfacet
  facet normal -0.923936 -0.382547 0
    outer loop
      vertex 61.9486 81.625 5
      vertex 62.1733 81.0823 0
      vertex 62.1733 81.0823 5
    endloop
  endfacet
  facet normal -0.991436 -0.130591 0
    outer loop
      vertex 62.25 80.5 0
      vertex 62.1733 81.0823 5
      vertex 62.1733 81.0823 0
    endloop
  endfacet
  facet normal -0.991436 -0.130591 0
    outer loop
      vertex 62.1733 81.0823 5
      vertex 62.25 80.5 0
      vertex 62.25 80.5 5
    endloop
  endfacet
  facet normal -0.923936 0.382547 0
    outer loop
      vertex 61.9486 79.375 0
      vertex 62.1733 79.9177 5
      vertex 62.1733 79.9177 0
    endloop
  endfacet
  facet normal -0.923936 0.382547 0
    outer loop
      vertex 62.1733 79.9177 5
      vertex 61.9486 79.375 0
      vertex 61.9486 79.375 5
    endloop
  endfacet
  facet normal 0.991436 0.130591 0
    outer loop
      vertex 57.8267 79.9177 5
      vertex 57.75 80.5 0
      vertex 57.75 80.5 5
    endloop
  endfacet
  facet normal 0.991436 0.130591 0
    outer loop
      vertex 57.75 80.5 0
      vertex 57.8267 79.9177 5
      vertex 57.8267 79.9177 0
    endloop
  endfacet
  facet normal -0.382547 0.923936 0
    outer loop
      vertex 61.125 78.5514 0
      vertex 60.5823 78.3267 5
      vertex 61.125 78.5514 5
    endloop
  endfacet
  facet normal -0.382547 0.923936 0
    outer loop
      vertex 60.5823 78.3267 5
      vertex 61.125 78.5514 0
      vertex 60.5823 78.3267 0
    endloop
  endfacet
  facet normal 0.793332 -0.608789 0
    outer loop
      vertex 58.0514 81.625 5
      vertex 58.409 82.091 0
      vertex 58.409 82.091 5
    endloop
  endfacet
  facet normal 0.793332 -0.608789 0
    outer loop
      vertex 58.409 82.091 0
      vertex 58.0514 81.625 5
      vertex 58.0514 81.625 0
    endloop
  endfacet
  facet normal -0.608789 0.793332 0
    outer loop
      vertex 61.591 78.909 0
      vertex 61.125 78.5514 5
      vertex 61.591 78.909 5
    endloop
  endfacet
  facet normal -0.608789 0.793332 0
    outer loop
      vertex 61.125 78.5514 5
      vertex 61.591 78.909 0
      vertex 61.125 78.5514 0
    endloop
  endfacet
  facet normal 0.923936 0.382547 0
    outer loop
      vertex 58.0514 79.375 5
      vertex 57.8267 79.9177 0
      vertex 57.8267 79.9177 5
    endloop
  endfacet
  facet normal 0.923936 0.382547 0
    outer loop
      vertex 57.8267 79.9177 0
      vertex 58.0514 79.375 5
      vertex 58.0514 79.375 0
    endloop
  endfacet
  facet normal 0.130591 0.991436 -0
    outer loop
      vertex 60 78.25 0
      vertex 59.4177 78.3267 5
      vertex 60 78.25 5
    endloop
  endfacet
  facet normal 0.130591 0.991436 0
    outer loop
      vertex 59.4177 78.3267 5
      vertex 60 78.25 0
      vertex 59.4177 78.3267 0
    endloop
  endfacet
  facet normal -0.608789 -0.793332 0
    outer loop
      vertex 61.125 82.4486 0
      vertex 61.591 82.091 5
      vertex 61.125 82.4486 5
    endloop
  endfacet
  facet normal -0.608789 -0.793332 -0
    outer loop
      vertex 61.591 82.091 5
      vertex 61.125 82.4486 0
      vertex 61.591 82.091 0
    endloop
  endfacet
  facet normal 0.130591 -0.991436 0
    outer loop
      vertex 59.4177 82.6733 0
      vertex 60 82.75 5
      vertex 59.4177 82.6733 5
    endloop
  endfacet
  facet normal 0.130591 -0.991436 0
    outer loop
      vertex 60 82.75 5
      vertex 59.4177 82.6733 0
      vertex 60 82.75 0
    endloop
  endfacet
  facet normal -0.382547 -0.923936 0
    outer loop
      vertex 60.5823 82.6733 0
      vertex 61.125 82.4486 5
      vertex 60.5823 82.6733 5
    endloop
  endfacet
  facet normal -0.382547 -0.923936 -0
    outer loop
      vertex 61.125 82.4486 5
      vertex 60.5823 82.6733 0
      vertex 61.125 82.4486 0
    endloop
  endfacet
  facet normal 0.608789 -0.793332 0
    outer loop
      vertex 58.409 82.091 0
      vertex 58.875 82.4486 5
      vertex 58.409 82.091 5
    endloop
  endfacet
  facet normal 0.608789 -0.793332 0
    outer loop
      vertex 58.875 82.4486 5
      vertex 58.409 82.091 0
      vertex 58.875 82.4486 0
    endloop
  endfacet
  facet normal -0.991436 0.130591 0
    outer loop
      vertex 62.1733 79.9177 0
      vertex 62.25 80.5 5
      vertex 62.25 80.5 0
    endloop
  endfacet
  facet normal -0.991436 0.130591 0
    outer loop
      vertex 62.25 80.5 5
      vertex 62.1733 79.9177 0
      vertex 62.1733 79.9177 5
    endloop
  endfacet
  facet normal 0.991436 -0.130591 0
    outer loop
      vertex 57.75 80.5 5
      vertex 57.8267 81.0823 0
      vertex 57.8267 81.0823 5
    endloop
  endfacet
  facet normal 0.991436 -0.130591 0
    outer loop
      vertex 57.8267 81.0823 0
      vertex 57.75 80.5 5
      vertex 57.75 80.5 0
    endloop
  endfacet
  facet normal 0.382547 -0.923936 0
    outer loop
      vertex 58.875 82.4486 0
      vertex 59.4177 82.6733 5
      vertex 58.875 82.4486 5
    endloop
  endfacet
  facet normal 0.382547 -0.923936 0
    outer loop
      vertex 59.4177 82.6733 5
      vertex 58.875 82.4486 0
      vertex 59.4177 82.6733 0
    endloop
  endfacet
  facet normal 0.793332 0.608789 0
    outer loop
      vertex 58.409 78.909 5
      vertex 58.0514 79.375 0
      vertex 58.0514 79.375 5
    endloop
  endfacet
  facet normal 0.793332 0.608789 0
    outer loop
      vertex 58.0514 79.375 0
      vertex 58.409 78.909 5
      vertex 58.409 78.909 0
    endloop
  endfacet
  facet normal 0.608789 0.793332 -0
    outer loop
      vertex 58.875 78.5514 0
      vertex 58.409 78.909 5
      vertex 58.875 78.5514 5
    endloop
  endfacet
  facet normal 0.608789 0.793332 0
    outer loop
      vertex 58.409 78.909 5
      vertex 58.875 78.5514 0
      vertex 58.409 78.909 0
    endloop
  endfacet
  facet normal -0.793332 0.608789 0
    outer loop
      vertex 61.591 78.909 0
      vertex 61.9486 79.375 5
      vertex 61.9486 79.375 0
    endloop
  endfacet
  facet normal -0.793332 0.608789 0
    outer loop
      vertex 61.9486 79.375 5
      vertex 61.591 78.909 0
      vertex 61.591 78.909 5
    endloop
  endfacet
  facet normal -0.130591 -0.991436 0
    outer loop
      vertex 60 82.75 0
      vertex 60.5823 82.6733 5
      vertex 60 82.75 5
    endloop
  endfacet
  facet normal -0.130591 -0.991436 -0
    outer loop
      vertex 60.5823 82.6733 5
      vertex 60 82.75 0
      vertex 60.5823 82.6733 0
    endloop
  endfacet
  facet normal -0.793332 -0.608789 0
    outer loop
      vertex 61.9486 81.625 0
      vertex 61.591 82.091 5
      vertex 61.591 82.091 0
    endloop
  endfacet
  facet normal -0.793332 -0.608789 0
    outer loop
      vertex 61.591 82.091 5
      vertex 61.9486 81.625 0
      vertex 61.9486 81.625 5
    endloop
  endfacet
  facet normal 0.382547 0.923936 -0
    outer loop
      vertex 59.4177 78.3267 0
      vertex 58.875 78.5514 5
      vertex 59.4177 78.3267 5
    endloop
  endfacet
  facet normal 0.382547 0.923936 0
    outer loop
      vertex 58.875 78.5514 5
      vertex 59.4177 78.3267 0
      vertex 58.875 78.5514 0
    endloop
  endfacet
  facet normal 0.923936 -0.382547 0
    outer loop
      vertex 57.8267 81.0823 5
      vertex 58.0514 81.625 0
      vertex 58.0514 81.625 5
    endloop
  endfacet
  facet normal 0.923936 -0.382547 0
    outer loop
      vertex 58.0514 81.625 0
      vertex 57.8267 81.0823 5
      vertex 57.8267 81.0823 0
    endloop
  endfacet
  facet normal -0.130591 0.991436 0
    outer loop
      vertex 60.5823 91.3267 0
      vertex 60 91.25 5
      vertex 60.5823 91.3267 5
    endloop
  endfacet
  facet normal -0.130591 0.991436 0
    outer loop
      vertex 60 91.25 5
      vertex 60.5823 91.3267 0
      vertex 60 91.25 0
    endloop
  endfacet
  facet normal -0.923936 -0.382547 0
    outer loop
      vertex 62.1733 94.0823 0
      vertex 61.9486 94.625 5
      vertex 61.9486 94.625 0
    endloop
  endfacet
  facet normal -0.923936 -0.382547 0
    outer loop
      vertex 61.9486 94.625 5
      vertex 62.1733 94.0823 0
      vertex 62.1733 94.0823 5
    endloop
  endfacet
  facet normal -0.991436 -0.130591 0
    outer loop
      vertex 62.25 93.5 0
      vertex 62.1733 94.0823 5
      vertex 62.1733 94.0823 0
    endloop
  endfacet
  facet normal -0.991436 -0.130591 0
    outer loop
      vertex 62.1733 94.0823 5
      vertex 62.25 93.5 0
      vertex 62.25 93.5 5
    endloop
  endfacet
  facet normal -0.923936 0.382547 0
    outer loop
      vertex 61.9486 92.375 0
      vertex 62.1733 92.9177 5
      vertex 62.1733 92.9177 0
    endloop
  endfacet
  facet normal -0.923936 0.382547 0
    outer loop
      vertex 62.1733 92.9177 5
      vertex 61.9486 92.375 0
      vertex 61.9486 92.375 5
    endloop
  endfacet
  facet normal 0.991436 0.130591 0
    outer loop
      vertex 57.8267 92.9177 5
      vertex 57.75 93.5 0
      vertex 57.75 93.5 5
    endloop
  endfacet
  facet normal 0.991436 0.130591 0
    outer loop
      vertex 57.75 93.5 0
      vertex 57.8267 92.9177 5
      vertex 57.8267 92.9177 0
    endloop
  endfacet
  facet normal -0.382547 0.923936 0
    outer loop
      vertex 61.125 91.5514 0
      vertex 60.5823 91.3267 5
      vertex 61.125 91.5514 5
    endloop
  endfacet
  facet normal -0.382547 0.923936 0
    outer loop
      vertex 60.5823 91.3267 5
      vertex 61.125 91.5514 0
      vertex 60.5823 91.3267 0
    endloop
  endfacet
  facet normal 0.7933 -0.608831 0
    outer loop
      vertex 58.0514 94.625 5
      vertex 58.3392 95 0
      vertex 58.3392 95 5
    endloop
  endfacet
  facet normal 0.7933 -0.608831 0
    outer loop
      vertex 58.3392 95 0
      vertex 58.0514 94.625 5
      vertex 58.0514 94.625 0
    endloop
  endfacet
  facet normal -0.608789 0.793332 0
    outer loop
      vertex 61.591 91.909 0
      vertex 61.125 91.5514 5
      vertex 61.591 91.909 5
    endloop
  endfacet
  facet normal -0.608789 0.793332 0
    outer loop
      vertex 61.125 91.5514 5
      vertex 61.591 91.909 0
      vertex 61.125 91.5514 0
    endloop
  endfacet
  facet normal 0.923936 0.382547 0
    outer loop
      vertex 58.0514 92.375 5
      vertex 57.8267 92.9177 0
      vertex 57.8267 92.9177 5
    endloop
  endfacet
  facet normal 0.923936 0.382547 0
    outer loop
      vertex 57.8267 92.9177 0
      vertex 58.0514 92.375 5
      vertex 58.0514 92.375 0
    endloop
  endfacet
  facet normal 0.130591 0.991436 -0
    outer loop
      vertex 60 91.25 0
      vertex 59.4177 91.3267 5
      vertex 60 91.25 5
    endloop
  endfacet
  facet normal 0.130591 0.991436 0
    outer loop
      vertex 59.4177 91.3267 5
      vertex 60 91.25 0
      vertex 59.4177 91.3267 0
    endloop
  endfacet
  facet normal -0.991436 0.130591 0
    outer loop
      vertex 62.1733 92.9177 0
      vertex 62.25 93.5 5
      vertex 62.25 93.5 0
    endloop
  endfacet
  facet normal -0.991436 0.130591 0
    outer loop
      vertex 62.25 93.5 5
      vertex 62.1733 92.9177 0
      vertex 62.1733 92.9177 5
    endloop
  endfacet
  facet normal 0.991436 -0.130591 0
    outer loop
      vertex 57.75 93.5 5
      vertex 57.8267 94.0823 0
      vertex 57.8267 94.0823 5
    endloop
  endfacet
  facet normal 0.991436 -0.130591 0
    outer loop
      vertex 57.8267 94.0823 0
      vertex 57.75 93.5 5
      vertex 57.75 93.5 0
    endloop
  endfacet
  facet normal 0.793332 0.608789 0
    outer loop
      vertex 58.409 91.909 5
      vertex 58.0514 92.375 0
      vertex 58.0514 92.375 5
    endloop
  endfacet
  facet normal 0.793332 0.608789 0
    outer loop
      vertex 58.0514 92.375 0
      vertex 58.409 91.909 5
      vertex 58.409 91.909 0
    endloop
  endfacet
  facet normal 0.608789 0.793332 -0
    outer loop
      vertex 58.875 91.5514 0
      vertex 58.409 91.909 5
      vertex 58.875 91.5514 5
    endloop
  endfacet
  facet normal 0.608789 0.793332 0
    outer loop
      vertex 58.409 91.909 5
      vertex 58.875 91.5514 0
      vertex 58.409 91.909 0
    endloop
  endfacet
  facet normal -0.793332 0.608789 0
    outer loop
      vertex 61.591 91.909 0
      vertex 61.9486 92.375 5
      vertex 61.9486 92.375 0
    endloop
  endfacet
  facet normal -0.793332 0.608789 0
    outer loop
      vertex 61.9486 92.375 5
      vertex 61.591 91.909 0
      vertex 61.591 91.909 5
    endloop
  endfacet
  facet normal -0.7933 -0.608831 0
    outer loop
      vertex 61.9486 94.625 0
      vertex 61.6608 95 5
      vertex 61.6608 95 0
    endloop
  endfacet
  facet normal -0.7933 -0.608831 0
    outer loop
      vertex 61.6608 95 5
      vertex 61.9486 94.625 0
      vertex 61.9486 94.625 5
    endloop
  endfacet
  facet normal 0.382547 0.923936 -0
    outer loop
      vertex 59.4177 91.3267 0
      vertex 58.875 91.5514 5
      vertex 59.4177 91.3267 5
    endloop
  endfacet
  facet normal 0.382547 0.923936 0
    outer loop
      vertex 58.875 91.5514 5
      vertex 59.4177 91.3267 0
      vertex 58.875 91.5514 0
    endloop
  endfacet
  facet normal 0.923936 -0.382547 0
    outer loop
      vertex 57.8267 94.0823 5
      vertex 58.0514 94.625 0
      vertex 58.0514 94.625 5
    endloop
  endfacet
  facet normal 0.923936 -0.382547 0
    outer loop
      vertex 58.0514 94.625 0
      vertex 57.8267 94.0823 5
      vertex 57.8267 94.0823 0
    endloop
  endfacet
endsolid OpenSCAD_Model
