solid OpenSCAD_Model
  facet normal 1 -0 0
    outer loop
      vertex 214 0 5
      vertex 214 96 0
      vertex 214 96 5
    endloop
  endfacet
  facet normal 1 0 0
    outer loop
      vertex 214 96 0
      vertex 214 0 5
      vertex 214 0 0
    endloop
  endfacet
  facet normal -0 0 1
    outer loop
      vertex 12.4722 84.15 5
      vertex 24 82 5
      vertex 12.5706 84.3494 5
    endloop
  endfacet
  facet normal 0 0 1
    outer loop
      vertex 24 48 5
      vertex 12.6855 11.2219 5
      vertex 12.7 11 5
    endloop
  endfacet
  facet normal -0 0 1
    outer loop
      vertex 12.3487 83.9651 5
      vertex 24 82 5
      vertex 12.4722 84.15 5
    endloop
  endfacet
  facet normal 0 0 1
    outer loop
      vertex 24 48 5
      vertex 12.6421 11.44 5
      vertex 12.6855 11.2219 5
    endloop
  endfacet
  facet normal -0 0 1
    outer loop
      vertex 12.2021 83.7979 5
      vertex 24 82 5
      vertex 12.3487 83.9651 5
    endloop
  endfacet
  facet normal 0 0 1
    outer loop
      vertex 24 48 5
      vertex 12.5706 11.6506 5
      vertex 12.6421 11.44 5
    endloop
  endfacet
  facet normal -0 0 1
    outer loop
      vertex 12.0349 83.6513 5
      vertex 24 82 5
      vertex 12.2021 83.7979 5
    endloop
  endfacet
  facet normal 0 0 1
    outer loop
      vertex 24 48 5
      vertex 12.4722 11.85 5
      vertex 12.5706 11.6506 5
    endloop
  endfacet
  facet normal -0 0 1
    outer loop
      vertex 11.85 83.5278 5
      vertex 24 82 5
      vertex 12.0349 83.6513 5
    endloop
  endfacet
  facet normal 0 0 1
    outer loop
      vertex 24 48 5
      vertex 12.3487 12.0349 5
      vertex 12.4722 11.85 5
    endloop
  endfacet
  facet normal -0 0 1
    outer loop
      vertex 11.6506 83.4294 5
      vertex 24 82 5
      vertex 11.85 83.5278 5
    endloop
  endfacet
  facet normal 0 0 1
    outer loop
      vertex 24 48 5
      vertex 12.2021 12.2021 5
      vertex 12.3487 12.0349 5
    endloop
  endfacet
  facet normal 0 0 1
    outer loop
      vertex 24 82 5
      vertex 11.6506 83.4294 5
      vertex 24 60 5
    endloop
  endfacet
  facet normal 0 0 1
    outer loop
      vertex 24 48 5
      vertex 12.0349 12.3487 5
      vertex 12.2021 12.2021 5
    endloop
  endfacet
  facet normal -0 0 1
    outer loop
      vertex 11.44 83.3579 5
      vertex 24 60 5
      vertex 11.6506 83.4294 5
    endloop
  endfacet
  facet normal 0 0 1
    outer loop
      vertex 24 48 5
      vertex 11.85 12.4722 5
      vertex 12.0349 12.3487 5
    endloop
  endfacet
  facet normal -0 0 1
    outer loop
      vertex 11.2219 83.3145 5
      vertex 24 60 5
      vertex 11.44 83.3579 5
    endloop
  endfacet
  facet normal 0 0 1
    outer loop
      vertex 24 48 5
      vertex 11.6506 12.5706 5
      vertex 11.85 12.4722 5
    endloop
  endfacet
  facet normal -0 0 1
    outer loop
      vertex 11 83.3 5
      vertex 24 60 5
      vertex 11.2219 83.3145 5
    endloop
  endfacet
  facet normal 0 0 1
    outer loop
      vertex 24 48 5
      vertex 11.44 12.6421 5
      vertex 11.6506 12.5706 5
    endloop
  endfacet
  facet normal 0 0 1
    outer loop
      vertex 10.7781 83.3145 5
      vertex 24 60 5
      vertex 11 83.3 5
    endloop
  endfacet
  facet normal 0 0 1
    outer loop
      vertex 24 48 5
      vertex 11.2219 12.6855 5
      vertex 11.44 12.6421 5
    endloop
  endfacet
  facet normal 0 0 1
    outer loop
      vertex 10.56 83.3579 5
      vertex 24 60 5
      vertex 10.7781 83.3145 5
    endloop
  endfacet
  facet normal 0 0 1
    outer loop
      vertex 24 48 5
      vertex 11 12.7 5
      vertex 11.2219 12.6855 5
    endloop
  endfacet
  facet normal 0 0 1
    outer loop
      vertex 10.3494 83.4294 5
      vertex 24 60 5
      vertex 10.56 83.3579 5
    endloop
  endfacet
  facet normal 0 0 1
    outer loop
      vertex 24 48 5
      vertex 10.7781 12.6855 5
      vertex 11 12.7 5
    endloop
  endfacet
  facet normal 0 0 1
    outer loop
      vertex 10.15 83.5278 5
      vertex 24 60 5
      vertex 10.3494 83.4294 5
    endloop
  endfacet
  facet normal 0 0 1
    outer loop
      vertex 24 48 5
      vertex 10.56 12.6421 5
      vertex 10.7781 12.6855 5
    endloop
  endfacet
  facet normal 0 0 1
    outer loop
      vertex 9.96511 83.6513 5
      vertex 24 60 5
      vertex 10.15 83.5278 5
    endloop
  endfacet
  facet normal 0 0 1
    outer loop
      vertex 24 48 5
      vertex 10.3494 12.5706 5
      vertex 10.56 12.6421 5
    endloop
  endfacet
  facet normal 0 0 1
    outer loop
      vertex 24 60 5
      vertex 9.96511 83.6513 5
      vertex 24 48 5
    endloop
  endfacet
  facet normal 0 0 1
    outer loop
      vertex 24 48 5
      vertex 10.15 12.4722 5
      vertex 10.3494 12.5706 5
    endloop
  endfacet
  facet normal 0 0 1
    outer loop
      vertex 9.79792 83.7979 5
      vertex 24 48 5
      vertex 9.96511 83.6513 5
    endloop
  endfacet
  facet normal 0 0 1
    outer loop
      vertex 24 48 5
      vertex 9.96511 12.3487 5
      vertex 10.15 12.4722 5
    endloop
  endfacet
  facet normal 0 0 1
    outer loop
      vertex 9.79792 12.2021 5
      vertex 24 48 5
      vertex 9.79792 83.7979 5
    endloop
  endfacet
  facet normal 0 0 1
    outer loop
      vertex 24 48 5
      vertex 9.79792 12.2021 5
      vertex 9.96511 12.3487 5
    endloop
  endfacet
  facet normal 0 0 1
    outer loop
      vertex 9.6513 83.9651 5
      vertex 9.79792 12.2021 5
      vertex 9.79792 83.7979 5
    endloop
  endfacet
  facet normal 0 0 1
    outer loop
      vertex 9.6513 83.9651 5
      vertex 9.6513 12.0349 5
      vertex 9.79792 12.2021 5
    endloop
  endfacet
  facet normal 0 0 1
    outer loop
      vertex 9.52776 84.15 5
      vertex 9.6513 12.0349 5
      vertex 9.6513 83.9651 5
    endloop
  endfacet
  facet normal 0 0 1
    outer loop
      vertex 9.52776 84.15 5
      vertex 9.52776 11.85 5
      vertex 9.6513 12.0349 5
    endloop
  endfacet
  facet normal 0 0 1
    outer loop
      vertex 0 96 5
      vertex 9.52776 84.15 5
      vertex 9.4294 84.3494 5
    endloop
  endfacet
  facet normal 0 0 1
    outer loop
      vertex 9.52776 84.15 5
      vertex 0 96 5
      vertex 9.52776 11.85 5
    endloop
  endfacet
  facet normal 0 0 1
    outer loop
      vertex 0 96 5
      vertex 9.4294 84.3494 5
      vertex 9.35793 84.56 5
    endloop
  endfacet
  facet normal 0 0 1
    outer loop
      vertex 0 0 5
      vertex 9.52776 11.85 5
      vertex 0 96 5
    endloop
  endfacet
  facet normal 0 0 1
    outer loop
      vertex 0 96 5
      vertex 9.35793 84.56 5
      vertex 9.31454 84.7781 5
    endloop
  endfacet
  facet normal 0 0 1
    outer loop
      vertex 9.52776 11.85 5
      vertex 0 0 5
      vertex 9.4294 11.6506 5
    endloop
  endfacet
  facet normal 0 0 1
    outer loop
      vertex 0 96 5
      vertex 9.31454 84.7781 5
      vertex 9.3 85 5
    endloop
  endfacet
  facet normal 0 0 1
    outer loop
      vertex 9.4294 11.6506 5
      vertex 0 0 5
      vertex 9.35793 11.44 5
    endloop
  endfacet
  facet normal -0 0 1
    outer loop
      vertex 24 60 5
      vertex 50 48 5
      vertex 50 60 5
    endloop
  endfacet
  facet normal 0 0 1
    outer loop
      vertex 50 48 5
      vertex 24 60 5
      vertex 24 48 5
    endloop
  endfacet
  facet normal -0 0 1
    outer loop
      vertex 46.9486 129.875 5
      vertex 59 96 5
      vertex 59 138 5
    endloop
  endfacet
  facet normal 0 0 1
    outer loop
      vertex 47.1733 130.418 5
      vertex 59 138 5
      vertex 47.25 131 5
    endloop
  endfacet
  facet normal 0 0 1
    outer loop
      vertex 59 138 5
      vertex 47.1733 131.582 5
      vertex 47.25 131 5
    endloop
  endfacet
  facet normal 0 0 1
    outer loop
      vertex 59 138 5
      vertex 46.9486 132.125 5
      vertex 47.1733 131.582 5
    endloop
  endfacet
  facet normal 0 0 1
    outer loop
      vertex 59 138 5
      vertex 46.591 132.591 5
      vertex 46.9486 132.125 5
    endloop
  endfacet
  facet normal 0 0 1
    outer loop
      vertex 59 138 5
      vertex 46.125 132.949 5
      vertex 46.591 132.591 5
    endloop
  endfacet
  facet normal 0 0 1
    outer loop
      vertex 59 138 5
      vertex 45.5823 133.173 5
      vertex 46.125 132.949 5
    endloop
  endfacet
  facet normal 0 0 1
    outer loop
      vertex 59 138 5
      vertex 45 133.25 5
      vertex 45.5823 133.173 5
    endloop
  endfacet
  facet normal -0 0 1
    outer loop
      vertex 31 138 5
      vertex 45 133.25 5
      vertex 59 138 5
    endloop
  endfacet
  facet normal 0 0 1
    outer loop
      vertex 42.8267 131.582 5
      vertex 31 138 5
      vertex 42.75 131 5
    endloop
  endfacet
  facet normal 0 0 1
    outer loop
      vertex 43.0514 132.125 5
      vertex 31 138 5
      vertex 42.8267 131.582 5
    endloop
  endfacet
  facet normal 0 0 1
    outer loop
      vertex 43.409 132.591 5
      vertex 31 138 5
      vertex 43.0514 132.125 5
    endloop
  endfacet
  facet normal 0 0 1
    outer loop
      vertex 43.875 132.949 5
      vertex 31 138 5
      vertex 43.409 132.591 5
    endloop
  endfacet
  facet normal 0 0 1
    outer loop
      vertex 44.4177 133.173 5
      vertex 31 138 5
      vertex 43.875 132.949 5
    endloop
  endfacet
  facet normal 0 0 1
    outer loop
      vertex 45 133.25 5
      vertex 31 138 5
      vertex 44.4177 133.173 5
    endloop
  endfacet
  facet normal 0 0 1
    outer loop
      vertex 46.9486 129.875 5
      vertex 59 138 5
      vertex 47.1733 130.418 5
    endloop
  endfacet
  facet normal 0 0 1
    outer loop
      vertex 59 96 5
      vertex 46.9486 129.875 5
      vertex 46.591 129.409 5
    endloop
  endfacet
  facet normal -0 0 1
    outer loop
      vertex 46.125 129.051 5
      vertex 59 96 5
      vertex 46.591 129.409 5
    endloop
  endfacet
  facet normal -0 0 1
    outer loop
      vertex 45.5823 128.827 5
      vertex 59 96 5
      vertex 46.125 129.051 5
    endloop
  endfacet
  facet normal -0 0 1
    outer loop
      vertex 45 128.75 5
      vertex 59 96 5
      vertex 45.5823 128.827 5
    endloop
  endfacet
  facet normal 0 0 1
    outer loop
      vertex 59 96 5
      vertex 45 128.75 5
      vertex 31 96 5
    endloop
  endfacet
  facet normal 0 0 1
    outer loop
      vertex 31 96 5
      vertex 45 128.75 5
      vertex 44.4177 128.827 5
    endloop
  endfacet
  facet normal 0 0 1
    outer loop
      vertex 31 96 5
      vertex 44.4177 128.827 5
      vertex 43.875 129.051 5
    endloop
  endfacet
  facet normal 0 0 1
    outer loop
      vertex 31 96 5
      vertex 43.875 129.051 5
      vertex 43.409 129.409 5
    endloop
  endfacet
  facet normal 0 0 1
    outer loop
      vertex 31 96 5
      vertex 43.409 129.409 5
      vertex 43.0514 129.875 5
    endloop
  endfacet
  facet normal 0 0 1
    outer loop
      vertex 31 138 5
      vertex 43.0514 129.875 5
      vertex 42.8267 130.418 5
    endloop
  endfacet
  facet normal 0 0 1
    outer loop
      vertex 31 138 5
      vertex 42.8267 130.418 5
      vertex 42.75 131 5
    endloop
  endfacet
  facet normal 0 0 1
    outer loop
      vertex 43.0514 129.875 5
      vertex 31 138 5
      vertex 31 96 5
    endloop
  endfacet
  facet normal 0 0 1
    outer loop
      vertex 59 96 5
      vertex 31 96 5
      vertex 50 82 5
    endloop
  endfacet
  facet normal 0 0 1
    outer loop
      vertex 31 96 5
      vertex 24 82 5
      vertex 50 82 5
    endloop
  endfacet
  facet normal -0 0 1
    outer loop
      vertex 12.6855 84.7781 5
      vertex 24 82 5
      vertex 12.7 85 5
    endloop
  endfacet
  facet normal -0 0 1
    outer loop
      vertex 12.6421 84.56 5
      vertex 24 82 5
      vertex 12.6855 84.7781 5
    endloop
  endfacet
  facet normal -0 0 1
    outer loop
      vertex 12.5706 84.3494 5
      vertex 24 82 5
      vertex 12.6421 84.56 5
    endloop
  endfacet
  facet normal -0 0 1
    outer loop
      vertex 12.3487 86.0349 5
      vertex 24 82 5
      vertex 31 96 5
    endloop
  endfacet
  facet normal 0 0 1
    outer loop
      vertex 24 82 5
      vertex 12.6855 85.2219 5
      vertex 12.7 85 5
    endloop
  endfacet
  facet normal 0 0 1
    outer loop
      vertex 24 82 5
      vertex 12.6421 85.44 5
      vertex 12.6855 85.2219 5
    endloop
  endfacet
  facet normal 0 0 1
    outer loop
      vertex 24 82 5
      vertex 12.5706 85.6506 5
      vertex 12.6421 85.44 5
    endloop
  endfacet
  facet normal 0 0 1
    outer loop
      vertex 24 82 5
      vertex 12.4722 85.85 5
      vertex 12.5706 85.6506 5
    endloop
  endfacet
  facet normal 0 0 1
    outer loop
      vertex 24 82 5
      vertex 12.3487 86.0349 5
      vertex 12.4722 85.85 5
    endloop
  endfacet
  facet normal 0 0 1
    outer loop
      vertex 31 96 5
      vertex 12.2021 86.2021 5
      vertex 12.3487 86.0349 5
    endloop
  endfacet
  facet normal 0 0 1
    outer loop
      vertex 31 96 5
      vertex 12.0349 86.3487 5
      vertex 12.2021 86.2021 5
    endloop
  endfacet
  facet normal 0 0 1
    outer loop
      vertex 31 96 5
      vertex 11.85 86.4722 5
      vertex 12.0349 86.3487 5
    endloop
  endfacet
  facet normal 0 0 1
    outer loop
      vertex 31 96 5
      vertex 11.6506 86.5706 5
      vertex 11.85 86.4722 5
    endloop
  endfacet
  facet normal 0 0 1
    outer loop
      vertex 31 96 5
      vertex 11.44 86.6421 5
      vertex 11.6506 86.5706 5
    endloop
  endfacet
  facet normal -0 0 1
    outer loop
      vertex 0 96 5
      vertex 11.44 86.6421 5
      vertex 31 96 5
    endloop
  endfacet
  facet normal 0 0 1
    outer loop
      vertex 11.44 86.6421 5
      vertex 0 96 5
      vertex 11.2219 86.6855 5
    endloop
  endfacet
  facet normal 0 0 1
    outer loop
      vertex 11.2219 86.6855 5
      vertex 0 96 5
      vertex 11 86.7 5
    endloop
  endfacet
  facet normal 0 0 1
    outer loop
      vertex 11 86.7 5
      vertex 0 96 5
      vertex 10.7781 86.6855 5
    endloop
  endfacet
  facet normal 0 0 1
    outer loop
      vertex 10.7781 86.6855 5
      vertex 0 96 5
      vertex 10.56 86.6421 5
    endloop
  endfacet
  facet normal 0 0 1
    outer loop
      vertex 9.35793 11.44 5
      vertex 0 0 5
      vertex 9.31454 11.2219 5
    endloop
  endfacet
  facet normal 0 0 1
    outer loop
      vertex 9.31454 85.2219 5
      vertex 0 96 5
      vertex 9.3 85 5
    endloop
  endfacet
  facet normal 0 0 1
    outer loop
      vertex 9.35793 85.44 5
      vertex 0 96 5
      vertex 9.31454 85.2219 5
    endloop
  endfacet
  facet normal 0 0 1
    outer loop
      vertex 9.4294 85.6506 5
      vertex 0 96 5
      vertex 9.35793 85.44 5
    endloop
  endfacet
  facet normal 0 0 1
    outer loop
      vertex 9.52776 85.85 5
      vertex 0 96 5
      vertex 9.4294 85.6506 5
    endloop
  endfacet
  facet normal 0 0 1
    outer loop
      vertex 9.6513 86.0349 5
      vertex 0 96 5
      vertex 9.52776 85.85 5
    endloop
  endfacet
  facet normal 0 0 1
    outer loop
      vertex 9.79792 86.2021 5
      vertex 0 96 5
      vertex 9.6513 86.0349 5
    endloop
  endfacet
  facet normal 0 0 1
    outer loop
      vertex 9.96511 86.3487 5
      vertex 0 96 5
      vertex 9.79792 86.2021 5
    endloop
  endfacet
  facet normal 0 0 1
    outer loop
      vertex 10.15 86.4722 5
      vertex 0 96 5
      vertex 9.96511 86.3487 5
    endloop
  endfacet
  facet normal 0 0 1
    outer loop
      vertex 10.3494 86.5706 5
      vertex 0 96 5
      vertex 10.15 86.4722 5
    endloop
  endfacet
  facet normal 0 0 1
    outer loop
      vertex 10.56 86.6421 5
      vertex 0 96 5
      vertex 10.3494 86.5706 5
    endloop
  endfacet
  facet normal -0 0 1
    outer loop
      vertex 70 60 5
      vertex 96 48 5
      vertex 96 60 5
    endloop
  endfacet
  facet normal 0 0 1
    outer loop
      vertex 96 48 5
      vertex 70 60 5
      vertex 70 48 5
    endloop
  endfacet
  facet normal -0 0 1
    outer loop
      vertex 102.472 84.15 5
      vertex 116 82 5
      vertex 102.571 84.3494 5
    endloop
  endfacet
  facet normal 0 0 1
    outer loop
      vertex 116 48 5
      vertex 102.685 11.2219 5
      vertex 102.7 11 5
    endloop
  endfacet
  facet normal -0 0 1
    outer loop
      vertex 102.349 83.9651 5
      vertex 116 82 5
      vertex 102.472 84.15 5
    endloop
  endfacet
  facet normal 0 0 1
    outer loop
      vertex 116 48 5
      vertex 102.642 11.44 5
      vertex 102.685 11.2219 5
    endloop
  endfacet
  facet normal -0 0 1
    outer loop
      vertex 102.202 83.7979 5
      vertex 116 82 5
      vertex 102.349 83.9651 5
    endloop
  endfacet
  facet normal 0 0 1
    outer loop
      vertex 116 48 5
      vertex 102.571 11.6506 5
      vertex 102.642 11.44 5
    endloop
  endfacet
  facet normal -0 0 1
    outer loop
      vertex 102.035 83.6513 5
      vertex 116 82 5
      vertex 102.202 83.7979 5
    endloop
  endfacet
  facet normal 0 0 1
    outer loop
      vertex 96 26 5
      vertex 116 48 5
      vertex 96 48 5
    endloop
  endfacet
  facet normal -0 0 1
    outer loop
      vertex 101.85 83.5278 5
      vertex 116 82 5
      vertex 102.035 83.6513 5
    endloop
  endfacet
  facet normal 0 0 1
    outer loop
      vertex 116 48 5
      vertex 102.472 11.85 5
      vertex 102.571 11.6506 5
    endloop
  endfacet
  facet normal -0 0 1
    outer loop
      vertex 101.651 83.4294 5
      vertex 116 82 5
      vertex 101.85 83.5278 5
    endloop
  endfacet
  facet normal 0 0 1
    outer loop
      vertex 116 48 5
      vertex 102.349 12.0349 5
      vertex 102.472 11.85 5
    endloop
  endfacet
  facet normal 0 0 1
    outer loop
      vertex 116 60 5
      vertex 96 60 5
      vertex 116 48 5
    endloop
  endfacet
  facet normal 0 -0 1
    outer loop
      vertex 102.202 12.2021 5
      vertex 116 48 5
      vertex 96 26 5
    endloop
  endfacet
  facet normal 0 0 1
    outer loop
      vertex 116 82 5
      vertex 101.651 83.4294 5
      vertex 116 60 5
    endloop
  endfacet
  facet normal 0 0 1
    outer loop
      vertex 116 48 5
      vertex 102.202 12.2021 5
      vertex 102.349 12.0349 5
    endloop
  endfacet
  facet normal 0 0 1
    outer loop
      vertex 116 60 5
      vertex 101.651 83.4294 5
      vertex 96 60 5
    endloop
  endfacet
  facet normal 0 0 1
    outer loop
      vertex 102.202 12.2021 5
      vertex 96 26 5
      vertex 102.035 12.3487 5
    endloop
  endfacet
  facet normal 0 0 1
    outer loop
      vertex 96 60 5
      vertex 101.651 83.4294 5
      vertex 101.44 83.3579 5
    endloop
  endfacet
  facet normal 0 0 1
    outer loop
      vertex 102.035 12.3487 5
      vertex 96 26 5
      vertex 101.85 12.4722 5
    endloop
  endfacet
  facet normal 0 0 1
    outer loop
      vertex 96 60 5
      vertex 101.44 83.3579 5
      vertex 101.222 83.3145 5
    endloop
  endfacet
  facet normal 0 0 1
    outer loop
      vertex 101.85 12.4722 5
      vertex 96 26 5
      vertex 101.651 12.5706 5
    endloop
  endfacet
  facet normal 0 0 1
    outer loop
      vertex 96 60 5
      vertex 101.222 83.3145 5
      vertex 101 83.3 5
    endloop
  endfacet
  facet normal 0 0 1
    outer loop
      vertex 101.651 12.5706 5
      vertex 96 26 5
      vertex 101.44 12.6421 5
    endloop
  endfacet
  facet normal 0 0 1
    outer loop
      vertex 96 82 5
      vertex 101 83.3 5
      vertex 100.778 83.3145 5
    endloop
  endfacet
  facet normal 0 0 1
    outer loop
      vertex 101.44 12.6421 5
      vertex 96 26 5
      vertex 101.222 12.6855 5
    endloop
  endfacet
  facet normal 0 0 1
    outer loop
      vertex 96 82 5
      vertex 100.778 83.3145 5
      vertex 100.56 83.3579 5
    endloop
  endfacet
  facet normal 0 0 1
    outer loop
      vertex 101.222 12.6855 5
      vertex 96 26 5
      vertex 101 12.7 5
    endloop
  endfacet
  facet normal 0 0 1
    outer loop
      vertex 96 82 5
      vertex 100.56 83.3579 5
      vertex 100.349 83.4294 5
    endloop
  endfacet
  facet normal 0 0 1
    outer loop
      vertex 101 12.7 5
      vertex 96 26 5
      vertex 100.778 12.6855 5
    endloop
  endfacet
  facet normal 0 0 1
    outer loop
      vertex 96 82 5
      vertex 100.349 83.4294 5
      vertex 100.15 83.5278 5
    endloop
  endfacet
  facet normal 0 0 1
    outer loop
      vertex 100.778 12.6855 5
      vertex 96 26 5
      vertex 100.56 12.6421 5
    endloop
  endfacet
  facet normal 0 0 1
    outer loop
      vertex 96 82 5
      vertex 100.15 83.5278 5
      vertex 99.9651 83.6513 5
    endloop
  endfacet
  facet normal 0 0 1
    outer loop
      vertex 100.56 12.6421 5
      vertex 96 26 5
      vertex 100.349 12.5706 5
    endloop
  endfacet
  facet normal 0 0 1
    outer loop
      vertex 96 82 5
      vertex 99.9651 83.6513 5
      vertex 99.7979 83.7979 5
    endloop
  endfacet
  facet normal 0 0 1
    outer loop
      vertex 100.349 12.5706 5
      vertex 96 26 5
      vertex 100.15 12.4722 5
    endloop
  endfacet
  facet normal 0 0 1
    outer loop
      vertex 96 82 5
      vertex 99.7979 83.7979 5
      vertex 99.6513 83.9651 5
    endloop
  endfacet
  facet normal 0 0 1
    outer loop
      vertex 100.15 12.4722 5
      vertex 96 26 5
      vertex 99.9651 12.3487 5
    endloop
  endfacet
  facet normal 0 0 1
    outer loop
      vertex 96 82 5
      vertex 99.6513 83.9651 5
      vertex 99.5278 84.15 5
    endloop
  endfacet
  facet normal 0 0 1
    outer loop
      vertex 99.9651 12.3487 5
      vertex 96 26 5
      vertex 99.7979 12.2021 5
    endloop
  endfacet
  facet normal 0 0 1
    outer loop
      vertex 96 82 5
      vertex 99.5278 84.15 5
      vertex 99.4294 84.3494 5
    endloop
  endfacet
  facet normal 0 0 1
    outer loop
      vertex 99.7979 12.2021 5
      vertex 96 26 5
      vertex 99.6513 12.0349 5
    endloop
  endfacet
  facet normal 0 0 1
    outer loop
      vertex 96 82 5
      vertex 99.4294 84.3494 5
      vertex 99.3579 84.56 5
    endloop
  endfacet
  facet normal 0 0 1
    outer loop
      vertex 99.6513 12.0349 5
      vertex 96 26 5
      vertex 99.5278 11.85 5
    endloop
  endfacet
  facet normal 0 0 1
    outer loop
      vertex 96 82 5
      vertex 99.3579 84.56 5
      vertex 99.3145 84.7781 5
    endloop
  endfacet
  facet normal 0 0 1
    outer loop
      vertex 99.5278 11.85 5
      vertex 96 26 5
      vertex 99.4294 11.6506 5
    endloop
  endfacet
  facet normal 0 0 1
    outer loop
      vertex 96 82 5
      vertex 99.3145 84.7781 5
      vertex 99.3 85 5
    endloop
  endfacet
  facet normal 0 0 1
    outer loop
      vertex 99.4294 11.6506 5
      vertex 96 26 5
      vertex 99.3579 11.44 5
    endloop
  endfacet
  facet normal 0 0 1
    outer loop
      vertex 142 26 5
      vertex 122.685 11.2219 5
      vertex 122.7 11 5
    endloop
  endfacet
  facet normal 0 0 1
    outer loop
      vertex 142 26 5
      vertex 122.642 11.44 5
      vertex 122.685 11.2219 5
    endloop
  endfacet
  facet normal 0 0 1
    outer loop
      vertex 142 26 5
      vertex 122.571 11.6506 5
      vertex 122.642 11.44 5
    endloop
  endfacet
  facet normal 0 0 1
    outer loop
      vertex 142 26 5
      vertex 122.472 11.85 5
      vertex 122.571 11.6506 5
    endloop
  endfacet
  facet normal 0 0 1
    outer loop
      vertex 142 26 5
      vertex 122.349 12.0349 5
      vertex 122.472 11.85 5
    endloop
  endfacet
  facet normal 0 0 1
    outer loop
      vertex 142 26 5
      vertex 122.202 12.2021 5
      vertex 122.349 12.0349 5
    endloop
  endfacet
  facet normal 0 0 1
    outer loop
      vertex 142 26 5
      vertex 122.035 12.3487 5
      vertex 122.202 12.2021 5
    endloop
  endfacet
  facet normal 0 0 1
    outer loop
      vertex 142 26 5
      vertex 121.85 12.4722 5
      vertex 122.035 12.3487 5
    endloop
  endfacet
  facet normal -0 0 1
    outer loop
      vertex 116 26 5
      vertex 121.85 12.4722 5
      vertex 142 26 5
    endloop
  endfacet
  facet normal 0 0 1
    outer loop
      vertex 121.85 12.4722 5
      vertex 116 26 5
      vertex 121.651 12.5706 5
    endloop
  endfacet
  facet normal 0 0 1
    outer loop
      vertex 121.651 12.5706 5
      vertex 116 26 5
      vertex 121.44 12.6421 5
    endloop
  endfacet
  facet normal 0 0 1
    outer loop
      vertex 121.44 12.6421 5
      vertex 116 26 5
      vertex 121.222 12.6855 5
    endloop
  endfacet
  facet normal 0 0 1
    outer loop
      vertex 121.222 12.6855 5
      vertex 116 26 5
      vertex 121 12.7 5
    endloop
  endfacet
  facet normal 0 0 1
    outer loop
      vertex 121 12.7 5
      vertex 116 26 5
      vertex 120.778 12.6855 5
    endloop
  endfacet
  facet normal 0 0 1
    outer loop
      vertex 120.778 12.6855 5
      vertex 116 26 5
      vertex 120.56 12.6421 5
    endloop
  endfacet
  facet normal 0 0 1
    outer loop
      vertex 120.56 12.6421 5
      vertex 116 26 5
      vertex 120.349 12.5706 5
    endloop
  endfacet
  facet normal 0 0 1
    outer loop
      vertex 119.358 11.44 5
      vertex 102.7 11 5
      vertex 119.315 11.2219 5
    endloop
  endfacet
  facet normal 0 0 1
    outer loop
      vertex 119.429 11.6506 5
      vertex 102.7 11 5
      vertex 119.358 11.44 5
    endloop
  endfacet
  facet normal 0 0 1
    outer loop
      vertex 119.528 11.85 5
      vertex 102.7 11 5
      vertex 119.429 11.6506 5
    endloop
  endfacet
  facet normal 0 0 1
    outer loop
      vertex 102.7 11 5
      vertex 119.528 11.85 5
      vertex 116 26 5
    endloop
  endfacet
  facet normal 0 0 1
    outer loop
      vertex 119.651 12.0349 5
      vertex 116 26 5
      vertex 119.528 11.85 5
    endloop
  endfacet
  facet normal 0 0 1
    outer loop
      vertex 119.798 12.2021 5
      vertex 116 26 5
      vertex 119.651 12.0349 5
    endloop
  endfacet
  facet normal 0 0 1
    outer loop
      vertex 119.965 12.3487 5
      vertex 116 26 5
      vertex 119.798 12.2021 5
    endloop
  endfacet
  facet normal 0 0 1
    outer loop
      vertex 120.15 12.4722 5
      vertex 116 26 5
      vertex 119.965 12.3487 5
    endloop
  endfacet
  facet normal 0 0 1
    outer loop
      vertex 120.349 12.5706 5
      vertex 116 26 5
      vertex 120.15 12.4722 5
    endloop
  endfacet
  facet normal -0 0 1
    outer loop
      vertex 116 60 5
      vertex 142 48 5
      vertex 142 60 5
    endloop
  endfacet
  facet normal 0 0 1
    outer loop
      vertex 142 48 5
      vertex 116 60 5
      vertex 116 48 5
    endloop
  endfacet
  facet normal 0 0 1
    outer loop
      vertex 162 60 5
      vertex 154.142 55.56 5
      vertex 162 48 5
    endloop
  endfacet
  facet normal 0 0 1
    outer loop
      vertex 162 48 5
      vertex 154.185 24.2219 5
      vertex 154.2 24 5
    endloop
  endfacet
  facet normal -0 0 1
    outer loop
      vertex 154.071 55.3494 5
      vertex 162 48 5
      vertex 154.142 55.56 5
    endloop
  endfacet
  facet normal 0 0 1
    outer loop
      vertex 162 48 5
      vertex 154.142 24.44 5
      vertex 154.185 24.2219 5
    endloop
  endfacet
  facet normal -0 0 1
    outer loop
      vertex 153.972 55.15 5
      vertex 162 48 5
      vertex 154.071 55.3494 5
    endloop
  endfacet
  facet normal 0 0 1
    outer loop
      vertex 162 48 5
      vertex 154.071 24.6506 5
      vertex 154.142 24.44 5
    endloop
  endfacet
  facet normal -0 0 1
    outer loop
      vertex 153.849 54.9651 5
      vertex 162 48 5
      vertex 153.972 55.15 5
    endloop
  endfacet
  facet normal 0 0 1
    outer loop
      vertex 162 48 5
      vertex 153.972 24.85 5
      vertex 154.071 24.6506 5
    endloop
  endfacet
  facet normal -0 0 1
    outer loop
      vertex 153.702 54.7979 5
      vertex 162 48 5
      vertex 153.849 54.9651 5
    endloop
  endfacet
  facet normal 0 0 1
    outer loop
      vertex 162 48 5
      vertex 153.849 25.0349 5
      vertex 153.972 24.85 5
    endloop
  endfacet
  facet normal -0 0 1
    outer loop
      vertex 153.535 54.6513 5
      vertex 162 48 5
      vertex 153.702 54.7979 5
    endloop
  endfacet
  facet normal 0 0 1
    outer loop
      vertex 162 48 5
      vertex 153.702 25.2021 5
      vertex 153.849 25.0349 5
    endloop
  endfacet
  facet normal -0 0 1
    outer loop
      vertex 153.35 54.5278 5
      vertex 162 48 5
      vertex 153.535 54.6513 5
    endloop
  endfacet
  facet normal 0 0 1
    outer loop
      vertex 162 48 5
      vertex 153.535 25.3487 5
      vertex 153.702 25.2021 5
    endloop
  endfacet
  facet normal -0 0 1
    outer loop
      vertex 153.151 54.4294 5
      vertex 162 48 5
      vertex 153.35 54.5278 5
    endloop
  endfacet
  facet normal 0 0 1
    outer loop
      vertex 162 48 5
      vertex 153.35 25.4722 5
      vertex 153.535 25.3487 5
    endloop
  endfacet
  facet normal -0 0 1
    outer loop
      vertex 152.94 54.3579 5
      vertex 162 48 5
      vertex 153.151 54.4294 5
    endloop
  endfacet
  facet normal 0 0 1
    outer loop
      vertex 162 48 5
      vertex 153.151 25.5706 5
      vertex 153.35 25.4722 5
    endloop
  endfacet
  facet normal -0 0 1
    outer loop
      vertex 152.722 54.3145 5
      vertex 162 48 5
      vertex 152.94 54.3579 5
    endloop
  endfacet
  facet normal 0 0 1
    outer loop
      vertex 162 48 5
      vertex 152.94 25.6421 5
      vertex 153.151 25.5706 5
    endloop
  endfacet
  facet normal -0 0 1
    outer loop
      vertex 152.5 54.3 5
      vertex 162 48 5
      vertex 152.722 54.3145 5
    endloop
  endfacet
  facet normal 0 0 1
    outer loop
      vertex 162 48 5
      vertex 152.722 25.6855 5
      vertex 152.94 25.6421 5
    endloop
  endfacet
  facet normal 0 0 1
    outer loop
      vertex 162 48 5
      vertex 152.5 54.3 5
      vertex 142 48 5
    endloop
  endfacet
  facet normal 0 -0 1
    outer loop
      vertex 152.5 25.7 5
      vertex 162 48 5
      vertex 142 48 5
    endloop
  endfacet
  facet normal 0 0 1
    outer loop
      vertex 142 48 5
      vertex 152.5 54.3 5
      vertex 152.278 54.3145 5
    endloop
  endfacet
  facet normal 0 0 1
    outer loop
      vertex 162 48 5
      vertex 152.5 25.7 5
      vertex 152.722 25.6855 5
    endloop
  endfacet
  facet normal 0 0 1
    outer loop
      vertex 142 48 5
      vertex 152.278 54.3145 5
      vertex 152.06 54.3579 5
    endloop
  endfacet
  facet normal 0 0 1
    outer loop
      vertex 152.5 25.7 5
      vertex 142 48 5
      vertex 152.278 25.6855 5
    endloop
  endfacet
  facet normal 0 0 1
    outer loop
      vertex 142 48 5
      vertex 152.06 54.3579 5
      vertex 151.849 54.4294 5
    endloop
  endfacet
  facet normal 0 0 1
    outer loop
      vertex 152.278 25.6855 5
      vertex 142 48 5
      vertex 152.06 25.6421 5
    endloop
  endfacet
  facet normal 0 0 1
    outer loop
      vertex 142 48 5
      vertex 151.849 54.4294 5
      vertex 151.65 54.5278 5
    endloop
  endfacet
  facet normal 0 0 1
    outer loop
      vertex 152.06 25.6421 5
      vertex 142 48 5
      vertex 151.849 25.5706 5
    endloop
  endfacet
  facet normal 0 0 1
    outer loop
      vertex 142 48 5
      vertex 151.65 54.5278 5
      vertex 151.465 54.6513 5
    endloop
  endfacet
  facet normal -0 0 1
    outer loop
      vertex 142 26 5
      vertex 151.849 25.5706 5
      vertex 142 48 5
    endloop
  endfacet
  facet normal 0 0 1
    outer loop
      vertex 142 48 5
      vertex 151.465 54.6513 5
      vertex 151.298 54.7979 5
    endloop
  endfacet
  facet normal 0 0 1
    outer loop
      vertex 151.849 25.5706 5
      vertex 142 26 5
      vertex 151.65 25.4722 5
    endloop
  endfacet
  facet normal 0 0 1
    outer loop
      vertex 142 48 5
      vertex 151.298 54.7979 5
      vertex 151.151 54.9651 5
    endloop
  endfacet
  facet normal 0 0 1
    outer loop
      vertex 151.65 25.4722 5
      vertex 142 26 5
      vertex 151.465 25.3487 5
    endloop
  endfacet
  facet normal 0 0 1
    outer loop
      vertex 142 48 5
      vertex 151.151 54.9651 5
      vertex 151.028 55.15 5
    endloop
  endfacet
  facet normal 0 0 1
    outer loop
      vertex 151.465 25.3487 5
      vertex 142 26 5
      vertex 151.298 25.2021 5
    endloop
  endfacet
  facet normal 0 0 1
    outer loop
      vertex 142 48 5
      vertex 151.028 55.15 5
      vertex 150.929 55.3494 5
    endloop
  endfacet
  facet normal 0 0 1
    outer loop
      vertex 151.298 25.2021 5
      vertex 142 26 5
      vertex 151.151 25.0349 5
    endloop
  endfacet
  facet normal 0 0 1
    outer loop
      vertex 142 48 5
      vertex 150.929 55.3494 5
      vertex 150.858 55.56 5
    endloop
  endfacet
  facet normal 0 0 1
    outer loop
      vertex 151.151 25.0349 5
      vertex 142 26 5
      vertex 151.028 24.85 5
    endloop
  endfacet
  facet normal 0 0 1
    outer loop
      vertex 142 60 5
      vertex 150.858 55.56 5
      vertex 150.815 55.7781 5
    endloop
  endfacet
  facet normal 0 0 1
    outer loop
      vertex 151.028 24.85 5
      vertex 142 26 5
      vertex 150.929 24.6506 5
    endloop
  endfacet
  facet normal 0 0 1
    outer loop
      vertex 142 60 5
      vertex 150.815 55.7781 5
      vertex 150.8 56 5
    endloop
  endfacet
  facet normal 0 0 1
    outer loop
      vertex 150.929 24.6506 5
      vertex 142 26 5
      vertex 150.858 24.44 5
    endloop
  endfacet
  facet normal 0 0 1
    outer loop
      vertex 162 60 5
      vertex 154.185 56.2219 5
      vertex 154.2 56 5
    endloop
  endfacet
  facet normal 0 0 1
    outer loop
      vertex 162 82 5
      vertex 154.142 56.44 5
      vertex 154.185 56.2219 5
    endloop
  endfacet
  facet normal 0 0 1
    outer loop
      vertex 162 82 5
      vertex 154.071 56.6506 5
      vertex 154.142 56.44 5
    endloop
  endfacet
  facet normal 0 0 1
    outer loop
      vertex 162 82 5
      vertex 153.972 56.85 5
      vertex 154.071 56.6506 5
    endloop
  endfacet
  facet normal 0 0 1
    outer loop
      vertex 162 82 5
      vertex 153.849 57.0349 5
      vertex 153.972 56.85 5
    endloop
  endfacet
  facet normal 0 0 1
    outer loop
      vertex 162 82 5
      vertex 153.702 57.2021 5
      vertex 153.849 57.0349 5
    endloop
  endfacet
  facet normal 0 0 1
    outer loop
      vertex 162 82 5
      vertex 153.535 57.3487 5
      vertex 153.702 57.2021 5
    endloop
  endfacet
  facet normal 0 0 1
    outer loop
      vertex 162 82 5
      vertex 153.35 57.4722 5
      vertex 153.535 57.3487 5
    endloop
  endfacet
  facet normal 0 0 1
    outer loop
      vertex 162 82 5
      vertex 153.151 57.5706 5
      vertex 153.35 57.4722 5
    endloop
  endfacet
  facet normal 0 -0 1
    outer loop
      vertex 152.5 57.7 5
      vertex 162 82 5
      vertex 142 82 5
    endloop
  endfacet
  facet normal 0 0 1
    outer loop
      vertex 162 82 5
      vertex 152.94 57.6421 5
      vertex 153.151 57.5706 5
    endloop
  endfacet
  facet normal 0 0 1
    outer loop
      vertex 162 82 5
      vertex 152.722 57.6855 5
      vertex 152.94 57.6421 5
    endloop
  endfacet
  facet normal 0 0 1
    outer loop
      vertex 162 82 5
      vertex 152.5 57.7 5
      vertex 152.722 57.6855 5
    endloop
  endfacet
  facet normal 0 0 1
    outer loop
      vertex 152.5 57.7 5
      vertex 142 82 5
      vertex 152.278 57.6855 5
    endloop
  endfacet
  facet normal -0 0 1
    outer loop
      vertex 142 60 5
      vertex 152.278 57.6855 5
      vertex 142 82 5
    endloop
  endfacet
  facet normal 0 0 1
    outer loop
      vertex 152.278 57.6855 5
      vertex 142 60 5
      vertex 152.06 57.6421 5
    endloop
  endfacet
  facet normal 0 0 1
    outer loop
      vertex 152.06 57.6421 5
      vertex 142 60 5
      vertex 151.849 57.5706 5
    endloop
  endfacet
  facet normal 0 0 1
    outer loop
      vertex 151.849 57.5706 5
      vertex 142 60 5
      vertex 151.65 57.4722 5
    endloop
  endfacet
  facet normal 0 0 1
    outer loop
      vertex 151.65 57.4722 5
      vertex 142 60 5
      vertex 151.465 57.3487 5
    endloop
  endfacet
  facet normal 0 0 1
    outer loop
      vertex 151.465 57.3487 5
      vertex 142 60 5
      vertex 151.298 57.2021 5
    endloop
  endfacet
  facet normal 0 0 1
    outer loop
      vertex 151.298 57.2021 5
      vertex 142 60 5
      vertex 151.151 57.0349 5
    endloop
  endfacet
  facet normal 0 0 1
    outer loop
      vertex 151.151 57.0349 5
      vertex 142 60 5
      vertex 151.028 56.85 5
    endloop
  endfacet
  facet normal 0 0 1
    outer loop
      vertex 150.815 56.2219 5
      vertex 142 60 5
      vertex 150.8 56 5
    endloop
  endfacet
  facet normal 0 0 1
    outer loop
      vertex 150.858 56.44 5
      vertex 142 60 5
      vertex 150.815 56.2219 5
    endloop
  endfacet
  facet normal 0 0 1
    outer loop
      vertex 150.929 56.6506 5
      vertex 142 60 5
      vertex 150.858 56.44 5
    endloop
  endfacet
  facet normal 0 0 1
    outer loop
      vertex 151.028 56.85 5
      vertex 142 60 5
      vertex 150.929 56.6506 5
    endloop
  endfacet
  facet normal 0 0 1
    outer loop
      vertex 161 96 5
      vertex 116 82 5
      vertex 142 82 5
    endloop
  endfacet
  facet normal -0 0 1
    outer loop
      vertex 102.685 84.7781 5
      vertex 116 82 5
      vertex 102.7 85 5
    endloop
  endfacet
  facet normal -0 0 1
    outer loop
      vertex 102.642 84.56 5
      vertex 116 82 5
      vertex 102.685 84.7781 5
    endloop
  endfacet
  facet normal -0 0 1
    outer loop
      vertex 102.571 84.3494 5
      vertex 116 82 5
      vertex 102.642 84.56 5
    endloop
  endfacet
  facet normal -0 0 1
    outer loop
      vertex 101.85 86.4722 5
      vertex 116 82 5
      vertex 161 96 5
    endloop
  endfacet
  facet normal 0 0 1
    outer loop
      vertex 116 82 5
      vertex 102.685 85.2219 5
      vertex 102.7 85 5
    endloop
  endfacet
  facet normal 0 0 1
    outer loop
      vertex 116 82 5
      vertex 102.642 85.44 5
      vertex 102.685 85.2219 5
    endloop
  endfacet
  facet normal 0 0 1
    outer loop
      vertex 116 82 5
      vertex 102.571 85.6506 5
      vertex 102.642 85.44 5
    endloop
  endfacet
  facet normal 0 0 1
    outer loop
      vertex 116 82 5
      vertex 102.472 85.85 5
      vertex 102.571 85.6506 5
    endloop
  endfacet
  facet normal 0 0 1
    outer loop
      vertex 116 82 5
      vertex 102.349 86.0349 5
      vertex 102.472 85.85 5
    endloop
  endfacet
  facet normal 0 0 1
    outer loop
      vertex 116 82 5
      vertex 102.202 86.2021 5
      vertex 102.349 86.0349 5
    endloop
  endfacet
  facet normal 0 0 1
    outer loop
      vertex 116 82 5
      vertex 102.035 86.3487 5
      vertex 102.202 86.2021 5
    endloop
  endfacet
  facet normal 0 0 1
    outer loop
      vertex 116 82 5
      vertex 101.85 86.4722 5
      vertex 102.035 86.3487 5
    endloop
  endfacet
  facet normal 0 0 1
    outer loop
      vertex 161 96 5
      vertex 101.651 86.5706 5
      vertex 101.85 86.4722 5
    endloop
  endfacet
  facet normal 0 0 1
    outer loop
      vertex 161 96 5
      vertex 101.44 86.6421 5
      vertex 101.651 86.5706 5
    endloop
  endfacet
  facet normal 0 0 1
    outer loop
      vertex 161 96 5
      vertex 101.222 86.6855 5
      vertex 101.44 86.6421 5
    endloop
  endfacet
  facet normal 0 0 1
    outer loop
      vertex 161 96 5
      vertex 101 86.7 5
      vertex 101.222 86.6855 5
    endloop
  endfacet
  facet normal -0 0 1
    outer loop
      vertex 59 96 5
      vertex 101 86.7 5
      vertex 161 96 5
    endloop
  endfacet
  facet normal 0 0 1
    outer loop
      vertex 101 83.3 5
      vertex 96 82 5
      vertex 96 60 5
    endloop
  endfacet
  facet normal 0 0 1
    outer loop
      vertex 99.3145 85.2219 5
      vertex 96 82 5
      vertex 99.3 85 5
    endloop
  endfacet
  facet normal 0 0 1
    outer loop
      vertex 99.3579 85.44 5
      vertex 96 82 5
      vertex 99.3145 85.2219 5
    endloop
  endfacet
  facet normal 0 0 1
    outer loop
      vertex 99.4294 85.6506 5
      vertex 96 82 5
      vertex 99.3579 85.44 5
    endloop
  endfacet
  facet normal 0 0 1
    outer loop
      vertex 99.5278 85.85 5
      vertex 96 82 5
      vertex 99.4294 85.6506 5
    endloop
  endfacet
  facet normal 0 0 1
    outer loop
      vertex 99.6513 86.0349 5
      vertex 96 82 5
      vertex 99.5278 85.85 5
    endloop
  endfacet
  facet normal 0 0 1
    outer loop
      vertex 70 82 5
      vertex 99.6513 86.0349 5
      vertex 99.7979 86.2021 5
    endloop
  endfacet
  facet normal 0 0 1
    outer loop
      vertex 99.6513 86.0349 5
      vertex 70 82 5
      vertex 96 82 5
    endloop
  endfacet
  facet normal 0 0 1
    outer loop
      vertex 59 96 5
      vertex 99.7979 86.2021 5
      vertex 99.9651 86.3487 5
    endloop
  endfacet
  facet normal 0 0 1
    outer loop
      vertex 59 96 5
      vertex 99.9651 86.3487 5
      vertex 100.15 86.4722 5
    endloop
  endfacet
  facet normal 0 0 1
    outer loop
      vertex 59 96 5
      vertex 100.15 86.4722 5
      vertex 100.349 86.5706 5
    endloop
  endfacet
  facet normal 0 0 1
    outer loop
      vertex 59 96 5
      vertex 100.349 86.5706 5
      vertex 100.56 86.6421 5
    endloop
  endfacet
  facet normal 0 0 1
    outer loop
      vertex 59 96 5
      vertex 100.56 86.6421 5
      vertex 100.778 86.6855 5
    endloop
  endfacet
  facet normal 0 0 1
    outer loop
      vertex 101 86.7 5
      vertex 59 96 5
      vertex 100.778 86.6855 5
    endloop
  endfacet
  facet normal 0 0 1
    outer loop
      vertex 50 60 5
      vertex 70 60 5
      vertex 70 82 5
    endloop
  endfacet
  facet normal 0 0 1
    outer loop
      vertex 70 60 5
      vertex 50 60 5
      vertex 70 48 5
    endloop
  endfacet
  facet normal 0 0 1
    outer loop
      vertex 50 82 5
      vertex 70 82 5
      vertex 59 96 5
    endloop
  endfacet
  facet normal 0 0 1
    outer loop
      vertex 99.7979 86.2021 5
      vertex 59 96 5
      vertex 70 82 5
    endloop
  endfacet
  facet normal -0 0 1
    outer loop
      vertex 162 60 5
      vertex 188 48 5
      vertex 188 60 5
    endloop
  endfacet
  facet normal 0 0 1
    outer loop
      vertex 188 48 5
      vertex 162 60 5
      vertex 162 48 5
    endloop
  endfacet
  facet normal -0 0 1
    outer loop
      vertex 177.173 109.418 5
      vertex 189 96 5
      vertex 189 117 5
    endloop
  endfacet
  facet normal 0 0 1
    outer loop
      vertex 177.173 109.418 5
      vertex 189 117 5
      vertex 177.25 110 5
    endloop
  endfacet
  facet normal 0 0 1
    outer loop
      vertex 189 117 5
      vertex 177.173 110.582 5
      vertex 177.25 110 5
    endloop
  endfacet
  facet normal 0 0 1
    outer loop
      vertex 189 117 5
      vertex 176.949 111.125 5
      vertex 177.173 110.582 5
    endloop
  endfacet
  facet normal 0 0 1
    outer loop
      vertex 189 117 5
      vertex 176.591 111.591 5
      vertex 176.949 111.125 5
    endloop
  endfacet
  facet normal 0 0 1
    outer loop
      vertex 189 117 5
      vertex 176.125 111.949 5
      vertex 176.591 111.591 5
    endloop
  endfacet
  facet normal 0 0 1
    outer loop
      vertex 189 117 5
      vertex 175.582 112.173 5
      vertex 176.125 111.949 5
    endloop
  endfacet
  facet normal 0 0 1
    outer loop
      vertex 189 117 5
      vertex 175 112.25 5
      vertex 175.582 112.173 5
    endloop
  endfacet
  facet normal -0 0 1
    outer loop
      vertex 161 117 5
      vertex 175 112.25 5
      vertex 189 117 5
    endloop
  endfacet
  facet normal 0 0 1
    outer loop
      vertex 161 117 5
      vertex 172.75 110 5
      vertex 172.827 110.582 5
    endloop
  endfacet
  facet normal 0 0 1
    outer loop
      vertex 154.185 56.2219 5
      vertex 162 60 5
      vertex 162 82 5
    endloop
  endfacet
  facet normal 0 0 1
    outer loop
      vertex 154.185 55.7781 5
      vertex 162 60 5
      vertex 154.2 56 5
    endloop
  endfacet
  facet normal 0 0 1
    outer loop
      vertex 172.75 110 5
      vertex 161 96 5
      vertex 162 82 5
    endloop
  endfacet
  facet normal 0 0 1
    outer loop
      vertex 172.75 110 5
      vertex 161 117 5
      vertex 161 96 5
    endloop
  endfacet
  facet normal 0 0 1
    outer loop
      vertex 173.051 111.125 5
      vertex 161 117 5
      vertex 172.827 110.582 5
    endloop
  endfacet
  facet normal 0 0 1
    outer loop
      vertex 173.409 111.591 5
      vertex 161 117 5
      vertex 173.051 111.125 5
    endloop
  endfacet
  facet normal 0 0 1
    outer loop
      vertex 173.875 111.949 5
      vertex 161 117 5
      vertex 173.409 111.591 5
    endloop
  endfacet
  facet normal 0 0 1
    outer loop
      vertex 174.418 112.173 5
      vertex 161 117 5
      vertex 173.875 111.949 5
    endloop
  endfacet
  facet normal 0 0 1
    outer loop
      vertex 175 112.25 5
      vertex 161 117 5
      vertex 174.418 112.173 5
    endloop
  endfacet
  facet normal 0 0 1
    outer loop
      vertex 189 96 5
      vertex 177.173 109.418 5
      vertex 176.949 108.875 5
    endloop
  endfacet
  facet normal -0 0 1
    outer loop
      vertex 176.591 108.409 5
      vertex 189 96 5
      vertex 176.949 108.875 5
    endloop
  endfacet
  facet normal -0 0 1
    outer loop
      vertex 176.125 108.051 5
      vertex 189 96 5
      vertex 176.591 108.409 5
    endloop
  endfacet
  facet normal -0 0 1
    outer loop
      vertex 175.582 107.827 5
      vertex 189 96 5
      vertex 176.125 108.051 5
    endloop
  endfacet
  facet normal -0 0 1
    outer loop
      vertex 175 107.75 5
      vertex 189 96 5
      vertex 175.582 107.827 5
    endloop
  endfacet
  facet normal 0 0 1
    outer loop
      vertex 162 82 5
      vertex 189 96 5
      vertex 175 107.75 5
    endloop
  endfacet
  facet normal 0 0 1
    outer loop
      vertex 162 82 5
      vertex 175 107.75 5
      vertex 174.418 107.827 5
    endloop
  endfacet
  facet normal 0 0 1
    outer loop
      vertex 162 82 5
      vertex 174.418 107.827 5
      vertex 173.875 108.051 5
    endloop
  endfacet
  facet normal 0 0 1
    outer loop
      vertex 162 82 5
      vertex 173.875 108.051 5
      vertex 173.409 108.409 5
    endloop
  endfacet
  facet normal 0 0 1
    outer loop
      vertex 162 82 5
      vertex 173.409 108.409 5
      vertex 173.051 108.875 5
    endloop
  endfacet
  facet normal 0 0 1
    outer loop
      vertex 189 96 5
      vertex 162 82 5
      vertex 188 82 5
    endloop
  endfacet
  facet normal 0 0 1
    outer loop
      vertex 172.827 109.418 5
      vertex 162 82 5
      vertex 173.051 108.875 5
    endloop
  endfacet
  facet normal 0 0 1
    outer loop
      vertex 162 82 5
      vertex 172.827 109.418 5
      vertex 172.75 110 5
    endloop
  endfacet
  facet normal -0 0 1
    outer loop
      vertex 204.642 68.56 5
      vertex 214 0 5
      vertex 204.685 68.7781 5
    endloop
  endfacet
  facet normal 0 0 1
    outer loop
      vertex 214 0 5
      vertex 204.685 11.2219 5
      vertex 204.7 11 5
    endloop
  endfacet
  facet normal -0 0 1
    outer loop
      vertex 204.571 68.3494 5
      vertex 214 0 5
      vertex 204.642 68.56 5
    endloop
  endfacet
  facet normal 0 0 1
    outer loop
      vertex 214 0 5
      vertex 204.642 11.44 5
      vertex 204.685 11.2219 5
    endloop
  endfacet
  facet normal -0 0 1
    outer loop
      vertex 204.472 68.15 5
      vertex 214 0 5
      vertex 204.571 68.3494 5
    endloop
  endfacet
  facet normal 0 0 1
    outer loop
      vertex 214 0 5
      vertex 204.571 11.6506 5
      vertex 204.642 11.44 5
    endloop
  endfacet
  facet normal -0 0 1
    outer loop
      vertex 204.472 11.85 5
      vertex 214 0 5
      vertex 204.472 68.15 5
    endloop
  endfacet
  facet normal 0 0 1
    outer loop
      vertex 214 0 5
      vertex 204.472 11.85 5
      vertex 204.571 11.6506 5
    endloop
  endfacet
  facet normal -0 0 1
    outer loop
      vertex 204.349 67.9651 5
      vertex 204.472 11.85 5
      vertex 204.472 68.15 5
    endloop
  endfacet
  facet normal 0 0 1
    outer loop
      vertex 204.349 67.9651 5
      vertex 204.349 12.0349 5
      vertex 204.472 11.85 5
    endloop
  endfacet
  facet normal -0 0 1
    outer loop
      vertex 204.202 67.7979 5
      vertex 204.349 12.0349 5
      vertex 204.349 67.9651 5
    endloop
  endfacet
  facet normal 0 0 1
    outer loop
      vertex 204.202 67.7979 5
      vertex 204.202 12.2021 5
      vertex 204.349 12.0349 5
    endloop
  endfacet
  facet normal -0 0 1
    outer loop
      vertex 204.035 67.6513 5
      vertex 204.202 12.2021 5
      vertex 204.202 67.7979 5
    endloop
  endfacet
  facet normal 0 0 1
    outer loop
      vertex 204.035 67.6513 5
      vertex 204.035 12.3487 5
      vertex 204.202 12.2021 5
    endloop
  endfacet
  facet normal -0 0 1
    outer loop
      vertex 203.85 67.5278 5
      vertex 204.035 12.3487 5
      vertex 204.035 67.6513 5
    endloop
  endfacet
  facet normal 0 0 1
    outer loop
      vertex 203.85 67.5278 5
      vertex 203.85 12.4722 5
      vertex 204.035 12.3487 5
    endloop
  endfacet
  facet normal 0 0 1
    outer loop
      vertex 188 48 5
      vertex 203.85 67.5278 5
      vertex 203.651 67.4294 5
    endloop
  endfacet
  facet normal 0 0 1
    outer loop
      vertex 203.85 67.5278 5
      vertex 188 48 5
      vertex 203.85 12.4722 5
    endloop
  endfacet
  facet normal 0 0 1
    outer loop
      vertex 188 48 5
      vertex 203.651 67.4294 5
      vertex 203.44 67.3579 5
    endloop
  endfacet
  facet normal 0 0 1
    outer loop
      vertex 203.85 12.4722 5
      vertex 188 48 5
      vertex 203.651 12.5706 5
    endloop
  endfacet
  facet normal 0 0 1
    outer loop
      vertex 188 48 5
      vertex 203.44 67.3579 5
      vertex 203.222 67.3145 5
    endloop
  endfacet
  facet normal 0 0 1
    outer loop
      vertex 203.651 12.5706 5
      vertex 188 48 5
      vertex 203.44 12.6421 5
    endloop
  endfacet
  facet normal 0 0 1
    outer loop
      vertex 188 48 5
      vertex 203.222 67.3145 5
      vertex 203 67.3 5
    endloop
  endfacet
  facet normal -0 0 1
    outer loop
      vertex 188 26 5
      vertex 203.44 12.6421 5
      vertex 188 48 5
    endloop
  endfacet
  facet normal 0 0 1
    outer loop
      vertex 188 48 5
      vertex 203 67.3 5
      vertex 202.778 67.3145 5
    endloop
  endfacet
  facet normal 0 0 1
    outer loop
      vertex 203.44 12.6421 5
      vertex 188 26 5
      vertex 203.222 12.6855 5
    endloop
  endfacet
  facet normal 0 0 1
    outer loop
      vertex 188 60 5
      vertex 202.778 67.3145 5
      vertex 202.56 67.3579 5
    endloop
  endfacet
  facet normal 0 0 1
    outer loop
      vertex 203.222 12.6855 5
      vertex 188 26 5
      vertex 203 12.7 5
    endloop
  endfacet
  facet normal 0 0 1
    outer loop
      vertex 188 60 5
      vertex 202.56 67.3579 5
      vertex 202.349 67.4294 5
    endloop
  endfacet
  facet normal 0 0 1
    outer loop
      vertex 203 12.7 5
      vertex 188 26 5
      vertex 202.778 12.6855 5
    endloop
  endfacet
  facet normal 0 0 1
    outer loop
      vertex 188 60 5
      vertex 202.349 67.4294 5
      vertex 202.15 67.5278 5
    endloop
  endfacet
  facet normal 0 0 1
    outer loop
      vertex 202.778 12.6855 5
      vertex 188 26 5
      vertex 202.56 12.6421 5
    endloop
  endfacet
  facet normal 0 0 1
    outer loop
      vertex 188 60 5
      vertex 202.15 67.5278 5
      vertex 201.965 67.6513 5
    endloop
  endfacet
  facet normal 0 0 1
    outer loop
      vertex 202.56 12.6421 5
      vertex 188 26 5
      vertex 202.349 12.5706 5
    endloop
  endfacet
  facet normal 0 0 1
    outer loop
      vertex 188 60 5
      vertex 201.965 67.6513 5
      vertex 201.798 67.7979 5
    endloop
  endfacet
  facet normal 0 0 1
    outer loop
      vertex 202.349 12.5706 5
      vertex 188 26 5
      vertex 202.15 12.4722 5
    endloop
  endfacet
  facet normal 0 0 1
    outer loop
      vertex 188 60 5
      vertex 201.798 67.7979 5
      vertex 201.651 67.9651 5
    endloop
  endfacet
  facet normal 0 0 1
    outer loop
      vertex 202.15 12.4722 5
      vertex 188 26 5
      vertex 201.965 12.3487 5
    endloop
  endfacet
  facet normal 0 0 1
    outer loop
      vertex 188 60 5
      vertex 201.651 67.9651 5
      vertex 201.528 68.15 5
    endloop
  endfacet
  facet normal 0 0 1
    outer loop
      vertex 201.965 12.3487 5
      vertex 188 26 5
      vertex 201.798 12.2021 5
    endloop
  endfacet
  facet normal 0 0 1
    outer loop
      vertex 188 60 5
      vertex 201.528 68.15 5
      vertex 201.429 68.3494 5
    endloop
  endfacet
  facet normal 0 0 1
    outer loop
      vertex 201.798 12.2021 5
      vertex 188 26 5
      vertex 201.651 12.0349 5
    endloop
  endfacet
  facet normal 0 0 1
    outer loop
      vertex 188 60 5
      vertex 201.429 68.3494 5
      vertex 201.358 68.56 5
    endloop
  endfacet
  facet normal 0 0 1
    outer loop
      vertex 201.651 12.0349 5
      vertex 188 26 5
      vertex 201.528 11.85 5
    endloop
  endfacet
  facet normal 0 0 1
    outer loop
      vertex 188 60 5
      vertex 201.358 68.56 5
      vertex 201.315 68.7781 5
    endloop
  endfacet
  facet normal 0 0 1
    outer loop
      vertex 201.528 11.85 5
      vertex 188 26 5
      vertex 201.429 11.6506 5
    endloop
  endfacet
  facet normal 0 0 1
    outer loop
      vertex 188 60 5
      vertex 201.315 68.7781 5
      vertex 201.3 69 5
    endloop
  endfacet
  facet normal 0 0 1
    outer loop
      vertex 201.429 11.6506 5
      vertex 188 26 5
      vertex 201.358 11.44 5
    endloop
  endfacet
  facet normal 0 0 1
    outer loop
      vertex 204.685 68.7781 5
      vertex 214 96 5
      vertex 204.7 69 5
    endloop
  endfacet
  facet normal 0 0 1
    outer loop
      vertex 214 96 5
      vertex 204.685 69.2219 5
      vertex 204.7 69 5
    endloop
  endfacet
  facet normal 0 0 1
    outer loop
      vertex 214 96 5
      vertex 204.642 69.44 5
      vertex 204.685 69.2219 5
    endloop
  endfacet
  facet normal 0 0 1
    outer loop
      vertex 214 96 5
      vertex 204.571 69.6506 5
      vertex 204.642 69.44 5
    endloop
  endfacet
  facet normal 0 0 1
    outer loop
      vertex 214 96 5
      vertex 204.472 69.85 5
      vertex 204.571 69.6506 5
    endloop
  endfacet
  facet normal 0 0 1
    outer loop
      vertex 214 96 5
      vertex 204.349 70.0349 5
      vertex 204.472 69.85 5
    endloop
  endfacet
  facet normal 0 0 1
    outer loop
      vertex 214 96 5
      vertex 204.202 70.2021 5
      vertex 204.349 70.0349 5
    endloop
  endfacet
  facet normal 0 0 1
    outer loop
      vertex 214 96 5
      vertex 204.035 70.3487 5
      vertex 204.202 70.2021 5
    endloop
  endfacet
  facet normal 0 0 1
    outer loop
      vertex 214 96 5
      vertex 203.85 70.4722 5
      vertex 204.035 70.3487 5
    endloop
  endfacet
  facet normal 0 0 1
    outer loop
      vertex 214 96 5
      vertex 203.651 70.5706 5
      vertex 203.85 70.4722 5
    endloop
  endfacet
  facet normal 0 0 1
    outer loop
      vertex 214 96 5
      vertex 203.44 70.6421 5
      vertex 203.651 70.5706 5
    endloop
  endfacet
  facet normal 0 0 1
    outer loop
      vertex 214 96 5
      vertex 203.222 70.6855 5
      vertex 203.44 70.6421 5
    endloop
  endfacet
  facet normal 0 0 1
    outer loop
      vertex 214 96 5
      vertex 203 70.7 5
      vertex 203.222 70.6855 5
    endloop
  endfacet
  facet normal -0 0 1
    outer loop
      vertex 188 82 5
      vertex 203 70.7 5
      vertex 214 96 5
    endloop
  endfacet
  facet normal 0 0 1
    outer loop
      vertex 203 70.7 5
      vertex 188 82 5
      vertex 202.778 70.6855 5
    endloop
  endfacet
  facet normal 0 0 1
    outer loop
      vertex 202.778 70.6855 5
      vertex 188 82 5
      vertex 202.56 70.6421 5
    endloop
  endfacet
  facet normal 0 0 1
    outer loop
      vertex 202.56 70.6421 5
      vertex 188 82 5
      vertex 202.349 70.5706 5
    endloop
  endfacet
  facet normal 0 0 1
    outer loop
      vertex 202.349 70.5706 5
      vertex 188 82 5
      vertex 202.15 70.4722 5
    endloop
  endfacet
  facet normal 0 0 1
    outer loop
      vertex 202.15 70.4722 5
      vertex 188 82 5
      vertex 201.965 70.3487 5
    endloop
  endfacet
  facet normal 0 0 1
    outer loop
      vertex 201.965 70.3487 5
      vertex 188 82 5
      vertex 201.798 70.2021 5
    endloop
  endfacet
  facet normal 0 0 1
    outer loop
      vertex 201.798 70.2021 5
      vertex 188 82 5
      vertex 201.651 70.0349 5
    endloop
  endfacet
  facet normal 0 0 1
    outer loop
      vertex 201.651 70.0349 5
      vertex 188 82 5
      vertex 201.528 69.85 5
    endloop
  endfacet
  facet normal 0 0 1
    outer loop
      vertex 188 60 5
      vertex 201.315 69.2219 5
      vertex 188 82 5
    endloop
  endfacet
  facet normal 0 0 1
    outer loop
      vertex 201.358 69.44 5
      vertex 188 82 5
      vertex 201.315 69.2219 5
    endloop
  endfacet
  facet normal 0 0 1
    outer loop
      vertex 201.429 69.6506 5
      vertex 188 82 5
      vertex 201.358 69.44 5
    endloop
  endfacet
  facet normal 0 0 1
    outer loop
      vertex 201.528 69.85 5
      vertex 188 82 5
      vertex 201.429 69.6506 5
    endloop
  endfacet
  facet normal 0 0 1
    outer loop
      vertex 188 82 5
      vertex 214 96 5
      vertex 189 96 5
    endloop
  endfacet
  facet normal 0 0 1
    outer loop
      vertex 214 96 5
      vertex 204.685 68.7781 5
      vertex 214 0 5
    endloop
  endfacet
  facet normal -0 0 1
    outer loop
      vertex 204.685 10.7781 5
      vertex 214 0 5
      vertex 204.7 11 5
    endloop
  endfacet
  facet normal -0 0 1
    outer loop
      vertex 204.642 10.56 5
      vertex 214 0 5
      vertex 204.685 10.7781 5
    endloop
  endfacet
  facet normal -0 0 1
    outer loop
      vertex 204.571 10.3494 5
      vertex 214 0 5
      vertex 204.642 10.56 5
    endloop
  endfacet
  facet normal -0 0 1
    outer loop
      vertex 204.472 10.15 5
      vertex 214 0 5
      vertex 204.571 10.3494 5
    endloop
  endfacet
  facet normal -0 0 1
    outer loop
      vertex 204.349 9.96511 5
      vertex 214 0 5
      vertex 204.472 10.15 5
    endloop
  endfacet
  facet normal -0 0 1
    outer loop
      vertex 204.202 9.79792 5
      vertex 214 0 5
      vertex 204.349 9.96511 5
    endloop
  endfacet
  facet normal -0 0 1
    outer loop
      vertex 204.035 9.6513 5
      vertex 214 0 5
      vertex 204.202 9.79792 5
    endloop
  endfacet
  facet normal -0 0 1
    outer loop
      vertex 203.85 9.52776 5
      vertex 214 0 5
      vertex 204.035 9.6513 5
    endloop
  endfacet
  facet normal -0 0 1
    outer loop
      vertex 203.651 9.4294 5
      vertex 214 0 5
      vertex 203.85 9.52776 5
    endloop
  endfacet
  facet normal -0 0 1
    outer loop
      vertex 203.44 9.35793 5
      vertex 214 0 5
      vertex 203.651 9.4294 5
    endloop
  endfacet
  facet normal -0 0 1
    outer loop
      vertex 203.222 9.31454 5
      vertex 214 0 5
      vertex 203.44 9.35793 5
    endloop
  endfacet
  facet normal -0 0 1
    outer loop
      vertex 203 9.3 5
      vertex 214 0 5
      vertex 203.222 9.31454 5
    endloop
  endfacet
  facet normal 0 0 1
    outer loop
      vertex 202.778 9.31454 5
      vertex 214 0 5
      vertex 203 9.3 5
    endloop
  endfacet
  facet normal 0 0 1
    outer loop
      vertex 202.56 9.35793 5
      vertex 214 0 5
      vertex 202.778 9.31454 5
    endloop
  endfacet
  facet normal 0 0 1
    outer loop
      vertex 202.349 9.4294 5
      vertex 214 0 5
      vertex 202.56 9.35793 5
    endloop
  endfacet
  facet normal 0 0 1
    outer loop
      vertex 202.15 9.52776 5
      vertex 214 0 5
      vertex 202.349 9.4294 5
    endloop
  endfacet
  facet normal 0 0 1
    outer loop
      vertex 121.85 9.52776 5
      vertex 202.15 9.52776 5
      vertex 201.965 9.6513 5
    endloop
  endfacet
  facet normal 0 0 1
    outer loop
      vertex 201.315 69.2219 5
      vertex 188 60 5
      vertex 201.3 69 5
    endloop
  endfacet
  facet normal 0 0 1
    outer loop
      vertex 202.778 67.3145 5
      vertex 188 60 5
      vertex 188 48 5
    endloop
  endfacet
  facet normal 0 0 1
    outer loop
      vertex 201.358 11.44 5
      vertex 188 26 5
      vertex 201.315 11.2219 5
    endloop
  endfacet
  facet normal 0 0 1
    outer loop
      vertex 201.315 11.2219 5
      vertex 188 26 5
      vertex 201.3 11 5
    endloop
  endfacet
  facet normal 0 0 1
    outer loop
      vertex 201.3 11 5
      vertex 188 26 5
      vertex 201.315 10.7781 5
    endloop
  endfacet
  facet normal 0 0 1
    outer loop
      vertex 201.315 10.7781 5
      vertex 188 26 5
      vertex 201.358 10.56 5
    endloop
  endfacet
  facet normal 0 0 1
    outer loop
      vertex 201.358 10.56 5
      vertex 188 26 5
      vertex 201.429 10.3494 5
    endloop
  endfacet
  facet normal -0 0 1
    outer loop
      vertex 162 26 5
      vertex 201.429 10.3494 5
      vertex 188 26 5
    endloop
  endfacet
  facet normal 0 0 1
    outer loop
      vertex 201.429 10.3494 5
      vertex 162 26 5
      vertex 201.528 10.15 5
    endloop
  endfacet
  facet normal -0 0 1
    outer loop
      vertex 153.35 22.5278 5
      vertex 201.528 10.15 5
      vertex 162 26 5
    endloop
  endfacet
  facet normal 0 0 1
    outer loop
      vertex 201.528 10.15 5
      vertex 153.35 22.5278 5
      vertex 201.651 9.96511 5
    endloop
  endfacet
  facet normal -0 0 1
    outer loop
      vertex 153.151 22.4294 5
      vertex 201.651 9.96511 5
      vertex 153.35 22.5278 5
    endloop
  endfacet
  facet normal 0 0 1
    outer loop
      vertex 201.651 9.96511 5
      vertex 153.151 22.4294 5
      vertex 201.798 9.79792 5
    endloop
  endfacet
  facet normal 0 0 1
    outer loop
      vertex 142 82 5
      vertex 162 82 5
      vertex 161 96 5
    endloop
  endfacet
  facet normal 0 0 1
    outer loop
      vertex 154.142 55.56 5
      vertex 162 60 5
      vertex 154.185 55.7781 5
    endloop
  endfacet
  facet normal 0 0 1
    outer loop
      vertex 162 48 5
      vertex 154.2 24 5
      vertex 162 26 5
    endloop
  endfacet
  facet normal 0 0 1
    outer loop
      vertex 154.185 23.7781 5
      vertex 162 26 5
      vertex 154.2 24 5
    endloop
  endfacet
  facet normal 0 0 1
    outer loop
      vertex 154.142 23.56 5
      vertex 162 26 5
      vertex 154.185 23.7781 5
    endloop
  endfacet
  facet normal 0 0 1
    outer loop
      vertex 154.071 23.3494 5
      vertex 162 26 5
      vertex 154.142 23.56 5
    endloop
  endfacet
  facet normal 0 0 1
    outer loop
      vertex 153.972 23.15 5
      vertex 162 26 5
      vertex 154.071 23.3494 5
    endloop
  endfacet
  facet normal 0 0 1
    outer loop
      vertex 153.849 22.9651 5
      vertex 162 26 5
      vertex 153.972 23.15 5
    endloop
  endfacet
  facet normal 0 0 1
    outer loop
      vertex 153.702 22.7979 5
      vertex 162 26 5
      vertex 153.849 22.9651 5
    endloop
  endfacet
  facet normal 0 0 1
    outer loop
      vertex 153.535 22.6513 5
      vertex 162 26 5
      vertex 153.702 22.7979 5
    endloop
  endfacet
  facet normal 0 0 1
    outer loop
      vertex 153.35 22.5278 5
      vertex 162 26 5
      vertex 153.535 22.6513 5
    endloop
  endfacet
  facet normal -0 0 1
    outer loop
      vertex 152.94 22.3579 5
      vertex 201.798 9.79792 5
      vertex 153.151 22.4294 5
    endloop
  endfacet
  facet normal 0 0 1
    outer loop
      vertex 201.798 9.79792 5
      vertex 152.94 22.3579 5
      vertex 201.965 9.6513 5
    endloop
  endfacet
  facet normal -0 0 1
    outer loop
      vertex 152.722 22.3145 5
      vertex 201.965 9.6513 5
      vertex 152.94 22.3579 5
    endloop
  endfacet
  facet normal 0 0 1
    outer loop
      vertex 122.035 9.6513 5
      vertex 201.965 9.6513 5
      vertex 152.722 22.3145 5
    endloop
  endfacet
  facet normal 0 0 1
    outer loop
      vertex 122.035 9.6513 5
      vertex 152.722 22.3145 5
      vertex 152.5 22.3 5
    endloop
  endfacet
  facet normal 0 0 1
    outer loop
      vertex 122.202 9.79792 5
      vertex 152.5 22.3 5
      vertex 152.278 22.3145 5
    endloop
  endfacet
  facet normal 0 0 1
    outer loop
      vertex 122.349 9.96511 5
      vertex 152.278 22.3145 5
      vertex 152.06 22.3579 5
    endloop
  endfacet
  facet normal 0 0 1
    outer loop
      vertex 122.472 10.15 5
      vertex 152.06 22.3579 5
      vertex 151.849 22.4294 5
    endloop
  endfacet
  facet normal 0 0 1
    outer loop
      vertex 150.858 55.56 5
      vertex 142 60 5
      vertex 142 48 5
    endloop
  endfacet
  facet normal 0 0 1
    outer loop
      vertex 150.858 24.44 5
      vertex 142 26 5
      vertex 150.815 24.2219 5
    endloop
  endfacet
  facet normal 0 0 1
    outer loop
      vertex 150.815 24.2219 5
      vertex 142 26 5
      vertex 150.8 24 5
    endloop
  endfacet
  facet normal 0 0 1
    outer loop
      vertex 150.8 24 5
      vertex 142 26 5
      vertex 150.815 23.7781 5
    endloop
  endfacet
  facet normal 0 0 1
    outer loop
      vertex 150.815 23.7781 5
      vertex 142 26 5
      vertex 150.858 23.56 5
    endloop
  endfacet
  facet normal 0 0 1
    outer loop
      vertex 150.858 23.56 5
      vertex 142 26 5
      vertex 150.929 23.3494 5
    endloop
  endfacet
  facet normal 0 0 1
    outer loop
      vertex 142 26 5
      vertex 151.028 23.15 5
      vertex 150.929 23.3494 5
    endloop
  endfacet
  facet normal 0 0 1
    outer loop
      vertex 142 26 5
      vertex 151.151 22.9651 5
      vertex 151.028 23.15 5
    endloop
  endfacet
  facet normal 0 0 1
    outer loop
      vertex 142 26 5
      vertex 151.298 22.7979 5
      vertex 151.151 22.9651 5
    endloop
  endfacet
  facet normal 0 0 1
    outer loop
      vertex 142 26 5
      vertex 151.465 22.6513 5
      vertex 151.298 22.7979 5
    endloop
  endfacet
  facet normal 0 0 1
    outer loop
      vertex 122.685 10.7781 5
      vertex 151.465 22.6513 5
      vertex 142 26 5
    endloop
  endfacet
  facet normal 0 0 1
    outer loop
      vertex 151.465 22.6513 5
      vertex 122.685 10.7781 5
      vertex 151.65 22.5278 5
    endloop
  endfacet
  facet normal 0 0 1
    outer loop
      vertex 122.685 10.7781 5
      vertex 142 26 5
      vertex 122.7 11 5
    endloop
  endfacet
  facet normal 0 0 1
    outer loop
      vertex 122.642 10.56 5
      vertex 151.65 22.5278 5
      vertex 122.685 10.7781 5
    endloop
  endfacet
  facet normal 0 0 1
    outer loop
      vertex 151.65 22.5278 5
      vertex 122.642 10.56 5
      vertex 151.849 22.4294 5
    endloop
  endfacet
  facet normal 0 0 1
    outer loop
      vertex 122.571 10.3494 5
      vertex 151.849 22.4294 5
      vertex 122.642 10.56 5
    endloop
  endfacet
  facet normal 0 0 1
    outer loop
      vertex 122.472 10.15 5
      vertex 151.849 22.4294 5
      vertex 122.571 10.3494 5
    endloop
  endfacet
  facet normal 0 0 1
    outer loop
      vertex 152.06 22.3579 5
      vertex 122.472 10.15 5
      vertex 122.349 9.96511 5
    endloop
  endfacet
  facet normal 0 0 1
    outer loop
      vertex 152.278 22.3145 5
      vertex 122.349 9.96511 5
      vertex 122.202 9.79792 5
    endloop
  endfacet
  facet normal 0 0 1
    outer loop
      vertex 152.5 22.3 5
      vertex 122.202 9.79792 5
      vertex 122.035 9.6513 5
    endloop
  endfacet
  facet normal 0 0 1
    outer loop
      vertex 121.85 9.52776 5
      vertex 201.965 9.6513 5
      vertex 122.035 9.6513 5
    endloop
  endfacet
  facet normal 0 0 1
    outer loop
      vertex 202.15 9.52776 5
      vertex 121.85 9.52776 5
      vertex 214 0 5
    endloop
  endfacet
  facet normal -0 0 1
    outer loop
      vertex 121.651 9.4294 5
      vertex 214 0 5
      vertex 121.85 9.52776 5
    endloop
  endfacet
  facet normal -0 0 1
    outer loop
      vertex 121.44 9.35793 5
      vertex 214 0 5
      vertex 121.651 9.4294 5
    endloop
  endfacet
  facet normal -0 0 1
    outer loop
      vertex 121.222 9.31454 5
      vertex 214 0 5
      vertex 121.44 9.35793 5
    endloop
  endfacet
  facet normal -0 0 1
    outer loop
      vertex 121 9.3 5
      vertex 214 0 5
      vertex 121.222 9.31454 5
    endloop
  endfacet
  facet normal 0 0 1
    outer loop
      vertex 101 9.3 5
      vertex 121 9.3 5
      vertex 120.778 9.31454 5
    endloop
  endfacet
  facet normal 0 0 1
    outer loop
      vertex 119.315 11.2219 5
      vertex 102.7 11 5
      vertex 119.3 11 5
    endloop
  endfacet
  facet normal 0 0 1
    outer loop
      vertex 119.3 11 5
      vertex 102.7 11 5
      vertex 119.315 10.7781 5
    endloop
  endfacet
  facet normal 0 0 1
    outer loop
      vertex 116 48 5
      vertex 102.7 11 5
      vertex 116 26 5
    endloop
  endfacet
  facet normal 0 0 1
    outer loop
      vertex 102.685 10.7781 5
      vertex 119.315 10.7781 5
      vertex 102.7 11 5
    endloop
  endfacet
  facet normal 0 0 1
    outer loop
      vertex 119.315 10.7781 5
      vertex 102.685 10.7781 5
      vertex 119.358 10.56 5
    endloop
  endfacet
  facet normal 0 0 1
    outer loop
      vertex 102.642 10.56 5
      vertex 119.358 10.56 5
      vertex 102.685 10.7781 5
    endloop
  endfacet
  facet normal 0 0 1
    outer loop
      vertex 119.358 10.56 5
      vertex 102.642 10.56 5
      vertex 119.429 10.3494 5
    endloop
  endfacet
  facet normal 0 0 1
    outer loop
      vertex 102.571 10.3494 5
      vertex 119.429 10.3494 5
      vertex 102.642 10.56 5
    endloop
  endfacet
  facet normal 0 0 1
    outer loop
      vertex 119.429 10.3494 5
      vertex 102.571 10.3494 5
      vertex 119.528 10.15 5
    endloop
  endfacet
  facet normal 0 0 1
    outer loop
      vertex 102.472 10.15 5
      vertex 119.528 10.15 5
      vertex 102.571 10.3494 5
    endloop
  endfacet
  facet normal 0 0 1
    outer loop
      vertex 119.528 10.15 5
      vertex 102.472 10.15 5
      vertex 119.651 9.96511 5
    endloop
  endfacet
  facet normal 0 0 1
    outer loop
      vertex 102.349 9.96511 5
      vertex 119.651 9.96511 5
      vertex 102.472 10.15 5
    endloop
  endfacet
  facet normal 0 0 1
    outer loop
      vertex 119.651 9.96511 5
      vertex 102.349 9.96511 5
      vertex 119.798 9.79792 5
    endloop
  endfacet
  facet normal 0 0 1
    outer loop
      vertex 102.202 9.79792 5
      vertex 119.798 9.79792 5
      vertex 102.349 9.96511 5
    endloop
  endfacet
  facet normal 0 0 1
    outer loop
      vertex 119.798 9.79792 5
      vertex 102.202 9.79792 5
      vertex 119.965 9.6513 5
    endloop
  endfacet
  facet normal 0 0 1
    outer loop
      vertex 102.035 9.6513 5
      vertex 119.965 9.6513 5
      vertex 102.202 9.79792 5
    endloop
  endfacet
  facet normal 0 0 1
    outer loop
      vertex 119.965 9.6513 5
      vertex 102.035 9.6513 5
      vertex 120.15 9.52776 5
    endloop
  endfacet
  facet normal 0 0 1
    outer loop
      vertex 101.85 9.52776 5
      vertex 120.15 9.52776 5
      vertex 102.035 9.6513 5
    endloop
  endfacet
  facet normal 0 0 1
    outer loop
      vertex 120.15 9.52776 5
      vertex 101.85 9.52776 5
      vertex 120.349 9.4294 5
    endloop
  endfacet
  facet normal 0 0 1
    outer loop
      vertex 101.651 9.4294 5
      vertex 120.349 9.4294 5
      vertex 101.85 9.52776 5
    endloop
  endfacet
  facet normal 0 0 1
    outer loop
      vertex 120.349 9.4294 5
      vertex 101.651 9.4294 5
      vertex 120.56 9.35793 5
    endloop
  endfacet
  facet normal 0 0 1
    outer loop
      vertex 101.44 9.35793 5
      vertex 120.56 9.35793 5
      vertex 101.651 9.4294 5
    endloop
  endfacet
  facet normal 0 0 1
    outer loop
      vertex 120.56 9.35793 5
      vertex 101.44 9.35793 5
      vertex 120.778 9.31454 5
    endloop
  endfacet
  facet normal 0 0 1
    outer loop
      vertex 101.222 9.31454 5
      vertex 120.778 9.31454 5
      vertex 101.44 9.35793 5
    endloop
  endfacet
  facet normal 0 0 1
    outer loop
      vertex 101 9.3 5
      vertex 120.778 9.31454 5
      vertex 101.222 9.31454 5
    endloop
  endfacet
  facet normal 0 0 1
    outer loop
      vertex 121 9.3 5
      vertex 101 9.3 5
      vertex 214 0 5
    endloop
  endfacet
  facet normal 0 0 1
    outer loop
      vertex 0 0 5
      vertex 101 9.3 5
      vertex 100.778 9.31454 5
    endloop
  endfacet
  facet normal 0 0 1
    outer loop
      vertex 116 48 5
      vertex 96 60 5
      vertex 96 48 5
    endloop
  endfacet
  facet normal -0 0 1
    outer loop
      vertex 70 26 5
      vertex 99.3579 11.44 5
      vertex 96 26 5
    endloop
  endfacet
  facet normal 0 0 1
    outer loop
      vertex 99.3579 11.44 5
      vertex 70 26 5
      vertex 99.3145 11.2219 5
    endloop
  endfacet
  facet normal 0 0 1
    outer loop
      vertex 99.3145 11.2219 5
      vertex 70 26 5
      vertex 99.3 11 5
    endloop
  endfacet
  facet normal 0 0 1
    outer loop
      vertex 99.3 11 5
      vertex 70 26 5
      vertex 99.3145 10.7781 5
    endloop
  endfacet
  facet normal 0 0 1
    outer loop
      vertex 99.3145 10.7781 5
      vertex 70 26 5
      vertex 99.3579 10.56 5
    endloop
  endfacet
  facet normal 0 0 1
    outer loop
      vertex 70 26 5
      vertex 99.4294 10.3494 5
      vertex 99.3579 10.56 5
    endloop
  endfacet
  facet normal 0 0 1
    outer loop
      vertex 70 26 5
      vertex 99.5278 10.15 5
      vertex 99.4294 10.3494 5
    endloop
  endfacet
  facet normal 0 0 1
    outer loop
      vertex 70 26 5
      vertex 99.6513 9.96511 5
      vertex 99.5278 10.15 5
    endloop
  endfacet
  facet normal 0 0 1
    outer loop
      vertex 70 26 5
      vertex 99.7979 9.79792 5
      vertex 99.6513 9.96511 5
    endloop
  endfacet
  facet normal -0 0 1
    outer loop
      vertex 50 26 5
      vertex 99.7979 9.79792 5
      vertex 70 26 5
    endloop
  endfacet
  facet normal 0 0 1
    outer loop
      vertex 99.7979 9.79792 5
      vertex 50 26 5
      vertex 99.9651 9.6513 5
    endloop
  endfacet
  facet normal 0 0 1
    outer loop
      vertex 70 82 5
      vertex 50 82 5
      vertex 50 60 5
    endloop
  endfacet
  facet normal 0 0 1
    outer loop
      vertex 50 48 5
      vertex 70 48 5
      vertex 50 60 5
    endloop
  endfacet
  facet normal 0 0 1
    outer loop
      vertex 70 48 5
      vertex 50 48 5
      vertex 70 26 5
    endloop
  endfacet
  facet normal 0 0 1
    outer loop
      vertex 50 26 5
      vertex 70 26 5
      vertex 50 48 5
    endloop
  endfacet
  facet normal -0 0 1
    outer loop
      vertex 12.2021 9.79792 5
      vertex 99.9651 9.6513 5
      vertex 50 26 5
    endloop
  endfacet
  facet normal 0 0 1
    outer loop
      vertex 12.0349 9.6513 5
      vertex 99.9651 9.6513 5
      vertex 12.2021 9.79792 5
    endloop
  endfacet
  facet normal 0 0 1
    outer loop
      vertex 99.9651 9.6513 5
      vertex 12.0349 9.6513 5
      vertex 100.15 9.52776 5
    endloop
  endfacet
  facet normal 0 0 1
    outer loop
      vertex 12.6421 10.56 5
      vertex 50 26 5
      vertex 24 26 5
    endloop
  endfacet
  facet normal 0 0 1
    outer loop
      vertex 24 48 5
      vertex 12.7 11 5
      vertex 24 26 5
    endloop
  endfacet
  facet normal 0 0 1
    outer loop
      vertex 12.6855 10.7781 5
      vertex 24 26 5
      vertex 12.7 11 5
    endloop
  endfacet
  facet normal 0 0 1
    outer loop
      vertex 12.6421 10.56 5
      vertex 24 26 5
      vertex 12.6855 10.7781 5
    endloop
  endfacet
  facet normal 0 0 1
    outer loop
      vertex 50 26 5
      vertex 12.6421 10.56 5
      vertex 12.5706 10.3494 5
    endloop
  endfacet
  facet normal 0 0 1
    outer loop
      vertex 12.4722 10.15 5
      vertex 50 26 5
      vertex 12.5706 10.3494 5
    endloop
  endfacet
  facet normal 0 0 1
    outer loop
      vertex 12.3487 9.96511 5
      vertex 50 26 5
      vertex 12.4722 10.15 5
    endloop
  endfacet
  facet normal 0 0 1
    outer loop
      vertex 12.2021 9.79792 5
      vertex 50 26 5
      vertex 12.3487 9.96511 5
    endloop
  endfacet
  facet normal 0 0 1
    outer loop
      vertex 0 0 5
      vertex 100.15 9.52776 5
      vertex 12.0349 9.6513 5
    endloop
  endfacet
  facet normal 0 0 1
    outer loop
      vertex 100.15 9.52776 5
      vertex 0 0 5
      vertex 100.349 9.4294 5
    endloop
  endfacet
  facet normal 0 0 1
    outer loop
      vertex 100.349 9.4294 5
      vertex 0 0 5
      vertex 100.56 9.35793 5
    endloop
  endfacet
  facet normal 0 0 1
    outer loop
      vertex 100.56 9.35793 5
      vertex 0 0 5
      vertex 100.778 9.31454 5
    endloop
  endfacet
  facet normal 0 0 1
    outer loop
      vertex 0 0 5
      vertex 12.0349 9.6513 5
      vertex 11.85 9.52776 5
    endloop
  endfacet
  facet normal 0 0 1
    outer loop
      vertex 0 0 5
      vertex 11.85 9.52776 5
      vertex 11.6506 9.4294 5
    endloop
  endfacet
  facet normal 0 0 1
    outer loop
      vertex 0 0 5
      vertex 11.6506 9.4294 5
      vertex 11.44 9.35793 5
    endloop
  endfacet
  facet normal 0 0 1
    outer loop
      vertex 0 0 5
      vertex 11.44 9.35793 5
      vertex 11.2219 9.31454 5
    endloop
  endfacet
  facet normal 0 0 1
    outer loop
      vertex 0 0 5
      vertex 11.2219 9.31454 5
      vertex 11 9.3 5
    endloop
  endfacet
  facet normal 0 0 1
    outer loop
      vertex 9.31454 11.2219 5
      vertex 0 0 5
      vertex 9.3 11 5
    endloop
  endfacet
  facet normal 0 0 1
    outer loop
      vertex 101 9.3 5
      vertex 0 0 5
      vertex 214 0 5
    endloop
  endfacet
  facet normal 0 0 1
    outer loop
      vertex 10.7781 9.31454 5
      vertex 0 0 5
      vertex 11 9.3 5
    endloop
  endfacet
  facet normal 0 0 1
    outer loop
      vertex 10.56 9.35793 5
      vertex 0 0 5
      vertex 10.7781 9.31454 5
    endloop
  endfacet
  facet normal 0 0 1
    outer loop
      vertex 10.3494 9.4294 5
      vertex 0 0 5
      vertex 10.56 9.35793 5
    endloop
  endfacet
  facet normal 0 0 1
    outer loop
      vertex 10.15 9.52776 5
      vertex 0 0 5
      vertex 10.3494 9.4294 5
    endloop
  endfacet
  facet normal 0 0 1
    outer loop
      vertex 9.96511 9.6513 5
      vertex 0 0 5
      vertex 10.15 9.52776 5
    endloop
  endfacet
  facet normal 0 0 1
    outer loop
      vertex 9.79792 9.79792 5
      vertex 0 0 5
      vertex 9.96511 9.6513 5
    endloop
  endfacet
  facet normal 0 0 1
    outer loop
      vertex 9.6513 9.96511 5
      vertex 0 0 5
      vertex 9.79792 9.79792 5
    endloop
  endfacet
  facet normal 0 0 1
    outer loop
      vertex 9.52776 10.15 5
      vertex 0 0 5
      vertex 9.6513 9.96511 5
    endloop
  endfacet
  facet normal 0 0 1
    outer loop
      vertex 9.4294 10.3494 5
      vertex 0 0 5
      vertex 9.52776 10.15 5
    endloop
  endfacet
  facet normal 0 0 1
    outer loop
      vertex 9.35793 10.56 5
      vertex 0 0 5
      vertex 9.4294 10.3494 5
    endloop
  endfacet
  facet normal 0 0 1
    outer loop
      vertex 9.31454 10.7781 5
      vertex 0 0 5
      vertex 9.35793 10.56 5
    endloop
  endfacet
  facet normal 0 0 1
    outer loop
      vertex 9.3 11 5
      vertex 0 0 5
      vertex 9.31454 10.7781 5
    endloop
  endfacet
  facet normal -0 0 -1
    outer loop
      vertex 24 26 0
      vertex 9.21025 14.0999 0
      vertex 24 48 0
    endloop
  endfacet
  facet normal 0 0 -1
    outer loop
      vertex 24 48 0
      vertex 12.7897 81.9001 0
      vertex 14.5795 85 0
    endloop
  endfacet
  facet normal 0 0 -1
    outer loop
      vertex 9.21025 81.9001 0
      vertex 24 48 0
      vertex 9.21025 14.0999 0
    endloop
  endfacet
  facet normal 0 0 -1
    outer loop
      vertex 24 48 0
      vertex 9.21025 81.9001 0
      vertex 12.7897 81.9001 0
    endloop
  endfacet
  facet normal 0 0 -1
    outer loop
      vertex 7.4205 11 0
      vertex 9.21025 81.9001 0
      vertex 9.21025 14.0999 0
    endloop
  endfacet
  facet normal -0 0 -1
    outer loop
      vertex 9.21025 81.9001 0
      vertex 7.4205 11 0
      vertex 7.4205 85 0
    endloop
  endfacet
  facet normal 0 0 -1
    outer loop
      vertex 59 138 0
      vertex 47.1733 130.418 0
      vertex 47.25 131 0
    endloop
  endfacet
  facet normal 0 0 -1
    outer loop
      vertex 59 96 0
      vertex 46.9486 129.875 0
      vertex 47.1733 130.418 0
    endloop
  endfacet
  facet normal 0 0 -1
    outer loop
      vertex 59 96 0
      vertex 46.591 129.409 0
      vertex 46.9486 129.875 0
    endloop
  endfacet
  facet normal 0 0 -1
    outer loop
      vertex 59 96 0
      vertex 46.125 129.051 0
      vertex 46.591 129.409 0
    endloop
  endfacet
  facet normal 0 0 -1
    outer loop
      vertex 59 96 0
      vertex 45.5823 128.827 0
      vertex 46.125 129.051 0
    endloop
  endfacet
  facet normal 0 -0 -1
    outer loop
      vertex 45 128.75 0
      vertex 59 96 0
      vertex 31 96 0
    endloop
  endfacet
  facet normal 0 0 -1
    outer loop
      vertex 59 96 0
      vertex 45 128.75 0
      vertex 45.5823 128.827 0
    endloop
  endfacet
  facet normal -0 0 -1
    outer loop
      vertex 45 128.75 0
      vertex 31 96 0
      vertex 44.4177 128.827 0
    endloop
  endfacet
  facet normal -0 0 -1
    outer loop
      vertex 44.4177 128.827 0
      vertex 31 96 0
      vertex 43.875 129.051 0
    endloop
  endfacet
  facet normal -0 0 -1
    outer loop
      vertex 43.875 129.051 0
      vertex 31 96 0
      vertex 43.409 129.409 0
    endloop
  endfacet
  facet normal -0 0 -1
    outer loop
      vertex 43.409 129.409 0
      vertex 31 96 0
      vertex 43.0514 129.875 0
    endloop
  endfacet
  facet normal 0 0 -1
    outer loop
      vertex 43.0514 129.875 0
      vertex 31 138 0
      vertex 42.8267 130.418 0
    endloop
  endfacet
  facet normal 0 0 -1
    outer loop
      vertex 31 138 0
      vertex 43.0514 129.875 0
      vertex 31 96 0
    endloop
  endfacet
  facet normal 0 0 -1
    outer loop
      vertex 24 82 0
      vertex 31 96 0
      vertex 50 82 0
    endloop
  endfacet
  facet normal 0 0 -1
    outer loop
      vertex 24 60 0
      vertex 14.5795 85 0
      vertex 24 82 0
    endloop
  endfacet
  facet normal 0 0 -1
    outer loop
      vertex 12.7897 88.0999 0
      vertex 24 82 0
      vertex 14.5795 85 0
    endloop
  endfacet
  facet normal 0 0 -1
    outer loop
      vertex 24 82 0
      vertex 12.7897 88.0999 0
      vertex 31 96 0
    endloop
  endfacet
  facet normal 0 0 -1
    outer loop
      vertex 0 96 0
      vertex 12.7897 88.0999 0
      vertex 9.21025 88.0999 0
    endloop
  endfacet
  facet normal 0 0 -1
    outer loop
      vertex 12.7897 88.0999 0
      vertex 0 96 0
      vertex 31 96 0
    endloop
  endfacet
  facet normal 0 0 -1
    outer loop
      vertex 7.4205 85 0
      vertex 0 96 0
      vertex 9.21025 88.0999 0
    endloop
  endfacet
  facet normal 0 0 -1
    outer loop
      vertex 0 96 0
      vertex 7.4205 85 0
      vertex 0 0 0
    endloop
  endfacet
  facet normal 0 0 -1
    outer loop
      vertex 24 48 0
      vertex 50 60 0
      vertex 50 48 0
    endloop
  endfacet
  facet normal -0 0 -1
    outer loop
      vertex 50 60 0
      vertex 24 48 0
      vertex 24 60 0
    endloop
  endfacet
  facet normal 0 0 -1
    outer loop
      vertex 70 48 0
      vertex 96 60 0
      vertex 96 48 0
    endloop
  endfacet
  facet normal -0 0 -1
    outer loop
      vertex 96 60 0
      vertex 70 48 0
      vertex 70 60 0
    endloop
  endfacet
  facet normal 0 0 -1
    outer loop
      vertex 116 26 0
      vertex 96 26 0
      vertex 116 48 0
    endloop
  endfacet
  facet normal 0 0 -1
    outer loop
      vertex 96 60 0
      vertex 116 48 0
      vertex 96 48 0
    endloop
  endfacet
  facet normal 0 0 -1
    outer loop
      vertex 96 26 0
      vertex 102.79 14.0999 0
      vertex 99.2103 14.0999 0
    endloop
  endfacet
  facet normal 0 0 -1
    outer loop
      vertex 116 48 0
      vertex 102.79 81.9001 0
      vertex 104.579 85 0
    endloop
  endfacet
  facet normal 0 0 -1
    outer loop
      vertex 96 26 0
      vertex 99.2103 14.0999 0
      vertex 97.4205 11 0
    endloop
  endfacet
  facet normal 0 0 -1
    outer loop
      vertex 116 48 0
      vertex 96 60 0
      vertex 102.79 81.9001 0
    endloop
  endfacet
  facet normal 0 0 -1
    outer loop
      vertex 116 48 0
      vertex 142 60 0
      vertex 142 48 0
    endloop
  endfacet
  facet normal -0 0 -1
    outer loop
      vertex 142 60 0
      vertex 116 48 0
      vertex 116 60 0
    endloop
  endfacet
  facet normal 0 0 -1
    outer loop
      vertex 150.71 27.0999 0
      vertex 162 48 0
      vertex 154.29 27.0999 0
    endloop
  endfacet
  facet normal 0 0 -1
    outer loop
      vertex 162 48 0
      vertex 154.29 52.9001 0
      vertex 156.079 56 0
    endloop
  endfacet
  facet normal 0 0 -1
    outer loop
      vertex 142 48 0
      vertex 162 48 0
      vertex 150.71 27.0999 0
    endloop
  endfacet
  facet normal 0 0 -1
    outer loop
      vertex 162 48 0
      vertex 150.71 52.9001 0
      vertex 154.29 52.9001 0
    endloop
  endfacet
  facet normal 0 0 -1
    outer loop
      vertex 142 26 0
      vertex 150.71 27.0999 0
      vertex 148.921 24 0
    endloop
  endfacet
  facet normal 0 0 -1
    outer loop
      vertex 162 48 0
      vertex 142 48 0
      vertex 150.71 52.9001 0
    endloop
  endfacet
  facet normal -0 0 -1
    outer loop
      vertex 162 60 0
      vertex 154.29 59.0999 0
      vertex 162 82 0
    endloop
  endfacet
  facet normal 0 0 -1
    outer loop
      vertex 150.71 59.0999 0
      vertex 162 82 0
      vertex 154.29 59.0999 0
    endloop
  endfacet
  facet normal -0 0 -1
    outer loop
      vertex 162 82 0
      vertex 150.71 59.0999 0
      vertex 142 82 0
    endloop
  endfacet
  facet normal 0 0 -1
    outer loop
      vertex 142 60 0
      vertex 150.71 59.0999 0
      vertex 148.921 56 0
    endloop
  endfacet
  facet normal -0 0 -1
    outer loop
      vertex 150.71 52.9001 0
      vertex 142 48 0
      vertex 148.921 56 0
    endloop
  endfacet
  facet normal 0 0 -1
    outer loop
      vertex 142 60 0
      vertex 148.921 56 0
      vertex 142 48 0
    endloop
  endfacet
  facet normal 0 0 -1
    outer loop
      vertex 150.71 59.0999 0
      vertex 142 60 0
      vertex 142 82 0
    endloop
  endfacet
  facet normal 0 0 -1
    outer loop
      vertex 162 82 0
      vertex 142 82 0
      vertex 161 96 0
    endloop
  endfacet
  facet normal 0 0 -1
    outer loop
      vertex 116 82 0
      vertex 161 96 0
      vertex 142 82 0
    endloop
  endfacet
  facet normal 0 0 -1
    outer loop
      vertex 116 60 0
      vertex 104.579 85 0
      vertex 116 82 0
    endloop
  endfacet
  facet normal 0 0 -1
    outer loop
      vertex 102.79 88.0999 0
      vertex 116 82 0
      vertex 104.579 85 0
    endloop
  endfacet
  facet normal 0 0 -1
    outer loop
      vertex 116 82 0
      vertex 102.79 88.0999 0
      vertex 161 96 0
    endloop
  endfacet
  facet normal 0 0 -1
    outer loop
      vertex 59 96 0
      vertex 102.79 88.0999 0
      vertex 99.2103 88.0999 0
    endloop
  endfacet
  facet normal -0 0 -1
    outer loop
      vertex 102.79 81.9001 0
      vertex 96 60 0
      vertex 99.2103 81.9001 0
    endloop
  endfacet
  facet normal 0 0 -1
    outer loop
      vertex 96 82 0
      vertex 99.2103 81.9001 0
      vertex 96 60 0
    endloop
  endfacet
  facet normal 0 0 -1
    outer loop
      vertex 99.2103 81.9001 0
      vertex 96 82 0
      vertex 97.4205 85 0
    endloop
  endfacet
  facet normal 0 0 -1
    outer loop
      vertex 70 82 0
      vertex 97.4205 85 0
      vertex 96 82 0
    endloop
  endfacet
  facet normal 0 0 -1
    outer loop
      vertex 70 82 0
      vertex 99.2103 88.0999 0
      vertex 97.4205 85 0
    endloop
  endfacet
  facet normal 0 0 -1
    outer loop
      vertex 102.79 88.0999 0
      vertex 59 96 0
      vertex 161 96 0
    endloop
  endfacet
  facet normal 0 0 -1
    outer loop
      vertex 59 96 0
      vertex 99.2103 88.0999 0
      vertex 70 82 0
    endloop
  endfacet
  facet normal 0 0 -1
    outer loop
      vertex 122.79 14.0999 0
      vertex 142 26 0
      vertex 124.579 11 0
    endloop
  endfacet
  facet normal 0 0 -1
    outer loop
      vertex 116 26 0
      vertex 122.79 14.0999 0
      vertex 119.21 14.0999 0
    endloop
  endfacet
  facet normal 0 0 -1
    outer loop
      vertex 122.79 14.0999 0
      vertex 116 26 0
      vertex 142 26 0
    endloop
  endfacet
  facet normal 0 0 -1
    outer loop
      vertex 104.579 11 0
      vertex 119.21 14.0999 0
      vertex 117.421 11 0
    endloop
  endfacet
  facet normal 0 0 -1
    outer loop
      vertex 50 82 0
      vertex 70 82 0
      vertex 50 60 0
    endloop
  endfacet
  facet normal 0 0 -1
    outer loop
      vertex 70 82 0
      vertex 50 82 0
      vertex 59 96 0
    endloop
  endfacet
  facet normal 0 0 -1
    outer loop
      vertex 31 96 0
      vertex 59 96 0
      vertex 50 82 0
    endloop
  endfacet
  facet normal 0 0 -1
    outer loop
      vertex 47.1733 130.418 0
      vertex 59 138 0
      vertex 59 96 0
    endloop
  endfacet
  facet normal 0 0 -1
    outer loop
      vertex 47.1733 131.582 0
      vertex 59 138 0
      vertex 47.25 131 0
    endloop
  endfacet
  facet normal 0 0 -1
    outer loop
      vertex 46.9486 132.125 0
      vertex 59 138 0
      vertex 47.1733 131.582 0
    endloop
  endfacet
  facet normal 0 0 -1
    outer loop
      vertex 46.591 132.591 0
      vertex 59 138 0
      vertex 46.9486 132.125 0
    endloop
  endfacet
  facet normal 0 0 -1
    outer loop
      vertex 46.125 132.949 0
      vertex 59 138 0
      vertex 46.591 132.591 0
    endloop
  endfacet
  facet normal 0 0 -1
    outer loop
      vertex 45.5823 133.173 0
      vertex 59 138 0
      vertex 46.125 132.949 0
    endloop
  endfacet
  facet normal 0 0 -1
    outer loop
      vertex 45 133.25 0
      vertex 59 138 0
      vertex 45.5823 133.173 0
    endloop
  endfacet
  facet normal 0 0 -1
    outer loop
      vertex 31 138 0
      vertex 45 133.25 0
      vertex 44.4177 133.173 0
    endloop
  endfacet
  facet normal 0 0 -1
    outer loop
      vertex 42.8267 130.418 0
      vertex 31 138 0
      vertex 42.75 131 0
    endloop
  endfacet
  facet normal 0 0 -1
    outer loop
      vertex 45 133.25 0
      vertex 31 138 0
      vertex 59 138 0
    endloop
  endfacet
  facet normal 0 0 -1
    outer loop
      vertex 43.875 132.949 0
      vertex 31 138 0
      vertex 44.4177 133.173 0
    endloop
  endfacet
  facet normal 0 0 -1
    outer loop
      vertex 43.409 132.591 0
      vertex 31 138 0
      vertex 43.875 132.949 0
    endloop
  endfacet
  facet normal 0 0 -1
    outer loop
      vertex 43.0514 132.125 0
      vertex 31 138 0
      vertex 43.409 132.591 0
    endloop
  endfacet
  facet normal 0 0 -1
    outer loop
      vertex 42.8267 131.582 0
      vertex 31 138 0
      vertex 43.0514 132.125 0
    endloop
  endfacet
  facet normal 0 0 -1
    outer loop
      vertex 42.75 131 0
      vertex 31 138 0
      vertex 42.8267 131.582 0
    endloop
  endfacet
  facet normal 0 0 -1
    outer loop
      vertex 189 117 0
      vertex 177.173 109.418 0
      vertex 177.25 110 0
    endloop
  endfacet
  facet normal 0 0 -1
    outer loop
      vertex 189 96 0
      vertex 176.949 108.875 0
      vertex 177.173 109.418 0
    endloop
  endfacet
  facet normal 0 0 -1
    outer loop
      vertex 189 96 0
      vertex 176.591 108.409 0
      vertex 176.949 108.875 0
    endloop
  endfacet
  facet normal 0 0 -1
    outer loop
      vertex 189 96 0
      vertex 176.125 108.051 0
      vertex 176.591 108.409 0
    endloop
  endfacet
  facet normal 0 0 -1
    outer loop
      vertex 189 96 0
      vertex 175.582 107.827 0
      vertex 176.125 108.051 0
    endloop
  endfacet
  facet normal 0 0 -1
    outer loop
      vertex 189 96 0
      vertex 175 107.75 0
      vertex 175.582 107.827 0
    endloop
  endfacet
  facet normal 0 0 -1
    outer loop
      vertex 189 96 0
      vertex 161 96 0
      vertex 175 107.75 0
    endloop
  endfacet
  facet normal -0 0 -1
    outer loop
      vertex 175 107.75 0
      vertex 161 96 0
      vertex 174.418 107.827 0
    endloop
  endfacet
  facet normal -0 0 -1
    outer loop
      vertex 174.418 107.827 0
      vertex 161 96 0
      vertex 173.875 108.051 0
    endloop
  endfacet
  facet normal -0 0 -1
    outer loop
      vertex 173.875 108.051 0
      vertex 161 96 0
      vertex 173.409 108.409 0
    endloop
  endfacet
  facet normal -0 0 -1
    outer loop
      vertex 173.051 108.875 0
      vertex 161 96 0
      vertex 172.827 109.418 0
    endloop
  endfacet
  facet normal -0 0 -1
    outer loop
      vertex 173.409 108.409 0
      vertex 161 96 0
      vertex 173.051 108.875 0
    endloop
  endfacet
  facet normal 0 0 -1
    outer loop
      vertex 161 96 0
      vertex 188 82 0
      vertex 162 82 0
    endloop
  endfacet
  facet normal 0 0 -1
    outer loop
      vertex 162 48 0
      vertex 188 60 0
      vertex 188 48 0
    endloop
  endfacet
  facet normal -0 0 -1
    outer loop
      vertex 188 60 0
      vertex 162 48 0
      vertex 162 60 0
    endloop
  endfacet
  facet normal 0 0 -1
    outer loop
      vertex 204.79 14.0999 0
      vertex 206.579 69 0
      vertex 206.579 11 0
    endloop
  endfacet
  facet normal 0 0 -1
    outer loop
      vertex 204.79 14.0999 0
      vertex 204.79 65.9001 0
      vertex 206.579 69 0
    endloop
  endfacet
  facet normal 0 0 -1
    outer loop
      vertex 188 26 0
      vertex 204.79 14.0999 0
      vertex 201.21 14.0999 0
    endloop
  endfacet
  facet normal 0 0 -1
    outer loop
      vertex 204.79 14.0999 0
      vertex 188 48 0
      vertex 204.79 65.9001 0
    endloop
  endfacet
  facet normal 0 0 -1
    outer loop
      vertex 188 26 0
      vertex 201.21 14.0999 0
      vertex 199.421 11 0
    endloop
  endfacet
  facet normal -0 0 -1
    outer loop
      vertex 204.79 65.9001 0
      vertex 188 48 0
      vertex 201.21 65.9001 0
    endloop
  endfacet
  facet normal 0 0 -1
    outer loop
      vertex 206.579 69 0
      vertex 214 0 0
      vertex 206.579 11 0
    endloop
  endfacet
  facet normal 0 0 -1
    outer loop
      vertex 214 0 0
      vertex 204.79 7.90006 0
      vertex 206.579 11 0
    endloop
  endfacet
  facet normal 0 0 -1
    outer loop
      vertex 214 0 0
      vertex 201.21 7.90006 0
      vertex 204.79 7.90006 0
    endloop
  endfacet
  facet normal 0 0 -1
    outer loop
      vertex 188 60 0
      vertex 201.21 65.9001 0
      vertex 188 48 0
    endloop
  endfacet
  facet normal -0 0 -1
    outer loop
      vertex 201.21 65.9001 0
      vertex 188 60 0
      vertex 199.421 69 0
    endloop
  endfacet
  facet normal 0 0 -1
    outer loop
      vertex 204.79 14.0999 0
      vertex 188 26 0
      vertex 188 48 0
    endloop
  endfacet
  facet normal 0 0 -1
    outer loop
      vertex 154.29 20.9001 0
      vertex 199.421 11 0
      vertex 201.21 7.90006 0
    endloop
  endfacet
  facet normal 0 0 -1
    outer loop
      vertex 199.421 11 0
      vertex 162 26 0
      vertex 188 26 0
    endloop
  endfacet
  facet normal 0 0 -1
    outer loop
      vertex 122.79 7.90006 0
      vertex 201.21 7.90006 0
      vertex 214 0 0
    endloop
  endfacet
  facet normal 0 0 -1
    outer loop
      vertex 154.29 27.0999 0
      vertex 162 26 0
      vertex 156.079 24 0
    endloop
  endfacet
  facet normal 0 0 -1
    outer loop
      vertex 162 26 0
      vertex 154.29 27.0999 0
      vertex 162 48 0
    endloop
  endfacet
  facet normal 0 0 -1
    outer loop
      vertex 162 48 0
      vertex 156.079 56 0
      vertex 162 60 0
    endloop
  endfacet
  facet normal 0 0 -1
    outer loop
      vertex 154.29 59.0999 0
      vertex 162 60 0
      vertex 156.079 56 0
    endloop
  endfacet
  facet normal 0 0 -1
    outer loop
      vertex 199.421 11 0
      vertex 154.29 20.9001 0
      vertex 162 26 0
    endloop
  endfacet
  facet normal 0 0 -1
    outer loop
      vertex 162 26 0
      vertex 154.29 20.9001 0
      vertex 156.079 24 0
    endloop
  endfacet
  facet normal 0 0 -1
    outer loop
      vertex 201.21 7.90006 0
      vertex 122.79 7.90006 0
      vertex 154.29 20.9001 0
    endloop
  endfacet
  facet normal -0 0 -1
    outer loop
      vertex 150.71 27.0999 0
      vertex 142 26 0
      vertex 142 48 0
    endloop
  endfacet
  facet normal 0 0 -1
    outer loop
      vertex 150.71 20.9001 0
      vertex 142 26 0
      vertex 148.921 24 0
    endloop
  endfacet
  facet normal -0 0 -1
    outer loop
      vertex 150.71 20.9001 0
      vertex 124.579 11 0
      vertex 142 26 0
    endloop
  endfacet
  facet normal -0 0 -1
    outer loop
      vertex 154.29 20.9001 0
      vertex 122.79 7.90006 0
      vertex 150.71 20.9001 0
    endloop
  endfacet
  facet normal 0 0 -1
    outer loop
      vertex 150.71 20.9001 0
      vertex 122.79 7.90006 0
      vertex 124.579 11 0
    endloop
  endfacet
  facet normal 0 0 -1
    outer loop
      vertex 214 0 0
      vertex 119.21 7.90006 0
      vertex 122.79 7.90006 0
    endloop
  endfacet
  facet normal 0 0 -1
    outer loop
      vertex 119.21 14.0999 0
      vertex 102.79 14.0999 0
      vertex 116 26 0
    endloop
  endfacet
  facet normal 0 0 -1
    outer loop
      vertex 96 26 0
      vertex 116 26 0
      vertex 102.79 14.0999 0
    endloop
  endfacet
  facet normal 0 0 -1
    outer loop
      vertex 116 48 0
      vertex 104.579 85 0
      vertex 116 60 0
    endloop
  endfacet
  facet normal 0 0 -1
    outer loop
      vertex 102.79 14.0999 0
      vertex 119.21 14.0999 0
      vertex 104.579 11 0
    endloop
  endfacet
  facet normal 0 0 -1
    outer loop
      vertex 119.21 7.90006 0
      vertex 104.579 11 0
      vertex 117.421 11 0
    endloop
  endfacet
  facet normal 0 0 -1
    outer loop
      vertex 119.21 7.90006 0
      vertex 102.79 7.90006 0
      vertex 104.579 11 0
    endloop
  endfacet
  facet normal 0 0 -1
    outer loop
      vertex 214 0 0
      vertex 102.79 7.90006 0
      vertex 119.21 7.90006 0
    endloop
  endfacet
  facet normal 0 0 -1
    outer loop
      vertex 214 0 0
      vertex 99.2103 7.90006 0
      vertex 102.79 7.90006 0
    endloop
  endfacet
  facet normal -0 0 -1
    outer loop
      vertex 116 48 0
      vertex 96 26 0
      vertex 96 48 0
    endloop
  endfacet
  facet normal 0 0 -1
    outer loop
      vertex 97.4205 11 0
      vertex 70 26 0
      vertex 96 26 0
    endloop
  endfacet
  facet normal 0 0 -1
    outer loop
      vertex 99.2103 7.90006 0
      vertex 70 26 0
      vertex 97.4205 11 0
    endloop
  endfacet
  facet normal 0 0 -1
    outer loop
      vertex 50 26 0
      vertex 70 48 0
      vertex 70 26 0
    endloop
  endfacet
  facet normal 0 0 -1
    outer loop
      vertex 50 48 0
      vertex 70 48 0
      vertex 50 26 0
    endloop
  endfacet
  facet normal 0 0 -1
    outer loop
      vertex 70 48 0
      vertex 50 48 0
      vertex 70 60 0
    endloop
  endfacet
  facet normal 0 0 -1
    outer loop
      vertex 70 60 0
      vertex 50 60 0
      vertex 70 82 0
    endloop
  endfacet
  facet normal 0 0 -1
    outer loop
      vertex 50 60 0
      vertex 70 60 0
      vertex 50 48 0
    endloop
  endfacet
  facet normal 0 0 -1
    outer loop
      vertex 99.2103 7.90006 0
      vertex 50 26 0
      vertex 70 26 0
    endloop
  endfacet
  facet normal 0 0 -1
    outer loop
      vertex 44.2897 24.9001 0
      vertex 50 26 0
      vertex 99.2103 7.90006 0
    endloop
  endfacet
  facet normal -0 0 -1
    outer loop
      vertex 50 26 0
      vertex 44.2897 24.9001 0
      vertex 44.9248 26 0
    endloop
  endfacet
  facet normal 0 0 -1
    outer loop
      vertex 12.7897 7.90006 0
      vertex 44.2897 24.9001 0
      vertex 99.2103 7.90006 0
    endloop
  endfacet
  facet normal 0 0 -1
    outer loop
      vertex 40.7103 24.9001 0
      vertex 24 26 0
      vertex 40.0752 26 0
    endloop
  endfacet
  facet normal -0 0 -1
    outer loop
      vertex 44.2897 24.9001 0
      vertex 12.7897 7.90006 0
      vertex 40.7103 24.9001 0
    endloop
  endfacet
  facet normal 0 0 -1
    outer loop
      vertex 12.7897 14.0999 0
      vertex 24 26 0
      vertex 14.5795 11 0
    endloop
  endfacet
  facet normal 0 0 -1
    outer loop
      vertex 9.21025 14.0999 0
      vertex 24 26 0
      vertex 12.7897 14.0999 0
    endloop
  endfacet
  facet normal 0 0 -1
    outer loop
      vertex 24 48 0
      vertex 14.5795 85 0
      vertex 24 60 0
    endloop
  endfacet
  facet normal -0 0 -1
    outer loop
      vertex 40.7103 24.9001 0
      vertex 14.5795 11 0
      vertex 24 26 0
    endloop
  endfacet
  facet normal 0 0 -1
    outer loop
      vertex 0 0 0
      vertex 99.2103 7.90006 0
      vertex 214 0 0
    endloop
  endfacet
  facet normal 0 0 -1
    outer loop
      vertex 40.7103 24.9001 0
      vertex 12.7897 7.90006 0
      vertex 14.5795 11 0
    endloop
  endfacet
  facet normal -0 0 -1
    outer loop
      vertex 99.2103 7.90006 0
      vertex 0 0 0
      vertex 12.7897 7.90006 0
    endloop
  endfacet
  facet normal -0 0 -1
    outer loop
      vertex 7.4205 11 0
      vertex 0 0 0
      vertex 7.4205 85 0
    endloop
  endfacet
  facet normal -0 0 -1
    outer loop
      vertex 9.21025 7.90006 0
      vertex 0 0 0
      vertex 7.4205 11 0
    endloop
  endfacet
  facet normal -0 0 -1
    outer loop
      vertex 12.7897 7.90006 0
      vertex 0 0 0
      vertex 9.21025 7.90006 0
    endloop
  endfacet
  facet normal 0 0 -1
    outer loop
      vertex 214 0 0
      vertex 206.579 69 0
      vertex 214 96 0
    endloop
  endfacet
  facet normal 0 0 -1
    outer loop
      vertex 204.79 72.0999 0
      vertex 214 96 0
      vertex 206.579 69 0
    endloop
  endfacet
  facet normal 0 0 -1
    outer loop
      vertex 201.21 72.0999 0
      vertex 214 96 0
      vertex 204.79 72.0999 0
    endloop
  endfacet
  facet normal 0 0 -1
    outer loop
      vertex 189 96 0
      vertex 201.21 72.0999 0
      vertex 199.421 69 0
    endloop
  endfacet
  facet normal 0 0 -1
    outer loop
      vertex 201.21 72.0999 0
      vertex 189 96 0
      vertex 214 96 0
    endloop
  endfacet
  facet normal -0 0 -1
    outer loop
      vertex 199.421 69 0
      vertex 188 60 0
      vertex 188 82 0
    endloop
  endfacet
  facet normal 0 0 -1
    outer loop
      vertex 199.421 69 0
      vertex 188 82 0
      vertex 189 96 0
    endloop
  endfacet
  facet normal 0 0 -1
    outer loop
      vertex 161 96 0
      vertex 189 96 0
      vertex 188 82 0
    endloop
  endfacet
  facet normal 0 0 -1
    outer loop
      vertex 177.173 109.418 0
      vertex 189 117 0
      vertex 189 96 0
    endloop
  endfacet
  facet normal 0 0 -1
    outer loop
      vertex 177.173 110.582 0
      vertex 189 117 0
      vertex 177.25 110 0
    endloop
  endfacet
  facet normal 0 0 -1
    outer loop
      vertex 176.949 111.125 0
      vertex 189 117 0
      vertex 177.173 110.582 0
    endloop
  endfacet
  facet normal 0 0 -1
    outer loop
      vertex 176.591 111.591 0
      vertex 189 117 0
      vertex 176.949 111.125 0
    endloop
  endfacet
  facet normal 0 0 -1
    outer loop
      vertex 176.125 111.949 0
      vertex 189 117 0
      vertex 176.591 111.591 0
    endloop
  endfacet
  facet normal 0 0 -1
    outer loop
      vertex 175.582 112.173 0
      vertex 189 117 0
      vertex 176.125 111.949 0
    endloop
  endfacet
  facet normal 0 0 -1
    outer loop
      vertex 175 112.25 0
      vertex 189 117 0
      vertex 175.582 112.173 0
    endloop
  endfacet
  facet normal 0 0 -1
    outer loop
      vertex 161 117 0
      vertex 175 112.25 0
      vertex 174.418 112.173 0
    endloop
  endfacet
  facet normal 0 0 -1
    outer loop
      vertex 161 117 0
      vertex 172.827 109.418 0
      vertex 161 96 0
    endloop
  endfacet
  facet normal 0 0 -1
    outer loop
      vertex 172.827 109.418 0
      vertex 161 117 0
      vertex 172.75 110 0
    endloop
  endfacet
  facet normal 0 0 -1
    outer loop
      vertex 172.75 110 0
      vertex 161 117 0
      vertex 172.827 110.582 0
    endloop
  endfacet
  facet normal 0 0 -1
    outer loop
      vertex 172.827 110.582 0
      vertex 161 117 0
      vertex 173.051 111.125 0
    endloop
  endfacet
  facet normal 0 0 -1
    outer loop
      vertex 175 112.25 0
      vertex 161 117 0
      vertex 189 117 0
    endloop
  endfacet
  facet normal 0 0 -1
    outer loop
      vertex 173.875 111.949 0
      vertex 161 117 0
      vertex 174.418 112.173 0
    endloop
  endfacet
  facet normal 0 0 -1
    outer loop
      vertex 173.409 111.591 0
      vertex 161 117 0
      vertex 173.875 111.949 0
    endloop
  endfacet
  facet normal 0 0 -1
    outer loop
      vertex 173.051 111.125 0
      vertex 161 117 0
      vertex 173.409 111.591 0
    endloop
  endfacet
  facet normal -1 0 0
    outer loop
      vertex 0 0 0
      vertex 0 96 5
      vertex 0 96 0
    endloop
  endfacet
  facet normal -1 -0 0
    outer loop
      vertex 0 96 5
      vertex 0 0 0
      vertex 0 0 5
    endloop
  endfacet
  facet normal 0 1 -0
    outer loop
      vertex 31 96 0
      vertex 0 96 5
      vertex 31 96 5
    endloop
  endfacet
  facet normal 0 1 0
    outer loop
      vertex 0 96 5
      vertex 31 96 0
      vertex 0 96 0
    endloop
  endfacet
  facet normal 0 1 -0
    outer loop
      vertex 214 96 0
      vertex 189 96 5
      vertex 214 96 5
    endloop
  endfacet
  facet normal 0 1 0
    outer loop
      vertex 189 96 5
      vertex 214 96 0
      vertex 189 96 0
    endloop
  endfacet
  facet normal 0 1 -0
    outer loop
      vertex 161 96 0
      vertex 59 96 5
      vertex 161 96 5
    endloop
  endfacet
  facet normal 0 1 0
    outer loop
      vertex 59 96 5
      vertex 161 96 0
      vertex 59 96 0
    endloop
  endfacet
  facet normal 0 -1 0
    outer loop
      vertex 0 0 0
      vertex 214 0 5
      vertex 0 0 5
    endloop
  endfacet
  facet normal 0 -1 -0
    outer loop
      vertex 214 0 5
      vertex 0 0 0
      vertex 214 0 0
    endloop
  endfacet
  facet normal 1 -0 0
    outer loop
      vertex 59 96 5
      vertex 59 138 0
      vertex 59 138 5
    endloop
  endfacet
  facet normal 1 0 0
    outer loop
      vertex 59 138 0
      vertex 59 96 5
      vertex 59 96 0
    endloop
  endfacet
  facet normal -1 0 0
    outer loop
      vertex 31 96 0
      vertex 31 138 5
      vertex 31 138 0
    endloop
  endfacet
  facet normal -1 -0 0
    outer loop
      vertex 31 138 5
      vertex 31 96 0
      vertex 31 96 5
    endloop
  endfacet
  facet normal 0 1 -0
    outer loop
      vertex 59 138 0
      vertex 31 138 5
      vertex 59 138 5
    endloop
  endfacet
  facet normal 0 1 0
    outer loop
      vertex 31 138 5
      vertex 59 138 0
      vertex 31 138 0
    endloop
  endfacet
  facet normal 1 -0 0
    outer loop
      vertex 189 96 5
      vertex 189 117 0
      vertex 189 117 5
    endloop
  endfacet
  facet normal 1 0 0
    outer loop
      vertex 189 117 0
      vertex 189 96 5
      vertex 189 96 0
    endloop
  endfacet
  facet normal -1 0 0
    outer loop
      vertex 161 96 0
      vertex 161 117 5
      vertex 161 117 0
    endloop
  endfacet
  facet normal -1 -0 0
    outer loop
      vertex 161 117 5
      vertex 161 96 0
      vertex 161 96 5
    endloop
  endfacet
  facet normal 0 1 -0
    outer loop
      vertex 189 117 0
      vertex 161 117 5
      vertex 189 117 5
    endloop
  endfacet
  facet normal 0 1 0
    outer loop
      vertex 161 117 5
      vertex 189 117 0
      vertex 161 117 0
    endloop
  endfacet
  facet normal -1 0 0
    outer loop
      vertex 50 26 0
      vertex 50 48 5
      vertex 50 48 0
    endloop
  endfacet
  facet normal -1 -0 0
    outer loop
      vertex 50 48 5
      vertex 50 26 0
      vertex 50 26 5
    endloop
  endfacet
  facet normal 1 -0 0
    outer loop
      vertex 24 26 5
      vertex 24 48 0
      vertex 24 48 5
    endloop
  endfacet
  facet normal 1 0 0
    outer loop
      vertex 24 48 0
      vertex 24 26 5
      vertex 24 26 0
    endloop
  endfacet
  facet normal 0 -1 0
    outer loop
      vertex 24 48 0
      vertex 50 48 5
      vertex 24 48 5
    endloop
  endfacet
  facet normal 0 -1 -0
    outer loop
      vertex 50 48 5
      vertex 24 48 0
      vertex 50 48 0
    endloop
  endfacet
  facet normal 0 1 0
    outer loop
      vertex 40.0752 26 2.8
      vertex 50 26 5
      vertex 44.9248 26 2.8
    endloop
  endfacet
  facet normal 0 1 -0
    outer loop
      vertex 50 26 0
      vertex 44.9248 26 2.8
      vertex 50 26 5
    endloop
  endfacet
  facet normal 0 1 0
    outer loop
      vertex 44.9248 26 2.8
      vertex 50 26 0
      vertex 44.9248 26 0
    endloop
  endfacet
  facet normal 0 1 0
    outer loop
      vertex 50 26 5
      vertex 40.0752 26 2.8
      vertex 24 26 5
    endloop
  endfacet
  facet normal 0 1 0
    outer loop
      vertex 24 26 0
      vertex 40.0752 26 2.8
      vertex 40.0752 26 0
    endloop
  endfacet
  facet normal 0 1 0
    outer loop
      vertex 40.0752 26 2.8
      vertex 24 26 0
      vertex 24 26 5
    endloop
  endfacet
  facet normal -1 0 0
    outer loop
      vertex 50 60 0
      vertex 50 82 5
      vertex 50 82 0
    endloop
  endfacet
  facet normal -1 -0 0
    outer loop
      vertex 50 82 5
      vertex 50 60 0
      vertex 50 60 5
    endloop
  endfacet
  facet normal 1 -0 0
    outer loop
      vertex 24 60 5
      vertex 24 82 0
      vertex 24 82 5
    endloop
  endfacet
  facet normal 1 0 0
    outer loop
      vertex 24 82 0
      vertex 24 60 5
      vertex 24 60 0
    endloop
  endfacet
  facet normal 0 -1 0
    outer loop
      vertex 24 82 0
      vertex 50 82 5
      vertex 24 82 5
    endloop
  endfacet
  facet normal 0 -1 -0
    outer loop
      vertex 50 82 5
      vertex 24 82 0
      vertex 50 82 0
    endloop
  endfacet
  facet normal 0 1 -0
    outer loop
      vertex 50 60 0
      vertex 24 60 5
      vertex 50 60 5
    endloop
  endfacet
  facet normal 0 1 0
    outer loop
      vertex 24 60 5
      vertex 50 60 0
      vertex 24 60 0
    endloop
  endfacet
  facet normal -1 0 0
    outer loop
      vertex 96 26 0
      vertex 96 48 5
      vertex 96 48 0
    endloop
  endfacet
  facet normal -1 -0 0
    outer loop
      vertex 96 48 5
      vertex 96 26 0
      vertex 96 26 5
    endloop
  endfacet
  facet normal 1 -0 0
    outer loop
      vertex 70 26 5
      vertex 70 48 0
      vertex 70 48 5
    endloop
  endfacet
  facet normal 1 0 0
    outer loop
      vertex 70 48 0
      vertex 70 26 5
      vertex 70 26 0
    endloop
  endfacet
  facet normal 0 -1 0
    outer loop
      vertex 70 48 0
      vertex 96 48 5
      vertex 70 48 5
    endloop
  endfacet
  facet normal 0 -1 -0
    outer loop
      vertex 96 48 5
      vertex 70 48 0
      vertex 96 48 0
    endloop
  endfacet
  facet normal 0 1 -0
    outer loop
      vertex 96 26 0
      vertex 70 26 5
      vertex 96 26 5
    endloop
  endfacet
  facet normal 0 1 0
    outer loop
      vertex 70 26 5
      vertex 96 26 0
      vertex 70 26 0
    endloop
  endfacet
  facet normal -1 0 0
    outer loop
      vertex 96 60 0
      vertex 96 82 5
      vertex 96 82 0
    endloop
  endfacet
  facet normal -1 -0 0
    outer loop
      vertex 96 82 5
      vertex 96 60 0
      vertex 96 60 5
    endloop
  endfacet
  facet normal 1 -0 0
    outer loop
      vertex 70 60 5
      vertex 70 82 0
      vertex 70 82 5
    endloop
  endfacet
  facet normal 1 0 0
    outer loop
      vertex 70 82 0
      vertex 70 60 5
      vertex 70 60 0
    endloop
  endfacet
  facet normal 0 -1 0
    outer loop
      vertex 70 82 0
      vertex 96 82 5
      vertex 70 82 5
    endloop
  endfacet
  facet normal 0 -1 -0
    outer loop
      vertex 96 82 5
      vertex 70 82 0
      vertex 96 82 0
    endloop
  endfacet
  facet normal 0 1 -0
    outer loop
      vertex 96 60 0
      vertex 70 60 5
      vertex 96 60 5
    endloop
  endfacet
  facet normal 0 1 0
    outer loop
      vertex 70 60 5
      vertex 96 60 0
      vertex 70 60 0
    endloop
  endfacet
  facet normal -1 0 0
    outer loop
      vertex 142 26 0
      vertex 142 48 5
      vertex 142 48 0
    endloop
  endfacet
  facet normal -1 -0 0
    outer loop
      vertex 142 48 5
      vertex 142 26 0
      vertex 142 26 5
    endloop
  endfacet
  facet normal 1 -0 0
    outer loop
      vertex 116 26 5
      vertex 116 48 0
      vertex 116 48 5
    endloop
  endfacet
  facet normal 1 0 0
    outer loop
      vertex 116 48 0
      vertex 116 26 5
      vertex 116 26 0
    endloop
  endfacet
  facet normal 0 -1 0
    outer loop
      vertex 116 48 0
      vertex 142 48 5
      vertex 116 48 5
    endloop
  endfacet
  facet normal 0 -1 -0
    outer loop
      vertex 142 48 5
      vertex 116 48 0
      vertex 142 48 0
    endloop
  endfacet
  facet normal 0 1 -0
    outer loop
      vertex 142 26 0
      vertex 116 26 5
      vertex 142 26 5
    endloop
  endfacet
  facet normal 0 1 0
    outer loop
      vertex 116 26 5
      vertex 142 26 0
      vertex 116 26 0
    endloop
  endfacet
  facet normal -1 0 0
    outer loop
      vertex 142 60 0
      vertex 142 82 5
      vertex 142 82 0
    endloop
  endfacet
  facet normal -1 -0 0
    outer loop
      vertex 142 82 5
      vertex 142 60 0
      vertex 142 60 5
    endloop
  endfacet
  facet normal 1 -0 0
    outer loop
      vertex 116 60 5
      vertex 116 82 0
      vertex 116 82 5
    endloop
  endfacet
  facet normal 1 0 0
    outer loop
      vertex 116 82 0
      vertex 116 60 5
      vertex 116 60 0
    endloop
  endfacet
  facet normal 0 -1 0
    outer loop
      vertex 116 82 0
      vertex 142 82 5
      vertex 116 82 5
    endloop
  endfacet
  facet normal 0 -1 -0
    outer loop
      vertex 142 82 5
      vertex 116 82 0
      vertex 142 82 0
    endloop
  endfacet
  facet normal 0 1 -0
    outer loop
      vertex 142 60 0
      vertex 116 60 5
      vertex 142 60 5
    endloop
  endfacet
  facet normal 0 1 0
    outer loop
      vertex 116 60 5
      vertex 142 60 0
      vertex 116 60 0
    endloop
  endfacet
  facet normal -1 0 0
    outer loop
      vertex 188 26 0
      vertex 188 48 5
      vertex 188 48 0
    endloop
  endfacet
  facet normal -1 -0 0
    outer loop
      vertex 188 48 5
      vertex 188 26 0
      vertex 188 26 5
    endloop
  endfacet
  facet normal 1 -0 0
    outer loop
      vertex 162 26 5
      vertex 162 48 0
      vertex 162 48 5
    endloop
  endfacet
  facet normal 1 0 0
    outer loop
      vertex 162 48 0
      vertex 162 26 5
      vertex 162 26 0
    endloop
  endfacet
  facet normal 0 -1 0
    outer loop
      vertex 162 48 0
      vertex 188 48 5
      vertex 162 48 5
    endloop
  endfacet
  facet normal 0 -1 -0
    outer loop
      vertex 188 48 5
      vertex 162 48 0
      vertex 188 48 0
    endloop
  endfacet
  facet normal 0 1 -0
    outer loop
      vertex 188 26 0
      vertex 162 26 5
      vertex 188 26 5
    endloop
  endfacet
  facet normal 0 1 0
    outer loop
      vertex 162 26 5
      vertex 188 26 0
      vertex 162 26 0
    endloop
  endfacet
  facet normal -1 0 0
    outer loop
      vertex 188 60 0
      vertex 188 82 5
      vertex 188 82 0
    endloop
  endfacet
  facet normal -1 -0 0
    outer loop
      vertex 188 82 5
      vertex 188 60 0
      vertex 188 60 5
    endloop
  endfacet
  facet normal 1 -0 0
    outer loop
      vertex 162 60 5
      vertex 162 82 0
      vertex 162 82 5
    endloop
  endfacet
  facet normal 1 0 0
    outer loop
      vertex 162 82 0
      vertex 162 60 5
      vertex 162 60 0
    endloop
  endfacet
  facet normal 0 -1 0
    outer loop
      vertex 162 82 0
      vertex 188 82 5
      vertex 162 82 5
    endloop
  endfacet
  facet normal 0 -1 -0
    outer loop
      vertex 188 82 5
      vertex 162 82 0
      vertex 188 82 0
    endloop
  endfacet
  facet normal 0 1 -0
    outer loop
      vertex 188 60 0
      vertex 162 60 5
      vertex 188 60 5
    endloop
  endfacet
  facet normal 0 1 0
    outer loop
      vertex 162 60 5
      vertex 188 60 0
      vertex 162 60 0
    endloop
  endfacet
  facet normal 0 -1 0
    outer loop
      vertex 9.21025 14.0999 0
      vertex 12.7897 14.0999 2.8
      vertex 9.21025 14.0999 2.8
    endloop
  endfacet
  facet normal 0 -1 -0
    outer loop
      vertex 12.7897 14.0999 2.8
      vertex 9.21025 14.0999 0
      vertex 12.7897 14.0999 0
    endloop
  endfacet
  facet normal -0.866017 -0.500015 0
    outer loop
      vertex 14.5795 11 0
      vertex 12.7897 14.0999 2.8
      vertex 12.7897 14.0999 0
    endloop
  endfacet
  facet normal -0.866017 -0.500015 0
    outer loop
      vertex 12.7897 14.0999 2.8
      vertex 14.5795 11 0
      vertex 14.5795 11 2.8
    endloop
  endfacet
  facet normal 0.866023 -0.500005 0
    outer loop
      vertex 7.4205 11 2.8
      vertex 9.21025 14.0999 0
      vertex 9.21025 14.0999 2.8
    endloop
  endfacet
  facet normal 0.866023 -0.500005 0
    outer loop
      vertex 9.21025 14.0999 0
      vertex 7.4205 11 2.8
      vertex 7.4205 11 0
    endloop
  endfacet
  facet normal 0.866026 0.5 0
    outer loop
      vertex 9.21025 7.90006 2.8
      vertex 7.4205 11 0
      vertex 7.4205 11 2.8
    endloop
  endfacet
  facet normal 0.866026 0.5 0
    outer loop
      vertex 7.4205 11 0
      vertex 9.21025 7.90006 2.8
      vertex 9.21025 7.90006 0
    endloop
  endfacet
  facet normal 0 0 -1
    outer loop
      vertex 12.4722 10.15 2.8
      vertex 14.5795 11 2.8
      vertex 12.7897 7.90006 2.8
    endloop
  endfacet
  facet normal 0 0 -1
    outer loop
      vertex 12.6855 11.2219 2.8
      vertex 14.5795 11 2.8
      vertex 12.7 11 2.8
    endloop
  endfacet
  facet normal -0 0 -1
    outer loop
      vertex 14.5795 11 2.8
      vertex 12.6855 10.7781 2.8
      vertex 12.7 11 2.8
    endloop
  endfacet
  facet normal 0 0 -1
    outer loop
      vertex 14.5795 11 2.8
      vertex 12.6421 10.56 2.8
      vertex 12.6855 10.7781 2.8
    endloop
  endfacet
  facet normal 0 0 -1
    outer loop
      vertex 14.5795 11 2.8
      vertex 12.5706 10.3494 2.8
      vertex 12.6421 10.56 2.8
    endloop
  endfacet
  facet normal 0 0 -1
    outer loop
      vertex 14.5795 11 2.8
      vertex 12.4722 10.15 2.8
      vertex 12.5706 10.3494 2.8
    endloop
  endfacet
  facet normal 0 0 -1
    outer loop
      vertex 12.7897 7.90006 2.8
      vertex 12.3487 9.96511 2.8
      vertex 12.4722 10.15 2.8
    endloop
  endfacet
  facet normal 0 0 -1
    outer loop
      vertex 12.7897 7.90006 2.8
      vertex 12.2021 9.79792 2.8
      vertex 12.3487 9.96511 2.8
    endloop
  endfacet
  facet normal 0 0 -1
    outer loop
      vertex 12.7897 7.90006 2.8
      vertex 12.0349 9.6513 2.8
      vertex 12.2021 9.79792 2.8
    endloop
  endfacet
  facet normal 0 0 -1
    outer loop
      vertex 12.7897 7.90006 2.8
      vertex 11.85 9.52776 2.8
      vertex 12.0349 9.6513 2.8
    endloop
  endfacet
  facet normal 0 0 -1
    outer loop
      vertex 12.7897 7.90006 2.8
      vertex 11.6506 9.4294 2.8
      vertex 11.85 9.52776 2.8
    endloop
  endfacet
  facet normal 0 0 -1
    outer loop
      vertex 12.7897 7.90006 2.8
      vertex 11.44 9.35793 2.8
      vertex 11.6506 9.4294 2.8
    endloop
  endfacet
  facet normal 0 0 -1
    outer loop
      vertex 12.7897 7.90006 2.8
      vertex 11.2219 9.31454 2.8
      vertex 11.44 9.35793 2.8
    endloop
  endfacet
  facet normal 0 0 -1
    outer loop
      vertex 12.7897 7.90006 2.8
      vertex 11 9.3 2.8
      vertex 11.2219 9.31454 2.8
    endloop
  endfacet
  facet normal 0 0 -1
    outer loop
      vertex 9.21025 7.90006 2.8
      vertex 11 9.3 2.8
      vertex 12.7897 7.90006 2.8
    endloop
  endfacet
  facet normal -0 0 -1
    outer loop
      vertex 11 9.3 2.8
      vertex 9.21025 7.90006 2.8
      vertex 10.7781 9.31454 2.8
    endloop
  endfacet
  facet normal -0 0 -1
    outer loop
      vertex 10.7781 9.31454 2.8
      vertex 9.21025 7.90006 2.8
      vertex 10.56 9.35793 2.8
    endloop
  endfacet
  facet normal -0 0 -1
    outer loop
      vertex 10.56 9.35793 2.8
      vertex 9.21025 7.90006 2.8
      vertex 10.3494 9.4294 2.8
    endloop
  endfacet
  facet normal 0 0 -1
    outer loop
      vertex 9.35793 10.56 2.8
      vertex 7.4205 11 2.8
      vertex 9.31454 10.7781 2.8
    endloop
  endfacet
  facet normal 0 0 -1
    outer loop
      vertex 9.4294 10.3494 2.8
      vertex 7.4205 11 2.8
      vertex 9.35793 10.56 2.8
    endloop
  endfacet
  facet normal 0 0 -1
    outer loop
      vertex 9.52776 10.15 2.8
      vertex 7.4205 11 2.8
      vertex 9.4294 10.3494 2.8
    endloop
  endfacet
  facet normal 0 0 -1
    outer loop
      vertex 7.4205 11 2.8
      vertex 9.52776 10.15 2.8
      vertex 9.21025 7.90006 2.8
    endloop
  endfacet
  facet normal -0 0 -1
    outer loop
      vertex 9.6513 9.96511 2.8
      vertex 9.21025 7.90006 2.8
      vertex 9.52776 10.15 2.8
    endloop
  endfacet
  facet normal -0 0 -1
    outer loop
      vertex 9.79792 9.79792 2.8
      vertex 9.21025 7.90006 2.8
      vertex 9.6513 9.96511 2.8
    endloop
  endfacet
  facet normal -0 0 -1
    outer loop
      vertex 9.96511 9.6513 2.8
      vertex 9.21025 7.90006 2.8
      vertex 9.79792 9.79792 2.8
    endloop
  endfacet
  facet normal -0 0 -1
    outer loop
      vertex 10.15 9.52776 2.8
      vertex 9.21025 7.90006 2.8
      vertex 9.96511 9.6513 2.8
    endloop
  endfacet
  facet normal -0 0 -1
    outer loop
      vertex 10.3494 9.4294 2.8
      vertex 9.21025 7.90006 2.8
      vertex 10.15 9.52776 2.8
    endloop
  endfacet
  facet normal 0 0 -1
    outer loop
      vertex 12.6421 11.44 2.8
      vertex 14.5795 11 2.8
      vertex 12.6855 11.2219 2.8
    endloop
  endfacet
  facet normal 0 0 -1
    outer loop
      vertex 12.5706 11.6506 2.8
      vertex 14.5795 11 2.8
      vertex 12.6421 11.44 2.8
    endloop
  endfacet
  facet normal 0 0 -1
    outer loop
      vertex 12.4722 11.85 2.8
      vertex 14.5795 11 2.8
      vertex 12.5706 11.6506 2.8
    endloop
  endfacet
  facet normal 0 0 -1
    outer loop
      vertex 14.5795 11 2.8
      vertex 12.4722 11.85 2.8
      vertex 12.7897 14.0999 2.8
    endloop
  endfacet
  facet normal 0 0 -1
    outer loop
      vertex 12.3487 12.0349 2.8
      vertex 12.7897 14.0999 2.8
      vertex 12.4722 11.85 2.8
    endloop
  endfacet
  facet normal 0 0 -1
    outer loop
      vertex 12.2021 12.2021 2.8
      vertex 12.7897 14.0999 2.8
      vertex 12.3487 12.0349 2.8
    endloop
  endfacet
  facet normal 0 0 -1
    outer loop
      vertex 12.0349 12.3487 2.8
      vertex 12.7897 14.0999 2.8
      vertex 12.2021 12.2021 2.8
    endloop
  endfacet
  facet normal 0 0 -1
    outer loop
      vertex 11.85 12.4722 2.8
      vertex 12.7897 14.0999 2.8
      vertex 12.0349 12.3487 2.8
    endloop
  endfacet
  facet normal 0 0 -1
    outer loop
      vertex 11.6506 12.5706 2.8
      vertex 12.7897 14.0999 2.8
      vertex 11.85 12.4722 2.8
    endloop
  endfacet
  facet normal 0 0 -1
    outer loop
      vertex 11.44 12.6421 2.8
      vertex 12.7897 14.0999 2.8
      vertex 11.6506 12.5706 2.8
    endloop
  endfacet
  facet normal 0 0 -1
    outer loop
      vertex 11.2219 12.6855 2.8
      vertex 12.7897 14.0999 2.8
      vertex 11.44 12.6421 2.8
    endloop
  endfacet
  facet normal 0 0 -1
    outer loop
      vertex 11 12.7 2.8
      vertex 12.7897 14.0999 2.8
      vertex 11.2219 12.6855 2.8
    endloop
  endfacet
  facet normal 0 0 -1
    outer loop
      vertex 9.21025 14.0999 2.8
      vertex 11 12.7 2.8
      vertex 10.7781 12.6855 2.8
    endloop
  endfacet
  facet normal 0 0 -1
    outer loop
      vertex 9.21025 14.0999 2.8
      vertex 10.7781 12.6855 2.8
      vertex 10.56 12.6421 2.8
    endloop
  endfacet
  facet normal 0 0 -1
    outer loop
      vertex 9.21025 14.0999 2.8
      vertex 10.56 12.6421 2.8
      vertex 10.3494 12.5706 2.8
    endloop
  endfacet
  facet normal 0 0 -1
    outer loop
      vertex 9.21025 14.0999 2.8
      vertex 10.3494 12.5706 2.8
      vertex 10.15 12.4722 2.8
    endloop
  endfacet
  facet normal 0 0 -1
    outer loop
      vertex 11 12.7 2.8
      vertex 9.21025 14.0999 2.8
      vertex 12.7897 14.0999 2.8
    endloop
  endfacet
  facet normal 0 0 -1
    outer loop
      vertex 9.96511 12.3487 2.8
      vertex 9.21025 14.0999 2.8
      vertex 10.15 12.4722 2.8
    endloop
  endfacet
  facet normal 0 0 -1
    outer loop
      vertex 9.79792 12.2021 2.8
      vertex 9.21025 14.0999 2.8
      vertex 9.96511 12.3487 2.8
    endloop
  endfacet
  facet normal 0 0 -1
    outer loop
      vertex 9.6513 12.0349 2.8
      vertex 9.21025 14.0999 2.8
      vertex 9.79792 12.2021 2.8
    endloop
  endfacet
  facet normal 0 0 -1
    outer loop
      vertex 9.52776 11.85 2.8
      vertex 9.21025 14.0999 2.8
      vertex 9.6513 12.0349 2.8
    endloop
  endfacet
  facet normal 0 0 -1
    outer loop
      vertex 7.4205 11 2.8
      vertex 9.52776 11.85 2.8
      vertex 9.4294 11.6506 2.8
    endloop
  endfacet
  facet normal 0 0 -1
    outer loop
      vertex 7.4205 11 2.8
      vertex 9.4294 11.6506 2.8
      vertex 9.35793 11.44 2.8
    endloop
  endfacet
  facet normal 0 0 -1
    outer loop
      vertex 7.4205 11 2.8
      vertex 9.35793 11.44 2.8
      vertex 9.31454 11.2219 2.8
    endloop
  endfacet
  facet normal 0 0 -1
    outer loop
      vertex 7.4205 11 2.8
      vertex 9.31454 11.2219 2.8
      vertex 9.3 11 2.8
    endloop
  endfacet
  facet normal 0 0 -1
    outer loop
      vertex 9.31454 10.7781 2.8
      vertex 7.4205 11 2.8
      vertex 9.3 11 2.8
    endloop
  endfacet
  facet normal -0 0 -1
    outer loop
      vertex 9.52776 11.85 2.8
      vertex 7.4205 11 2.8
      vertex 9.21025 14.0999 2.8
    endloop
  endfacet
  facet normal -0.866019 0.50001 0
    outer loop
      vertex 12.7897 7.90006 0
      vertex 14.5795 11 2.8
      vertex 14.5795 11 0
    endloop
  endfacet
  facet normal -0.866019 0.50001 0
    outer loop
      vertex 14.5795 11 2.8
      vertex 12.7897 7.90006 0
      vertex 12.7897 7.90006 2.8
    endloop
  endfacet
  facet normal 0 1 -0
    outer loop
      vertex 12.7897 7.90006 0
      vertex 9.21025 7.90006 2.8
      vertex 12.7897 7.90006 2.8
    endloop
  endfacet
  facet normal 0 1 0
    outer loop
      vertex 9.21025 7.90006 2.8
      vertex 12.7897 7.90006 0
      vertex 9.21025 7.90006 0
    endloop
  endfacet
  facet normal -0.98077 -0.195165 0
    outer loop
      vertex 12.6855 11.2219 2.8
      vertex 12.6421 11.44 5
      vertex 12.6421 11.44 2.8
    endloop
  endfacet
  facet normal -0.98077 -0.195165 0
    outer loop
      vertex 12.6421 11.44 5
      vertex 12.6855 11.2219 2.8
      vertex 12.6855 11.2219 5
    endloop
  endfacet
  facet normal -0.997872 -0.0652057 0
    outer loop
      vertex 12.7 11 2.8
      vertex 12.6855 11.2219 5
      vertex 12.6855 11.2219 2.8
    endloop
  endfacet
  facet normal -0.997872 -0.0652057 0
    outer loop
      vertex 12.6855 11.2219 5
      vertex 12.7 11 2.8
      vertex 12.7 11 5
    endloop
  endfacet
  facet normal 0.44253 -0.896754 0
    outer loop
      vertex 10.15 12.4722 2.8
      vertex 10.3494 12.5706 5
      vertex 10.15 12.4722 5
    endloop
  endfacet
  facet normal 0.44253 -0.896754 0
    outer loop
      vertex 10.3494 12.5706 5
      vertex 10.15 12.4722 2.8
      vertex 10.3494 12.5706 2.8
    endloop
  endfacet
  facet normal -0.555426 -0.831566 0
    outer loop
      vertex 11.85 12.4722 2.8
      vertex 12.0349 12.3487 5
      vertex 11.85 12.4722 5
    endloop
  endfacet
  facet normal -0.555426 -0.831566 -0
    outer loop
      vertex 12.0349 12.3487 5
      vertex 11.85 12.4722 2.8
      vertex 12.0349 12.3487 2.8
    endloop
  endfacet
  facet normal 0.659291 -0.751888 0
    outer loop
      vertex 9.79792 12.2021 2.8
      vertex 9.96511 12.3487 5
      vertex 9.79792 12.2021 5
    endloop
  endfacet
  facet normal 0.659291 -0.751888 0
    outer loop
      vertex 9.96511 12.3487 5
      vertex 9.79792 12.2021 2.8
      vertex 9.96511 12.3487 2.8
    endloop
  endfacet
  facet normal -0.321363 0.946956 0
    outer loop
      vertex 11.6506 9.4294 2.8
      vertex 11.44 9.35793 5
      vertex 11.6506 9.4294 5
    endloop
  endfacet
  facet normal -0.321363 0.946956 0
    outer loop
      vertex 11.44 9.35793 5
      vertex 11.6506 9.4294 2.8
      vertex 11.44 9.35793 2.8
    endloop
  endfacet
  facet normal -0.831552 0.555447 0
    outer loop
      vertex 12.3487 9.96511 2.8
      vertex 12.4722 10.15 5
      vertex 12.4722 10.15 2.8
    endloop
  endfacet
  facet normal -0.831552 0.555447 0
    outer loop
      vertex 12.4722 10.15 5
      vertex 12.3487 9.96511 2.8
      vertex 12.3487 9.96511 5
    endloop
  endfacet
  facet normal -0.946915 0.321484 0
    outer loop
      vertex 12.5706 10.3494 2.8
      vertex 12.6421 10.56 5
      vertex 12.6421 10.56 2.8
    endloop
  endfacet
  facet normal -0.946915 0.321484 0
    outer loop
      vertex 12.6421 10.56 5
      vertex 12.5706 10.3494 2.8
      vertex 12.5706 10.3494 5
    endloop
  endfacet
  facet normal -0.321484 -0.946915 0
    outer loop
      vertex 11.44 12.6421 2.8
      vertex 11.6506 12.5706 5
      vertex 11.44 12.6421 5
    endloop
  endfacet
  facet normal -0.321484 -0.946915 -0
    outer loop
      vertex 11.6506 12.5706 5
      vertex 11.44 12.6421 2.8
      vertex 11.6506 12.5706 2.8
    endloop
  endfacet
  facet normal -0.195165 -0.98077 0
    outer loop
      vertex 11.2219 12.6855 2.8
      vertex 11.44 12.6421 5
      vertex 11.2219 12.6855 5
    endloop
  endfacet
  facet normal -0.195165 -0.98077 -0
    outer loop
      vertex 11.44 12.6421 5
      vertex 11.2219 12.6855 2.8
      vertex 11.44 12.6421 2.8
    endloop
  endfacet
  facet normal 0.555447 -0.831552 0
    outer loop
      vertex 9.96511 12.3487 2.8
      vertex 10.15 12.4722 5
      vertex 9.96511 12.3487 5
    endloop
  endfacet
  facet normal 0.555447 -0.831552 0
    outer loop
      vertex 10.15 12.4722 5
      vertex 9.96511 12.3487 2.8
      vertex 10.15 12.4722 2.8
    endloop
  endfacet
  facet normal -0.896754 0.44253 0
    outer loop
      vertex 12.4722 10.15 2.8
      vertex 12.5706 10.3494 5
      vertex 12.5706 10.3494 2.8
    endloop
  endfacet
  facet normal -0.896754 0.44253 0
    outer loop
      vertex 12.5706 10.3494 5
      vertex 12.4722 10.15 2.8
      vertex 12.4722 10.15 5
    endloop
  endfacet
  facet normal -0.659268 -0.751908 0
    outer loop
      vertex 12.0349 12.3487 2.8
      vertex 12.2021 12.2021 5
      vertex 12.0349 12.3487 5
    endloop
  endfacet
  facet normal -0.659268 -0.751908 -0
    outer loop
      vertex 12.2021 12.2021 5
      vertex 12.0349 12.3487 2.8
      vertex 12.2021 12.2021 2.8
    endloop
  endfacet
  facet normal -0.555551 0.831483 0
    outer loop
      vertex 12.0349 9.6513 2.8
      vertex 11.85 9.52776 5
      vertex 12.0349 9.6513 5
    endloop
  endfacet
  facet normal -0.555551 0.831483 0
    outer loop
      vertex 11.85 9.52776 5
      vertex 12.0349 9.6513 2.8
      vertex 11.85 9.52776 2.8
    endloop
  endfacet
  facet normal -0.44253 -0.896754 0
    outer loop
      vertex 11.6506 12.5706 2.8
      vertex 11.85 12.4722 5
      vertex 11.6506 12.5706 5
    endloop
  endfacet
  facet normal -0.44253 -0.896754 -0
    outer loop
      vertex 11.85 12.4722 5
      vertex 11.6506 12.5706 2.8
      vertex 11.85 12.4722 2.8
    endloop
  endfacet
  facet normal 0.659342 0.751844 -0
    outer loop
      vertex 9.96511 9.6513 2.8
      vertex 9.79792 9.79792 5
      vertex 9.96511 9.6513 5
    endloop
  endfacet
  facet normal 0.659342 0.751844 0
    outer loop
      vertex 9.79792 9.79792 5
      vertex 9.96511 9.6513 2.8
      vertex 9.79792 9.79792 2.8
    endloop
  endfacet
  facet normal 0.751844 0.659342 0
    outer loop
      vertex 9.79792 9.79792 5
      vertex 9.6513 9.96511 2.8
      vertex 9.6513 9.96511 5
    endloop
  endfacet
  facet normal 0.751844 0.659342 0
    outer loop
      vertex 9.6513 9.96511 2.8
      vertex 9.79792 9.79792 5
      vertex 9.79792 9.79792 2.8
    endloop
  endfacet
  facet normal 0.831469 0.555572 0
    outer loop
      vertex 9.6513 9.96511 5
      vertex 9.52776 10.15 2.8
      vertex 9.52776 10.15 5
    endloop
  endfacet
  facet normal 0.831469 0.555572 0
    outer loop
      vertex 9.52776 10.15 2.8
      vertex 9.6513 9.96511 5
      vertex 9.6513 9.96511 2.8
    endloop
  endfacet
  facet normal -0.831566 -0.555426 0
    outer loop
      vertex 12.4722 11.85 2.8
      vertex 12.3487 12.0349 5
      vertex 12.3487 12.0349 2.8
    endloop
  endfacet
  facet normal -0.831566 -0.555426 0
    outer loop
      vertex 12.3487 12.0349 5
      vertex 12.4722 11.85 2.8
      vertex 12.4722 11.85 5
    endloop
  endfacet
  facet normal -0.195122 0.980779 0
    outer loop
      vertex 11.44 9.35793 2.8
      vertex 11.2219 9.31454 5
      vertex 11.44 9.35793 5
    endloop
  endfacet
  facet normal -0.195122 0.980779 0
    outer loop
      vertex 11.2219 9.31454 5
      vertex 11.44 9.35793 2.8
      vertex 11.2219 9.31454 2.8
    endloop
  endfacet
  facet normal -0.98077 0.195165 0
    outer loop
      vertex 12.6421 10.56 2.8
      vertex 12.6855 10.7781 5
      vertex 12.6855 10.7781 2.8
    endloop
  endfacet
  facet normal -0.98077 0.195165 0
    outer loop
      vertex 12.6855 10.7781 5
      vertex 12.6421 10.56 2.8
      vertex 12.6421 10.56 5
    endloop
  endfacet
  facet normal 0.946956 0.321363 0
    outer loop
      vertex 9.4294 10.3494 5
      vertex 9.35793 10.56 2.8
      vertex 9.35793 10.56 5
    endloop
  endfacet
  facet normal 0.946956 0.321363 0
    outer loop
      vertex 9.35793 10.56 2.8
      vertex 9.4294 10.3494 5
      vertex 9.4294 10.3494 2.8
    endloop
  endfacet
  facet normal -0.442386 0.896825 0
    outer loop
      vertex 11.85 9.52776 2.8
      vertex 11.6506 9.4294 5
      vertex 11.85 9.52776 5
    endloop
  endfacet
  facet normal -0.442386 0.896825 0
    outer loop
      vertex 11.6506 9.4294 5
      vertex 11.85 9.52776 2.8
      vertex 11.6506 9.4294 2.8
    endloop
  endfacet
  facet normal -0.0652057 -0.997872 0
    outer loop
      vertex 11 12.7 2.8
      vertex 11.2219 12.6855 5
      vertex 11 12.7 5
    endloop
  endfacet
  facet normal -0.0652057 -0.997872 -0
    outer loop
      vertex 11.2219 12.6855 5
      vertex 11 12.7 2.8
      vertex 11.2219 12.6855 2.8
    endloop
  endfacet
  facet normal 0.321484 -0.946915 0
    outer loop
      vertex 10.3494 12.5706 2.8
      vertex 10.56 12.6421 5
      vertex 10.3494 12.5706 5
    endloop
  endfacet
  facet normal 0.321484 -0.946915 0
    outer loop
      vertex 10.56 12.6421 5
      vertex 10.3494 12.5706 2.8
      vertex 10.56 12.6421 2.8
    endloop
  endfacet
  facet normal 0.195165 -0.98077 0
    outer loop
      vertex 10.56 12.6421 2.8
      vertex 10.7781 12.6855 5
      vertex 10.56 12.6421 5
    endloop
  endfacet
  facet normal 0.195165 -0.98077 0
    outer loop
      vertex 10.7781 12.6855 5
      vertex 10.56 12.6421 2.8
      vertex 10.7781 12.6855 2.8
    endloop
  endfacet
  facet normal -0.896754 -0.44253 0
    outer loop
      vertex 12.5706 11.6506 2.8
      vertex 12.4722 11.85 5
      vertex 12.4722 11.85 2.8
    endloop
  endfacet
  facet normal -0.896754 -0.44253 0
    outer loop
      vertex 12.4722 11.85 5
      vertex 12.5706 11.6506 2.8
      vertex 12.5706 11.6506 5
    endloop
  endfacet
  facet normal -0.997872 0.0652057 0
    outer loop
      vertex 12.6855 10.7781 2.8
      vertex 12.7 11 5
      vertex 12.7 11 2.8
    endloop
  endfacet
  facet normal -0.997872 0.0652057 0
    outer loop
      vertex 12.7 11 5
      vertex 12.6855 10.7781 2.8
      vertex 12.6855 10.7781 5
    endloop
  endfacet
  facet normal -0.0653848 0.99786 0
    outer loop
      vertex 11.2219 9.31454 2.8
      vertex 11 9.3 5
      vertex 11.2219 9.31454 5
    endloop
  endfacet
  facet normal -0.0653848 0.99786 0
    outer loop
      vertex 11 9.3 5
      vertex 11.2219 9.31454 2.8
      vertex 11 9.3 2.8
    endloop
  endfacet
  facet normal -0.751908 -0.659268 0
    outer loop
      vertex 12.3487 12.0349 2.8
      vertex 12.2021 12.2021 5
      vertex 12.2021 12.2021 2.8
    endloop
  endfacet
  facet normal -0.751908 -0.659268 0
    outer loop
      vertex 12.2021 12.2021 5
      vertex 12.3487 12.0349 2.8
      vertex 12.3487 12.0349 5
    endloop
  endfacet
  facet normal 0.99786 0.0653848 0
    outer loop
      vertex 9.31454 10.7781 5
      vertex 9.3 11 2.8
      vertex 9.3 11 5
    endloop
  endfacet
  facet normal 0.99786 0.0653848 0
    outer loop
      vertex 9.3 11 2.8
      vertex 9.31454 10.7781 5
      vertex 9.31454 10.7781 2.8
    endloop
  endfacet
  facet normal -0.751888 0.659291 0
    outer loop
      vertex 12.2021 9.79792 2.8
      vertex 12.3487 9.96511 5
      vertex 12.3487 9.96511 2.8
    endloop
  endfacet
  facet normal -0.751888 0.659291 0
    outer loop
      vertex 12.3487 9.96511 5
      vertex 12.2021 9.79792 2.8
      vertex 12.2021 9.79792 5
    endloop
  endfacet
  facet normal 0.751863 -0.659319 0
    outer loop
      vertex 9.6513 12.0349 5
      vertex 9.79792 12.2021 2.8
      vertex 9.79792 12.2021 5
    endloop
  endfacet
  facet normal 0.751863 -0.659319 0
    outer loop
      vertex 9.79792 12.2021 2.8
      vertex 9.6513 12.0349 5
      vertex 9.6513 12.0349 2.8
    endloop
  endfacet
  facet normal 0.831483 -0.555551 0
    outer loop
      vertex 9.52776 11.85 5
      vertex 9.6513 12.0349 2.8
      vertex 9.6513 12.0349 5
    endloop
  endfacet
  facet normal 0.831483 -0.555551 0
    outer loop
      vertex 9.6513 12.0349 2.8
      vertex 9.52776 11.85 5
      vertex 9.52776 11.85 2.8
    endloop
  endfacet
  facet normal 0.0652057 -0.997872 0
    outer loop
      vertex 10.7781 12.6855 2.8
      vertex 11 12.7 5
      vertex 10.7781 12.6855 5
    endloop
  endfacet
  facet normal 0.0652057 -0.997872 0
    outer loop
      vertex 11 12.7 5
      vertex 10.7781 12.6855 2.8
      vertex 11 12.7 2.8
    endloop
  endfacet
  facet normal 0.980779 0.195122 0
    outer loop
      vertex 9.35793 10.56 5
      vertex 9.31454 10.7781 2.8
      vertex 9.31454 10.7781 5
    endloop
  endfacet
  facet normal 0.980779 0.195122 0
    outer loop
      vertex 9.31454 10.7781 2.8
      vertex 9.35793 10.56 5
      vertex 9.35793 10.56 2.8
    endloop
  endfacet
  facet normal 0.321363 0.946956 -0
    outer loop
      vertex 10.56 9.35793 2.8
      vertex 10.3494 9.4294 5
      vertex 10.56 9.35793 5
    endloop
  endfacet
  facet normal 0.321363 0.946956 0
    outer loop
      vertex 10.3494 9.4294 5
      vertex 10.56 9.35793 2.8
      vertex 10.3494 9.4294 2.8
    endloop
  endfacet
  facet normal -0.946915 -0.321484 0
    outer loop
      vertex 12.6421 11.44 2.8
      vertex 12.5706 11.6506 5
      vertex 12.5706 11.6506 2.8
    endloop
  endfacet
  facet normal -0.946915 -0.321484 0
    outer loop
      vertex 12.5706 11.6506 5
      vertex 12.6421 11.44 2.8
      vertex 12.6421 11.44 5
    endloop
  endfacet
  facet normal 0.442386 0.896825 -0
    outer loop
      vertex 10.3494 9.4294 2.8
      vertex 10.15 9.52776 5
      vertex 10.3494 9.4294 5
    endloop
  endfacet
  facet normal 0.442386 0.896825 0
    outer loop
      vertex 10.15 9.52776 5
      vertex 10.3494 9.4294 2.8
      vertex 10.15 9.52776 2.8
    endloop
  endfacet
  facet normal 0.555572 0.831469 -0
    outer loop
      vertex 10.15 9.52776 2.8
      vertex 9.96511 9.6513 5
      vertex 10.15 9.52776 5
    endloop
  endfacet
  facet normal 0.555572 0.831469 0
    outer loop
      vertex 9.96511 9.6513 5
      vertex 10.15 9.52776 2.8
      vertex 9.96511 9.6513 2.8
    endloop
  endfacet
  facet normal 0.195122 0.980779 -0
    outer loop
      vertex 10.7781 9.31454 2.8
      vertex 10.56 9.35793 5
      vertex 10.7781 9.31454 5
    endloop
  endfacet
  facet normal 0.195122 0.980779 0
    outer loop
      vertex 10.56 9.35793 5
      vertex 10.7781 9.31454 2.8
      vertex 10.56 9.35793 2.8
    endloop
  endfacet
  facet normal 0.896825 -0.442386 0
    outer loop
      vertex 9.4294 11.6506 5
      vertex 9.52776 11.85 2.8
      vertex 9.52776 11.85 5
    endloop
  endfacet
  facet normal 0.896825 -0.442386 0
    outer loop
      vertex 9.52776 11.85 2.8
      vertex 9.4294 11.6506 5
      vertex 9.4294 11.6506 2.8
    endloop
  endfacet
  facet normal 0.0653848 0.99786 -0
    outer loop
      vertex 11 9.3 2.8
      vertex 10.7781 9.31454 5
      vertex 11 9.3 5
    endloop
  endfacet
  facet normal 0.0653848 0.99786 0
    outer loop
      vertex 10.7781 9.31454 5
      vertex 11 9.3 2.8
      vertex 10.7781 9.31454 2.8
    endloop
  endfacet
  facet normal 0.896825 0.442386 0
    outer loop
      vertex 9.52776 10.15 5
      vertex 9.4294 10.3494 2.8
      vertex 9.4294 10.3494 5
    endloop
  endfacet
  facet normal 0.896825 0.442386 0
    outer loop
      vertex 9.4294 10.3494 2.8
      vertex 9.52776 10.15 5
      vertex 9.52776 10.15 2.8
    endloop
  endfacet
  facet normal 0.99786 -0.0653848 0
    outer loop
      vertex 9.3 11 5
      vertex 9.31454 11.2219 2.8
      vertex 9.31454 11.2219 5
    endloop
  endfacet
  facet normal 0.99786 -0.0653848 0
    outer loop
      vertex 9.31454 11.2219 2.8
      vertex 9.3 11 5
      vertex 9.3 11 2.8
    endloop
  endfacet
  facet normal 0.980779 -0.195122 0
    outer loop
      vertex 9.31454 11.2219 5
      vertex 9.35793 11.44 2.8
      vertex 9.35793 11.44 5
    endloop
  endfacet
  facet normal 0.980779 -0.195122 0
    outer loop
      vertex 9.35793 11.44 2.8
      vertex 9.31454 11.2219 5
      vertex 9.31454 11.2219 2.8
    endloop
  endfacet
  facet normal 0.946956 -0.321363 0
    outer loop
      vertex 9.35793 11.44 5
      vertex 9.4294 11.6506 2.8
      vertex 9.4294 11.6506 5
    endloop
  endfacet
  facet normal 0.946956 -0.321363 0
    outer loop
      vertex 9.4294 11.6506 2.8
      vertex 9.35793 11.44 5
      vertex 9.35793 11.44 2.8
    endloop
  endfacet
  facet normal -0.659319 0.751863 0
    outer loop
      vertex 12.2021 9.79792 2.8
      vertex 12.0349 9.6513 5
      vertex 12.2021 9.79792 5
    endloop
  endfacet
  facet normal -0.659319 0.751863 0
    outer loop
      vertex 12.0349 9.6513 5
      vertex 12.2021 9.79792 2.8
      vertex 12.0349 9.6513 2.8
    endloop
  endfacet
  facet normal 0 -1 0
    outer loop
      vertex 9.21025 88.0999 0
      vertex 12.7897 88.0999 2.8
      vertex 9.21025 88.0999 2.8
    endloop
  endfacet
  facet normal 0 -1 -0
    outer loop
      vertex 12.7897 88.0999 2.8
      vertex 9.21025 88.0999 0
      vertex 12.7897 88.0999 0
    endloop
  endfacet
  facet normal -0.866017 -0.500015 0
    outer loop
      vertex 14.5795 85 0
      vertex 12.7897 88.0999 2.8
      vertex 12.7897 88.0999 0
    endloop
  endfacet
  facet normal -0.866017 -0.500015 0
    outer loop
      vertex 12.7897 88.0999 2.8
      vertex 14.5795 85 0
      vertex 14.5795 85 2.8
    endloop
  endfacet
  facet normal 0.866023 -0.500005 0
    outer loop
      vertex 7.4205 85 2.8
      vertex 9.21025 88.0999 0
      vertex 9.21025 88.0999 2.8
    endloop
  endfacet
  facet normal 0.866023 -0.500005 0
    outer loop
      vertex 9.21025 88.0999 0
      vertex 7.4205 85 2.8
      vertex 7.4205 85 0
    endloop
  endfacet
  facet normal 0.866023 0.500005 0
    outer loop
      vertex 9.21025 81.9001 2.8
      vertex 7.4205 85 0
      vertex 7.4205 85 2.8
    endloop
  endfacet
  facet normal 0.866023 0.500005 0
    outer loop
      vertex 7.4205 85 0
      vertex 9.21025 81.9001 2.8
      vertex 9.21025 81.9001 0
    endloop
  endfacet
  facet normal 0 0 -1
    outer loop
      vertex 12.4722 84.15 2.8
      vertex 14.5795 85 2.8
      vertex 12.7897 81.9001 2.8
    endloop
  endfacet
  facet normal 0 0 -1
    outer loop
      vertex 12.6855 85.2219 2.8
      vertex 14.5795 85 2.8
      vertex 12.7 85 2.8
    endloop
  endfacet
  facet normal -0 0 -1
    outer loop
      vertex 14.5795 85 2.8
      vertex 12.6855 84.7781 2.8
      vertex 12.7 85 2.8
    endloop
  endfacet
  facet normal 0 0 -1
    outer loop
      vertex 14.5795 85 2.8
      vertex 12.6421 84.56 2.8
      vertex 12.6855 84.7781 2.8
    endloop
  endfacet
  facet normal 0 0 -1
    outer loop
      vertex 14.5795 85 2.8
      vertex 12.5706 84.3494 2.8
      vertex 12.6421 84.56 2.8
    endloop
  endfacet
  facet normal 0 0 -1
    outer loop
      vertex 14.5795 85 2.8
      vertex 12.4722 84.15 2.8
      vertex 12.5706 84.3494 2.8
    endloop
  endfacet
  facet normal 0 0 -1
    outer loop
      vertex 12.7897 81.9001 2.8
      vertex 12.3487 83.9651 2.8
      vertex 12.4722 84.15 2.8
    endloop
  endfacet
  facet normal 0 0 -1
    outer loop
      vertex 12.7897 81.9001 2.8
      vertex 12.2021 83.7979 2.8
      vertex 12.3487 83.9651 2.8
    endloop
  endfacet
  facet normal 0 0 -1
    outer loop
      vertex 12.7897 81.9001 2.8
      vertex 12.0349 83.6513 2.8
      vertex 12.2021 83.7979 2.8
    endloop
  endfacet
  facet normal 0 0 -1
    outer loop
      vertex 12.7897 81.9001 2.8
      vertex 11.85 83.5278 2.8
      vertex 12.0349 83.6513 2.8
    endloop
  endfacet
  facet normal 0 0 -1
    outer loop
      vertex 12.7897 81.9001 2.8
      vertex 11.6506 83.4294 2.8
      vertex 11.85 83.5278 2.8
    endloop
  endfacet
  facet normal 0 0 -1
    outer loop
      vertex 12.7897 81.9001 2.8
      vertex 11.44 83.3579 2.8
      vertex 11.6506 83.4294 2.8
    endloop
  endfacet
  facet normal 0 0 -1
    outer loop
      vertex 12.7897 81.9001 2.8
      vertex 11.2219 83.3145 2.8
      vertex 11.44 83.3579 2.8
    endloop
  endfacet
  facet normal 0 0 -1
    outer loop
      vertex 12.7897 81.9001 2.8
      vertex 11 83.3 2.8
      vertex 11.2219 83.3145 2.8
    endloop
  endfacet
  facet normal 0 0 -1
    outer loop
      vertex 9.21025 81.9001 2.8
      vertex 11 83.3 2.8
      vertex 12.7897 81.9001 2.8
    endloop
  endfacet
  facet normal -0 0 -1
    outer loop
      vertex 11 83.3 2.8
      vertex 9.21025 81.9001 2.8
      vertex 10.7781 83.3145 2.8
    endloop
  endfacet
  facet normal -0 0 -1
    outer loop
      vertex 10.7781 83.3145 2.8
      vertex 9.21025 81.9001 2.8
      vertex 10.56 83.3579 2.8
    endloop
  endfacet
  facet normal -0 0 -1
    outer loop
      vertex 10.56 83.3579 2.8
      vertex 9.21025 81.9001 2.8
      vertex 10.3494 83.4294 2.8
    endloop
  endfacet
  facet normal 0 0 -1
    outer loop
      vertex 9.35793 84.56 2.8
      vertex 7.4205 85 2.8
      vertex 9.31454 84.7781 2.8
    endloop
  endfacet
  facet normal 0 0 -1
    outer loop
      vertex 9.4294 84.3494 2.8
      vertex 7.4205 85 2.8
      vertex 9.35793 84.56 2.8
    endloop
  endfacet
  facet normal 0 0 -1
    outer loop
      vertex 9.52776 84.15 2.8
      vertex 7.4205 85 2.8
      vertex 9.4294 84.3494 2.8
    endloop
  endfacet
  facet normal 0 0 -1
    outer loop
      vertex 7.4205 85 2.8
      vertex 9.52776 84.15 2.8
      vertex 9.21025 81.9001 2.8
    endloop
  endfacet
  facet normal -0 0 -1
    outer loop
      vertex 9.6513 83.9651 2.8
      vertex 9.21025 81.9001 2.8
      vertex 9.52776 84.15 2.8
    endloop
  endfacet
  facet normal -0 0 -1
    outer loop
      vertex 9.79792 83.7979 2.8
      vertex 9.21025 81.9001 2.8
      vertex 9.6513 83.9651 2.8
    endloop
  endfacet
  facet normal -0 0 -1
    outer loop
      vertex 9.96511 83.6513 2.8
      vertex 9.21025 81.9001 2.8
      vertex 9.79792 83.7979 2.8
    endloop
  endfacet
  facet normal -0 0 -1
    outer loop
      vertex 10.15 83.5278 2.8
      vertex 9.21025 81.9001 2.8
      vertex 9.96511 83.6513 2.8
    endloop
  endfacet
  facet normal -0 0 -1
    outer loop
      vertex 10.3494 83.4294 2.8
      vertex 9.21025 81.9001 2.8
      vertex 10.15 83.5278 2.8
    endloop
  endfacet
  facet normal 0 0 -1
    outer loop
      vertex 12.6421 85.44 2.8
      vertex 14.5795 85 2.8
      vertex 12.6855 85.2219 2.8
    endloop
  endfacet
  facet normal 0 0 -1
    outer loop
      vertex 12.5706 85.6506 2.8
      vertex 14.5795 85 2.8
      vertex 12.6421 85.44 2.8
    endloop
  endfacet
  facet normal 0 0 -1
    outer loop
      vertex 12.4722 85.85 2.8
      vertex 14.5795 85 2.8
      vertex 12.5706 85.6506 2.8
    endloop
  endfacet
  facet normal 0 0 -1
    outer loop
      vertex 14.5795 85 2.8
      vertex 12.4722 85.85 2.8
      vertex 12.7897 88.0999 2.8
    endloop
  endfacet
  facet normal 0 0 -1
    outer loop
      vertex 12.3487 86.0349 2.8
      vertex 12.7897 88.0999 2.8
      vertex 12.4722 85.85 2.8
    endloop
  endfacet
  facet normal 0 0 -1
    outer loop
      vertex 12.2021 86.2021 2.8
      vertex 12.7897 88.0999 2.8
      vertex 12.3487 86.0349 2.8
    endloop
  endfacet
  facet normal 0 0 -1
    outer loop
      vertex 12.0349 86.3487 2.8
      vertex 12.7897 88.0999 2.8
      vertex 12.2021 86.2021 2.8
    endloop
  endfacet
  facet normal 0 0 -1
    outer loop
      vertex 11.85 86.4722 2.8
      vertex 12.7897 88.0999 2.8
      vertex 12.0349 86.3487 2.8
    endloop
  endfacet
  facet normal 0 0 -1
    outer loop
      vertex 11.6506 86.5706 2.8
      vertex 12.7897 88.0999 2.8
      vertex 11.85 86.4722 2.8
    endloop
  endfacet
  facet normal 0 0 -1
    outer loop
      vertex 11.44 86.6421 2.8
      vertex 12.7897 88.0999 2.8
      vertex 11.6506 86.5706 2.8
    endloop
  endfacet
  facet normal 0 0 -1
    outer loop
      vertex 11.2219 86.6855 2.8
      vertex 12.7897 88.0999 2.8
      vertex 11.44 86.6421 2.8
    endloop
  endfacet
  facet normal 0 0 -1
    outer loop
      vertex 11 86.7 2.8
      vertex 12.7897 88.0999 2.8
      vertex 11.2219 86.6855 2.8
    endloop
  endfacet
  facet normal 0 0 -1
    outer loop
      vertex 9.21025 88.0999 2.8
      vertex 11 86.7 2.8
      vertex 10.7781 86.6855 2.8
    endloop
  endfacet
  facet normal 0 0 -1
    outer loop
      vertex 9.21025 88.0999 2.8
      vertex 10.7781 86.6855 2.8
      vertex 10.56 86.6421 2.8
    endloop
  endfacet
  facet normal 0 0 -1
    outer loop
      vertex 9.21025 88.0999 2.8
      vertex 10.56 86.6421 2.8
      vertex 10.3494 86.5706 2.8
    endloop
  endfacet
  facet normal 0 0 -1
    outer loop
      vertex 9.21025 88.0999 2.8
      vertex 10.3494 86.5706 2.8
      vertex 10.15 86.4722 2.8
    endloop
  endfacet
  facet normal 0 0 -1
    outer loop
      vertex 11 86.7 2.8
      vertex 9.21025 88.0999 2.8
      vertex 12.7897 88.0999 2.8
    endloop
  endfacet
  facet normal 0 0 -1
    outer loop
      vertex 9.96511 86.3487 2.8
      vertex 9.21025 88.0999 2.8
      vertex 10.15 86.4722 2.8
    endloop
  endfacet
  facet normal 0 0 -1
    outer loop
      vertex 9.79792 86.2021 2.8
      vertex 9.21025 88.0999 2.8
      vertex 9.96511 86.3487 2.8
    endloop
  endfacet
  facet normal 0 0 -1
    outer loop
      vertex 9.6513 86.0349 2.8
      vertex 9.21025 88.0999 2.8
      vertex 9.79792 86.2021 2.8
    endloop
  endfacet
  facet normal 0 0 -1
    outer loop
      vertex 9.52776 85.85 2.8
      vertex 9.21025 88.0999 2.8
      vertex 9.6513 86.0349 2.8
    endloop
  endfacet
  facet normal 0 0 -1
    outer loop
      vertex 7.4205 85 2.8
      vertex 9.52776 85.85 2.8
      vertex 9.4294 85.6506 2.8
    endloop
  endfacet
  facet normal 0 0 -1
    outer loop
      vertex 7.4205 85 2.8
      vertex 9.4294 85.6506 2.8
      vertex 9.35793 85.44 2.8
    endloop
  endfacet
  facet normal 0 0 -1
    outer loop
      vertex 7.4205 85 2.8
      vertex 9.35793 85.44 2.8
      vertex 9.31454 85.2219 2.8
    endloop
  endfacet
  facet normal 0 0 -1
    outer loop
      vertex 7.4205 85 2.8
      vertex 9.31454 85.2219 2.8
      vertex 9.3 85 2.8
    endloop
  endfacet
  facet normal 0 0 -1
    outer loop
      vertex 9.31454 84.7781 2.8
      vertex 7.4205 85 2.8
      vertex 9.3 85 2.8
    endloop
  endfacet
  facet normal -0 0 -1
    outer loop
      vertex 9.52776 85.85 2.8
      vertex 7.4205 85 2.8
      vertex 9.21025 88.0999 2.8
    endloop
  endfacet
  facet normal -0.866017 0.500015 0
    outer loop
      vertex 12.7897 81.9001 0
      vertex 14.5795 85 2.8
      vertex 14.5795 85 0
    endloop
  endfacet
  facet normal -0.866017 0.500015 0
    outer loop
      vertex 14.5795 85 2.8
      vertex 12.7897 81.9001 0
      vertex 12.7897 81.9001 2.8
    endloop
  endfacet
  facet normal 0 1 -0
    outer loop
      vertex 12.7897 81.9001 0
      vertex 9.21025 81.9001 2.8
      vertex 12.7897 81.9001 2.8
    endloop
  endfacet
  facet normal 0 1 0
    outer loop
      vertex 9.21025 81.9001 2.8
      vertex 12.7897 81.9001 0
      vertex 9.21025 81.9001 0
    endloop
  endfacet
  facet normal -0.98077 -0.195165 0
    outer loop
      vertex 12.6855 85.2219 2.8
      vertex 12.6421 85.44 5
      vertex 12.6421 85.44 2.8
    endloop
  endfacet
  facet normal -0.98077 -0.195165 0
    outer loop
      vertex 12.6421 85.44 5
      vertex 12.6855 85.2219 2.8
      vertex 12.6855 85.2219 5
    endloop
  endfacet
  facet normal -0.997872 -0.0652057 0
    outer loop
      vertex 12.7 85 2.8
      vertex 12.6855 85.2219 5
      vertex 12.6855 85.2219 2.8
    endloop
  endfacet
  facet normal -0.997872 -0.0652057 0
    outer loop
      vertex 12.6855 85.2219 5
      vertex 12.7 85 2.8
      vertex 12.7 85 5
    endloop
  endfacet
  facet normal 0.44253 -0.896754 0
    outer loop
      vertex 10.15 86.4722 2.8
      vertex 10.3494 86.5706 5
      vertex 10.15 86.4722 5
    endloop
  endfacet
  facet normal 0.44253 -0.896754 0
    outer loop
      vertex 10.3494 86.5706 5
      vertex 10.15 86.4722 2.8
      vertex 10.3494 86.5706 2.8
    endloop
  endfacet
  facet normal -0.555426 -0.831566 0
    outer loop
      vertex 11.85 86.4722 2.8
      vertex 12.0349 86.3487 5
      vertex 11.85 86.4722 5
    endloop
  endfacet
  facet normal -0.555426 -0.831566 -0
    outer loop
      vertex 12.0349 86.3487 5
      vertex 11.85 86.4722 2.8
      vertex 12.0349 86.3487 2.8
    endloop
  endfacet
  facet normal 0.659291 -0.751888 0
    outer loop
      vertex 9.79792 86.2021 2.8
      vertex 9.96511 86.3487 5
      vertex 9.79792 86.2021 5
    endloop
  endfacet
  facet normal 0.659291 -0.751888 0
    outer loop
      vertex 9.96511 86.3487 5
      vertex 9.79792 86.2021 2.8
      vertex 9.96511 86.3487 2.8
    endloop
  endfacet
  facet normal -0.321484 0.946915 0
    outer loop
      vertex 11.6506 83.4294 2.8
      vertex 11.44 83.3579 5
      vertex 11.6506 83.4294 5
    endloop
  endfacet
  facet normal -0.321484 0.946915 0
    outer loop
      vertex 11.44 83.3579 5
      vertex 11.6506 83.4294 2.8
      vertex 11.44 83.3579 2.8
    endloop
  endfacet
  facet normal -0.831566 0.555426 0
    outer loop
      vertex 12.3487 83.9651 2.8
      vertex 12.4722 84.15 5
      vertex 12.4722 84.15 2.8
    endloop
  endfacet
  facet normal -0.831566 0.555426 0
    outer loop
      vertex 12.4722 84.15 5
      vertex 12.3487 83.9651 2.8
      vertex 12.3487 83.9651 5
    endloop
  endfacet
  facet normal -0.946915 0.321484 0
    outer loop
      vertex 12.5706 84.3494 2.8
      vertex 12.6421 84.56 5
      vertex 12.6421 84.56 2.8
    endloop
  endfacet
  facet normal -0.946915 0.321484 0
    outer loop
      vertex 12.6421 84.56 5
      vertex 12.5706 84.3494 2.8
      vertex 12.5706 84.3494 5
    endloop
  endfacet
  facet normal -0.321484 -0.946915 0
    outer loop
      vertex 11.44 86.6421 2.8
      vertex 11.6506 86.5706 5
      vertex 11.44 86.6421 5
    endloop
  endfacet
  facet normal -0.321484 -0.946915 -0
    outer loop
      vertex 11.6506 86.5706 5
      vertex 11.44 86.6421 2.8
      vertex 11.6506 86.5706 2.8
    endloop
  endfacet
  facet normal 0.555447 -0.831552 0
    outer loop
      vertex 9.96511 86.3487 2.8
      vertex 10.15 86.4722 5
      vertex 9.96511 86.3487 5
    endloop
  endfacet
  facet normal 0.555447 -0.831552 0
    outer loop
      vertex 10.15 86.4722 5
      vertex 9.96511 86.3487 2.8
      vertex 10.15 86.4722 2.8
    endloop
  endfacet
  facet normal -0.896754 0.44253 0
    outer loop
      vertex 12.4722 84.15 2.8
      vertex 12.5706 84.3494 5
      vertex 12.5706 84.3494 2.8
    endloop
  endfacet
  facet normal -0.896754 0.44253 0
    outer loop
      vertex 12.5706 84.3494 5
      vertex 12.4722 84.15 2.8
      vertex 12.4722 84.15 5
    endloop
  endfacet
  facet normal -0.659268 -0.751908 0
    outer loop
      vertex 12.0349 86.3487 2.8
      vertex 12.2021 86.2021 5
      vertex 12.0349 86.3487 5
    endloop
  endfacet
  facet normal -0.659268 -0.751908 -0
    outer loop
      vertex 12.2021 86.2021 5
      vertex 12.0349 86.3487 2.8
      vertex 12.2021 86.2021 2.8
    endloop
  endfacet
  facet normal -0.555426 0.831566 0
    outer loop
      vertex 12.0349 83.6513 2.8
      vertex 11.85 83.5278 5
      vertex 12.0349 83.6513 5
    endloop
  endfacet
  facet normal -0.555426 0.831566 0
    outer loop
      vertex 11.85 83.5278 5
      vertex 12.0349 83.6513 2.8
      vertex 11.85 83.5278 2.8
    endloop
  endfacet
  facet normal -0.44253 -0.896754 0
    outer loop
      vertex 11.6506 86.5706 2.8
      vertex 11.85 86.4722 5
      vertex 11.6506 86.5706 5
    endloop
  endfacet
  facet normal -0.44253 -0.896754 -0
    outer loop
      vertex 11.85 86.4722 5
      vertex 11.6506 86.5706 2.8
      vertex 11.85 86.4722 2.8
    endloop
  endfacet
  facet normal 0.659291 0.751888 -0
    outer loop
      vertex 9.96511 83.6513 2.8
      vertex 9.79792 83.7979 5
      vertex 9.96511 83.6513 5
    endloop
  endfacet
  facet normal 0.659291 0.751888 0
    outer loop
      vertex 9.79792 83.7979 5
      vertex 9.96511 83.6513 2.8
      vertex 9.79792 83.7979 2.8
    endloop
  endfacet
  facet normal 0.751863 0.659319 0
    outer loop
      vertex 9.79792 83.7979 5
      vertex 9.6513 83.9651 2.8
      vertex 9.6513 83.9651 5
    endloop
  endfacet
  facet normal 0.751863 0.659319 0
    outer loop
      vertex 9.6513 83.9651 2.8
      vertex 9.79792 83.7979 5
      vertex 9.79792 83.7979 2.8
    endloop
  endfacet
  facet normal 0.831483 0.555551 0
    outer loop
      vertex 9.6513 83.9651 5
      vertex 9.52776 84.15 2.8
      vertex 9.52776 84.15 5
    endloop
  endfacet
  facet normal 0.831483 0.555551 0
    outer loop
      vertex 9.52776 84.15 2.8
      vertex 9.6513 83.9651 5
      vertex 9.6513 83.9651 2.8
    endloop
  endfacet
  facet normal -0.831566 -0.555426 0
    outer loop
      vertex 12.4722 85.85 2.8
      vertex 12.3487 86.0349 5
      vertex 12.3487 86.0349 2.8
    endloop
  endfacet
  facet normal -0.831566 -0.555426 0
    outer loop
      vertex 12.3487 86.0349 5
      vertex 12.4722 85.85 2.8
      vertex 12.4722 85.85 5
    endloop
  endfacet
  facet normal -0.195165 0.98077 0
    outer loop
      vertex 11.44 83.3579 2.8
      vertex 11.2219 83.3145 5
      vertex 11.44 83.3579 5
    endloop
  endfacet
  facet normal -0.195165 0.98077 0
    outer loop
      vertex 11.2219 83.3145 5
      vertex 11.44 83.3579 2.8
      vertex 11.2219 83.3145 2.8
    endloop
  endfacet
  facet normal -0.98077 0.195165 0
    outer loop
      vertex 12.6421 84.56 2.8
      vertex 12.6855 84.7781 5
      vertex 12.6855 84.7781 2.8
    endloop
  endfacet
  facet normal -0.98077 0.195165 0
    outer loop
      vertex 12.6855 84.7781 5
      vertex 12.6421 84.56 2.8
      vertex 12.6421 84.56 5
    endloop
  endfacet
  facet normal 0.946956 0.321363 0
    outer loop
      vertex 9.4294 84.3494 5
      vertex 9.35793 84.56 2.8
      vertex 9.35793 84.56 5
    endloop
  endfacet
  facet normal 0.946956 0.321363 0
    outer loop
      vertex 9.35793 84.56 2.8
      vertex 9.4294 84.3494 5
      vertex 9.4294 84.3494 2.8
    endloop
  endfacet
  facet normal -0.44253 0.896754 0
    outer loop
      vertex 11.85 83.5278 2.8
      vertex 11.6506 83.4294 5
      vertex 11.85 83.5278 5
    endloop
  endfacet
  facet normal -0.44253 0.896754 0
    outer loop
      vertex 11.6506 83.4294 5
      vertex 11.85 83.5278 2.8
      vertex 11.6506 83.4294 2.8
    endloop
  endfacet
  facet normal -0.0652057 -0.997872 0
    outer loop
      vertex 11 86.7 2.8
      vertex 11.2219 86.6855 5
      vertex 11 86.7 5
    endloop
  endfacet
  facet normal -0.0652057 -0.997872 -0
    outer loop
      vertex 11.2219 86.6855 5
      vertex 11 86.7 2.8
      vertex 11.2219 86.6855 2.8
    endloop
  endfacet
  facet normal 0.321484 -0.946915 0
    outer loop
      vertex 10.3494 86.5706 2.8
      vertex 10.56 86.6421 5
      vertex 10.3494 86.5706 5
    endloop
  endfacet
  facet normal 0.321484 -0.946915 0
    outer loop
      vertex 10.56 86.6421 5
      vertex 10.3494 86.5706 2.8
      vertex 10.56 86.6421 2.8
    endloop
  endfacet
  facet normal 0.195165 -0.98077 0
    outer loop
      vertex 10.56 86.6421 2.8
      vertex 10.7781 86.6855 5
      vertex 10.56 86.6421 5
    endloop
  endfacet
  facet normal 0.195165 -0.98077 0
    outer loop
      vertex 10.7781 86.6855 5
      vertex 10.56 86.6421 2.8
      vertex 10.7781 86.6855 2.8
    endloop
  endfacet
  facet normal -0.896754 -0.44253 0
    outer loop
      vertex 12.5706 85.6506 2.8
      vertex 12.4722 85.85 5
      vertex 12.4722 85.85 2.8
    endloop
  endfacet
  facet normal -0.896754 -0.44253 0
    outer loop
      vertex 12.4722 85.85 5
      vertex 12.5706 85.6506 2.8
      vertex 12.5706 85.6506 5
    endloop
  endfacet
  facet normal -0.997872 0.0652057 0
    outer loop
      vertex 12.6855 84.7781 2.8
      vertex 12.7 85 5
      vertex 12.7 85 2.8
    endloop
  endfacet
  facet normal -0.997872 0.0652057 0
    outer loop
      vertex 12.7 85 5
      vertex 12.6855 84.7781 2.8
      vertex 12.6855 84.7781 5
    endloop
  endfacet
  facet normal -0.0652057 0.997872 0
    outer loop
      vertex 11.2219 83.3145 2.8
      vertex 11 83.3 5
      vertex 11.2219 83.3145 5
    endloop
  endfacet
  facet normal -0.0652057 0.997872 0
    outer loop
      vertex 11 83.3 5
      vertex 11.2219 83.3145 2.8
      vertex 11 83.3 2.8
    endloop
  endfacet
  facet normal -0.751908 -0.659268 0
    outer loop
      vertex 12.3487 86.0349 2.8
      vertex 12.2021 86.2021 5
      vertex 12.2021 86.2021 2.8
    endloop
  endfacet
  facet normal -0.751908 -0.659268 0
    outer loop
      vertex 12.2021 86.2021 5
      vertex 12.3487 86.0349 2.8
      vertex 12.3487 86.0349 5
    endloop
  endfacet
  facet normal 0.99786 0.0653848 0
    outer loop
      vertex 9.31454 84.7781 5
      vertex 9.3 85 2.8
      vertex 9.3 85 5
    endloop
  endfacet
  facet normal 0.99786 0.0653848 0
    outer loop
      vertex 9.3 85 2.8
      vertex 9.31454 84.7781 5
      vertex 9.31454 84.7781 2.8
    endloop
  endfacet
  facet normal -0.751908 0.659268 0
    outer loop
      vertex 12.2021 83.7979 2.8
      vertex 12.3487 83.9651 5
      vertex 12.3487 83.9651 2.8
    endloop
  endfacet
  facet normal -0.751908 0.659268 0
    outer loop
      vertex 12.3487 83.9651 5
      vertex 12.2021 83.7979 2.8
      vertex 12.2021 83.7979 5
    endloop
  endfacet
  facet normal 0.751863 -0.659319 0
    outer loop
      vertex 9.6513 86.0349 5
      vertex 9.79792 86.2021 2.8
      vertex 9.79792 86.2021 5
    endloop
  endfacet
  facet normal 0.751863 -0.659319 0
    outer loop
      vertex 9.79792 86.2021 2.8
      vertex 9.6513 86.0349 5
      vertex 9.6513 86.0349 2.8
    endloop
  endfacet
  facet normal 0.831483 -0.555551 0
    outer loop
      vertex 9.52776 85.85 5
      vertex 9.6513 86.0349 2.8
      vertex 9.6513 86.0349 5
    endloop
  endfacet
  facet normal 0.831483 -0.555551 0
    outer loop
      vertex 9.6513 86.0349 2.8
      vertex 9.52776 85.85 5
      vertex 9.52776 85.85 2.8
    endloop
  endfacet
  facet normal 0.0652057 -0.997872 0
    outer loop
      vertex 10.7781 86.6855 2.8
      vertex 11 86.7 5
      vertex 10.7781 86.6855 5
    endloop
  endfacet
  facet normal 0.0652057 -0.997872 0
    outer loop
      vertex 11 86.7 5
      vertex 10.7781 86.6855 2.8
      vertex 11 86.7 2.8
    endloop
  endfacet
  facet normal 0.980779 0.195122 0
    outer loop
      vertex 9.35793 84.56 5
      vertex 9.31454 84.7781 2.8
      vertex 9.31454 84.7781 5
    endloop
  endfacet
  facet normal 0.980779 0.195122 0
    outer loop
      vertex 9.31454 84.7781 2.8
      vertex 9.35793 84.56 5
      vertex 9.35793 84.56 2.8
    endloop
  endfacet
  facet normal 0.321484 0.946915 -0
    outer loop
      vertex 10.56 83.3579 2.8
      vertex 10.3494 83.4294 5
      vertex 10.56 83.3579 5
    endloop
  endfacet
  facet normal 0.321484 0.946915 0
    outer loop
      vertex 10.3494 83.4294 5
      vertex 10.56 83.3579 2.8
      vertex 10.3494 83.4294 2.8
    endloop
  endfacet
  facet normal -0.946915 -0.321484 0
    outer loop
      vertex 12.6421 85.44 2.8
      vertex 12.5706 85.6506 5
      vertex 12.5706 85.6506 2.8
    endloop
  endfacet
  facet normal -0.946915 -0.321484 0
    outer loop
      vertex 12.5706 85.6506 5
      vertex 12.6421 85.44 2.8
      vertex 12.6421 85.44 5
    endloop
  endfacet
  facet normal 0.44253 0.896754 -0
    outer loop
      vertex 10.3494 83.4294 2.8
      vertex 10.15 83.5278 5
      vertex 10.3494 83.4294 5
    endloop
  endfacet
  facet normal 0.44253 0.896754 0
    outer loop
      vertex 10.15 83.5278 5
      vertex 10.3494 83.4294 2.8
      vertex 10.15 83.5278 2.8
    endloop
  endfacet
  facet normal 0.555447 0.831552 -0
    outer loop
      vertex 10.15 83.5278 2.8
      vertex 9.96511 83.6513 5
      vertex 10.15 83.5278 5
    endloop
  endfacet
  facet normal 0.555447 0.831552 0
    outer loop
      vertex 9.96511 83.6513 5
      vertex 10.15 83.5278 2.8
      vertex 9.96511 83.6513 2.8
    endloop
  endfacet
  facet normal 0.195165 0.98077 -0
    outer loop
      vertex 10.7781 83.3145 2.8
      vertex 10.56 83.3579 5
      vertex 10.7781 83.3145 5
    endloop
  endfacet
  facet normal 0.195165 0.98077 0
    outer loop
      vertex 10.56 83.3579 5
      vertex 10.7781 83.3145 2.8
      vertex 10.56 83.3579 2.8
    endloop
  endfacet
  facet normal 0.896825 -0.442386 0
    outer loop
      vertex 9.4294 85.6506 5
      vertex 9.52776 85.85 2.8
      vertex 9.52776 85.85 5
    endloop
  endfacet
  facet normal 0.896825 -0.442386 0
    outer loop
      vertex 9.52776 85.85 2.8
      vertex 9.4294 85.6506 5
      vertex 9.4294 85.6506 2.8
    endloop
  endfacet
  facet normal 0.0652057 0.997872 -0
    outer loop
      vertex 11 83.3 2.8
      vertex 10.7781 83.3145 5
      vertex 11 83.3 5
    endloop
  endfacet
  facet normal 0.0652057 0.997872 0
    outer loop
      vertex 10.7781 83.3145 5
      vertex 11 83.3 2.8
      vertex 10.7781 83.3145 2.8
    endloop
  endfacet
  facet normal 0.896825 0.442386 0
    outer loop
      vertex 9.52776 84.15 5
      vertex 9.4294 84.3494 2.8
      vertex 9.4294 84.3494 5
    endloop
  endfacet
  facet normal 0.896825 0.442386 0
    outer loop
      vertex 9.4294 84.3494 2.8
      vertex 9.52776 84.15 5
      vertex 9.52776 84.15 2.8
    endloop
  endfacet
  facet normal 0.99786 -0.0653848 0
    outer loop
      vertex 9.3 85 5
      vertex 9.31454 85.2219 2.8
      vertex 9.31454 85.2219 5
    endloop
  endfacet
  facet normal 0.99786 -0.0653848 0
    outer loop
      vertex 9.31454 85.2219 2.8
      vertex 9.3 85 5
      vertex 9.3 85 2.8
    endloop
  endfacet
  facet normal 0.980779 -0.195122 0
    outer loop
      vertex 9.31454 85.2219 5
      vertex 9.35793 85.44 2.8
      vertex 9.35793 85.44 5
    endloop
  endfacet
  facet normal 0.980779 -0.195122 0
    outer loop
      vertex 9.35793 85.44 2.8
      vertex 9.31454 85.2219 5
      vertex 9.31454 85.2219 2.8
    endloop
  endfacet
  facet normal 0.946956 -0.321363 0
    outer loop
      vertex 9.35793 85.44 5
      vertex 9.4294 85.6506 2.8
      vertex 9.4294 85.6506 5
    endloop
  endfacet
  facet normal 0.946956 -0.321363 0
    outer loop
      vertex 9.4294 85.6506 2.8
      vertex 9.35793 85.44 5
      vertex 9.35793 85.44 2.8
    endloop
  endfacet
  facet normal -0.195165 -0.98077 0
    outer loop
      vertex 11.2219 86.6855 2.8
      vertex 11.44 86.6421 5
      vertex 11.2219 86.6855 5
    endloop
  endfacet
  facet normal -0.195165 -0.98077 -0
    outer loop
      vertex 11.44 86.6421 5
      vertex 11.2219 86.6855 2.8
      vertex 11.44 86.6421 2.8
    endloop
  endfacet
  facet normal -0.659268 0.751908 0
    outer loop
      vertex 12.2021 83.7979 2.8
      vertex 12.0349 83.6513 5
      vertex 12.2021 83.7979 5
    endloop
  endfacet
  facet normal -0.659268 0.751908 0
    outer loop
      vertex 12.0349 83.6513 5
      vertex 12.2021 83.7979 2.8
      vertex 12.0349 83.6513 2.8
    endloop
  endfacet
  facet normal 0.866001 0.500043 0
    outer loop
      vertex 40.7103 24.9001 2.8
      vertex 40.0752 26 0
      vertex 40.0752 26 2.8
    endloop
  endfacet
  facet normal 0.866001 0.500043 0
    outer loop
      vertex 40.0752 26 0
      vertex 40.7103 24.9001 2.8
      vertex 40.7103 24.9001 0
    endloop
  endfacet
  facet normal 0 0 -1
    outer loop
      vertex 40.7103 24.9001 2.8
      vertex 44.9248 26 2.8
      vertex 44.2897 24.9001 2.8
    endloop
  endfacet
  facet normal -0 0 -1
    outer loop
      vertex 44.9248 26 2.8
      vertex 40.7103 24.9001 2.8
      vertex 40.0752 26 2.8
    endloop
  endfacet
  facet normal -0.866001 0.500043 0
    outer loop
      vertex 44.2897 24.9001 0
      vertex 44.9248 26 2.8
      vertex 44.9248 26 0
    endloop
  endfacet
  facet normal -0.866001 0.500043 0
    outer loop
      vertex 44.9248 26 2.8
      vertex 44.2897 24.9001 0
      vertex 44.2897 24.9001 2.8
    endloop
  endfacet
  facet normal 0 1 -0
    outer loop
      vertex 44.2897 24.9001 0
      vertex 40.7103 24.9001 2.8
      vertex 44.2897 24.9001 2.8
    endloop
  endfacet
  facet normal 0 1 0
    outer loop
      vertex 40.7103 24.9001 2.8
      vertex 44.2897 24.9001 0
      vertex 40.7103 24.9001 0
    endloop
  endfacet
  facet normal 0 -1 0
    outer loop
      vertex 99.2103 14.0999 0
      vertex 102.79 14.0999 2.8
      vertex 99.2103 14.0999 2.8
    endloop
  endfacet
  facet normal 0 -1 -0
    outer loop
      vertex 102.79 14.0999 2.8
      vertex 99.2103 14.0999 0
      vertex 102.79 14.0999 0
    endloop
  endfacet
  facet normal -0.866113 -0.499847 0
    outer loop
      vertex 104.579 11 0
      vertex 102.79 14.0999 2.8
      vertex 102.79 14.0999 0
    endloop
  endfacet
  facet normal -0.866113 -0.499847 0
    outer loop
      vertex 102.79 14.0999 2.8
      vertex 104.579 11 0
      vertex 104.579 11 2.8
    endloop
  endfacet
  facet normal 0.866017 -0.500015 0
    outer loop
      vertex 97.4205 11 2.8
      vertex 99.2103 14.0999 0
      vertex 99.2103 14.0999 2.8
    endloop
  endfacet
  facet normal 0.866017 -0.500015 0
    outer loop
      vertex 99.2103 14.0999 0
      vertex 97.4205 11 2.8
      vertex 97.4205 11 0
    endloop
  endfacet
  facet normal 0.866019 0.50001 0
    outer loop
      vertex 99.2103 7.90006 2.8
      vertex 97.4205 11 0
      vertex 97.4205 11 2.8
    endloop
  endfacet
  facet normal 0.866019 0.50001 0
    outer loop
      vertex 97.4205 11 0
      vertex 99.2103 7.90006 2.8
      vertex 99.2103 7.90006 0
    endloop
  endfacet
  facet normal 0 0 -1
    outer loop
      vertex 102.472 10.15 2.8
      vertex 104.579 11 2.8
      vertex 102.79 7.90006 2.8
    endloop
  endfacet
  facet normal 0 0 -1
    outer loop
      vertex 102.685 11.2219 2.8
      vertex 104.579 11 2.8
      vertex 102.7 11 2.8
    endloop
  endfacet
  facet normal -0 0 -1
    outer loop
      vertex 104.579 11 2.8
      vertex 102.685 10.7781 2.8
      vertex 102.7 11 2.8
    endloop
  endfacet
  facet normal 0 0 -1
    outer loop
      vertex 104.579 11 2.8
      vertex 102.642 10.56 2.8
      vertex 102.685 10.7781 2.8
    endloop
  endfacet
  facet normal 0 0 -1
    outer loop
      vertex 104.579 11 2.8
      vertex 102.571 10.3494 2.8
      vertex 102.642 10.56 2.8
    endloop
  endfacet
  facet normal 0 0 -1
    outer loop
      vertex 104.579 11 2.8
      vertex 102.472 10.15 2.8
      vertex 102.571 10.3494 2.8
    endloop
  endfacet
  facet normal 0 0 -1
    outer loop
      vertex 102.79 7.90006 2.8
      vertex 102.349 9.96511 2.8
      vertex 102.472 10.15 2.8
    endloop
  endfacet
  facet normal 0 0 -1
    outer loop
      vertex 102.79 7.90006 2.8
      vertex 102.202 9.79792 2.8
      vertex 102.349 9.96511 2.8
    endloop
  endfacet
  facet normal 0 0 -1
    outer loop
      vertex 102.79 7.90006 2.8
      vertex 102.035 9.6513 2.8
      vertex 102.202 9.79792 2.8
    endloop
  endfacet
  facet normal 0 0 -1
    outer loop
      vertex 102.79 7.90006 2.8
      vertex 101.85 9.52776 2.8
      vertex 102.035 9.6513 2.8
    endloop
  endfacet
  facet normal 0 0 -1
    outer loop
      vertex 102.79 7.90006 2.8
      vertex 101.651 9.4294 2.8
      vertex 101.85 9.52776 2.8
    endloop
  endfacet
  facet normal 0 0 -1
    outer loop
      vertex 102.79 7.90006 2.8
      vertex 101.44 9.35793 2.8
      vertex 101.651 9.4294 2.8
    endloop
  endfacet
  facet normal 0 0 -1
    outer loop
      vertex 102.79 7.90006 2.8
      vertex 101.222 9.31454 2.8
      vertex 101.44 9.35793 2.8
    endloop
  endfacet
  facet normal 0 0 -1
    outer loop
      vertex 102.79 7.90006 2.8
      vertex 101 9.3 2.8
      vertex 101.222 9.31454 2.8
    endloop
  endfacet
  facet normal 0 0 -1
    outer loop
      vertex 99.2103 7.90006 2.8
      vertex 101 9.3 2.8
      vertex 102.79 7.90006 2.8
    endloop
  endfacet
  facet normal -0 0 -1
    outer loop
      vertex 101 9.3 2.8
      vertex 99.2103 7.90006 2.8
      vertex 100.778 9.31454 2.8
    endloop
  endfacet
  facet normal -0 0 -1
    outer loop
      vertex 100.778 9.31454 2.8
      vertex 99.2103 7.90006 2.8
      vertex 100.56 9.35793 2.8
    endloop
  endfacet
  facet normal -0 0 -1
    outer loop
      vertex 100.56 9.35793 2.8
      vertex 99.2103 7.90006 2.8
      vertex 100.349 9.4294 2.8
    endloop
  endfacet
  facet normal 0 0 -1
    outer loop
      vertex 99.3579 10.56 2.8
      vertex 97.4205 11 2.8
      vertex 99.3145 10.7781 2.8
    endloop
  endfacet
  facet normal 0 0 -1
    outer loop
      vertex 99.4294 10.3494 2.8
      vertex 97.4205 11 2.8
      vertex 99.3579 10.56 2.8
    endloop
  endfacet
  facet normal 0 0 -1
    outer loop
      vertex 99.5278 10.15 2.8
      vertex 97.4205 11 2.8
      vertex 99.4294 10.3494 2.8
    endloop
  endfacet
  facet normal 0 0 -1
    outer loop
      vertex 97.4205 11 2.8
      vertex 99.5278 10.15 2.8
      vertex 99.2103 7.90006 2.8
    endloop
  endfacet
  facet normal -0 0 -1
    outer loop
      vertex 99.6513 9.96511 2.8
      vertex 99.2103 7.90006 2.8
      vertex 99.5278 10.15 2.8
    endloop
  endfacet
  facet normal -0 0 -1
    outer loop
      vertex 99.7979 9.79792 2.8
      vertex 99.2103 7.90006 2.8
      vertex 99.6513 9.96511 2.8
    endloop
  endfacet
  facet normal -0 0 -1
    outer loop
      vertex 99.9651 9.6513 2.8
      vertex 99.2103 7.90006 2.8
      vertex 99.7979 9.79792 2.8
    endloop
  endfacet
  facet normal -0 0 -1
    outer loop
      vertex 100.15 9.52776 2.8
      vertex 99.2103 7.90006 2.8
      vertex 99.9651 9.6513 2.8
    endloop
  endfacet
  facet normal -0 0 -1
    outer loop
      vertex 100.349 9.4294 2.8
      vertex 99.2103 7.90006 2.8
      vertex 100.15 9.52776 2.8
    endloop
  endfacet
  facet normal 0 0 -1
    outer loop
      vertex 102.642 11.44 2.8
      vertex 104.579 11 2.8
      vertex 102.685 11.2219 2.8
    endloop
  endfacet
  facet normal 0 0 -1
    outer loop
      vertex 102.571 11.6506 2.8
      vertex 104.579 11 2.8
      vertex 102.642 11.44 2.8
    endloop
  endfacet
  facet normal 0 0 -1
    outer loop
      vertex 102.472 11.85 2.8
      vertex 104.579 11 2.8
      vertex 102.571 11.6506 2.8
    endloop
  endfacet
  facet normal 0 0 -1
    outer loop
      vertex 104.579 11 2.8
      vertex 102.472 11.85 2.8
      vertex 102.79 14.0999 2.8
    endloop
  endfacet
  facet normal 0 0 -1
    outer loop
      vertex 102.349 12.0349 2.8
      vertex 102.79 14.0999 2.8
      vertex 102.472 11.85 2.8
    endloop
  endfacet
  facet normal 0 0 -1
    outer loop
      vertex 102.202 12.2021 2.8
      vertex 102.79 14.0999 2.8
      vertex 102.349 12.0349 2.8
    endloop
  endfacet
  facet normal 0 0 -1
    outer loop
      vertex 102.035 12.3487 2.8
      vertex 102.79 14.0999 2.8
      vertex 102.202 12.2021 2.8
    endloop
  endfacet
  facet normal 0 0 -1
    outer loop
      vertex 101.85 12.4722 2.8
      vertex 102.79 14.0999 2.8
      vertex 102.035 12.3487 2.8
    endloop
  endfacet
  facet normal 0 0 -1
    outer loop
      vertex 101.651 12.5706 2.8
      vertex 102.79 14.0999 2.8
      vertex 101.85 12.4722 2.8
    endloop
  endfacet
  facet normal 0 0 -1
    outer loop
      vertex 101.44 12.6421 2.8
      vertex 102.79 14.0999 2.8
      vertex 101.651 12.5706 2.8
    endloop
  endfacet
  facet normal 0 0 -1
    outer loop
      vertex 101.222 12.6855 2.8
      vertex 102.79 14.0999 2.8
      vertex 101.44 12.6421 2.8
    endloop
  endfacet
  facet normal 0 0 -1
    outer loop
      vertex 101 12.7 2.8
      vertex 102.79 14.0999 2.8
      vertex 101.222 12.6855 2.8
    endloop
  endfacet
  facet normal 0 0 -1
    outer loop
      vertex 99.2103 14.0999 2.8
      vertex 101 12.7 2.8
      vertex 100.778 12.6855 2.8
    endloop
  endfacet
  facet normal 0 0 -1
    outer loop
      vertex 99.2103 14.0999 2.8
      vertex 100.778 12.6855 2.8
      vertex 100.56 12.6421 2.8
    endloop
  endfacet
  facet normal 0 0 -1
    outer loop
      vertex 99.2103 14.0999 2.8
      vertex 100.56 12.6421 2.8
      vertex 100.349 12.5706 2.8
    endloop
  endfacet
  facet normal 0 0 -1
    outer loop
      vertex 99.2103 14.0999 2.8
      vertex 100.349 12.5706 2.8
      vertex 100.15 12.4722 2.8
    endloop
  endfacet
  facet normal 0 0 -1
    outer loop
      vertex 101 12.7 2.8
      vertex 99.2103 14.0999 2.8
      vertex 102.79 14.0999 2.8
    endloop
  endfacet
  facet normal 0 0 -1
    outer loop
      vertex 99.9651 12.3487 2.8
      vertex 99.2103 14.0999 2.8
      vertex 100.15 12.4722 2.8
    endloop
  endfacet
  facet normal 0 0 -1
    outer loop
      vertex 99.7979 12.2021 2.8
      vertex 99.2103 14.0999 2.8
      vertex 99.9651 12.3487 2.8
    endloop
  endfacet
  facet normal 0 0 -1
    outer loop
      vertex 99.6513 12.0349 2.8
      vertex 99.2103 14.0999 2.8
      vertex 99.7979 12.2021 2.8
    endloop
  endfacet
  facet normal 0 0 -1
    outer loop
      vertex 99.5278 11.85 2.8
      vertex 99.2103 14.0999 2.8
      vertex 99.6513 12.0349 2.8
    endloop
  endfacet
  facet normal 0 0 -1
    outer loop
      vertex 97.4205 11 2.8
      vertex 99.5278 11.85 2.8
      vertex 99.4294 11.6506 2.8
    endloop
  endfacet
  facet normal 0 0 -1
    outer loop
      vertex 97.4205 11 2.8
      vertex 99.4294 11.6506 2.8
      vertex 99.3579 11.44 2.8
    endloop
  endfacet
  facet normal 0 0 -1
    outer loop
      vertex 97.4205 11 2.8
      vertex 99.3579 11.44 2.8
      vertex 99.3145 11.2219 2.8
    endloop
  endfacet
  facet normal 0 0 -1
    outer loop
      vertex 97.4205 11 2.8
      vertex 99.3145 11.2219 2.8
      vertex 99.3 11 2.8
    endloop
  endfacet
  facet normal 0 0 -1
    outer loop
      vertex 99.3145 10.7781 2.8
      vertex 97.4205 11 2.8
      vertex 99.3 11 2.8
    endloop
  endfacet
  facet normal -0 0 -1
    outer loop
      vertex 99.5278 11.85 2.8
      vertex 97.4205 11 2.8
      vertex 99.2103 14.0999 2.8
    endloop
  endfacet
  facet normal -0.866116 0.499843 0
    outer loop
      vertex 102.79 7.90006 0
      vertex 104.579 11 2.8
      vertex 104.579 11 0
    endloop
  endfacet
  facet normal -0.866116 0.499843 0
    outer loop
      vertex 104.579 11 2.8
      vertex 102.79 7.90006 0
      vertex 102.79 7.90006 2.8
    endloop
  endfacet
  facet normal 0 1 -0
    outer loop
      vertex 102.79 7.90006 0
      vertex 99.2103 7.90006 2.8
      vertex 102.79 7.90006 2.8
    endloop
  endfacet
  facet normal 0 1 0
    outer loop
      vertex 99.2103 7.90006 2.8
      vertex 102.79 7.90006 0
      vertex 99.2103 7.90006 0
    endloop
  endfacet
  facet normal -0.981113 -0.193434 0
    outer loop
      vertex 102.685 11.2219 2.8
      vertex 102.642 11.44 5
      vertex 102.642 11.44 2.8
    endloop
  endfacet
  facet normal -0.981113 -0.193434 0
    outer loop
      vertex 102.642 11.44 5
      vertex 102.685 11.2219 2.8
      vertex 102.685 11.2219 5
    endloop
  endfacet
  facet normal -0.997723 -0.0674441 0
    outer loop
      vertex 102.7 11 2.8
      vertex 102.685 11.2219 5
      vertex 102.685 11.2219 2.8
    endloop
  endfacet
  facet normal -0.997723 -0.0674441 0
    outer loop
      vertex 102.685 11.2219 5
      vertex 102.7 11 2.8
      vertex 102.7 11 5
    endloop
  endfacet
  facet normal 0.443245 -0.8964 0
    outer loop
      vertex 100.15 12.4722 2.8
      vertex 100.349 12.5706 5
      vertex 100.15 12.4722 5
    endloop
  endfacet
  facet normal 0.443245 -0.8964 0
    outer loop
      vertex 100.349 12.5706 5
      vertex 100.15 12.4722 2.8
      vertex 100.349 12.5706 2.8
    endloop
  endfacet
  facet normal 0.0653555 0.997862 -0
    outer loop
      vertex 101 9.3 2.8
      vertex 100.778 9.31454 5
      vertex 101 9.3 5
    endloop
  endfacet
  facet normal 0.0653555 0.997862 0
    outer loop
      vertex 100.778 9.31454 5
      vertex 101 9.3 2.8
      vertex 100.778 9.31454 2.8
    endloop
  endfacet
  facet normal -0.555219 -0.831704 0
    outer loop
      vertex 101.85 12.4722 2.8
      vertex 102.035 12.3487 5
      vertex 101.85 12.4722 5
    endloop
  endfacet
  facet normal -0.555219 -0.831704 -0
    outer loop
      vertex 102.035 12.3487 5
      vertex 101.85 12.4722 2.8
      vertex 102.035 12.3487 2.8
    endloop
  endfacet
  facet normal 0.659268 -0.751908 0
    outer loop
      vertex 99.7979 12.2021 2.8
      vertex 99.9651 12.3487 5
      vertex 99.7979 12.2021 5
    endloop
  endfacet
  facet normal 0.659268 -0.751908 0
    outer loop
      vertex 99.9651 12.3487 5
      vertex 99.7979 12.2021 2.8
      vertex 99.9651 12.3487 2.8
    endloop
  endfacet
  facet normal -0.320816 0.947141 0
    outer loop
      vertex 101.651 9.4294 2.8
      vertex 101.44 9.35793 5
      vertex 101.651 9.4294 5
    endloop
  endfacet
  facet normal -0.320816 0.947141 0
    outer loop
      vertex 101.44 9.35793 5
      vertex 101.651 9.4294 2.8
      vertex 101.44 9.35793 2.8
    endloop
  endfacet
  facet normal -0.947598 0.319466 0
    outer loop
      vertex 102.571 10.3494 2.8
      vertex 102.642 10.56 5
      vertex 102.642 10.56 2.8
    endloop
  endfacet
  facet normal -0.947598 0.319466 0
    outer loop
      vertex 102.642 10.56 5
      vertex 102.571 10.3494 2.8
      vertex 102.571 10.3494 5
    endloop
  endfacet
  facet normal -0.320937 -0.947101 0
    outer loop
      vertex 101.44 12.6421 2.8
      vertex 101.651 12.5706 5
      vertex 101.44 12.6421 5
    endloop
  endfacet
  facet normal -0.320937 -0.947101 -0
    outer loop
      vertex 101.651 12.5706 5
      vertex 101.44 12.6421 2.8
      vertex 101.651 12.5706 2.8
    endloop
  endfacet
  facet normal 0.555426 -0.831566 0
    outer loop
      vertex 99.9651 12.3487 2.8
      vertex 100.15 12.4722 5
      vertex 99.9651 12.3487 5
    endloop
  endfacet
  facet normal 0.555426 -0.831566 0
    outer loop
      vertex 100.15 12.4722 5
      vertex 99.9651 12.3487 2.8
      vertex 100.15 12.4722 2.8
    endloop
  endfacet
  facet normal -0.895681 0.444696 0
    outer loop
      vertex 102.472 10.15 2.8
      vertex 102.571 10.3494 5
      vertex 102.571 10.3494 2.8
    endloop
  endfacet
  facet normal -0.895681 0.444696 0
    outer loop
      vertex 102.571 10.3494 5
      vertex 102.472 10.15 2.8
      vertex 102.472 10.15 5
    endloop
  endfacet
  facet normal -0.659714 -0.751516 0
    outer loop
      vertex 102.035 12.3487 2.8
      vertex 102.202 12.2021 5
      vertex 102.035 12.3487 5
    endloop
  endfacet
  facet normal -0.659714 -0.751516 -0
    outer loop
      vertex 102.202 12.2021 5
      vertex 102.035 12.3487 2.8
      vertex 102.202 12.2021 2.8
    endloop
  endfacet
  facet normal -0.555343 0.831621 0
    outer loop
      vertex 102.035 9.6513 2.8
      vertex 101.85 9.52776 5
      vertex 102.035 9.6513 5
    endloop
  endfacet
  facet normal -0.555343 0.831621 0
    outer loop
      vertex 101.85 9.52776 5
      vertex 102.035 9.6513 2.8
      vertex 101.85 9.52776 2.8
    endloop
  endfacet
  facet normal -0.443245 -0.8964 0
    outer loop
      vertex 101.651 12.5706 2.8
      vertex 101.85 12.4722 5
      vertex 101.651 12.5706 5
    endloop
  endfacet
  facet normal -0.443245 -0.8964 -0
    outer loop
      vertex 101.85 12.4722 5
      vertex 101.651 12.5706 2.8
      vertex 101.85 12.4722 2.8
    endloop
  endfacet
  facet normal 0.997872 -0.0652057 0
    outer loop
      vertex 99.3 11 5
      vertex 99.3145 11.2219 2.8
      vertex 99.3145 11.2219 5
    endloop
  endfacet
  facet normal 0.997872 -0.0652057 0
    outer loop
      vertex 99.3145 11.2219 2.8
      vertex 99.3 11 5
      vertex 99.3 11 2.8
    endloop
  endfacet
  facet normal 0.659319 0.751863 -0
    outer loop
      vertex 99.9651 9.6513 2.8
      vertex 99.7979 9.79792 5
      vertex 99.9651 9.6513 5
    endloop
  endfacet
  facet normal 0.659319 0.751863 0
    outer loop
      vertex 99.7979 9.79792 5
      vertex 99.9651 9.6513 2.8
      vertex 99.7979 9.79792 2.8
    endloop
  endfacet
  facet normal 0.751888 0.659291 0
    outer loop
      vertex 99.7979 9.79792 5
      vertex 99.6513 9.96511 2.8
      vertex 99.6513 9.96511 5
    endloop
  endfacet
  facet normal 0.751888 0.659291 0
    outer loop
      vertex 99.6513 9.96511 2.8
      vertex 99.7979 9.79792 5
      vertex 99.7979 9.79792 2.8
    endloop
  endfacet
  facet normal 0.831552 0.555447 0
    outer loop
      vertex 99.6513 9.96511 5
      vertex 99.5278 10.15 2.8
      vertex 99.5278 10.15 5
    endloop
  endfacet
  facet normal 0.831552 0.555447 0
    outer loop
      vertex 99.5278 10.15 2.8
      vertex 99.6513 9.96511 5
      vertex 99.6513 9.96511 2.8
    endloop
  endfacet
  facet normal -0.832604 -0.553869 0
    outer loop
      vertex 102.472 11.85 2.8
      vertex 102.349 12.0349 5
      vertex 102.349 12.0349 2.8
    endloop
  endfacet
  facet normal -0.832604 -0.553869 0
    outer loop
      vertex 102.349 12.0349 5
      vertex 102.472 11.85 2.8
      vertex 102.472 11.85 5
    endloop
  endfacet
  facet normal -0.195208 0.980762 0
    outer loop
      vertex 101.44 9.35793 2.8
      vertex 101.222 9.31454 5
      vertex 101.44 9.35793 5
    endloop
  endfacet
  facet normal -0.195208 0.980762 0
    outer loop
      vertex 101.222 9.31454 5
      vertex 101.44 9.35793 2.8
      vertex 101.222 9.31454 2.8
    endloop
  endfacet
  facet normal -0.981113 0.193434 0
    outer loop
      vertex 102.642 10.56 2.8
      vertex 102.685 10.7781 5
      vertex 102.685 10.7781 2.8
    endloop
  endfacet
  facet normal -0.981113 0.193434 0
    outer loop
      vertex 102.685 10.7781 5
      vertex 102.642 10.56 2.8
      vertex 102.642 10.56 5
    endloop
  endfacet
  facet normal 0.946915 0.321484 0
    outer loop
      vertex 99.4294 10.3494 5
      vertex 99.3579 10.56 2.8
      vertex 99.3579 10.56 5
    endloop
  endfacet
  facet normal 0.946915 0.321484 0
    outer loop
      vertex 99.3579 10.56 2.8
      vertex 99.4294 10.3494 5
      vertex 99.4294 10.3494 2.8
    endloop
  endfacet
  facet normal -0.4431 0.896472 0
    outer loop
      vertex 101.85 9.52776 2.8
      vertex 101.651 9.4294 5
      vertex 101.85 9.52776 5
    endloop
  endfacet
  facet normal -0.4431 0.896472 0
    outer loop
      vertex 101.651 9.4294 5
      vertex 101.85 9.52776 2.8
      vertex 101.651 9.4294 2.8
    endloop
  endfacet
  facet normal 0.555551 0.831483 -0
    outer loop
      vertex 100.15 9.52776 2.8
      vertex 99.9651 9.6513 5
      vertex 100.15 9.52776 5
    endloop
  endfacet
  facet normal 0.555551 0.831483 0
    outer loop
      vertex 99.9651 9.6513 5
      vertex 100.15 9.52776 2.8
      vertex 99.9651 9.6513 2.8
    endloop
  endfacet
  facet normal 0.831566 -0.555426 0
    outer loop
      vertex 99.5278 11.85 5
      vertex 99.6513 12.0349 2.8
      vertex 99.6513 12.0349 5
    endloop
  endfacet
  facet normal 0.831566 -0.555426 0
    outer loop
      vertex 99.6513 12.0349 2.8
      vertex 99.5278 11.85 5
      vertex 99.5278 11.85 2.8
    endloop
  endfacet
  facet normal 0.320937 -0.947101 0
    outer loop
      vertex 100.349 12.5706 2.8
      vertex 100.56 12.6421 5
      vertex 100.349 12.5706 5
    endloop
  endfacet
  facet normal 0.320937 -0.947101 0
    outer loop
      vertex 100.56 12.6421 5
      vertex 100.349 12.5706 2.8
      vertex 100.56 12.6421 2.8
    endloop
  endfacet
  facet normal -0.195251 -0.980753 0
    outer loop
      vertex 101.222 12.6855 2.8
      vertex 101.44 12.6421 5
      vertex 101.222 12.6855 5
    endloop
  endfacet
  facet normal -0.195251 -0.980753 -0
    outer loop
      vertex 101.44 12.6421 5
      vertex 101.222 12.6855 2.8
      vertex 101.44 12.6421 2.8
    endloop
  endfacet
  facet normal 0.195251 -0.980753 0
    outer loop
      vertex 100.56 12.6421 2.8
      vertex 100.778 12.6855 5
      vertex 100.56 12.6421 5
    endloop
  endfacet
  facet normal 0.195251 -0.980753 0
    outer loop
      vertex 100.778 12.6855 5
      vertex 100.56 12.6421 2.8
      vertex 100.778 12.6855 2.8
    endloop
  endfacet
  facet normal -0.895681 -0.444696 0
    outer loop
      vertex 102.571 11.6506 2.8
      vertex 102.472 11.85 5
      vertex 102.472 11.85 2.8
    endloop
  endfacet
  facet normal -0.895681 -0.444696 0
    outer loop
      vertex 102.472 11.85 5
      vertex 102.571 11.6506 2.8
      vertex 102.571 11.6506 5
    endloop
  endfacet
  facet normal -0.997723 0.0674441 0
    outer loop
      vertex 102.685 10.7781 2.8
      vertex 102.7 11 5
      vertex 102.7 11 2.8
    endloop
  endfacet
  facet normal -0.997723 0.0674441 0
    outer loop
      vertex 102.7 11 5
      vertex 102.685 10.7781 2.8
      vertex 102.685 10.7781 5
    endloop
  endfacet
  facet normal 0.4431 0.896472 -0
    outer loop
      vertex 100.349 9.4294 2.8
      vertex 100.15 9.52776 5
      vertex 100.349 9.4294 5
    endloop
  endfacet
  facet normal 0.4431 0.896472 0
    outer loop
      vertex 100.15 9.52776 5
      vertex 100.349 9.4294 2.8
      vertex 100.15 9.52776 2.8
    endloop
  endfacet
  facet normal -0.0653555 0.997862 0
    outer loop
      vertex 101.222 9.31454 2.8
      vertex 101 9.3 5
      vertex 101.222 9.31454 5
    endloop
  endfacet
  facet normal -0.0653555 0.997862 0
    outer loop
      vertex 101 9.3 5
      vertex 101.222 9.31454 2.8
      vertex 101 9.3 2.8
    endloop
  endfacet
  facet normal -0.0651764 -0.997874 0
    outer loop
      vertex 101 12.7 2.8
      vertex 101.222 12.6855 5
      vertex 101 12.7 5
    endloop
  endfacet
  facet normal -0.0651764 -0.997874 -0
    outer loop
      vertex 101.222 12.6855 5
      vertex 101 12.7 2.8
      vertex 101.222 12.6855 2.8
    endloop
  endfacet
  facet normal -0.751016 -0.660284 0
    outer loop
      vertex 102.349 12.0349 2.8
      vertex 102.202 12.2021 5
      vertex 102.202 12.2021 2.8
    endloop
  endfacet
  facet normal -0.751016 -0.660284 0
    outer loop
      vertex 102.202 12.2021 5
      vertex 102.349 12.0349 2.8
      vertex 102.349 12.0349 5
    endloop
  endfacet
  facet normal 0.997872 0.0652057 0
    outer loop
      vertex 99.3145 10.7781 5
      vertex 99.3 11 2.8
      vertex 99.3 11 5
    endloop
  endfacet
  facet normal 0.997872 0.0652057 0
    outer loop
      vertex 99.3 11 2.8
      vertex 99.3145 10.7781 5
      vertex 99.3145 10.7781 2.8
    endloop
  endfacet
  facet normal -0.750997 0.660306 0
    outer loop
      vertex 102.202 9.79792 2.8
      vertex 102.349 9.96511 5
      vertex 102.349 9.96511 2.8
    endloop
  endfacet
  facet normal -0.750997 0.660306 0
    outer loop
      vertex 102.349 9.96511 5
      vertex 102.202 9.79792 2.8
      vertex 102.202 9.79792 5
    endloop
  endfacet
  facet normal 0.751908 -0.659268 0
    outer loop
      vertex 99.6513 12.0349 5
      vertex 99.7979 12.2021 2.8
      vertex 99.7979 12.2021 5
    endloop
  endfacet
  facet normal 0.751908 -0.659268 0
    outer loop
      vertex 99.7979 12.2021 2.8
      vertex 99.6513 12.0349 5
      vertex 99.6513 12.0349 2.8
    endloop
  endfacet
  facet normal 0.0651764 -0.997874 0
    outer loop
      vertex 100.778 12.6855 2.8
      vertex 101 12.7 5
      vertex 100.778 12.6855 5
    endloop
  endfacet
  facet normal 0.0651764 -0.997874 0
    outer loop
      vertex 101 12.7 5
      vertex 100.778 12.6855 2.8
      vertex 101 12.7 2.8
    endloop
  endfacet
  facet normal 0.98077 0.195165 0
    outer loop
      vertex 99.3579 10.56 5
      vertex 99.3145 10.7781 2.8
      vertex 99.3145 10.7781 5
    endloop
  endfacet
  facet normal 0.98077 0.195165 0
    outer loop
      vertex 99.3145 10.7781 2.8
      vertex 99.3579 10.56 5
      vertex 99.3579 10.56 2.8
    endloop
  endfacet
  facet normal 0.320816 0.947141 -0
    outer loop
      vertex 100.56 9.35793 2.8
      vertex 100.349 9.4294 5
      vertex 100.56 9.35793 5
    endloop
  endfacet
  facet normal 0.320816 0.947141 0
    outer loop
      vertex 100.349 9.4294 5
      vertex 100.56 9.35793 2.8
      vertex 100.349 9.4294 2.8
    endloop
  endfacet
  facet normal -0.947598 -0.319466 0
    outer loop
      vertex 102.642 11.44 2.8
      vertex 102.571 11.6506 5
      vertex 102.571 11.6506 2.8
    endloop
  endfacet
  facet normal -0.947598 -0.319466 0
    outer loop
      vertex 102.571 11.6506 5
      vertex 102.642 11.44 2.8
      vertex 102.642 11.44 5
    endloop
  endfacet
  facet normal -0.83259 0.553889 0
    outer loop
      vertex 102.349 9.96511 2.8
      vertex 102.472 10.15 5
      vertex 102.472 10.15 2.8
    endloop
  endfacet
  facet normal -0.83259 0.553889 0
    outer loop
      vertex 102.472 10.15 5
      vertex 102.349 9.96511 2.8
      vertex 102.349 9.96511 5
    endloop
  endfacet
  facet normal 0.896754 0.44253 0
    outer loop
      vertex 99.5278 10.15 5
      vertex 99.4294 10.3494 2.8
      vertex 99.4294 10.3494 5
    endloop
  endfacet
  facet normal 0.896754 0.44253 0
    outer loop
      vertex 99.4294 10.3494 2.8
      vertex 99.5278 10.15 5
      vertex 99.5278 10.15 2.8
    endloop
  endfacet
  facet normal 0.98077 -0.195165 0
    outer loop
      vertex 99.3145 11.2219 5
      vertex 99.3579 11.44 2.8
      vertex 99.3579 11.44 5
    endloop
  endfacet
  facet normal 0.98077 -0.195165 0
    outer loop
      vertex 99.3579 11.44 2.8
      vertex 99.3145 11.2219 5
      vertex 99.3145 11.2219 2.8
    endloop
  endfacet
  facet normal 0.946915 -0.321484 0
    outer loop
      vertex 99.3579 11.44 5
      vertex 99.4294 11.6506 2.8
      vertex 99.4294 11.6506 5
    endloop
  endfacet
  facet normal 0.946915 -0.321484 0
    outer loop
      vertex 99.4294 11.6506 2.8
      vertex 99.3579 11.44 5
      vertex 99.3579 11.44 2.8
    endloop
  endfacet
  facet normal -0.659765 0.751472 0
    outer loop
      vertex 102.202 9.79792 2.8
      vertex 102.035 9.6513 5
      vertex 102.202 9.79792 5
    endloop
  endfacet
  facet normal -0.659765 0.751472 0
    outer loop
      vertex 102.035 9.6513 5
      vertex 102.202 9.79792 2.8
      vertex 102.035 9.6513 2.8
    endloop
  endfacet
  facet normal 0.896754 -0.44253 0
    outer loop
      vertex 99.4294 11.6506 5
      vertex 99.5278 11.85 2.8
      vertex 99.5278 11.85 5
    endloop
  endfacet
  facet normal 0.896754 -0.44253 0
    outer loop
      vertex 99.5278 11.85 2.8
      vertex 99.4294 11.6506 5
      vertex 99.4294 11.6506 2.8
    endloop
  endfacet
  facet normal 0.195208 0.980762 -0
    outer loop
      vertex 100.778 9.31454 2.8
      vertex 100.56 9.35793 5
      vertex 100.778 9.31454 5
    endloop
  endfacet
  facet normal 0.195208 0.980762 0
    outer loop
      vertex 100.56 9.35793 5
      vertex 100.778 9.31454 2.8
      vertex 100.56 9.35793 2.8
    endloop
  endfacet
  facet normal 0 -1 0
    outer loop
      vertex 99.2103 88.0999 0
      vertex 102.79 88.0999 2.8
      vertex 99.2103 88.0999 2.8
    endloop
  endfacet
  facet normal 0 -1 -0
    outer loop
      vertex 102.79 88.0999 2.8
      vertex 99.2103 88.0999 0
      vertex 102.79 88.0999 0
    endloop
  endfacet
  facet normal -0.866113 -0.499847 0
    outer loop
      vertex 104.579 85 0
      vertex 102.79 88.0999 2.8
      vertex 102.79 88.0999 0
    endloop
  endfacet
  facet normal -0.866113 -0.499847 0
    outer loop
      vertex 102.79 88.0999 2.8
      vertex 104.579 85 0
      vertex 104.579 85 2.8
    endloop
  endfacet
  facet normal 0.866017 -0.500015 0
    outer loop
      vertex 97.4205 85 2.8
      vertex 99.2103 88.0999 0
      vertex 99.2103 88.0999 2.8
    endloop
  endfacet
  facet normal 0.866017 -0.500015 0
    outer loop
      vertex 99.2103 88.0999 0
      vertex 97.4205 85 2.8
      vertex 97.4205 85 0
    endloop
  endfacet
  facet normal 0.866017 0.500015 0
    outer loop
      vertex 99.2103 81.9001 2.8
      vertex 97.4205 85 0
      vertex 97.4205 85 2.8
    endloop
  endfacet
  facet normal 0.866017 0.500015 0
    outer loop
      vertex 97.4205 85 0
      vertex 99.2103 81.9001 2.8
      vertex 99.2103 81.9001 0
    endloop
  endfacet
  facet normal 0 0 -1
    outer loop
      vertex 102.472 84.15 2.8
      vertex 104.579 85 2.8
      vertex 102.79 81.9001 2.8
    endloop
  endfacet
  facet normal 0 0 -1
    outer loop
      vertex 102.685 85.2219 2.8
      vertex 104.579 85 2.8
      vertex 102.7 85 2.8
    endloop
  endfacet
  facet normal -0 0 -1
    outer loop
      vertex 104.579 85 2.8
      vertex 102.685 84.7781 2.8
      vertex 102.7 85 2.8
    endloop
  endfacet
  facet normal 0 0 -1
    outer loop
      vertex 104.579 85 2.8
      vertex 102.642 84.56 2.8
      vertex 102.685 84.7781 2.8
    endloop
  endfacet
  facet normal 0 0 -1
    outer loop
      vertex 104.579 85 2.8
      vertex 102.571 84.3494 2.8
      vertex 102.642 84.56 2.8
    endloop
  endfacet
  facet normal 0 0 -1
    outer loop
      vertex 104.579 85 2.8
      vertex 102.472 84.15 2.8
      vertex 102.571 84.3494 2.8
    endloop
  endfacet
  facet normal 0 0 -1
    outer loop
      vertex 102.79 81.9001 2.8
      vertex 102.349 83.9651 2.8
      vertex 102.472 84.15 2.8
    endloop
  endfacet
  facet normal 0 0 -1
    outer loop
      vertex 102.79 81.9001 2.8
      vertex 102.202 83.7979 2.8
      vertex 102.349 83.9651 2.8
    endloop
  endfacet
  facet normal 0 0 -1
    outer loop
      vertex 102.79 81.9001 2.8
      vertex 102.035 83.6513 2.8
      vertex 102.202 83.7979 2.8
    endloop
  endfacet
  facet normal 0 0 -1
    outer loop
      vertex 102.79 81.9001 2.8
      vertex 101.85 83.5278 2.8
      vertex 102.035 83.6513 2.8
    endloop
  endfacet
  facet normal 0 0 -1
    outer loop
      vertex 102.79 81.9001 2.8
      vertex 101.651 83.4294 2.8
      vertex 101.85 83.5278 2.8
    endloop
  endfacet
  facet normal 0 0 -1
    outer loop
      vertex 102.79 81.9001 2.8
      vertex 101.44 83.3579 2.8
      vertex 101.651 83.4294 2.8
    endloop
  endfacet
  facet normal 0 0 -1
    outer loop
      vertex 102.79 81.9001 2.8
      vertex 101.222 83.3145 2.8
      vertex 101.44 83.3579 2.8
    endloop
  endfacet
  facet normal 0 0 -1
    outer loop
      vertex 102.79 81.9001 2.8
      vertex 101 83.3 2.8
      vertex 101.222 83.3145 2.8
    endloop
  endfacet
  facet normal 0 0 -1
    outer loop
      vertex 99.2103 81.9001 2.8
      vertex 101 83.3 2.8
      vertex 102.79 81.9001 2.8
    endloop
  endfacet
  facet normal -0 0 -1
    outer loop
      vertex 101 83.3 2.8
      vertex 99.2103 81.9001 2.8
      vertex 100.778 83.3145 2.8
    endloop
  endfacet
  facet normal -0 0 -1
    outer loop
      vertex 100.778 83.3145 2.8
      vertex 99.2103 81.9001 2.8
      vertex 100.56 83.3579 2.8
    endloop
  endfacet
  facet normal -0 0 -1
    outer loop
      vertex 100.56 83.3579 2.8
      vertex 99.2103 81.9001 2.8
      vertex 100.349 83.4294 2.8
    endloop
  endfacet
  facet normal 0 0 -1
    outer loop
      vertex 99.3579 84.56 2.8
      vertex 97.4205 85 2.8
      vertex 99.3145 84.7781 2.8
    endloop
  endfacet
  facet normal 0 0 -1
    outer loop
      vertex 99.4294 84.3494 2.8
      vertex 97.4205 85 2.8
      vertex 99.3579 84.56 2.8
    endloop
  endfacet
  facet normal 0 0 -1
    outer loop
      vertex 99.5278 84.15 2.8
      vertex 97.4205 85 2.8
      vertex 99.4294 84.3494 2.8
    endloop
  endfacet
  facet normal 0 0 -1
    outer loop
      vertex 97.4205 85 2.8
      vertex 99.5278 84.15 2.8
      vertex 99.2103 81.9001 2.8
    endloop
  endfacet
  facet normal -0 0 -1
    outer loop
      vertex 99.6513 83.9651 2.8
      vertex 99.2103 81.9001 2.8
      vertex 99.5278 84.15 2.8
    endloop
  endfacet
  facet normal -0 0 -1
    outer loop
      vertex 99.7979 83.7979 2.8
      vertex 99.2103 81.9001 2.8
      vertex 99.6513 83.9651 2.8
    endloop
  endfacet
  facet normal -0 0 -1
    outer loop
      vertex 99.9651 83.6513 2.8
      vertex 99.2103 81.9001 2.8
      vertex 99.7979 83.7979 2.8
    endloop
  endfacet
  facet normal -0 0 -1
    outer loop
      vertex 100.15 83.5278 2.8
      vertex 99.2103 81.9001 2.8
      vertex 99.9651 83.6513 2.8
    endloop
  endfacet
  facet normal -0 0 -1
    outer loop
      vertex 100.349 83.4294 2.8
      vertex 99.2103 81.9001 2.8
      vertex 100.15 83.5278 2.8
    endloop
  endfacet
  facet normal 0 0 -1
    outer loop
      vertex 102.642 85.44 2.8
      vertex 104.579 85 2.8
      vertex 102.685 85.2219 2.8
    endloop
  endfacet
  facet normal 0 0 -1
    outer loop
      vertex 102.571 85.6506 2.8
      vertex 104.579 85 2.8
      vertex 102.642 85.44 2.8
    endloop
  endfacet
  facet normal 0 0 -1
    outer loop
      vertex 102.472 85.85 2.8
      vertex 104.579 85 2.8
      vertex 102.571 85.6506 2.8
    endloop
  endfacet
  facet normal 0 0 -1
    outer loop
      vertex 104.579 85 2.8
      vertex 102.472 85.85 2.8
      vertex 102.79 88.0999 2.8
    endloop
  endfacet
  facet normal 0 0 -1
    outer loop
      vertex 102.349 86.0349 2.8
      vertex 102.79 88.0999 2.8
      vertex 102.472 85.85 2.8
    endloop
  endfacet
  facet normal 0 0 -1
    outer loop
      vertex 102.202 86.2021 2.8
      vertex 102.79 88.0999 2.8
      vertex 102.349 86.0349 2.8
    endloop
  endfacet
  facet normal 0 0 -1
    outer loop
      vertex 102.035 86.3487 2.8
      vertex 102.79 88.0999 2.8
      vertex 102.202 86.2021 2.8
    endloop
  endfacet
  facet normal 0 0 -1
    outer loop
      vertex 101.85 86.4722 2.8
      vertex 102.79 88.0999 2.8
      vertex 102.035 86.3487 2.8
    endloop
  endfacet
  facet normal 0 0 -1
    outer loop
      vertex 101.651 86.5706 2.8
      vertex 102.79 88.0999 2.8
      vertex 101.85 86.4722 2.8
    endloop
  endfacet
  facet normal 0 0 -1
    outer loop
      vertex 101.44 86.6421 2.8
      vertex 102.79 88.0999 2.8
      vertex 101.651 86.5706 2.8
    endloop
  endfacet
  facet normal 0 0 -1
    outer loop
      vertex 101.222 86.6855 2.8
      vertex 102.79 88.0999 2.8
      vertex 101.44 86.6421 2.8
    endloop
  endfacet
  facet normal 0 0 -1
    outer loop
      vertex 101 86.7 2.8
      vertex 102.79 88.0999 2.8
      vertex 101.222 86.6855 2.8
    endloop
  endfacet
  facet normal 0 0 -1
    outer loop
      vertex 99.2103 88.0999 2.8
      vertex 101 86.7 2.8
      vertex 100.778 86.6855 2.8
    endloop
  endfacet
  facet normal 0 0 -1
    outer loop
      vertex 99.2103 88.0999 2.8
      vertex 100.778 86.6855 2.8
      vertex 100.56 86.6421 2.8
    endloop
  endfacet
  facet normal 0 0 -1
    outer loop
      vertex 99.2103 88.0999 2.8
      vertex 100.56 86.6421 2.8
      vertex 100.349 86.5706 2.8
    endloop
  endfacet
  facet normal 0 0 -1
    outer loop
      vertex 99.2103 88.0999 2.8
      vertex 100.349 86.5706 2.8
      vertex 100.15 86.4722 2.8
    endloop
  endfacet
  facet normal 0 0 -1
    outer loop
      vertex 101 86.7 2.8
      vertex 99.2103 88.0999 2.8
      vertex 102.79 88.0999 2.8
    endloop
  endfacet
  facet normal 0 0 -1
    outer loop
      vertex 99.9651 86.3487 2.8
      vertex 99.2103 88.0999 2.8
      vertex 100.15 86.4722 2.8
    endloop
  endfacet
  facet normal 0 0 -1
    outer loop
      vertex 99.7979 86.2021 2.8
      vertex 99.2103 88.0999 2.8
      vertex 99.9651 86.3487 2.8
    endloop
  endfacet
  facet normal 0 0 -1
    outer loop
      vertex 99.6513 86.0349 2.8
      vertex 99.2103 88.0999 2.8
      vertex 99.7979 86.2021 2.8
    endloop
  endfacet
  facet normal 0 0 -1
    outer loop
      vertex 99.5278 85.85 2.8
      vertex 99.2103 88.0999 2.8
      vertex 99.6513 86.0349 2.8
    endloop
  endfacet
  facet normal 0 0 -1
    outer loop
      vertex 97.4205 85 2.8
      vertex 99.5278 85.85 2.8
      vertex 99.4294 85.6506 2.8
    endloop
  endfacet
  facet normal 0 0 -1
    outer loop
      vertex 97.4205 85 2.8
      vertex 99.4294 85.6506 2.8
      vertex 99.3579 85.44 2.8
    endloop
  endfacet
  facet normal 0 0 -1
    outer loop
      vertex 97.4205 85 2.8
      vertex 99.3579 85.44 2.8
      vertex 99.3145 85.2219 2.8
    endloop
  endfacet
  facet normal 0 0 -1
    outer loop
      vertex 97.4205 85 2.8
      vertex 99.3145 85.2219 2.8
      vertex 99.3 85 2.8
    endloop
  endfacet
  facet normal 0 0 -1
    outer loop
      vertex 99.3145 84.7781 2.8
      vertex 97.4205 85 2.8
      vertex 99.3 85 2.8
    endloop
  endfacet
  facet normal -0 0 -1
    outer loop
      vertex 99.5278 85.85 2.8
      vertex 97.4205 85 2.8
      vertex 99.2103 88.0999 2.8
    endloop
  endfacet
  facet normal -0.866113 0.499847 0
    outer loop
      vertex 102.79 81.9001 0
      vertex 104.579 85 2.8
      vertex 104.579 85 0
    endloop
  endfacet
  facet normal -0.866113 0.499847 0
    outer loop
      vertex 104.579 85 2.8
      vertex 102.79 81.9001 0
      vertex 102.79 81.9001 2.8
    endloop
  endfacet
  facet normal 0 1 -0
    outer loop
      vertex 102.79 81.9001 0
      vertex 99.2103 81.9001 2.8
      vertex 102.79 81.9001 2.8
    endloop
  endfacet
  facet normal 0 1 0
    outer loop
      vertex 99.2103 81.9001 2.8
      vertex 102.79 81.9001 0
      vertex 99.2103 81.9001 0
    endloop
  endfacet
  facet normal -0.981113 -0.193434 0
    outer loop
      vertex 102.685 85.2219 2.8
      vertex 102.642 85.44 5
      vertex 102.642 85.44 2.8
    endloop
  endfacet
  facet normal -0.981113 -0.193434 0
    outer loop
      vertex 102.642 85.44 5
      vertex 102.685 85.2219 2.8
      vertex 102.685 85.2219 5
    endloop
  endfacet
  facet normal -0.997723 -0.0674441 0
    outer loop
      vertex 102.7 85 2.8
      vertex 102.685 85.2219 5
      vertex 102.685 85.2219 2.8
    endloop
  endfacet
  facet normal -0.997723 -0.0674441 0
    outer loop
      vertex 102.685 85.2219 5
      vertex 102.7 85 2.8
      vertex 102.7 85 5
    endloop
  endfacet
  facet normal 0.443245 -0.8964 0
    outer loop
      vertex 100.15 86.4722 2.8
      vertex 100.349 86.5706 5
      vertex 100.15 86.4722 5
    endloop
  endfacet
  facet normal 0.443245 -0.8964 0
    outer loop
      vertex 100.349 86.5706 5
      vertex 100.15 86.4722 2.8
      vertex 100.349 86.5706 2.8
    endloop
  endfacet
  facet normal -0.555219 -0.831704 0
    outer loop
      vertex 101.85 86.4722 2.8
      vertex 102.035 86.3487 5
      vertex 101.85 86.4722 5
    endloop
  endfacet
  facet normal -0.555219 -0.831704 -0
    outer loop
      vertex 102.035 86.3487 5
      vertex 101.85 86.4722 2.8
      vertex 102.035 86.3487 2.8
    endloop
  endfacet
  facet normal 0.659268 -0.751908 0
    outer loop
      vertex 99.7979 86.2021 2.8
      vertex 99.9651 86.3487 5
      vertex 99.7979 86.2021 5
    endloop
  endfacet
  facet normal 0.659268 -0.751908 0
    outer loop
      vertex 99.9651 86.3487 5
      vertex 99.7979 86.2021 2.8
      vertex 99.9651 86.3487 2.8
    endloop
  endfacet
  facet normal -0.320937 0.947101 0
    outer loop
      vertex 101.651 83.4294 2.8
      vertex 101.44 83.3579 5
      vertex 101.651 83.4294 5
    endloop
  endfacet
  facet normal -0.320937 0.947101 0
    outer loop
      vertex 101.44 83.3579 5
      vertex 101.651 83.4294 2.8
      vertex 101.44 83.3579 2.8
    endloop
  endfacet
  facet normal -0.947598 0.319466 0
    outer loop
      vertex 102.571 84.3494 2.8
      vertex 102.642 84.56 5
      vertex 102.642 84.56 2.8
    endloop
  endfacet
  facet normal -0.947598 0.319466 0
    outer loop
      vertex 102.642 84.56 5
      vertex 102.571 84.3494 2.8
      vertex 102.571 84.3494 5
    endloop
  endfacet
  facet normal -0.320937 -0.947101 0
    outer loop
      vertex 101.44 86.6421 2.8
      vertex 101.651 86.5706 5
      vertex 101.44 86.6421 5
    endloop
  endfacet
  facet normal -0.320937 -0.947101 -0
    outer loop
      vertex 101.651 86.5706 5
      vertex 101.44 86.6421 2.8
      vertex 101.651 86.5706 2.8
    endloop
  endfacet
  facet normal 0.555426 -0.831566 0
    outer loop
      vertex 99.9651 86.3487 2.8
      vertex 100.15 86.4722 5
      vertex 99.9651 86.3487 5
    endloop
  endfacet
  facet normal 0.555426 -0.831566 0
    outer loop
      vertex 100.15 86.4722 5
      vertex 99.9651 86.3487 2.8
      vertex 100.15 86.4722 2.8
    endloop
  endfacet
  facet normal -0.895681 0.444696 0
    outer loop
      vertex 102.472 84.15 2.8
      vertex 102.571 84.3494 5
      vertex 102.571 84.3494 2.8
    endloop
  endfacet
  facet normal -0.895681 0.444696 0
    outer loop
      vertex 102.571 84.3494 5
      vertex 102.472 84.15 2.8
      vertex 102.472 84.15 5
    endloop
  endfacet
  facet normal -0.659714 -0.751516 0
    outer loop
      vertex 102.035 86.3487 2.8
      vertex 102.202 86.2021 5
      vertex 102.035 86.3487 5
    endloop
  endfacet
  facet normal -0.659714 -0.751516 -0
    outer loop
      vertex 102.202 86.2021 5
      vertex 102.035 86.3487 2.8
      vertex 102.202 86.2021 2.8
    endloop
  endfacet
  facet normal -0.555219 0.831704 0
    outer loop
      vertex 102.035 83.6513 2.8
      vertex 101.85 83.5278 5
      vertex 102.035 83.6513 5
    endloop
  endfacet
  facet normal -0.555219 0.831704 0
    outer loop
      vertex 101.85 83.5278 5
      vertex 102.035 83.6513 2.8
      vertex 101.85 83.5278 2.8
    endloop
  endfacet
  facet normal -0.443245 -0.8964 0
    outer loop
      vertex 101.651 86.5706 2.8
      vertex 101.85 86.4722 5
      vertex 101.651 86.5706 5
    endloop
  endfacet
  facet normal -0.443245 -0.8964 -0
    outer loop
      vertex 101.85 86.4722 5
      vertex 101.651 86.5706 2.8
      vertex 101.85 86.4722 2.8
    endloop
  endfacet
  facet normal 0.997872 -0.0652057 0
    outer loop
      vertex 99.3 85 5
      vertex 99.3145 85.2219 2.8
      vertex 99.3145 85.2219 5
    endloop
  endfacet
  facet normal 0.997872 -0.0652057 0
    outer loop
      vertex 99.3145 85.2219 2.8
      vertex 99.3 85 5
      vertex 99.3 85 2.8
    endloop
  endfacet
  facet normal 0.659268 0.751908 -0
    outer loop
      vertex 99.9651 83.6513 2.8
      vertex 99.7979 83.7979 5
      vertex 99.9651 83.6513 5
    endloop
  endfacet
  facet normal 0.659268 0.751908 0
    outer loop
      vertex 99.7979 83.7979 5
      vertex 99.9651 83.6513 2.8
      vertex 99.7979 83.7979 2.8
    endloop
  endfacet
  facet normal 0.751908 0.659268 0
    outer loop
      vertex 99.7979 83.7979 5
      vertex 99.6513 83.9651 2.8
      vertex 99.6513 83.9651 5
    endloop
  endfacet
  facet normal 0.751908 0.659268 0
    outer loop
      vertex 99.6513 83.9651 2.8
      vertex 99.7979 83.7979 5
      vertex 99.7979 83.7979 2.8
    endloop
  endfacet
  facet normal 0.831566 0.555426 0
    outer loop
      vertex 99.6513 83.9651 5
      vertex 99.5278 84.15 2.8
      vertex 99.5278 84.15 5
    endloop
  endfacet
  facet normal 0.831566 0.555426 0
    outer loop
      vertex 99.5278 84.15 2.8
      vertex 99.6513 83.9651 5
      vertex 99.6513 83.9651 2.8
    endloop
  endfacet
  facet normal -0.832604 -0.553869 0
    outer loop
      vertex 102.472 85.85 2.8
      vertex 102.349 86.0349 5
      vertex 102.349 86.0349 2.8
    endloop
  endfacet
  facet normal -0.832604 -0.553869 0
    outer loop
      vertex 102.349 86.0349 5
      vertex 102.472 85.85 2.8
      vertex 102.472 85.85 5
    endloop
  endfacet
  facet normal -0.195251 0.980753 0
    outer loop
      vertex 101.44 83.3579 2.8
      vertex 101.222 83.3145 5
      vertex 101.44 83.3579 5
    endloop
  endfacet
  facet normal -0.195251 0.980753 0
    outer loop
      vertex 101.222 83.3145 5
      vertex 101.44 83.3579 2.8
      vertex 101.222 83.3145 2.8
    endloop
  endfacet
  facet normal -0.981113 0.193434 0
    outer loop
      vertex 102.642 84.56 2.8
      vertex 102.685 84.7781 5
      vertex 102.685 84.7781 2.8
    endloop
  endfacet
  facet normal -0.981113 0.193434 0
    outer loop
      vertex 102.685 84.7781 5
      vertex 102.642 84.56 2.8
      vertex 102.642 84.56 5
    endloop
  endfacet
  facet normal 0.946915 0.321484 0
    outer loop
      vertex 99.4294 84.3494 5
      vertex 99.3579 84.56 2.8
      vertex 99.3579 84.56 5
    endloop
  endfacet
  facet normal 0.946915 0.321484 0
    outer loop
      vertex 99.3579 84.56 2.8
      vertex 99.4294 84.3494 5
      vertex 99.4294 84.3494 2.8
    endloop
  endfacet
  facet normal -0.443245 0.8964 0
    outer loop
      vertex 101.85 83.5278 2.8
      vertex 101.651 83.4294 5
      vertex 101.85 83.5278 5
    endloop
  endfacet
  facet normal -0.443245 0.8964 0
    outer loop
      vertex 101.651 83.4294 5
      vertex 101.85 83.5278 2.8
      vertex 101.651 83.4294 2.8
    endloop
  endfacet
  facet normal -0.0651764 -0.997874 0
    outer loop
      vertex 101 86.7 2.8
      vertex 101.222 86.6855 5
      vertex 101 86.7 5
    endloop
  endfacet
  facet normal -0.0651764 -0.997874 -0
    outer loop
      vertex 101.222 86.6855 5
      vertex 101 86.7 2.8
      vertex 101.222 86.6855 2.8
    endloop
  endfacet
  facet normal 0.320937 -0.947101 0
    outer loop
      vertex 100.349 86.5706 2.8
      vertex 100.56 86.6421 5
      vertex 100.349 86.5706 5
    endloop
  endfacet
  facet normal 0.320937 -0.947101 0
    outer loop
      vertex 100.56 86.6421 5
      vertex 100.349 86.5706 2.8
      vertex 100.56 86.6421 2.8
    endloop
  endfacet
  facet normal 0.195251 -0.980753 0
    outer loop
      vertex 100.56 86.6421 2.8
      vertex 100.778 86.6855 5
      vertex 100.56 86.6421 5
    endloop
  endfacet
  facet normal 0.195251 -0.980753 0
    outer loop
      vertex 100.778 86.6855 5
      vertex 100.56 86.6421 2.8
      vertex 100.778 86.6855 2.8
    endloop
  endfacet
  facet normal -0.895681 -0.444696 0
    outer loop
      vertex 102.571 85.6506 2.8
      vertex 102.472 85.85 5
      vertex 102.472 85.85 2.8
    endloop
  endfacet
  facet normal -0.895681 -0.444696 0
    outer loop
      vertex 102.472 85.85 5
      vertex 102.571 85.6506 2.8
      vertex 102.571 85.6506 5
    endloop
  endfacet
  facet normal -0.997723 0.0674441 0
    outer loop
      vertex 102.685 84.7781 2.8
      vertex 102.7 85 5
      vertex 102.7 85 2.8
    endloop
  endfacet
  facet normal -0.997723 0.0674441 0
    outer loop
      vertex 102.7 85 5
      vertex 102.685 84.7781 2.8
      vertex 102.685 84.7781 5
    endloop
  endfacet
  facet normal -0.0651764 0.997874 0
    outer loop
      vertex 101.222 83.3145 2.8
      vertex 101 83.3 5
      vertex 101.222 83.3145 5
    endloop
  endfacet
  facet normal -0.0651764 0.997874 0
    outer loop
      vertex 101 83.3 5
      vertex 101.222 83.3145 2.8
      vertex 101 83.3 2.8
    endloop
  endfacet
  facet normal -0.751016 -0.660284 0
    outer loop
      vertex 102.349 86.0349 2.8
      vertex 102.202 86.2021 5
      vertex 102.202 86.2021 2.8
    endloop
  endfacet
  facet normal -0.751016 -0.660284 0
    outer loop
      vertex 102.202 86.2021 5
      vertex 102.349 86.0349 2.8
      vertex 102.349 86.0349 5
    endloop
  endfacet
  facet normal 0.997872 0.0652057 0
    outer loop
      vertex 99.3145 84.7781 5
      vertex 99.3 85 2.8
      vertex 99.3 85 5
    endloop
  endfacet
  facet normal 0.997872 0.0652057 0
    outer loop
      vertex 99.3 85 2.8
      vertex 99.3145 84.7781 5
      vertex 99.3145 84.7781 2.8
    endloop
  endfacet
  facet normal -0.751016 0.660284 0
    outer loop
      vertex 102.202 83.7979 2.8
      vertex 102.349 83.9651 5
      vertex 102.349 83.9651 2.8
    endloop
  endfacet
  facet normal -0.751016 0.660284 0
    outer loop
      vertex 102.349 83.9651 5
      vertex 102.202 83.7979 2.8
      vertex 102.202 83.7979 5
    endloop
  endfacet
  facet normal 0.751908 -0.659268 0
    outer loop
      vertex 99.6513 86.0349 5
      vertex 99.7979 86.2021 2.8
      vertex 99.7979 86.2021 5
    endloop
  endfacet
  facet normal 0.751908 -0.659268 0
    outer loop
      vertex 99.7979 86.2021 2.8
      vertex 99.6513 86.0349 5
      vertex 99.6513 86.0349 2.8
    endloop
  endfacet
  facet normal 0.831566 -0.555426 0
    outer loop
      vertex 99.5278 85.85 5
      vertex 99.6513 86.0349 2.8
      vertex 99.6513 86.0349 5
    endloop
  endfacet
  facet normal 0.831566 -0.555426 0
    outer loop
      vertex 99.6513 86.0349 2.8
      vertex 99.5278 85.85 5
      vertex 99.5278 85.85 2.8
    endloop
  endfacet
  facet normal 0.0651764 -0.997874 0
    outer loop
      vertex 100.778 86.6855 2.8
      vertex 101 86.7 5
      vertex 100.778 86.6855 5
    endloop
  endfacet
  facet normal 0.0651764 -0.997874 0
    outer loop
      vertex 101 86.7 5
      vertex 100.778 86.6855 2.8
      vertex 101 86.7 2.8
    endloop
  endfacet
  facet normal 0.98077 0.195165 0
    outer loop
      vertex 99.3579 84.56 5
      vertex 99.3145 84.7781 2.8
      vertex 99.3145 84.7781 5
    endloop
  endfacet
  facet normal 0.98077 0.195165 0
    outer loop
      vertex 99.3145 84.7781 2.8
      vertex 99.3579 84.56 5
      vertex 99.3579 84.56 2.8
    endloop
  endfacet
  facet normal 0.320937 0.947101 -0
    outer loop
      vertex 100.56 83.3579 2.8
      vertex 100.349 83.4294 5
      vertex 100.56 83.3579 5
    endloop
  endfacet
  facet normal 0.320937 0.947101 0
    outer loop
      vertex 100.349 83.4294 5
      vertex 100.56 83.3579 2.8
      vertex 100.349 83.4294 2.8
    endloop
  endfacet
  facet normal -0.947598 -0.319466 0
    outer loop
      vertex 102.642 85.44 2.8
      vertex 102.571 85.6506 5
      vertex 102.571 85.6506 2.8
    endloop
  endfacet
  facet normal -0.947598 -0.319466 0
    outer loop
      vertex 102.571 85.6506 5
      vertex 102.642 85.44 2.8
      vertex 102.642 85.44 5
    endloop
  endfacet
  facet normal 0.443245 0.8964 -0
    outer loop
      vertex 100.349 83.4294 2.8
      vertex 100.15 83.5278 5
      vertex 100.349 83.4294 5
    endloop
  endfacet
  facet normal 0.443245 0.8964 0
    outer loop
      vertex 100.15 83.5278 5
      vertex 100.349 83.4294 2.8
      vertex 100.15 83.5278 2.8
    endloop
  endfacet
  facet normal -0.832604 0.553869 0
    outer loop
      vertex 102.349 83.9651 2.8
      vertex 102.472 84.15 5
      vertex 102.472 84.15 2.8
    endloop
  endfacet
  facet normal -0.832604 0.553869 0
    outer loop
      vertex 102.472 84.15 5
      vertex 102.349 83.9651 2.8
      vertex 102.349 83.9651 5
    endloop
  endfacet
  facet normal 0.555426 0.831566 -0
    outer loop
      vertex 100.15 83.5278 2.8
      vertex 99.9651 83.6513 5
      vertex 100.15 83.5278 5
    endloop
  endfacet
  facet normal 0.555426 0.831566 0
    outer loop
      vertex 99.9651 83.6513 5
      vertex 100.15 83.5278 2.8
      vertex 99.9651 83.6513 2.8
    endloop
  endfacet
  facet normal 0.0651764 0.997874 -0
    outer loop
      vertex 101 83.3 2.8
      vertex 100.778 83.3145 5
      vertex 101 83.3 5
    endloop
  endfacet
  facet normal 0.0651764 0.997874 0
    outer loop
      vertex 100.778 83.3145 5
      vertex 101 83.3 2.8
      vertex 100.778 83.3145 2.8
    endloop
  endfacet
  facet normal 0.195251 0.980753 -0
    outer loop
      vertex 100.778 83.3145 2.8
      vertex 100.56 83.3579 5
      vertex 100.778 83.3145 5
    endloop
  endfacet
  facet normal 0.195251 0.980753 0
    outer loop
      vertex 100.56 83.3579 5
      vertex 100.778 83.3145 2.8
      vertex 100.56 83.3579 2.8
    endloop
  endfacet
  facet normal 0.896754 -0.44253 0
    outer loop
      vertex 99.4294 85.6506 5
      vertex 99.5278 85.85 2.8
      vertex 99.5278 85.85 5
    endloop
  endfacet
  facet normal 0.896754 -0.44253 0
    outer loop
      vertex 99.5278 85.85 2.8
      vertex 99.4294 85.6506 5
      vertex 99.4294 85.6506 2.8
    endloop
  endfacet
  facet normal 0.896754 0.44253 0
    outer loop
      vertex 99.5278 84.15 5
      vertex 99.4294 84.3494 2.8
      vertex 99.4294 84.3494 5
    endloop
  endfacet
  facet normal 0.896754 0.44253 0
    outer loop
      vertex 99.4294 84.3494 2.8
      vertex 99.5278 84.15 5
      vertex 99.5278 84.15 2.8
    endloop
  endfacet
  facet normal 0.98077 -0.195165 0
    outer loop
      vertex 99.3145 85.2219 5
      vertex 99.3579 85.44 2.8
      vertex 99.3579 85.44 5
    endloop
  endfacet
  facet normal 0.98077 -0.195165 0
    outer loop
      vertex 99.3579 85.44 2.8
      vertex 99.3145 85.2219 5
      vertex 99.3145 85.2219 2.8
    endloop
  endfacet
  facet normal 0.946915 -0.321484 0
    outer loop
      vertex 99.3579 85.44 5
      vertex 99.4294 85.6506 2.8
      vertex 99.4294 85.6506 5
    endloop
  endfacet
  facet normal 0.946915 -0.321484 0
    outer loop
      vertex 99.4294 85.6506 2.8
      vertex 99.3579 85.44 5
      vertex 99.3579 85.44 2.8
    endloop
  endfacet
  facet normal -0.195251 -0.980753 0
    outer loop
      vertex 101.222 86.6855 2.8
      vertex 101.44 86.6421 5
      vertex 101.222 86.6855 5
    endloop
  endfacet
  facet normal -0.195251 -0.980753 -0
    outer loop
      vertex 101.44 86.6421 5
      vertex 101.222 86.6855 2.8
      vertex 101.44 86.6421 2.8
    endloop
  endfacet
  facet normal -0.659714 0.751516 0
    outer loop
      vertex 102.202 83.7979 2.8
      vertex 102.035 83.6513 5
      vertex 102.202 83.7979 5
    endloop
  endfacet
  facet normal -0.659714 0.751516 0
    outer loop
      vertex 102.035 83.6513 5
      vertex 102.202 83.7979 2.8
      vertex 102.035 83.6513 2.8
    endloop
  endfacet
  facet normal 0 -1 0
    outer loop
      vertex 119.21 14.0999 0
      vertex 122.79 14.0999 2.8
      vertex 119.21 14.0999 2.8
    endloop
  endfacet
  facet normal 0 -1 -0
    outer loop
      vertex 122.79 14.0999 2.8
      vertex 119.21 14.0999 0
      vertex 122.79 14.0999 0
    endloop
  endfacet
  facet normal -0.866113 -0.499847 0
    outer loop
      vertex 124.579 11 0
      vertex 122.79 14.0999 2.8
      vertex 122.79 14.0999 0
    endloop
  endfacet
  facet normal -0.866113 -0.499847 0
    outer loop
      vertex 122.79 14.0999 2.8
      vertex 124.579 11 0
      vertex 124.579 11 2.8
    endloop
  endfacet
  facet normal 0.866113 -0.499847 0
    outer loop
      vertex 117.421 11 2.8
      vertex 119.21 14.0999 0
      vertex 119.21 14.0999 2.8
    endloop
  endfacet
  facet normal 0.866113 -0.499847 0
    outer loop
      vertex 119.21 14.0999 0
      vertex 117.421 11 2.8
      vertex 117.421 11 0
    endloop
  endfacet
  facet normal 0.866116 0.499843 0
    outer loop
      vertex 119.21 7.90006 2.8
      vertex 117.421 11 0
      vertex 117.421 11 2.8
    endloop
  endfacet
  facet normal 0.866116 0.499843 0
    outer loop
      vertex 117.421 11 0
      vertex 119.21 7.90006 2.8
      vertex 119.21 7.90006 0
    endloop
  endfacet
  facet normal 0 0 -1
    outer loop
      vertex 122.472 10.15 2.8
      vertex 124.579 11 2.8
      vertex 122.79 7.90006 2.8
    endloop
  endfacet
  facet normal 0 0 -1
    outer loop
      vertex 122.685 11.2219 2.8
      vertex 124.579 11 2.8
      vertex 122.7 11 2.8
    endloop
  endfacet
  facet normal -0 0 -1
    outer loop
      vertex 124.579 11 2.8
      vertex 122.685 10.7781 2.8
      vertex 122.7 11 2.8
    endloop
  endfacet
  facet normal 0 0 -1
    outer loop
      vertex 124.579 11 2.8
      vertex 122.642 10.56 2.8
      vertex 122.685 10.7781 2.8
    endloop
  endfacet
  facet normal 0 0 -1
    outer loop
      vertex 124.579 11 2.8
      vertex 122.571 10.3494 2.8
      vertex 122.642 10.56 2.8
    endloop
  endfacet
  facet normal 0 0 -1
    outer loop
      vertex 124.579 11 2.8
      vertex 122.472 10.15 2.8
      vertex 122.571 10.3494 2.8
    endloop
  endfacet
  facet normal 0 0 -1
    outer loop
      vertex 122.79 7.90006 2.8
      vertex 122.349 9.96511 2.8
      vertex 122.472 10.15 2.8
    endloop
  endfacet
  facet normal 0 0 -1
    outer loop
      vertex 122.79 7.90006 2.8
      vertex 122.202 9.79792 2.8
      vertex 122.349 9.96511 2.8
    endloop
  endfacet
  facet normal 0 0 -1
    outer loop
      vertex 122.79 7.90006 2.8
      vertex 122.035 9.6513 2.8
      vertex 122.202 9.79792 2.8
    endloop
  endfacet
  facet normal 0 0 -1
    outer loop
      vertex 122.79 7.90006 2.8
      vertex 121.85 9.52776 2.8
      vertex 122.035 9.6513 2.8
    endloop
  endfacet
  facet normal 0 0 -1
    outer loop
      vertex 122.79 7.90006 2.8
      vertex 121.651 9.4294 2.8
      vertex 121.85 9.52776 2.8
    endloop
  endfacet
  facet normal 0 0 -1
    outer loop
      vertex 122.79 7.90006 2.8
      vertex 121.44 9.35793 2.8
      vertex 121.651 9.4294 2.8
    endloop
  endfacet
  facet normal 0 0 -1
    outer loop
      vertex 122.79 7.90006 2.8
      vertex 121.222 9.31454 2.8
      vertex 121.44 9.35793 2.8
    endloop
  endfacet
  facet normal 0 0 -1
    outer loop
      vertex 122.79 7.90006 2.8
      vertex 121 9.3 2.8
      vertex 121.222 9.31454 2.8
    endloop
  endfacet
  facet normal 0 0 -1
    outer loop
      vertex 119.21 7.90006 2.8
      vertex 121 9.3 2.8
      vertex 122.79 7.90006 2.8
    endloop
  endfacet
  facet normal -0 0 -1
    outer loop
      vertex 121 9.3 2.8
      vertex 119.21 7.90006 2.8
      vertex 120.778 9.31454 2.8
    endloop
  endfacet
  facet normal -0 0 -1
    outer loop
      vertex 120.778 9.31454 2.8
      vertex 119.21 7.90006 2.8
      vertex 120.56 9.35793 2.8
    endloop
  endfacet
  facet normal -0 0 -1
    outer loop
      vertex 120.56 9.35793 2.8
      vertex 119.21 7.90006 2.8
      vertex 120.349 9.4294 2.8
    endloop
  endfacet
  facet normal 0 0 -1
    outer loop
      vertex 119.358 10.56 2.8
      vertex 117.421 11 2.8
      vertex 119.315 10.7781 2.8
    endloop
  endfacet
  facet normal 0 0 -1
    outer loop
      vertex 119.429 10.3494 2.8
      vertex 117.421 11 2.8
      vertex 119.358 10.56 2.8
    endloop
  endfacet
  facet normal 0 0 -1
    outer loop
      vertex 119.528 10.15 2.8
      vertex 117.421 11 2.8
      vertex 119.429 10.3494 2.8
    endloop
  endfacet
  facet normal 0 0 -1
    outer loop
      vertex 117.421 11 2.8
      vertex 119.528 10.15 2.8
      vertex 119.21 7.90006 2.8
    endloop
  endfacet
  facet normal -0 0 -1
    outer loop
      vertex 119.651 9.96511 2.8
      vertex 119.21 7.90006 2.8
      vertex 119.528 10.15 2.8
    endloop
  endfacet
  facet normal -0 0 -1
    outer loop
      vertex 119.798 9.79792 2.8
      vertex 119.21 7.90006 2.8
      vertex 119.651 9.96511 2.8
    endloop
  endfacet
  facet normal -0 0 -1
    outer loop
      vertex 119.965 9.6513 2.8
      vertex 119.21 7.90006 2.8
      vertex 119.798 9.79792 2.8
    endloop
  endfacet
  facet normal -0 0 -1
    outer loop
      vertex 120.15 9.52776 2.8
      vertex 119.21 7.90006 2.8
      vertex 119.965 9.6513 2.8
    endloop
  endfacet
  facet normal -0 0 -1
    outer loop
      vertex 120.349 9.4294 2.8
      vertex 119.21 7.90006 2.8
      vertex 120.15 9.52776 2.8
    endloop
  endfacet
  facet normal 0 0 -1
    outer loop
      vertex 122.642 11.44 2.8
      vertex 124.579 11 2.8
      vertex 122.685 11.2219 2.8
    endloop
  endfacet
  facet normal 0 0 -1
    outer loop
      vertex 122.571 11.6506 2.8
      vertex 124.579 11 2.8
      vertex 122.642 11.44 2.8
    endloop
  endfacet
  facet normal 0 0 -1
    outer loop
      vertex 122.472 11.85 2.8
      vertex 124.579 11 2.8
      vertex 122.571 11.6506 2.8
    endloop
  endfacet
  facet normal 0 0 -1
    outer loop
      vertex 124.579 11 2.8
      vertex 122.472 11.85 2.8
      vertex 122.79 14.0999 2.8
    endloop
  endfacet
  facet normal 0 0 -1
    outer loop
      vertex 122.349 12.0349 2.8
      vertex 122.79 14.0999 2.8
      vertex 122.472 11.85 2.8
    endloop
  endfacet
  facet normal 0 0 -1
    outer loop
      vertex 122.202 12.2021 2.8
      vertex 122.79 14.0999 2.8
      vertex 122.349 12.0349 2.8
    endloop
  endfacet
  facet normal 0 0 -1
    outer loop
      vertex 122.035 12.3487 2.8
      vertex 122.79 14.0999 2.8
      vertex 122.202 12.2021 2.8
    endloop
  endfacet
  facet normal 0 0 -1
    outer loop
      vertex 121.85 12.4722 2.8
      vertex 122.79 14.0999 2.8
      vertex 122.035 12.3487 2.8
    endloop
  endfacet
  facet normal 0 0 -1
    outer loop
      vertex 121.651 12.5706 2.8
      vertex 122.79 14.0999 2.8
      vertex 121.85 12.4722 2.8
    endloop
  endfacet
  facet normal 0 0 -1
    outer loop
      vertex 121.44 12.6421 2.8
      vertex 122.79 14.0999 2.8
      vertex 121.651 12.5706 2.8
    endloop
  endfacet
  facet normal 0 0 -1
    outer loop
      vertex 121.222 12.6855 2.8
      vertex 122.79 14.0999 2.8
      vertex 121.44 12.6421 2.8
    endloop
  endfacet
  facet normal 0 0 -1
    outer loop
      vertex 121 12.7 2.8
      vertex 122.79 14.0999 2.8
      vertex 121.222 12.6855 2.8
    endloop
  endfacet
  facet normal 0 0 -1
    outer loop
      vertex 119.21 14.0999 2.8
      vertex 121 12.7 2.8
      vertex 120.778 12.6855 2.8
    endloop
  endfacet
  facet normal 0 0 -1
    outer loop
      vertex 119.21 14.0999 2.8
      vertex 120.778 12.6855 2.8
      vertex 120.56 12.6421 2.8
    endloop
  endfacet
  facet normal 0 0 -1
    outer loop
      vertex 119.21 14.0999 2.8
      vertex 120.56 12.6421 2.8
      vertex 120.349 12.5706 2.8
    endloop
  endfacet
  facet normal 0 0 -1
    outer loop
      vertex 119.21 14.0999 2.8
      vertex 120.349 12.5706 2.8
      vertex 120.15 12.4722 2.8
    endloop
  endfacet
  facet normal 0 0 -1
    outer loop
      vertex 121 12.7 2.8
      vertex 119.21 14.0999 2.8
      vertex 122.79 14.0999 2.8
    endloop
  endfacet
  facet normal 0 0 -1
    outer loop
      vertex 119.965 12.3487 2.8
      vertex 119.21 14.0999 2.8
      vertex 120.15 12.4722 2.8
    endloop
  endfacet
  facet normal 0 0 -1
    outer loop
      vertex 119.798 12.2021 2.8
      vertex 119.21 14.0999 2.8
      vertex 119.965 12.3487 2.8
    endloop
  endfacet
  facet normal 0 0 -1
    outer loop
      vertex 119.651 12.0349 2.8
      vertex 119.21 14.0999 2.8
      vertex 119.798 12.2021 2.8
    endloop
  endfacet
  facet normal 0 0 -1
    outer loop
      vertex 119.528 11.85 2.8
      vertex 119.21 14.0999 2.8
      vertex 119.651 12.0349 2.8
    endloop
  endfacet
  facet normal 0 0 -1
    outer loop
      vertex 117.421 11 2.8
      vertex 119.528 11.85 2.8
      vertex 119.429 11.6506 2.8
    endloop
  endfacet
  facet normal 0 0 -1
    outer loop
      vertex 117.421 11 2.8
      vertex 119.429 11.6506 2.8
      vertex 119.358 11.44 2.8
    endloop
  endfacet
  facet normal 0 0 -1
    outer loop
      vertex 117.421 11 2.8
      vertex 119.358 11.44 2.8
      vertex 119.315 11.2219 2.8
    endloop
  endfacet
  facet normal 0 0 -1
    outer loop
      vertex 117.421 11 2.8
      vertex 119.315 11.2219 2.8
      vertex 119.3 11 2.8
    endloop
  endfacet
  facet normal 0 0 -1
    outer loop
      vertex 119.315 10.7781 2.8
      vertex 117.421 11 2.8
      vertex 119.3 11 2.8
    endloop
  endfacet
  facet normal -0 0 -1
    outer loop
      vertex 119.528 11.85 2.8
      vertex 117.421 11 2.8
      vertex 119.21 14.0999 2.8
    endloop
  endfacet
  facet normal -0.866116 0.499843 0
    outer loop
      vertex 122.79 7.90006 0
      vertex 124.579 11 2.8
      vertex 124.579 11 0
    endloop
  endfacet
  facet normal -0.866116 0.499843 0
    outer loop
      vertex 124.579 11 2.8
      vertex 122.79 7.90006 0
      vertex 122.79 7.90006 2.8
    endloop
  endfacet
  facet normal 0 1 -0
    outer loop
      vertex 122.79 7.90006 0
      vertex 119.21 7.90006 2.8
      vertex 122.79 7.90006 2.8
    endloop
  endfacet
  facet normal 0 1 0
    outer loop
      vertex 119.21 7.90006 2.8
      vertex 122.79 7.90006 0
      vertex 119.21 7.90006 0
    endloop
  endfacet
  facet normal -0.981113 -0.193434 0
    outer loop
      vertex 122.685 11.2219 2.8
      vertex 122.642 11.44 5
      vertex 122.642 11.44 2.8
    endloop
  endfacet
  facet normal -0.981113 -0.193434 0
    outer loop
      vertex 122.642 11.44 5
      vertex 122.685 11.2219 2.8
      vertex 122.685 11.2219 5
    endloop
  endfacet
  facet normal -0.997723 -0.0674441 0
    outer loop
      vertex 122.7 11 2.8
      vertex 122.685 11.2219 5
      vertex 122.685 11.2219 2.8
    endloop
  endfacet
  facet normal -0.997723 -0.0674441 0
    outer loop
      vertex 122.685 11.2219 5
      vertex 122.7 11 2.8
      vertex 122.7 11 5
    endloop
  endfacet
  facet normal 0.443245 -0.8964 0
    outer loop
      vertex 120.15 12.4722 2.8
      vertex 120.349 12.5706 5
      vertex 120.15 12.4722 5
    endloop
  endfacet
  facet normal 0.443245 -0.8964 0
    outer loop
      vertex 120.349 12.5706 5
      vertex 120.15 12.4722 2.8
      vertex 120.349 12.5706 2.8
    endloop
  endfacet
  facet normal -0.555219 -0.831704 0
    outer loop
      vertex 121.85 12.4722 2.8
      vertex 122.035 12.3487 5
      vertex 121.85 12.4722 5
    endloop
  endfacet
  facet normal -0.555219 -0.831704 -0
    outer loop
      vertex 122.035 12.3487 5
      vertex 121.85 12.4722 2.8
      vertex 122.035 12.3487 2.8
    endloop
  endfacet
  facet normal 0.659714 -0.751516 0
    outer loop
      vertex 119.798 12.2021 2.8
      vertex 119.965 12.3487 5
      vertex 119.798 12.2021 5
    endloop
  endfacet
  facet normal 0.659714 -0.751516 0
    outer loop
      vertex 119.965 12.3487 5
      vertex 119.798 12.2021 2.8
      vertex 119.965 12.3487 2.8
    endloop
  endfacet
  facet normal -0.320816 0.947141 0
    outer loop
      vertex 121.651 9.4294 2.8
      vertex 121.44 9.35793 5
      vertex 121.651 9.4294 5
    endloop
  endfacet
  facet normal -0.320816 0.947141 0
    outer loop
      vertex 121.44 9.35793 5
      vertex 121.651 9.4294 2.8
      vertex 121.44 9.35793 2.8
    endloop
  endfacet
  facet normal -0.947598 0.319466 0
    outer loop
      vertex 122.571 10.3494 2.8
      vertex 122.642 10.56 5
      vertex 122.642 10.56 2.8
    endloop
  endfacet
  facet normal -0.947598 0.319466 0
    outer loop
      vertex 122.642 10.56 5
      vertex 122.571 10.3494 2.8
      vertex 122.571 10.3494 5
    endloop
  endfacet
  facet normal -0.320937 -0.947101 0
    outer loop
      vertex 121.44 12.6421 2.8
      vertex 121.651 12.5706 5
      vertex 121.44 12.6421 5
    endloop
  endfacet
  facet normal -0.320937 -0.947101 -0
    outer loop
      vertex 121.651 12.5706 5
      vertex 121.44 12.6421 2.8
      vertex 121.651 12.5706 2.8
    endloop
  endfacet
  facet normal 0.555219 -0.831704 0
    outer loop
      vertex 119.965 12.3487 2.8
      vertex 120.15 12.4722 5
      vertex 119.965 12.3487 5
    endloop
  endfacet
  facet normal 0.555219 -0.831704 0
    outer loop
      vertex 120.15 12.4722 5
      vertex 119.965 12.3487 2.8
      vertex 120.15 12.4722 2.8
    endloop
  endfacet
  facet normal -0.895681 0.444696 0
    outer loop
      vertex 122.472 10.15 2.8
      vertex 122.571 10.3494 5
      vertex 122.571 10.3494 2.8
    endloop
  endfacet
  facet normal -0.895681 0.444696 0
    outer loop
      vertex 122.571 10.3494 5
      vertex 122.472 10.15 2.8
      vertex 122.472 10.15 5
    endloop
  endfacet
  facet normal -0.659714 -0.751516 0
    outer loop
      vertex 122.035 12.3487 2.8
      vertex 122.202 12.2021 5
      vertex 122.035 12.3487 5
    endloop
  endfacet
  facet normal -0.659714 -0.751516 -0
    outer loop
      vertex 122.202 12.2021 5
      vertex 122.035 12.3487 2.8
      vertex 122.202 12.2021 2.8
    endloop
  endfacet
  facet normal -0.555343 0.831621 0
    outer loop
      vertex 122.035 9.6513 2.8
      vertex 121.85 9.52776 5
      vertex 122.035 9.6513 5
    endloop
  endfacet
  facet normal -0.555343 0.831621 0
    outer loop
      vertex 121.85 9.52776 5
      vertex 122.035 9.6513 2.8
      vertex 121.85 9.52776 2.8
    endloop
  endfacet
  facet normal -0.443245 -0.8964 0
    outer loop
      vertex 121.651 12.5706 2.8
      vertex 121.85 12.4722 5
      vertex 121.651 12.5706 5
    endloop
  endfacet
  facet normal -0.443245 -0.8964 -0
    outer loop
      vertex 121.85 12.4722 5
      vertex 121.651 12.5706 2.8
      vertex 121.85 12.4722 2.8
    endloop
  endfacet
  facet normal 0.659765 0.751472 -0
    outer loop
      vertex 119.965 9.6513 2.8
      vertex 119.798 9.79792 5
      vertex 119.965 9.6513 5
    endloop
  endfacet
  facet normal 0.659765 0.751472 0
    outer loop
      vertex 119.798 9.79792 5
      vertex 119.965 9.6513 2.8
      vertex 119.798 9.79792 2.8
    endloop
  endfacet
  facet normal 0.750997 0.660306 0
    outer loop
      vertex 119.798 9.79792 5
      vertex 119.651 9.96511 2.8
      vertex 119.651 9.96511 5
    endloop
  endfacet
  facet normal 0.750997 0.660306 0
    outer loop
      vertex 119.651 9.96511 2.8
      vertex 119.798 9.79792 5
      vertex 119.798 9.79792 2.8
    endloop
  endfacet
  facet normal 0.83259 0.553889 0
    outer loop
      vertex 119.651 9.96511 5
      vertex 119.528 10.15 2.8
      vertex 119.528 10.15 5
    endloop
  endfacet
  facet normal 0.83259 0.553889 0
    outer loop
      vertex 119.528 10.15 2.8
      vertex 119.651 9.96511 5
      vertex 119.651 9.96511 2.8
    endloop
  endfacet
  facet normal -0.832604 -0.553869 0
    outer loop
      vertex 122.472 11.85 2.8
      vertex 122.349 12.0349 5
      vertex 122.349 12.0349 2.8
    endloop
  endfacet
  facet normal -0.832604 -0.553869 0
    outer loop
      vertex 122.349 12.0349 5
      vertex 122.472 11.85 2.8
      vertex 122.472 11.85 5
    endloop
  endfacet
  facet normal -0.195208 0.980762 0
    outer loop
      vertex 121.44 9.35793 2.8
      vertex 121.222 9.31454 5
      vertex 121.44 9.35793 5
    endloop
  endfacet
  facet normal -0.195208 0.980762 0
    outer loop
      vertex 121.222 9.31454 5
      vertex 121.44 9.35793 2.8
      vertex 121.222 9.31454 2.8
    endloop
  endfacet
  facet normal -0.981113 0.193434 0
    outer loop
      vertex 122.642 10.56 2.8
      vertex 122.685 10.7781 5
      vertex 122.685 10.7781 2.8
    endloop
  endfacet
  facet normal -0.981113 0.193434 0
    outer loop
      vertex 122.685 10.7781 5
      vertex 122.642 10.56 2.8
      vertex 122.642 10.56 5
    endloop
  endfacet
  facet normal 0.947598 0.319466 0
    outer loop
      vertex 119.429 10.3494 5
      vertex 119.358 10.56 2.8
      vertex 119.358 10.56 5
    endloop
  endfacet
  facet normal 0.947598 0.319466 0
    outer loop
      vertex 119.358 10.56 2.8
      vertex 119.429 10.3494 5
      vertex 119.429 10.3494 2.8
    endloop
  endfacet
  facet normal -0.4431 0.896472 0
    outer loop
      vertex 121.85 9.52776 2.8
      vertex 121.651 9.4294 5
      vertex 121.85 9.52776 5
    endloop
  endfacet
  facet normal -0.4431 0.896472 0
    outer loop
      vertex 121.651 9.4294 5
      vertex 121.85 9.52776 2.8
      vertex 121.651 9.4294 2.8
    endloop
  endfacet
  facet normal -0.0651764 -0.997874 0
    outer loop
      vertex 121 12.7 2.8
      vertex 121.222 12.6855 5
      vertex 121 12.7 5
    endloop
  endfacet
  facet normal -0.0651764 -0.997874 -0
    outer loop
      vertex 121.222 12.6855 5
      vertex 121 12.7 2.8
      vertex 121.222 12.6855 2.8
    endloop
  endfacet
  facet normal 0.320937 -0.947101 0
    outer loop
      vertex 120.349 12.5706 2.8
      vertex 120.56 12.6421 5
      vertex 120.349 12.5706 5
    endloop
  endfacet
  facet normal 0.320937 -0.947101 0
    outer loop
      vertex 120.56 12.6421 5
      vertex 120.349 12.5706 2.8
      vertex 120.56 12.6421 2.8
    endloop
  endfacet
  facet normal 0.195251 -0.980753 0
    outer loop
      vertex 120.56 12.6421 2.8
      vertex 120.778 12.6855 5
      vertex 120.56 12.6421 5
    endloop
  endfacet
  facet normal 0.195251 -0.980753 0
    outer loop
      vertex 120.778 12.6855 5
      vertex 120.56 12.6421 2.8
      vertex 120.778 12.6855 2.8
    endloop
  endfacet
  facet normal -0.895681 -0.444696 0
    outer loop
      vertex 122.571 11.6506 2.8
      vertex 122.472 11.85 5
      vertex 122.472 11.85 2.8
    endloop
  endfacet
  facet normal -0.895681 -0.444696 0
    outer loop
      vertex 122.472 11.85 5
      vertex 122.571 11.6506 2.8
      vertex 122.571 11.6506 5
    endloop
  endfacet
  facet normal -0.997723 0.0674441 0
    outer loop
      vertex 122.685 10.7781 2.8
      vertex 122.7 11 5
      vertex 122.7 11 2.8
    endloop
  endfacet
  facet normal -0.997723 0.0674441 0
    outer loop
      vertex 122.7 11 5
      vertex 122.685 10.7781 2.8
      vertex 122.685 10.7781 5
    endloop
  endfacet
  facet normal -0.0653555 0.997862 0
    outer loop
      vertex 121.222 9.31454 2.8
      vertex 121 9.3 5
      vertex 121.222 9.31454 5
    endloop
  endfacet
  facet normal -0.0653555 0.997862 0
    outer loop
      vertex 121 9.3 5
      vertex 121.222 9.31454 2.8
      vertex 121 9.3 2.8
    endloop
  endfacet
  facet normal -0.751016 -0.660284 0
    outer loop
      vertex 122.349 12.0349 2.8
      vertex 122.202 12.2021 5
      vertex 122.202 12.2021 2.8
    endloop
  endfacet
  facet normal -0.751016 -0.660284 0
    outer loop
      vertex 122.202 12.2021 5
      vertex 122.349 12.0349 2.8
      vertex 122.349 12.0349 5
    endloop
  endfacet
  facet normal 0.997723 0.0674441 0
    outer loop
      vertex 119.315 10.7781 5
      vertex 119.3 11 2.8
      vertex 119.3 11 5
    endloop
  endfacet
  facet normal 0.997723 0.0674441 0
    outer loop
      vertex 119.3 11 2.8
      vertex 119.315 10.7781 5
      vertex 119.315 10.7781 2.8
    endloop
  endfacet
  facet normal -0.750997 0.660306 0
    outer loop
      vertex 122.202 9.79792 2.8
      vertex 122.349 9.96511 5
      vertex 122.349 9.96511 2.8
    endloop
  endfacet
  facet normal -0.750997 0.660306 0
    outer loop
      vertex 122.349 9.96511 5
      vertex 122.202 9.79792 2.8
      vertex 122.202 9.79792 5
    endloop
  endfacet
  facet normal 0.751016 -0.660284 0
    outer loop
      vertex 119.651 12.0349 5
      vertex 119.798 12.2021 2.8
      vertex 119.798 12.2021 5
    endloop
  endfacet
  facet normal 0.751016 -0.660284 0
    outer loop
      vertex 119.798 12.2021 2.8
      vertex 119.651 12.0349 5
      vertex 119.651 12.0349 2.8
    endloop
  endfacet
  facet normal 0.832604 -0.553869 0
    outer loop
      vertex 119.528 11.85 5
      vertex 119.651 12.0349 2.8
      vertex 119.651 12.0349 5
    endloop
  endfacet
  facet normal 0.832604 -0.553869 0
    outer loop
      vertex 119.651 12.0349 2.8
      vertex 119.528 11.85 5
      vertex 119.528 11.85 2.8
    endloop
  endfacet
  facet normal 0.0651764 -0.997874 0
    outer loop
      vertex 120.778 12.6855 2.8
      vertex 121 12.7 5
      vertex 120.778 12.6855 5
    endloop
  endfacet
  facet normal 0.0651764 -0.997874 0
    outer loop
      vertex 121 12.7 5
      vertex 120.778 12.6855 2.8
      vertex 121 12.7 2.8
    endloop
  endfacet
  facet normal 0.981113 0.193434 0
    outer loop
      vertex 119.358 10.56 5
      vertex 119.315 10.7781 2.8
      vertex 119.315 10.7781 5
    endloop
  endfacet
  facet normal 0.981113 0.193434 0
    outer loop
      vertex 119.315 10.7781 2.8
      vertex 119.358 10.56 5
      vertex 119.358 10.56 2.8
    endloop
  endfacet
  facet normal 0.320816 0.947141 -0
    outer loop
      vertex 120.56 9.35793 2.8
      vertex 120.349 9.4294 5
      vertex 120.56 9.35793 5
    endloop
  endfacet
  facet normal 0.320816 0.947141 0
    outer loop
      vertex 120.349 9.4294 5
      vertex 120.56 9.35793 2.8
      vertex 120.349 9.4294 2.8
    endloop
  endfacet
  facet normal -0.947598 -0.319466 0
    outer loop
      vertex 122.642 11.44 2.8
      vertex 122.571 11.6506 5
      vertex 122.571 11.6506 2.8
    endloop
  endfacet
  facet normal -0.947598 -0.319466 0
    outer loop
      vertex 122.571 11.6506 5
      vertex 122.642 11.44 2.8
      vertex 122.642 11.44 5
    endloop
  endfacet
  facet normal 0.4431 0.896472 -0
    outer loop
      vertex 120.349 9.4294 2.8
      vertex 120.15 9.52776 5
      vertex 120.349 9.4294 5
    endloop
  endfacet
  facet normal 0.4431 0.896472 0
    outer loop
      vertex 120.15 9.52776 5
      vertex 120.349 9.4294 2.8
      vertex 120.15 9.52776 2.8
    endloop
  endfacet
  facet normal -0.83259 0.553889 0
    outer loop
      vertex 122.349 9.96511 2.8
      vertex 122.472 10.15 5
      vertex 122.472 10.15 2.8
    endloop
  endfacet
  facet normal -0.83259 0.553889 0
    outer loop
      vertex 122.472 10.15 5
      vertex 122.349 9.96511 2.8
      vertex 122.349 9.96511 5
    endloop
  endfacet
  facet normal 0.555343 0.831621 -0
    outer loop
      vertex 120.15 9.52776 2.8
      vertex 119.965 9.6513 5
      vertex 120.15 9.52776 5
    endloop
  endfacet
  facet normal 0.555343 0.831621 0
    outer loop
      vertex 119.965 9.6513 5
      vertex 120.15 9.52776 2.8
      vertex 119.965 9.6513 2.8
    endloop
  endfacet
  facet normal 0.195208 0.980762 -0
    outer loop
      vertex 120.778 9.31454 2.8
      vertex 120.56 9.35793 5
      vertex 120.778 9.31454 5
    endloop
  endfacet
  facet normal 0.195208 0.980762 0
    outer loop
      vertex 120.56 9.35793 5
      vertex 120.778 9.31454 2.8
      vertex 120.56 9.35793 2.8
    endloop
  endfacet
  facet normal 0.895681 -0.444696 0
    outer loop
      vertex 119.429 11.6506 5
      vertex 119.528 11.85 2.8
      vertex 119.528 11.85 5
    endloop
  endfacet
  facet normal 0.895681 -0.444696 0
    outer loop
      vertex 119.528 11.85 2.8
      vertex 119.429 11.6506 5
      vertex 119.429 11.6506 2.8
    endloop
  endfacet
  facet normal 0.0653555 0.997862 -0
    outer loop
      vertex 121 9.3 2.8
      vertex 120.778 9.31454 5
      vertex 121 9.3 5
    endloop
  endfacet
  facet normal 0.0653555 0.997862 0
    outer loop
      vertex 120.778 9.31454 5
      vertex 121 9.3 2.8
      vertex 120.778 9.31454 2.8
    endloop
  endfacet
  facet normal 0.895681 0.444696 0
    outer loop
      vertex 119.528 10.15 5
      vertex 119.429 10.3494 2.8
      vertex 119.429 10.3494 5
    endloop
  endfacet
  facet normal 0.895681 0.444696 0
    outer loop
      vertex 119.429 10.3494 2.8
      vertex 119.528 10.15 5
      vertex 119.528 10.15 2.8
    endloop
  endfacet
  facet normal 0.997723 -0.0674441 0
    outer loop
      vertex 119.3 11 5
      vertex 119.315 11.2219 2.8
      vertex 119.315 11.2219 5
    endloop
  endfacet
  facet normal 0.997723 -0.0674441 0
    outer loop
      vertex 119.315 11.2219 2.8
      vertex 119.3 11 5
      vertex 119.3 11 2.8
    endloop
  endfacet
  facet normal 0.981113 -0.193434 0
    outer loop
      vertex 119.315 11.2219 5
      vertex 119.358 11.44 2.8
      vertex 119.358 11.44 5
    endloop
  endfacet
  facet normal 0.981113 -0.193434 0
    outer loop
      vertex 119.358 11.44 2.8
      vertex 119.315 11.2219 5
      vertex 119.315 11.2219 2.8
    endloop
  endfacet
  facet normal 0.947598 -0.319466 0
    outer loop
      vertex 119.358 11.44 5
      vertex 119.429 11.6506 2.8
      vertex 119.429 11.6506 5
    endloop
  endfacet
  facet normal 0.947598 -0.319466 0
    outer loop
      vertex 119.429 11.6506 2.8
      vertex 119.358 11.44 5
      vertex 119.358 11.44 2.8
    endloop
  endfacet
  facet normal -0.195251 -0.980753 0
    outer loop
      vertex 121.222 12.6855 2.8
      vertex 121.44 12.6421 5
      vertex 121.222 12.6855 5
    endloop
  endfacet
  facet normal -0.195251 -0.980753 -0
    outer loop
      vertex 121.44 12.6421 5
      vertex 121.222 12.6855 2.8
      vertex 121.44 12.6421 2.8
    endloop
  endfacet
  facet normal -0.659765 0.751472 0
    outer loop
      vertex 122.202 9.79792 2.8
      vertex 122.035 9.6513 5
      vertex 122.202 9.79792 5
    endloop
  endfacet
  facet normal -0.659765 0.751472 0
    outer loop
      vertex 122.035 9.6513 5
      vertex 122.202 9.79792 2.8
      vertex 122.035 9.6513 2.8
    endloop
  endfacet
  facet normal 0 -1 0
    outer loop
      vertex 150.71 27.0999 0
      vertex 154.29 27.0999 2.8
      vertex 150.71 27.0999 2.8
    endloop
  endfacet
  facet normal 0 -1 -0
    outer loop
      vertex 154.29 27.0999 2.8
      vertex 150.71 27.0999 0
      vertex 154.29 27.0999 0
    endloop
  endfacet
  facet normal -0.866113 -0.499847 0
    outer loop
      vertex 156.079 24 0
      vertex 154.29 27.0999 2.8
      vertex 154.29 27.0999 0
    endloop
  endfacet
  facet normal -0.866113 -0.499847 0
    outer loop
      vertex 154.29 27.0999 2.8
      vertex 156.079 24 0
      vertex 156.079 24 2.8
    endloop
  endfacet
  facet normal 0.866113 -0.499847 0
    outer loop
      vertex 148.921 24 2.8
      vertex 150.71 27.0999 0
      vertex 150.71 27.0999 2.8
    endloop
  endfacet
  facet normal 0.866113 -0.499847 0
    outer loop
      vertex 150.71 27.0999 0
      vertex 148.921 24 2.8
      vertex 148.921 24 0
    endloop
  endfacet
  facet normal 0.866113 0.499847 0
    outer loop
      vertex 150.71 20.9001 2.8
      vertex 148.921 24 0
      vertex 148.921 24 2.8
    endloop
  endfacet
  facet normal 0.866113 0.499847 0
    outer loop
      vertex 148.921 24 0
      vertex 150.71 20.9001 2.8
      vertex 150.71 20.9001 0
    endloop
  endfacet
  facet normal 0 0 -1
    outer loop
      vertex 153.972 23.15 2.8
      vertex 156.079 24 2.8
      vertex 154.29 20.9001 2.8
    endloop
  endfacet
  facet normal 0 0 -1
    outer loop
      vertex 154.185 24.2219 2.8
      vertex 156.079 24 2.8
      vertex 154.2 24 2.8
    endloop
  endfacet
  facet normal -0 0 -1
    outer loop
      vertex 156.079 24 2.8
      vertex 154.185 23.7781 2.8
      vertex 154.2 24 2.8
    endloop
  endfacet
  facet normal 0 0 -1
    outer loop
      vertex 156.079 24 2.8
      vertex 154.142 23.56 2.8
      vertex 154.185 23.7781 2.8
    endloop
  endfacet
  facet normal 0 0 -1
    outer loop
      vertex 156.079 24 2.8
      vertex 154.071 23.3494 2.8
      vertex 154.142 23.56 2.8
    endloop
  endfacet
  facet normal 0 0 -1
    outer loop
      vertex 156.079 24 2.8
      vertex 153.972 23.15 2.8
      vertex 154.071 23.3494 2.8
    endloop
  endfacet
  facet normal 0 0 -1
    outer loop
      vertex 154.29 20.9001 2.8
      vertex 153.849 22.9651 2.8
      vertex 153.972 23.15 2.8
    endloop
  endfacet
  facet normal 0 0 -1
    outer loop
      vertex 154.29 20.9001 2.8
      vertex 153.702 22.7979 2.8
      vertex 153.849 22.9651 2.8
    endloop
  endfacet
  facet normal 0 0 -1
    outer loop
      vertex 154.29 20.9001 2.8
      vertex 153.535 22.6513 2.8
      vertex 153.702 22.7979 2.8
    endloop
  endfacet
  facet normal 0 0 -1
    outer loop
      vertex 154.29 20.9001 2.8
      vertex 153.35 22.5278 2.8
      vertex 153.535 22.6513 2.8
    endloop
  endfacet
  facet normal 0 0 -1
    outer loop
      vertex 154.29 20.9001 2.8
      vertex 153.151 22.4294 2.8
      vertex 153.35 22.5278 2.8
    endloop
  endfacet
  facet normal 0 0 -1
    outer loop
      vertex 154.29 20.9001 2.8
      vertex 152.94 22.3579 2.8
      vertex 153.151 22.4294 2.8
    endloop
  endfacet
  facet normal 0 0 -1
    outer loop
      vertex 154.29 20.9001 2.8
      vertex 152.722 22.3145 2.8
      vertex 152.94 22.3579 2.8
    endloop
  endfacet
  facet normal 0 0 -1
    outer loop
      vertex 154.29 20.9001 2.8
      vertex 152.5 22.3 2.8
      vertex 152.722 22.3145 2.8
    endloop
  endfacet
  facet normal 0 0 -1
    outer loop
      vertex 150.71 20.9001 2.8
      vertex 152.5 22.3 2.8
      vertex 154.29 20.9001 2.8
    endloop
  endfacet
  facet normal -0 0 -1
    outer loop
      vertex 152.5 22.3 2.8
      vertex 150.71 20.9001 2.8
      vertex 152.278 22.3145 2.8
    endloop
  endfacet
  facet normal -0 0 -1
    outer loop
      vertex 152.278 22.3145 2.8
      vertex 150.71 20.9001 2.8
      vertex 152.06 22.3579 2.8
    endloop
  endfacet
  facet normal -0 0 -1
    outer loop
      vertex 152.06 22.3579 2.8
      vertex 150.71 20.9001 2.8
      vertex 151.849 22.4294 2.8
    endloop
  endfacet
  facet normal 0 0 -1
    outer loop
      vertex 150.858 23.56 2.8
      vertex 148.921 24 2.8
      vertex 150.815 23.7781 2.8
    endloop
  endfacet
  facet normal 0 0 -1
    outer loop
      vertex 150.929 23.3494 2.8
      vertex 148.921 24 2.8
      vertex 150.858 23.56 2.8
    endloop
  endfacet
  facet normal 0 0 -1
    outer loop
      vertex 151.028 23.15 2.8
      vertex 148.921 24 2.8
      vertex 150.929 23.3494 2.8
    endloop
  endfacet
  facet normal 0 0 -1
    outer loop
      vertex 148.921 24 2.8
      vertex 151.028 23.15 2.8
      vertex 150.71 20.9001 2.8
    endloop
  endfacet
  facet normal -0 0 -1
    outer loop
      vertex 151.151 22.9651 2.8
      vertex 150.71 20.9001 2.8
      vertex 151.028 23.15 2.8
    endloop
  endfacet
  facet normal -0 0 -1
    outer loop
      vertex 151.298 22.7979 2.8
      vertex 150.71 20.9001 2.8
      vertex 151.151 22.9651 2.8
    endloop
  endfacet
  facet normal -0 0 -1
    outer loop
      vertex 151.465 22.6513 2.8
      vertex 150.71 20.9001 2.8
      vertex 151.298 22.7979 2.8
    endloop
  endfacet
  facet normal -0 0 -1
    outer loop
      vertex 151.65 22.5278 2.8
      vertex 150.71 20.9001 2.8
      vertex 151.465 22.6513 2.8
    endloop
  endfacet
  facet normal -0 0 -1
    outer loop
      vertex 151.849 22.4294 2.8
      vertex 150.71 20.9001 2.8
      vertex 151.65 22.5278 2.8
    endloop
  endfacet
  facet normal 0 0 -1
    outer loop
      vertex 154.142 24.44 2.8
      vertex 156.079 24 2.8
      vertex 154.185 24.2219 2.8
    endloop
  endfacet
  facet normal 0 0 -1
    outer loop
      vertex 154.071 24.6506 2.8
      vertex 156.079 24 2.8
      vertex 154.142 24.44 2.8
    endloop
  endfacet
  facet normal 0 0 -1
    outer loop
      vertex 153.972 24.85 2.8
      vertex 156.079 24 2.8
      vertex 154.071 24.6506 2.8
    endloop
  endfacet
  facet normal 0 0 -1
    outer loop
      vertex 156.079 24 2.8
      vertex 153.972 24.85 2.8
      vertex 154.29 27.0999 2.8
    endloop
  endfacet
  facet normal 0 0 -1
    outer loop
      vertex 153.849 25.0349 2.8
      vertex 154.29 27.0999 2.8
      vertex 153.972 24.85 2.8
    endloop
  endfacet
  facet normal 0 0 -1
    outer loop
      vertex 153.702 25.2021 2.8
      vertex 154.29 27.0999 2.8
      vertex 153.849 25.0349 2.8
    endloop
  endfacet
  facet normal 0 0 -1
    outer loop
      vertex 153.535 25.3487 2.8
      vertex 154.29 27.0999 2.8
      vertex 153.702 25.2021 2.8
    endloop
  endfacet
  facet normal 0 0 -1
    outer loop
      vertex 153.35 25.4722 2.8
      vertex 154.29 27.0999 2.8
      vertex 153.535 25.3487 2.8
    endloop
  endfacet
  facet normal 0 0 -1
    outer loop
      vertex 153.151 25.5706 2.8
      vertex 154.29 27.0999 2.8
      vertex 153.35 25.4722 2.8
    endloop
  endfacet
  facet normal 0 0 -1
    outer loop
      vertex 152.94 25.6421 2.8
      vertex 154.29 27.0999 2.8
      vertex 153.151 25.5706 2.8
    endloop
  endfacet
  facet normal 0 0 -1
    outer loop
      vertex 152.722 25.6855 2.8
      vertex 154.29 27.0999 2.8
      vertex 152.94 25.6421 2.8
    endloop
  endfacet
  facet normal 0 0 -1
    outer loop
      vertex 152.5 25.7 2.8
      vertex 154.29 27.0999 2.8
      vertex 152.722 25.6855 2.8
    endloop
  endfacet
  facet normal 0 0 -1
    outer loop
      vertex 150.71 27.0999 2.8
      vertex 152.5 25.7 2.8
      vertex 152.278 25.6855 2.8
    endloop
  endfacet
  facet normal 0 0 -1
    outer loop
      vertex 150.71 27.0999 2.8
      vertex 152.278 25.6855 2.8
      vertex 152.06 25.6421 2.8
    endloop
  endfacet
  facet normal 0 0 -1
    outer loop
      vertex 150.71 27.0999 2.8
      vertex 152.06 25.6421 2.8
      vertex 151.849 25.5706 2.8
    endloop
  endfacet
  facet normal 0 0 -1
    outer loop
      vertex 150.71 27.0999 2.8
      vertex 151.849 25.5706 2.8
      vertex 151.65 25.4722 2.8
    endloop
  endfacet
  facet normal 0 0 -1
    outer loop
      vertex 152.5 25.7 2.8
      vertex 150.71 27.0999 2.8
      vertex 154.29 27.0999 2.8
    endloop
  endfacet
  facet normal 0 0 -1
    outer loop
      vertex 151.465 25.3487 2.8
      vertex 150.71 27.0999 2.8
      vertex 151.65 25.4722 2.8
    endloop
  endfacet
  facet normal 0 0 -1
    outer loop
      vertex 151.298 25.2021 2.8
      vertex 150.71 27.0999 2.8
      vertex 151.465 25.3487 2.8
    endloop
  endfacet
  facet normal 0 0 -1
    outer loop
      vertex 151.151 25.0349 2.8
      vertex 150.71 27.0999 2.8
      vertex 151.298 25.2021 2.8
    endloop
  endfacet
  facet normal 0 0 -1
    outer loop
      vertex 151.028 24.85 2.8
      vertex 150.71 27.0999 2.8
      vertex 151.151 25.0349 2.8
    endloop
  endfacet
  facet normal 0 0 -1
    outer loop
      vertex 148.921 24 2.8
      vertex 151.028 24.85 2.8
      vertex 150.929 24.6506 2.8
    endloop
  endfacet
  facet normal 0 0 -1
    outer loop
      vertex 148.921 24 2.8
      vertex 150.929 24.6506 2.8
      vertex 150.858 24.44 2.8
    endloop
  endfacet
  facet normal 0 0 -1
    outer loop
      vertex 148.921 24 2.8
      vertex 150.858 24.44 2.8
      vertex 150.815 24.2219 2.8
    endloop
  endfacet
  facet normal 0 0 -1
    outer loop
      vertex 148.921 24 2.8
      vertex 150.815 24.2219 2.8
      vertex 150.8 24 2.8
    endloop
  endfacet
  facet normal 0 0 -1
    outer loop
      vertex 150.815 23.7781 2.8
      vertex 148.921 24 2.8
      vertex 150.8 24 2.8
    endloop
  endfacet
  facet normal -0 0 -1
    outer loop
      vertex 151.028 24.85 2.8
      vertex 148.921 24 2.8
      vertex 150.71 27.0999 2.8
    endloop
  endfacet
  facet normal -0.866113 0.499847 0
    outer loop
      vertex 154.29 20.9001 0
      vertex 156.079 24 2.8
      vertex 156.079 24 0
    endloop
  endfacet
  facet normal -0.866113 0.499847 0
    outer loop
      vertex 156.079 24 2.8
      vertex 154.29 20.9001 0
      vertex 154.29 20.9001 2.8
    endloop
  endfacet
  facet normal 0 1 -0
    outer loop
      vertex 154.29 20.9001 0
      vertex 150.71 20.9001 2.8
      vertex 154.29 20.9001 2.8
    endloop
  endfacet
  facet normal 0 1 0
    outer loop
      vertex 150.71 20.9001 2.8
      vertex 154.29 20.9001 0
      vertex 150.71 20.9001 0
    endloop
  endfacet
  facet normal -0.981113 -0.193434 0
    outer loop
      vertex 154.185 24.2219 2.8
      vertex 154.142 24.44 5
      vertex 154.142 24.44 2.8
    endloop
  endfacet
  facet normal -0.981113 -0.193434 0
    outer loop
      vertex 154.142 24.44 5
      vertex 154.185 24.2219 2.8
      vertex 154.185 24.2219 5
    endloop
  endfacet
  facet normal -0.997723 -0.0674441 0
    outer loop
      vertex 154.2 24 2.8
      vertex 154.185 24.2219 5
      vertex 154.185 24.2219 2.8
    endloop
  endfacet
  facet normal -0.997723 -0.0674441 0
    outer loop
      vertex 154.185 24.2219 5
      vertex 154.2 24 2.8
      vertex 154.2 24 5
    endloop
  endfacet
  facet normal 0.443245 -0.8964 0
    outer loop
      vertex 151.65 25.4722 2.8
      vertex 151.849 25.5706 5
      vertex 151.65 25.4722 5
    endloop
  endfacet
  facet normal 0.443245 -0.8964 0
    outer loop
      vertex 151.849 25.5706 5
      vertex 151.65 25.4722 2.8
      vertex 151.849 25.5706 2.8
    endloop
  endfacet
  facet normal -0.555219 -0.831704 0
    outer loop
      vertex 153.35 25.4722 2.8
      vertex 153.535 25.3487 5
      vertex 153.35 25.4722 5
    endloop
  endfacet
  facet normal -0.555219 -0.831704 -0
    outer loop
      vertex 153.535 25.3487 5
      vertex 153.35 25.4722 2.8
      vertex 153.535 25.3487 2.8
    endloop
  endfacet
  facet normal 0.659714 -0.751516 0
    outer loop
      vertex 151.298 25.2021 2.8
      vertex 151.465 25.3487 5
      vertex 151.298 25.2021 5
    endloop
  endfacet
  facet normal 0.659714 -0.751516 0
    outer loop
      vertex 151.465 25.3487 5
      vertex 151.298 25.2021 2.8
      vertex 151.465 25.3487 2.8
    endloop
  endfacet
  facet normal -0.320937 0.947101 0
    outer loop
      vertex 153.151 22.4294 2.8
      vertex 152.94 22.3579 5
      vertex 153.151 22.4294 5
    endloop
  endfacet
  facet normal -0.320937 0.947101 0
    outer loop
      vertex 152.94 22.3579 5
      vertex 153.151 22.4294 2.8
      vertex 152.94 22.3579 2.8
    endloop
  endfacet
  facet normal -0.832604 0.553869 0
    outer loop
      vertex 153.849 22.9651 2.8
      vertex 153.972 23.15 5
      vertex 153.972 23.15 2.8
    endloop
  endfacet
  facet normal -0.832604 0.553869 0
    outer loop
      vertex 153.972 23.15 5
      vertex 153.849 22.9651 2.8
      vertex 153.849 22.9651 5
    endloop
  endfacet
  facet normal -0.947598 0.319466 0
    outer loop
      vertex 154.071 23.3494 2.8
      vertex 154.142 23.56 5
      vertex 154.142 23.56 2.8
    endloop
  endfacet
  facet normal -0.947598 0.319466 0
    outer loop
      vertex 154.142 23.56 5
      vertex 154.071 23.3494 2.8
      vertex 154.071 23.3494 5
    endloop
  endfacet
  facet normal -0.320937 -0.947101 0
    outer loop
      vertex 152.94 25.6421 2.8
      vertex 153.151 25.5706 5
      vertex 152.94 25.6421 5
    endloop
  endfacet
  facet normal -0.320937 -0.947101 -0
    outer loop
      vertex 153.151 25.5706 5
      vertex 152.94 25.6421 2.8
      vertex 153.151 25.5706 2.8
    endloop
  endfacet
  facet normal 0.555219 -0.831704 0
    outer loop
      vertex 151.465 25.3487 2.8
      vertex 151.65 25.4722 5
      vertex 151.465 25.3487 5
    endloop
  endfacet
  facet normal 0.555219 -0.831704 0
    outer loop
      vertex 151.65 25.4722 5
      vertex 151.465 25.3487 2.8
      vertex 151.65 25.4722 2.8
    endloop
  endfacet
  facet normal -0.895681 0.444696 0
    outer loop
      vertex 153.972 23.15 2.8
      vertex 154.071 23.3494 5
      vertex 154.071 23.3494 2.8
    endloop
  endfacet
  facet normal -0.895681 0.444696 0
    outer loop
      vertex 154.071 23.3494 5
      vertex 153.972 23.15 2.8
      vertex 153.972 23.15 5
    endloop
  endfacet
  facet normal -0.659714 -0.751516 0
    outer loop
      vertex 153.535 25.3487 2.8
      vertex 153.702 25.2021 5
      vertex 153.535 25.3487 5
    endloop
  endfacet
  facet normal -0.659714 -0.751516 -0
    outer loop
      vertex 153.702 25.2021 5
      vertex 153.535 25.3487 2.8
      vertex 153.702 25.2021 2.8
    endloop
  endfacet
  facet normal -0.555219 0.831704 0
    outer loop
      vertex 153.535 22.6513 2.8
      vertex 153.35 22.5278 5
      vertex 153.535 22.6513 5
    endloop
  endfacet
  facet normal -0.555219 0.831704 0
    outer loop
      vertex 153.35 22.5278 5
      vertex 153.535 22.6513 2.8
      vertex 153.35 22.5278 2.8
    endloop
  endfacet
  facet normal -0.443245 -0.8964 0
    outer loop
      vertex 153.151 25.5706 2.8
      vertex 153.35 25.4722 5
      vertex 153.151 25.5706 5
    endloop
  endfacet
  facet normal -0.443245 -0.8964 -0
    outer loop
      vertex 153.35 25.4722 5
      vertex 153.151 25.5706 2.8
      vertex 153.35 25.4722 2.8
    endloop
  endfacet
  facet normal 0.659714 0.751516 -0
    outer loop
      vertex 151.465 22.6513 2.8
      vertex 151.298 22.7979 5
      vertex 151.465 22.6513 5
    endloop
  endfacet
  facet normal 0.659714 0.751516 0
    outer loop
      vertex 151.298 22.7979 5
      vertex 151.465 22.6513 2.8
      vertex 151.298 22.7979 2.8
    endloop
  endfacet
  facet normal 0.751016 0.660284 0
    outer loop
      vertex 151.298 22.7979 5
      vertex 151.151 22.9651 2.8
      vertex 151.151 22.9651 5
    endloop
  endfacet
  facet normal 0.751016 0.660284 0
    outer loop
      vertex 151.151 22.9651 2.8
      vertex 151.298 22.7979 5
      vertex 151.298 22.7979 2.8
    endloop
  endfacet
  facet normal 0.832604 0.553869 0
    outer loop
      vertex 151.151 22.9651 5
      vertex 151.028 23.15 2.8
      vertex 151.028 23.15 5
    endloop
  endfacet
  facet normal 0.832604 0.553869 0
    outer loop
      vertex 151.028 23.15 2.8
      vertex 151.151 22.9651 5
      vertex 151.151 22.9651 2.8
    endloop
  endfacet
  facet normal -0.832604 -0.553869 0
    outer loop
      vertex 153.972 24.85 2.8
      vertex 153.849 25.0349 5
      vertex 153.849 25.0349 2.8
    endloop
  endfacet
  facet normal -0.832604 -0.553869 0
    outer loop
      vertex 153.849 25.0349 5
      vertex 153.972 24.85 2.8
      vertex 153.972 24.85 5
    endloop
  endfacet
  facet normal -0.195251 0.980753 0
    outer loop
      vertex 152.94 22.3579 2.8
      vertex 152.722 22.3145 5
      vertex 152.94 22.3579 5
    endloop
  endfacet
  facet normal -0.195251 0.980753 0
    outer loop
      vertex 152.722 22.3145 5
      vertex 152.94 22.3579 2.8
      vertex 152.722 22.3145 2.8
    endloop
  endfacet
  facet normal -0.981113 0.193434 0
    outer loop
      vertex 154.142 23.56 2.8
      vertex 154.185 23.7781 5
      vertex 154.185 23.7781 2.8
    endloop
  endfacet
  facet normal -0.981113 0.193434 0
    outer loop
      vertex 154.185 23.7781 5
      vertex 154.142 23.56 2.8
      vertex 154.142 23.56 5
    endloop
  endfacet
  facet normal 0.947598 0.319466 0
    outer loop
      vertex 150.929 23.3494 5
      vertex 150.858 23.56 2.8
      vertex 150.858 23.56 5
    endloop
  endfacet
  facet normal 0.947598 0.319466 0
    outer loop
      vertex 150.858 23.56 2.8
      vertex 150.929 23.3494 5
      vertex 150.929 23.3494 2.8
    endloop
  endfacet
  facet normal -0.443245 0.8964 0
    outer loop
      vertex 153.35 22.5278 2.8
      vertex 153.151 22.4294 5
      vertex 153.35 22.5278 5
    endloop
  endfacet
  facet normal -0.443245 0.8964 0
    outer loop
      vertex 153.151 22.4294 5
      vertex 153.35 22.5278 2.8
      vertex 153.151 22.4294 2.8
    endloop
  endfacet
  facet normal -0.0651764 -0.997874 0
    outer loop
      vertex 152.5 25.7 2.8
      vertex 152.722 25.6855 5
      vertex 152.5 25.7 5
    endloop
  endfacet
  facet normal -0.0651764 -0.997874 -0
    outer loop
      vertex 152.722 25.6855 5
      vertex 152.5 25.7 2.8
      vertex 152.722 25.6855 2.8
    endloop
  endfacet
  facet normal 0.320937 -0.947101 0
    outer loop
      vertex 151.849 25.5706 2.8
      vertex 152.06 25.6421 5
      vertex 151.849 25.5706 5
    endloop
  endfacet
  facet normal 0.320937 -0.947101 0
    outer loop
      vertex 152.06 25.6421 5
      vertex 151.849 25.5706 2.8
      vertex 152.06 25.6421 2.8
    endloop
  endfacet
  facet normal 0.195251 -0.980753 0
    outer loop
      vertex 152.06 25.6421 2.8
      vertex 152.278 25.6855 5
      vertex 152.06 25.6421 5
    endloop
  endfacet
  facet normal 0.195251 -0.980753 0
    outer loop
      vertex 152.278 25.6855 5
      vertex 152.06 25.6421 2.8
      vertex 152.278 25.6855 2.8
    endloop
  endfacet
  facet normal -0.895681 -0.444696 0
    outer loop
      vertex 154.071 24.6506 2.8
      vertex 153.972 24.85 5
      vertex 153.972 24.85 2.8
    endloop
  endfacet
  facet normal -0.895681 -0.444696 0
    outer loop
      vertex 153.972 24.85 5
      vertex 154.071 24.6506 2.8
      vertex 154.071 24.6506 5
    endloop
  endfacet
  facet normal -0.997723 0.0674441 0
    outer loop
      vertex 154.185 23.7781 2.8
      vertex 154.2 24 5
      vertex 154.2 24 2.8
    endloop
  endfacet
  facet normal -0.997723 0.0674441 0
    outer loop
      vertex 154.2 24 5
      vertex 154.185 23.7781 2.8
      vertex 154.185 23.7781 5
    endloop
  endfacet
  facet normal -0.0651764 0.997874 0
    outer loop
      vertex 152.722 22.3145 2.8
      vertex 152.5 22.3 5
      vertex 152.722 22.3145 5
    endloop
  endfacet
  facet normal -0.0651764 0.997874 0
    outer loop
      vertex 152.5 22.3 5
      vertex 152.722 22.3145 2.8
      vertex 152.5 22.3 2.8
    endloop
  endfacet
  facet normal -0.751016 -0.660284 0
    outer loop
      vertex 153.849 25.0349 2.8
      vertex 153.702 25.2021 5
      vertex 153.702 25.2021 2.8
    endloop
  endfacet
  facet normal -0.751016 -0.660284 0
    outer loop
      vertex 153.702 25.2021 5
      vertex 153.849 25.0349 2.8
      vertex 153.849 25.0349 5
    endloop
  endfacet
  facet normal 0.997723 0.0674441 0
    outer loop
      vertex 150.815 23.7781 5
      vertex 150.8 24 2.8
      vertex 150.8 24 5
    endloop
  endfacet
  facet normal 0.997723 0.0674441 0
    outer loop
      vertex 150.8 24 2.8
      vertex 150.815 23.7781 5
      vertex 150.815 23.7781 2.8
    endloop
  endfacet
  facet normal -0.751016 0.660284 0
    outer loop
      vertex 153.702 22.7979 2.8
      vertex 153.849 22.9651 5
      vertex 153.849 22.9651 2.8
    endloop
  endfacet
  facet normal -0.751016 0.660284 0
    outer loop
      vertex 153.849 22.9651 5
      vertex 153.702 22.7979 2.8
      vertex 153.702 22.7979 5
    endloop
  endfacet
  facet normal 0.751016 -0.660284 0
    outer loop
      vertex 151.151 25.0349 5
      vertex 151.298 25.2021 2.8
      vertex 151.298 25.2021 5
    endloop
  endfacet
  facet normal 0.751016 -0.660284 0
    outer loop
      vertex 151.298 25.2021 2.8
      vertex 151.151 25.0349 5
      vertex 151.151 25.0349 2.8
    endloop
  endfacet
  facet normal 0.832604 -0.553869 0
    outer loop
      vertex 151.028 24.85 5
      vertex 151.151 25.0349 2.8
      vertex 151.151 25.0349 5
    endloop
  endfacet
  facet normal 0.832604 -0.553869 0
    outer loop
      vertex 151.151 25.0349 2.8
      vertex 151.028 24.85 5
      vertex 151.028 24.85 2.8
    endloop
  endfacet
  facet normal 0.0651764 -0.997874 0
    outer loop
      vertex 152.278 25.6855 2.8
      vertex 152.5 25.7 5
      vertex 152.278 25.6855 5
    endloop
  endfacet
  facet normal 0.0651764 -0.997874 0
    outer loop
      vertex 152.5 25.7 5
      vertex 152.278 25.6855 2.8
      vertex 152.5 25.7 2.8
    endloop
  endfacet
  facet normal 0.981113 0.193434 0
    outer loop
      vertex 150.858 23.56 5
      vertex 150.815 23.7781 2.8
      vertex 150.815 23.7781 5
    endloop
  endfacet
  facet normal 0.981113 0.193434 0
    outer loop
      vertex 150.815 23.7781 2.8
      vertex 150.858 23.56 5
      vertex 150.858 23.56 2.8
    endloop
  endfacet
  facet normal 0.320937 0.947101 -0
    outer loop
      vertex 152.06 22.3579 2.8
      vertex 151.849 22.4294 5
      vertex 152.06 22.3579 5
    endloop
  endfacet
  facet normal 0.320937 0.947101 0
    outer loop
      vertex 151.849 22.4294 5
      vertex 152.06 22.3579 2.8
      vertex 151.849 22.4294 2.8
    endloop
  endfacet
  facet normal -0.947598 -0.319466 0
    outer loop
      vertex 154.142 24.44 2.8
      vertex 154.071 24.6506 5
      vertex 154.071 24.6506 2.8
    endloop
  endfacet
  facet normal -0.947598 -0.319466 0
    outer loop
      vertex 154.071 24.6506 5
      vertex 154.142 24.44 2.8
      vertex 154.142 24.44 5
    endloop
  endfacet
  facet normal 0.443245 0.8964 -0
    outer loop
      vertex 151.849 22.4294 2.8
      vertex 151.65 22.5278 5
      vertex 151.849 22.4294 5
    endloop
  endfacet
  facet normal 0.443245 0.8964 0
    outer loop
      vertex 151.65 22.5278 5
      vertex 151.849 22.4294 2.8
      vertex 151.65 22.5278 2.8
    endloop
  endfacet
  facet normal 0.555219 0.831704 -0
    outer loop
      vertex 151.65 22.5278 2.8
      vertex 151.465 22.6513 5
      vertex 151.65 22.5278 5
    endloop
  endfacet
  facet normal 0.555219 0.831704 0
    outer loop
      vertex 151.465 22.6513 5
      vertex 151.65 22.5278 2.8
      vertex 151.465 22.6513 2.8
    endloop
  endfacet
  facet normal 0.195251 0.980753 -0
    outer loop
      vertex 152.278 22.3145 2.8
      vertex 152.06 22.3579 5
      vertex 152.278 22.3145 5
    endloop
  endfacet
  facet normal 0.195251 0.980753 0
    outer loop
      vertex 152.06 22.3579 5
      vertex 152.278 22.3145 2.8
      vertex 152.06 22.3579 2.8
    endloop
  endfacet
  facet normal 0.895681 -0.444696 0
    outer loop
      vertex 150.929 24.6506 5
      vertex 151.028 24.85 2.8
      vertex 151.028 24.85 5
    endloop
  endfacet
  facet normal 0.895681 -0.444696 0
    outer loop
      vertex 151.028 24.85 2.8
      vertex 150.929 24.6506 5
      vertex 150.929 24.6506 2.8
    endloop
  endfacet
  facet normal 0.0651764 0.997874 -0
    outer loop
      vertex 152.5 22.3 2.8
      vertex 152.278 22.3145 5
      vertex 152.5 22.3 5
    endloop
  endfacet
  facet normal 0.0651764 0.997874 0
    outer loop
      vertex 152.278 22.3145 5
      vertex 152.5 22.3 2.8
      vertex 152.278 22.3145 2.8
    endloop
  endfacet
  facet normal 0.895681 0.444696 0
    outer loop
      vertex 151.028 23.15 5
      vertex 150.929 23.3494 2.8
      vertex 150.929 23.3494 5
    endloop
  endfacet
  facet normal 0.895681 0.444696 0
    outer loop
      vertex 150.929 23.3494 2.8
      vertex 151.028 23.15 5
      vertex 151.028 23.15 2.8
    endloop
  endfacet
  facet normal 0.997723 -0.0674441 0
    outer loop
      vertex 150.8 24 5
      vertex 150.815 24.2219 2.8
      vertex 150.815 24.2219 5
    endloop
  endfacet
  facet normal 0.997723 -0.0674441 0
    outer loop
      vertex 150.815 24.2219 2.8
      vertex 150.8 24 5
      vertex 150.8 24 2.8
    endloop
  endfacet
  facet normal 0.981113 -0.193434 0
    outer loop
      vertex 150.815 24.2219 5
      vertex 150.858 24.44 2.8
      vertex 150.858 24.44 5
    endloop
  endfacet
  facet normal 0.981113 -0.193434 0
    outer loop
      vertex 150.858 24.44 2.8
      vertex 150.815 24.2219 5
      vertex 150.815 24.2219 2.8
    endloop
  endfacet
  facet normal 0.947598 -0.319466 0
    outer loop
      vertex 150.858 24.44 5
      vertex 150.929 24.6506 2.8
      vertex 150.929 24.6506 5
    endloop
  endfacet
  facet normal 0.947598 -0.319466 0
    outer loop
      vertex 150.929 24.6506 2.8
      vertex 150.858 24.44 5
      vertex 150.858 24.44 2.8
    endloop
  endfacet
  facet normal -0.195251 -0.980753 0
    outer loop
      vertex 152.722 25.6855 2.8
      vertex 152.94 25.6421 5
      vertex 152.722 25.6855 5
    endloop
  endfacet
  facet normal -0.195251 -0.980753 -0
    outer loop
      vertex 152.94 25.6421 5
      vertex 152.722 25.6855 2.8
      vertex 152.94 25.6421 2.8
    endloop
  endfacet
  facet normal -0.659714 0.751516 0
    outer loop
      vertex 153.702 22.7979 2.8
      vertex 153.535 22.6513 5
      vertex 153.702 22.7979 5
    endloop
  endfacet
  facet normal -0.659714 0.751516 0
    outer loop
      vertex 153.535 22.6513 5
      vertex 153.702 22.7979 2.8
      vertex 153.535 22.6513 2.8
    endloop
  endfacet
  facet normal 0 -1 0
    outer loop
      vertex 150.71 59.0999 0
      vertex 154.29 59.0999 2.8
      vertex 150.71 59.0999 2.8
    endloop
  endfacet
  facet normal 0 -1 -0
    outer loop
      vertex 154.29 59.0999 2.8
      vertex 150.71 59.0999 0
      vertex 154.29 59.0999 0
    endloop
  endfacet
  facet normal -0.866113 -0.499847 0
    outer loop
      vertex 156.079 56 0
      vertex 154.29 59.0999 2.8
      vertex 154.29 59.0999 0
    endloop
  endfacet
  facet normal -0.866113 -0.499847 0
    outer loop
      vertex 154.29 59.0999 2.8
      vertex 156.079 56 0
      vertex 156.079 56 2.8
    endloop
  endfacet
  facet normal 0.866113 -0.499847 0
    outer loop
      vertex 148.921 56 2.8
      vertex 150.71 59.0999 0
      vertex 150.71 59.0999 2.8
    endloop
  endfacet
  facet normal 0.866113 -0.499847 0
    outer loop
      vertex 150.71 59.0999 0
      vertex 148.921 56 2.8
      vertex 148.921 56 0
    endloop
  endfacet
  facet normal 0.866113 0.499847 0
    outer loop
      vertex 150.71 52.9001 2.8
      vertex 148.921 56 0
      vertex 148.921 56 2.8
    endloop
  endfacet
  facet normal 0.866113 0.499847 0
    outer loop
      vertex 148.921 56 0
      vertex 150.71 52.9001 2.8
      vertex 150.71 52.9001 0
    endloop
  endfacet
  facet normal 0 0 -1
    outer loop
      vertex 153.972 55.15 2.8
      vertex 156.079 56 2.8
      vertex 154.29 52.9001 2.8
    endloop
  endfacet
  facet normal 0 0 -1
    outer loop
      vertex 154.185 56.2219 2.8
      vertex 156.079 56 2.8
      vertex 154.2 56 2.8
    endloop
  endfacet
  facet normal -0 0 -1
    outer loop
      vertex 156.079 56 2.8
      vertex 154.185 55.7781 2.8
      vertex 154.2 56 2.8
    endloop
  endfacet
  facet normal 0 0 -1
    outer loop
      vertex 156.079 56 2.8
      vertex 154.142 55.56 2.8
      vertex 154.185 55.7781 2.8
    endloop
  endfacet
  facet normal 0 0 -1
    outer loop
      vertex 156.079 56 2.8
      vertex 154.071 55.3494 2.8
      vertex 154.142 55.56 2.8
    endloop
  endfacet
  facet normal 0 0 -1
    outer loop
      vertex 156.079 56 2.8
      vertex 153.972 55.15 2.8
      vertex 154.071 55.3494 2.8
    endloop
  endfacet
  facet normal 0 0 -1
    outer loop
      vertex 154.29 52.9001 2.8
      vertex 153.849 54.9651 2.8
      vertex 153.972 55.15 2.8
    endloop
  endfacet
  facet normal 0 0 -1
    outer loop
      vertex 154.29 52.9001 2.8
      vertex 153.702 54.7979 2.8
      vertex 153.849 54.9651 2.8
    endloop
  endfacet
  facet normal 0 0 -1
    outer loop
      vertex 154.29 52.9001 2.8
      vertex 153.535 54.6513 2.8
      vertex 153.702 54.7979 2.8
    endloop
  endfacet
  facet normal 0 0 -1
    outer loop
      vertex 154.29 52.9001 2.8
      vertex 153.35 54.5278 2.8
      vertex 153.535 54.6513 2.8
    endloop
  endfacet
  facet normal 0 0 -1
    outer loop
      vertex 154.29 52.9001 2.8
      vertex 153.151 54.4294 2.8
      vertex 153.35 54.5278 2.8
    endloop
  endfacet
  facet normal 0 0 -1
    outer loop
      vertex 154.29 52.9001 2.8
      vertex 152.94 54.3579 2.8
      vertex 153.151 54.4294 2.8
    endloop
  endfacet
  facet normal 0 0 -1
    outer loop
      vertex 154.29 52.9001 2.8
      vertex 152.722 54.3145 2.8
      vertex 152.94 54.3579 2.8
    endloop
  endfacet
  facet normal 0 0 -1
    outer loop
      vertex 154.29 52.9001 2.8
      vertex 152.5 54.3 2.8
      vertex 152.722 54.3145 2.8
    endloop
  endfacet
  facet normal 0 0 -1
    outer loop
      vertex 150.71 52.9001 2.8
      vertex 152.5 54.3 2.8
      vertex 154.29 52.9001 2.8
    endloop
  endfacet
  facet normal -0 0 -1
    outer loop
      vertex 152.5 54.3 2.8
      vertex 150.71 52.9001 2.8
      vertex 152.278 54.3145 2.8
    endloop
  endfacet
  facet normal -0 0 -1
    outer loop
      vertex 152.278 54.3145 2.8
      vertex 150.71 52.9001 2.8
      vertex 152.06 54.3579 2.8
    endloop
  endfacet
  facet normal -0 0 -1
    outer loop
      vertex 152.06 54.3579 2.8
      vertex 150.71 52.9001 2.8
      vertex 151.849 54.4294 2.8
    endloop
  endfacet
  facet normal 0 0 -1
    outer loop
      vertex 150.858 55.56 2.8
      vertex 148.921 56 2.8
      vertex 150.815 55.7781 2.8
    endloop
  endfacet
  facet normal 0 0 -1
    outer loop
      vertex 150.929 55.3494 2.8
      vertex 148.921 56 2.8
      vertex 150.858 55.56 2.8
    endloop
  endfacet
  facet normal 0 0 -1
    outer loop
      vertex 151.028 55.15 2.8
      vertex 148.921 56 2.8
      vertex 150.929 55.3494 2.8
    endloop
  endfacet
  facet normal 0 0 -1
    outer loop
      vertex 148.921 56 2.8
      vertex 151.028 55.15 2.8
      vertex 150.71 52.9001 2.8
    endloop
  endfacet
  facet normal -0 0 -1
    outer loop
      vertex 151.151 54.9651 2.8
      vertex 150.71 52.9001 2.8
      vertex 151.028 55.15 2.8
    endloop
  endfacet
  facet normal -0 0 -1
    outer loop
      vertex 151.298 54.7979 2.8
      vertex 150.71 52.9001 2.8
      vertex 151.151 54.9651 2.8
    endloop
  endfacet
  facet normal -0 0 -1
    outer loop
      vertex 151.465 54.6513 2.8
      vertex 150.71 52.9001 2.8
      vertex 151.298 54.7979 2.8
    endloop
  endfacet
  facet normal -0 0 -1
    outer loop
      vertex 151.65 54.5278 2.8
      vertex 150.71 52.9001 2.8
      vertex 151.465 54.6513 2.8
    endloop
  endfacet
  facet normal -0 0 -1
    outer loop
      vertex 151.849 54.4294 2.8
      vertex 150.71 52.9001 2.8
      vertex 151.65 54.5278 2.8
    endloop
  endfacet
  facet normal 0 0 -1
    outer loop
      vertex 154.142 56.44 2.8
      vertex 156.079 56 2.8
      vertex 154.185 56.2219 2.8
    endloop
  endfacet
  facet normal 0 0 -1
    outer loop
      vertex 154.071 56.6506 2.8
      vertex 156.079 56 2.8
      vertex 154.142 56.44 2.8
    endloop
  endfacet
  facet normal 0 0 -1
    outer loop
      vertex 153.972 56.85 2.8
      vertex 156.079 56 2.8
      vertex 154.071 56.6506 2.8
    endloop
  endfacet
  facet normal 0 0 -1
    outer loop
      vertex 156.079 56 2.8
      vertex 153.972 56.85 2.8
      vertex 154.29 59.0999 2.8
    endloop
  endfacet
  facet normal 0 0 -1
    outer loop
      vertex 153.849 57.0349 2.8
      vertex 154.29 59.0999 2.8
      vertex 153.972 56.85 2.8
    endloop
  endfacet
  facet normal 0 0 -1
    outer loop
      vertex 153.702 57.2021 2.8
      vertex 154.29 59.0999 2.8
      vertex 153.849 57.0349 2.8
    endloop
  endfacet
  facet normal 0 0 -1
    outer loop
      vertex 153.535 57.3487 2.8
      vertex 154.29 59.0999 2.8
      vertex 153.702 57.2021 2.8
    endloop
  endfacet
  facet normal 0 0 -1
    outer loop
      vertex 153.35 57.4722 2.8
      vertex 154.29 59.0999 2.8
      vertex 153.535 57.3487 2.8
    endloop
  endfacet
  facet normal 0 0 -1
    outer loop
      vertex 153.151 57.5706 2.8
      vertex 154.29 59.0999 2.8
      vertex 153.35 57.4722 2.8
    endloop
  endfacet
  facet normal 0 0 -1
    outer loop
      vertex 152.94 57.6421 2.8
      vertex 154.29 59.0999 2.8
      vertex 153.151 57.5706 2.8
    endloop
  endfacet
  facet normal 0 0 -1
    outer loop
      vertex 152.722 57.6855 2.8
      vertex 154.29 59.0999 2.8
      vertex 152.94 57.6421 2.8
    endloop
  endfacet
  facet normal 0 0 -1
    outer loop
      vertex 152.5 57.7 2.8
      vertex 154.29 59.0999 2.8
      vertex 152.722 57.6855 2.8
    endloop
  endfacet
  facet normal 0 0 -1
    outer loop
      vertex 150.71 59.0999 2.8
      vertex 152.5 57.7 2.8
      vertex 152.278 57.6855 2.8
    endloop
  endfacet
  facet normal 0 0 -1
    outer loop
      vertex 150.71 59.0999 2.8
      vertex 152.278 57.6855 2.8
      vertex 152.06 57.6421 2.8
    endloop
  endfacet
  facet normal 0 0 -1
    outer loop
      vertex 150.71 59.0999 2.8
      vertex 152.06 57.6421 2.8
      vertex 151.849 57.5706 2.8
    endloop
  endfacet
  facet normal 0 0 -1
    outer loop
      vertex 150.71 59.0999 2.8
      vertex 151.849 57.5706 2.8
      vertex 151.65 57.4722 2.8
    endloop
  endfacet
  facet normal 0 0 -1
    outer loop
      vertex 152.5 57.7 2.8
      vertex 150.71 59.0999 2.8
      vertex 154.29 59.0999 2.8
    endloop
  endfacet
  facet normal 0 0 -1
    outer loop
      vertex 151.465 57.3487 2.8
      vertex 150.71 59.0999 2.8
      vertex 151.65 57.4722 2.8
    endloop
  endfacet
  facet normal 0 0 -1
    outer loop
      vertex 151.298 57.2021 2.8
      vertex 150.71 59.0999 2.8
      vertex 151.465 57.3487 2.8
    endloop
  endfacet
  facet normal 0 0 -1
    outer loop
      vertex 151.151 57.0349 2.8
      vertex 150.71 59.0999 2.8
      vertex 151.298 57.2021 2.8
    endloop
  endfacet
  facet normal 0 0 -1
    outer loop
      vertex 151.028 56.85 2.8
      vertex 150.71 59.0999 2.8
      vertex 151.151 57.0349 2.8
    endloop
  endfacet
  facet normal 0 0 -1
    outer loop
      vertex 148.921 56 2.8
      vertex 151.028 56.85 2.8
      vertex 150.929 56.6506 2.8
    endloop
  endfacet
  facet normal 0 0 -1
    outer loop
      vertex 148.921 56 2.8
      vertex 150.929 56.6506 2.8
      vertex 150.858 56.44 2.8
    endloop
  endfacet
  facet normal 0 0 -1
    outer loop
      vertex 148.921 56 2.8
      vertex 150.858 56.44 2.8
      vertex 150.815 56.2219 2.8
    endloop
  endfacet
  facet normal 0 0 -1
    outer loop
      vertex 148.921 56 2.8
      vertex 150.815 56.2219 2.8
      vertex 150.8 56 2.8
    endloop
  endfacet
  facet normal 0 0 -1
    outer loop
      vertex 150.815 55.7781 2.8
      vertex 148.921 56 2.8
      vertex 150.8 56 2.8
    endloop
  endfacet
  facet normal -0 0 -1
    outer loop
      vertex 151.028 56.85 2.8
      vertex 148.921 56 2.8
      vertex 150.71 59.0999 2.8
    endloop
  endfacet
  facet normal -0.866113 0.499847 0
    outer loop
      vertex 154.29 52.9001 0
      vertex 156.079 56 2.8
      vertex 156.079 56 0
    endloop
  endfacet
  facet normal -0.866113 0.499847 0
    outer loop
      vertex 156.079 56 2.8
      vertex 154.29 52.9001 0
      vertex 154.29 52.9001 2.8
    endloop
  endfacet
  facet normal 0 1 -0
    outer loop
      vertex 154.29 52.9001 0
      vertex 150.71 52.9001 2.8
      vertex 154.29 52.9001 2.8
    endloop
  endfacet
  facet normal 0 1 0
    outer loop
      vertex 150.71 52.9001 2.8
      vertex 154.29 52.9001 0
      vertex 150.71 52.9001 0
    endloop
  endfacet
  facet normal -0.981113 -0.193434 0
    outer loop
      vertex 154.185 56.2219 2.8
      vertex 154.142 56.44 5
      vertex 154.142 56.44 2.8
    endloop
  endfacet
  facet normal -0.981113 -0.193434 0
    outer loop
      vertex 154.142 56.44 5
      vertex 154.185 56.2219 2.8
      vertex 154.185 56.2219 5
    endloop
  endfacet
  facet normal -0.997723 -0.0674441 0
    outer loop
      vertex 154.2 56 2.8
      vertex 154.185 56.2219 5
      vertex 154.185 56.2219 2.8
    endloop
  endfacet
  facet normal -0.997723 -0.0674441 0
    outer loop
      vertex 154.185 56.2219 5
      vertex 154.2 56 2.8
      vertex 154.2 56 5
    endloop
  endfacet
  facet normal 0.443245 -0.8964 0
    outer loop
      vertex 151.65 57.4722 2.8
      vertex 151.849 57.5706 5
      vertex 151.65 57.4722 5
    endloop
  endfacet
  facet normal 0.443245 -0.8964 0
    outer loop
      vertex 151.849 57.5706 5
      vertex 151.65 57.4722 2.8
      vertex 151.849 57.5706 2.8
    endloop
  endfacet
  facet normal -0.555219 -0.831704 0
    outer loop
      vertex 153.35 57.4722 2.8
      vertex 153.535 57.3487 5
      vertex 153.35 57.4722 5
    endloop
  endfacet
  facet normal -0.555219 -0.831704 -0
    outer loop
      vertex 153.535 57.3487 5
      vertex 153.35 57.4722 2.8
      vertex 153.535 57.3487 2.8
    endloop
  endfacet
  facet normal 0.659714 -0.751516 0
    outer loop
      vertex 151.298 57.2021 2.8
      vertex 151.465 57.3487 5
      vertex 151.298 57.2021 5
    endloop
  endfacet
  facet normal 0.659714 -0.751516 0
    outer loop
      vertex 151.465 57.3487 5
      vertex 151.298 57.2021 2.8
      vertex 151.465 57.3487 2.8
    endloop
  endfacet
  facet normal -0.320937 0.947101 0
    outer loop
      vertex 153.151 54.4294 2.8
      vertex 152.94 54.3579 5
      vertex 153.151 54.4294 5
    endloop
  endfacet
  facet normal -0.320937 0.947101 0
    outer loop
      vertex 152.94 54.3579 5
      vertex 153.151 54.4294 2.8
      vertex 152.94 54.3579 2.8
    endloop
  endfacet
  facet normal -0.947598 0.319466 0
    outer loop
      vertex 154.071 55.3494 2.8
      vertex 154.142 55.56 5
      vertex 154.142 55.56 2.8
    endloop
  endfacet
  facet normal -0.947598 0.319466 0
    outer loop
      vertex 154.142 55.56 5
      vertex 154.071 55.3494 2.8
      vertex 154.071 55.3494 5
    endloop
  endfacet
  facet normal -0.320937 -0.947101 0
    outer loop
      vertex 152.94 57.6421 2.8
      vertex 153.151 57.5706 5
      vertex 152.94 57.6421 5
    endloop
  endfacet
  facet normal -0.320937 -0.947101 -0
    outer loop
      vertex 153.151 57.5706 5
      vertex 152.94 57.6421 2.8
      vertex 153.151 57.5706 2.8
    endloop
  endfacet
  facet normal 0.555219 -0.831704 0
    outer loop
      vertex 151.465 57.3487 2.8
      vertex 151.65 57.4722 5
      vertex 151.465 57.3487 5
    endloop
  endfacet
  facet normal 0.555219 -0.831704 0
    outer loop
      vertex 151.65 57.4722 5
      vertex 151.465 57.3487 2.8
      vertex 151.65 57.4722 2.8
    endloop
  endfacet
  facet normal -0.895681 0.444696 0
    outer loop
      vertex 153.972 55.15 2.8
      vertex 154.071 55.3494 5
      vertex 154.071 55.3494 2.8
    endloop
  endfacet
  facet normal -0.895681 0.444696 0
    outer loop
      vertex 154.071 55.3494 5
      vertex 153.972 55.15 2.8
      vertex 153.972 55.15 5
    endloop
  endfacet
  facet normal -0.659714 -0.751516 0
    outer loop
      vertex 153.535 57.3487 2.8
      vertex 153.702 57.2021 5
      vertex 153.535 57.3487 5
    endloop
  endfacet
  facet normal -0.659714 -0.751516 -0
    outer loop
      vertex 153.702 57.2021 5
      vertex 153.535 57.3487 2.8
      vertex 153.702 57.2021 2.8
    endloop
  endfacet
  facet normal -0.555219 0.831704 0
    outer loop
      vertex 153.535 54.6513 2.8
      vertex 153.35 54.5278 5
      vertex 153.535 54.6513 5
    endloop
  endfacet
  facet normal -0.555219 0.831704 0
    outer loop
      vertex 153.35 54.5278 5
      vertex 153.535 54.6513 2.8
      vertex 153.35 54.5278 2.8
    endloop
  endfacet
  facet normal -0.443245 -0.8964 0
    outer loop
      vertex 153.151 57.5706 2.8
      vertex 153.35 57.4722 5
      vertex 153.151 57.5706 5
    endloop
  endfacet
  facet normal -0.443245 -0.8964 -0
    outer loop
      vertex 153.35 57.4722 5
      vertex 153.151 57.5706 2.8
      vertex 153.35 57.4722 2.8
    endloop
  endfacet
  facet normal 0.659714 0.751516 -0
    outer loop
      vertex 151.465 54.6513 2.8
      vertex 151.298 54.7979 5
      vertex 151.465 54.6513 5
    endloop
  endfacet
  facet normal 0.659714 0.751516 0
    outer loop
      vertex 151.298 54.7979 5
      vertex 151.465 54.6513 2.8
      vertex 151.298 54.7979 2.8
    endloop
  endfacet
  facet normal 0.751016 0.660284 0
    outer loop
      vertex 151.298 54.7979 5
      vertex 151.151 54.9651 2.8
      vertex 151.151 54.9651 5
    endloop
  endfacet
  facet normal 0.751016 0.660284 0
    outer loop
      vertex 151.151 54.9651 2.8
      vertex 151.298 54.7979 5
      vertex 151.298 54.7979 2.8
    endloop
  endfacet
  facet normal 0.832604 0.553869 0
    outer loop
      vertex 151.151 54.9651 5
      vertex 151.028 55.15 2.8
      vertex 151.028 55.15 5
    endloop
  endfacet
  facet normal 0.832604 0.553869 0
    outer loop
      vertex 151.028 55.15 2.8
      vertex 151.151 54.9651 5
      vertex 151.151 54.9651 2.8
    endloop
  endfacet
  facet normal -0.832604 -0.553869 0
    outer loop
      vertex 153.972 56.85 2.8
      vertex 153.849 57.0349 5
      vertex 153.849 57.0349 2.8
    endloop
  endfacet
  facet normal -0.832604 -0.553869 0
    outer loop
      vertex 153.849 57.0349 5
      vertex 153.972 56.85 2.8
      vertex 153.972 56.85 5
    endloop
  endfacet
  facet normal -0.195251 0.980753 0
    outer loop
      vertex 152.94 54.3579 2.8
      vertex 152.722 54.3145 5
      vertex 152.94 54.3579 5
    endloop
  endfacet
  facet normal -0.195251 0.980753 0
    outer loop
      vertex 152.722 54.3145 5
      vertex 152.94 54.3579 2.8
      vertex 152.722 54.3145 2.8
    endloop
  endfacet
  facet normal -0.981113 0.193434 0
    outer loop
      vertex 154.142 55.56 2.8
      vertex 154.185 55.7781 5
      vertex 154.185 55.7781 2.8
    endloop
  endfacet
  facet normal -0.981113 0.193434 0
    outer loop
      vertex 154.185 55.7781 5
      vertex 154.142 55.56 2.8
      vertex 154.142 55.56 5
    endloop
  endfacet
  facet normal 0.947598 0.319466 0
    outer loop
      vertex 150.929 55.3494 5
      vertex 150.858 55.56 2.8
      vertex 150.858 55.56 5
    endloop
  endfacet
  facet normal 0.947598 0.319466 0
    outer loop
      vertex 150.858 55.56 2.8
      vertex 150.929 55.3494 5
      vertex 150.929 55.3494 2.8
    endloop
  endfacet
  facet normal -0.443245 0.8964 0
    outer loop
      vertex 153.35 54.5278 2.8
      vertex 153.151 54.4294 5
      vertex 153.35 54.5278 5
    endloop
  endfacet
  facet normal -0.443245 0.8964 0
    outer loop
      vertex 153.151 54.4294 5
      vertex 153.35 54.5278 2.8
      vertex 153.151 54.4294 2.8
    endloop
  endfacet
  facet normal -0.0651764 -0.997874 0
    outer loop
      vertex 152.5 57.7 2.8
      vertex 152.722 57.6855 5
      vertex 152.5 57.7 5
    endloop
  endfacet
  facet normal -0.0651764 -0.997874 -0
    outer loop
      vertex 152.722 57.6855 5
      vertex 152.5 57.7 2.8
      vertex 152.722 57.6855 2.8
    endloop
  endfacet
  facet normal 0.320937 -0.947101 0
    outer loop
      vertex 151.849 57.5706 2.8
      vertex 152.06 57.6421 5
      vertex 151.849 57.5706 5
    endloop
  endfacet
  facet normal 0.320937 -0.947101 0
    outer loop
      vertex 152.06 57.6421 5
      vertex 151.849 57.5706 2.8
      vertex 152.06 57.6421 2.8
    endloop
  endfacet
  facet normal 0.195251 -0.980753 0
    outer loop
      vertex 152.06 57.6421 2.8
      vertex 152.278 57.6855 5
      vertex 152.06 57.6421 5
    endloop
  endfacet
  facet normal 0.195251 -0.980753 0
    outer loop
      vertex 152.278 57.6855 5
      vertex 152.06 57.6421 2.8
      vertex 152.278 57.6855 2.8
    endloop
  endfacet
  facet normal -0.895681 -0.444696 0
    outer loop
      vertex 154.071 56.6506 2.8
      vertex 153.972 56.85 5
      vertex 153.972 56.85 2.8
    endloop
  endfacet
  facet normal -0.895681 -0.444696 0
    outer loop
      vertex 153.972 56.85 5
      vertex 154.071 56.6506 2.8
      vertex 154.071 56.6506 5
    endloop
  endfacet
  facet normal -0.997723 0.0674441 0
    outer loop
      vertex 154.185 55.7781 2.8
      vertex 154.2 56 5
      vertex 154.2 56 2.8
    endloop
  endfacet
  facet normal -0.997723 0.0674441 0
    outer loop
      vertex 154.2 56 5
      vertex 154.185 55.7781 2.8
      vertex 154.185 55.7781 5
    endloop
  endfacet
  facet normal -0.0651764 0.997874 0
    outer loop
      vertex 152.722 54.3145 2.8
      vertex 152.5 54.3 5
      vertex 152.722 54.3145 5
    endloop
  endfacet
  facet normal -0.0651764 0.997874 0
    outer loop
      vertex 152.5 54.3 5
      vertex 152.722 54.3145 2.8
      vertex 152.5 54.3 2.8
    endloop
  endfacet
  facet normal -0.751016 -0.660284 0
    outer loop
      vertex 153.849 57.0349 2.8
      vertex 153.702 57.2021 5
      vertex 153.702 57.2021 2.8
    endloop
  endfacet
  facet normal -0.751016 -0.660284 0
    outer loop
      vertex 153.702 57.2021 5
      vertex 153.849 57.0349 2.8
      vertex 153.849 57.0349 5
    endloop
  endfacet
  facet normal 0.997723 0.0674441 0
    outer loop
      vertex 150.815 55.7781 5
      vertex 150.8 56 2.8
      vertex 150.8 56 5
    endloop
  endfacet
  facet normal 0.997723 0.0674441 0
    outer loop
      vertex 150.8 56 2.8
      vertex 150.815 55.7781 5
      vertex 150.815 55.7781 2.8
    endloop
  endfacet
  facet normal -0.751016 0.660284 0
    outer loop
      vertex 153.702 54.7979 2.8
      vertex 153.849 54.9651 5
      vertex 153.849 54.9651 2.8
    endloop
  endfacet
  facet normal -0.751016 0.660284 0
    outer loop
      vertex 153.849 54.9651 5
      vertex 153.702 54.7979 2.8
      vertex 153.702 54.7979 5
    endloop
  endfacet
  facet normal 0.751016 -0.660284 0
    outer loop
      vertex 151.151 57.0349 5
      vertex 151.298 57.2021 2.8
      vertex 151.298 57.2021 5
    endloop
  endfacet
  facet normal 0.751016 -0.660284 0
    outer loop
      vertex 151.298 57.2021 2.8
      vertex 151.151 57.0349 5
      vertex 151.151 57.0349 2.8
    endloop
  endfacet
  facet normal 0.832604 -0.553869 0
    outer loop
      vertex 151.028 56.85 5
      vertex 151.151 57.0349 2.8
      vertex 151.151 57.0349 5
    endloop
  endfacet
  facet normal 0.832604 -0.553869 0
    outer loop
      vertex 151.151 57.0349 2.8
      vertex 151.028 56.85 5
      vertex 151.028 56.85 2.8
    endloop
  endfacet
  facet normal 0.0651764 -0.997874 0
    outer loop
      vertex 152.278 57.6855 2.8
      vertex 152.5 57.7 5
      vertex 152.278 57.6855 5
    endloop
  endfacet
  facet normal 0.0651764 -0.997874 0
    outer loop
      vertex 152.5 57.7 5
      vertex 152.278 57.6855 2.8
      vertex 152.5 57.7 2.8
    endloop
  endfacet
  facet normal 0.981113 0.193434 0
    outer loop
      vertex 150.858 55.56 5
      vertex 150.815 55.7781 2.8
      vertex 150.815 55.7781 5
    endloop
  endfacet
  facet normal 0.981113 0.193434 0
    outer loop
      vertex 150.815 55.7781 2.8
      vertex 150.858 55.56 5
      vertex 150.858 55.56 2.8
    endloop
  endfacet
  facet normal 0.320937 0.947101 -0
    outer loop
      vertex 152.06 54.3579 2.8
      vertex 151.849 54.4294 5
      vertex 152.06 54.3579 5
    endloop
  endfacet
  facet normal 0.320937 0.947101 0
    outer loop
      vertex 151.849 54.4294 5
      vertex 152.06 54.3579 2.8
      vertex 151.849 54.4294 2.8
    endloop
  endfacet
  facet normal -0.947598 -0.319466 0
    outer loop
      vertex 154.142 56.44 2.8
      vertex 154.071 56.6506 5
      vertex 154.071 56.6506 2.8
    endloop
  endfacet
  facet normal -0.947598 -0.319466 0
    outer loop
      vertex 154.071 56.6506 5
      vertex 154.142 56.44 2.8
      vertex 154.142 56.44 5
    endloop
  endfacet
  facet normal 0.443245 0.8964 -0
    outer loop
      vertex 151.849 54.4294 2.8
      vertex 151.65 54.5278 5
      vertex 151.849 54.4294 5
    endloop
  endfacet
  facet normal 0.443245 0.8964 0
    outer loop
      vertex 151.65 54.5278 5
      vertex 151.849 54.4294 2.8
      vertex 151.65 54.5278 2.8
    endloop
  endfacet
  facet normal -0.832604 0.553869 0
    outer loop
      vertex 153.849 54.9651 2.8
      vertex 153.972 55.15 5
      vertex 153.972 55.15 2.8
    endloop
  endfacet
  facet normal -0.832604 0.553869 0
    outer loop
      vertex 153.972 55.15 5
      vertex 153.849 54.9651 2.8
      vertex 153.849 54.9651 5
    endloop
  endfacet
  facet normal 0.555219 0.831704 -0
    outer loop
      vertex 151.65 54.5278 2.8
      vertex 151.465 54.6513 5
      vertex 151.65 54.5278 5
    endloop
  endfacet
  facet normal 0.555219 0.831704 0
    outer loop
      vertex 151.465 54.6513 5
      vertex 151.65 54.5278 2.8
      vertex 151.465 54.6513 2.8
    endloop
  endfacet
  facet normal 0.195251 0.980753 -0
    outer loop
      vertex 152.278 54.3145 2.8
      vertex 152.06 54.3579 5
      vertex 152.278 54.3145 5
    endloop
  endfacet
  facet normal 0.195251 0.980753 0
    outer loop
      vertex 152.06 54.3579 5
      vertex 152.278 54.3145 2.8
      vertex 152.06 54.3579 2.8
    endloop
  endfacet
  facet normal 0.895681 -0.444696 0
    outer loop
      vertex 150.929 56.6506 5
      vertex 151.028 56.85 2.8
      vertex 151.028 56.85 5
    endloop
  endfacet
  facet normal 0.895681 -0.444696 0
    outer loop
      vertex 151.028 56.85 2.8
      vertex 150.929 56.6506 5
      vertex 150.929 56.6506 2.8
    endloop
  endfacet
  facet normal 0.0651764 0.997874 -0
    outer loop
      vertex 152.5 54.3 2.8
      vertex 152.278 54.3145 5
      vertex 152.5 54.3 5
    endloop
  endfacet
  facet normal 0.0651764 0.997874 0
    outer loop
      vertex 152.278 54.3145 5
      vertex 152.5 54.3 2.8
      vertex 152.278 54.3145 2.8
    endloop
  endfacet
  facet normal 0.895681 0.444696 0
    outer loop
      vertex 151.028 55.15 5
      vertex 150.929 55.3494 2.8
      vertex 150.929 55.3494 5
    endloop
  endfacet
  facet normal 0.895681 0.444696 0
    outer loop
      vertex 150.929 55.3494 2.8
      vertex 151.028 55.15 5
      vertex 151.028 55.15 2.8
    endloop
  endfacet
  facet normal 0.997723 -0.0674441 0
    outer loop
      vertex 150.8 56 5
      vertex 150.815 56.2219 2.8
      vertex 150.815 56.2219 5
    endloop
  endfacet
  facet normal 0.997723 -0.0674441 0
    outer loop
      vertex 150.815 56.2219 2.8
      vertex 150.8 56 5
      vertex 150.8 56 2.8
    endloop
  endfacet
  facet normal 0.981113 -0.193434 0
    outer loop
      vertex 150.815 56.2219 5
      vertex 150.858 56.44 2.8
      vertex 150.858 56.44 5
    endloop
  endfacet
  facet normal 0.981113 -0.193434 0
    outer loop
      vertex 150.858 56.44 2.8
      vertex 150.815 56.2219 5
      vertex 150.815 56.2219 2.8
    endloop
  endfacet
  facet normal 0.947598 -0.319466 0
    outer loop
      vertex 150.858 56.44 5
      vertex 150.929 56.6506 2.8
      vertex 150.929 56.6506 5
    endloop
  endfacet
  facet normal 0.947598 -0.319466 0
    outer loop
      vertex 150.929 56.6506 2.8
      vertex 150.858 56.44 5
      vertex 150.858 56.44 2.8
    endloop
  endfacet
  facet normal -0.195251 -0.980753 0
    outer loop
      vertex 152.722 57.6855 2.8
      vertex 152.94 57.6421 5
      vertex 152.722 57.6855 5
    endloop
  endfacet
  facet normal -0.195251 -0.980753 -0
    outer loop
      vertex 152.94 57.6421 5
      vertex 152.722 57.6855 2.8
      vertex 152.94 57.6421 2.8
    endloop
  endfacet
  facet normal -0.659714 0.751516 0
    outer loop
      vertex 153.702 54.7979 2.8
      vertex 153.535 54.6513 5
      vertex 153.702 54.7979 5
    endloop
  endfacet
  facet normal -0.659714 0.751516 0
    outer loop
      vertex 153.535 54.6513 5
      vertex 153.702 54.7979 2.8
      vertex 153.535 54.6513 2.8
    endloop
  endfacet
  facet normal 0 -1 0
    outer loop
      vertex 201.21 14.0999 0
      vertex 204.79 14.0999 2.8
      vertex 201.21 14.0999 2.8
    endloop
  endfacet
  facet normal 0 -1 -0
    outer loop
      vertex 204.79 14.0999 2.8
      vertex 201.21 14.0999 0
      vertex 204.79 14.0999 0
    endloop
  endfacet
  facet normal -0.866113 -0.499847 0
    outer loop
      vertex 206.579 11 0
      vertex 204.79 14.0999 2.8
      vertex 204.79 14.0999 0
    endloop
  endfacet
  facet normal -0.866113 -0.499847 0
    outer loop
      vertex 204.79 14.0999 2.8
      vertex 206.579 11 0
      vertex 206.579 11 2.8
    endloop
  endfacet
  facet normal 0.866113 -0.499847 0
    outer loop
      vertex 199.421 11 2.8
      vertex 201.21 14.0999 0
      vertex 201.21 14.0999 2.8
    endloop
  endfacet
  facet normal 0.866113 -0.499847 0
    outer loop
      vertex 201.21 14.0999 0
      vertex 199.421 11 2.8
      vertex 199.421 11 0
    endloop
  endfacet
  facet normal 0.866116 0.499843 0
    outer loop
      vertex 201.21 7.90006 2.8
      vertex 199.421 11 0
      vertex 199.421 11 2.8
    endloop
  endfacet
  facet normal 0.866116 0.499843 0
    outer loop
      vertex 199.421 11 0
      vertex 201.21 7.90006 2.8
      vertex 201.21 7.90006 0
    endloop
  endfacet
  facet normal 0 0 -1
    outer loop
      vertex 204.472 10.15 2.8
      vertex 206.579 11 2.8
      vertex 204.79 7.90006 2.8
    endloop
  endfacet
  facet normal 0 0 -1
    outer loop
      vertex 204.685 11.2219 2.8
      vertex 206.579 11 2.8
      vertex 204.7 11 2.8
    endloop
  endfacet
  facet normal -0 0 -1
    outer loop
      vertex 206.579 11 2.8
      vertex 204.685 10.7781 2.8
      vertex 204.7 11 2.8
    endloop
  endfacet
  facet normal 0 0 -1
    outer loop
      vertex 206.579 11 2.8
      vertex 204.642 10.56 2.8
      vertex 204.685 10.7781 2.8
    endloop
  endfacet
  facet normal 0 0 -1
    outer loop
      vertex 206.579 11 2.8
      vertex 204.571 10.3494 2.8
      vertex 204.642 10.56 2.8
    endloop
  endfacet
  facet normal 0 0 -1
    outer loop
      vertex 206.579 11 2.8
      vertex 204.472 10.15 2.8
      vertex 204.571 10.3494 2.8
    endloop
  endfacet
  facet normal 0 0 -1
    outer loop
      vertex 204.79 7.90006 2.8
      vertex 204.349 9.96511 2.8
      vertex 204.472 10.15 2.8
    endloop
  endfacet
  facet normal 0 0 -1
    outer loop
      vertex 204.79 7.90006 2.8
      vertex 204.202 9.79792 2.8
      vertex 204.349 9.96511 2.8
    endloop
  endfacet
  facet normal 0 0 -1
    outer loop
      vertex 204.79 7.90006 2.8
      vertex 204.035 9.6513 2.8
      vertex 204.202 9.79792 2.8
    endloop
  endfacet
  facet normal 0 0 -1
    outer loop
      vertex 204.79 7.90006 2.8
      vertex 203.85 9.52776 2.8
      vertex 204.035 9.6513 2.8
    endloop
  endfacet
  facet normal 0 0 -1
    outer loop
      vertex 204.79 7.90006 2.8
      vertex 203.651 9.4294 2.8
      vertex 203.85 9.52776 2.8
    endloop
  endfacet
  facet normal 0 0 -1
    outer loop
      vertex 204.79 7.90006 2.8
      vertex 203.44 9.35793 2.8
      vertex 203.651 9.4294 2.8
    endloop
  endfacet
  facet normal 0 0 -1
    outer loop
      vertex 204.79 7.90006 2.8
      vertex 203.222 9.31454 2.8
      vertex 203.44 9.35793 2.8
    endloop
  endfacet
  facet normal 0 0 -1
    outer loop
      vertex 204.79 7.90006 2.8
      vertex 203 9.3 2.8
      vertex 203.222 9.31454 2.8
    endloop
  endfacet
  facet normal 0 0 -1
    outer loop
      vertex 201.21 7.90006 2.8
      vertex 203 9.3 2.8
      vertex 204.79 7.90006 2.8
    endloop
  endfacet
  facet normal -0 0 -1
    outer loop
      vertex 203 9.3 2.8
      vertex 201.21 7.90006 2.8
      vertex 202.778 9.31454 2.8
    endloop
  endfacet
  facet normal -0 0 -1
    outer loop
      vertex 202.778 9.31454 2.8
      vertex 201.21 7.90006 2.8
      vertex 202.56 9.35793 2.8
    endloop
  endfacet
  facet normal -0 0 -1
    outer loop
      vertex 202.56 9.35793 2.8
      vertex 201.21 7.90006 2.8
      vertex 202.349 9.4294 2.8
    endloop
  endfacet
  facet normal 0 0 -1
    outer loop
      vertex 201.358 10.56 2.8
      vertex 199.421 11 2.8
      vertex 201.315 10.7781 2.8
    endloop
  endfacet
  facet normal 0 0 -1
    outer loop
      vertex 201.429 10.3494 2.8
      vertex 199.421 11 2.8
      vertex 201.358 10.56 2.8
    endloop
  endfacet
  facet normal 0 0 -1
    outer loop
      vertex 201.528 10.15 2.8
      vertex 199.421 11 2.8
      vertex 201.429 10.3494 2.8
    endloop
  endfacet
  facet normal 0 0 -1
    outer loop
      vertex 199.421 11 2.8
      vertex 201.528 10.15 2.8
      vertex 201.21 7.90006 2.8
    endloop
  endfacet
  facet normal -0 0 -1
    outer loop
      vertex 201.651 9.96511 2.8
      vertex 201.21 7.90006 2.8
      vertex 201.528 10.15 2.8
    endloop
  endfacet
  facet normal -0 0 -1
    outer loop
      vertex 201.798 9.79792 2.8
      vertex 201.21 7.90006 2.8
      vertex 201.651 9.96511 2.8
    endloop
  endfacet
  facet normal -0 0 -1
    outer loop
      vertex 201.965 9.6513 2.8
      vertex 201.21 7.90006 2.8
      vertex 201.798 9.79792 2.8
    endloop
  endfacet
  facet normal -0 0 -1
    outer loop
      vertex 202.15 9.52776 2.8
      vertex 201.21 7.90006 2.8
      vertex 201.965 9.6513 2.8
    endloop
  endfacet
  facet normal -0 0 -1
    outer loop
      vertex 202.349 9.4294 2.8
      vertex 201.21 7.90006 2.8
      vertex 202.15 9.52776 2.8
    endloop
  endfacet
  facet normal 0 0 -1
    outer loop
      vertex 204.642 11.44 2.8
      vertex 206.579 11 2.8
      vertex 204.685 11.2219 2.8
    endloop
  endfacet
  facet normal 0 0 -1
    outer loop
      vertex 204.571 11.6506 2.8
      vertex 206.579 11 2.8
      vertex 204.642 11.44 2.8
    endloop
  endfacet
  facet normal 0 0 -1
    outer loop
      vertex 204.472 11.85 2.8
      vertex 206.579 11 2.8
      vertex 204.571 11.6506 2.8
    endloop
  endfacet
  facet normal 0 0 -1
    outer loop
      vertex 206.579 11 2.8
      vertex 204.472 11.85 2.8
      vertex 204.79 14.0999 2.8
    endloop
  endfacet
  facet normal 0 0 -1
    outer loop
      vertex 204.349 12.0349 2.8
      vertex 204.79 14.0999 2.8
      vertex 204.472 11.85 2.8
    endloop
  endfacet
  facet normal 0 0 -1
    outer loop
      vertex 204.202 12.2021 2.8
      vertex 204.79 14.0999 2.8
      vertex 204.349 12.0349 2.8
    endloop
  endfacet
  facet normal 0 0 -1
    outer loop
      vertex 204.035 12.3487 2.8
      vertex 204.79 14.0999 2.8
      vertex 204.202 12.2021 2.8
    endloop
  endfacet
  facet normal 0 0 -1
    outer loop
      vertex 203.85 12.4722 2.8
      vertex 204.79 14.0999 2.8
      vertex 204.035 12.3487 2.8
    endloop
  endfacet
  facet normal 0 0 -1
    outer loop
      vertex 203.651 12.5706 2.8
      vertex 204.79 14.0999 2.8
      vertex 203.85 12.4722 2.8
    endloop
  endfacet
  facet normal 0 0 -1
    outer loop
      vertex 203.44 12.6421 2.8
      vertex 204.79 14.0999 2.8
      vertex 203.651 12.5706 2.8
    endloop
  endfacet
  facet normal 0 0 -1
    outer loop
      vertex 203.222 12.6855 2.8
      vertex 204.79 14.0999 2.8
      vertex 203.44 12.6421 2.8
    endloop
  endfacet
  facet normal 0 0 -1
    outer loop
      vertex 203 12.7 2.8
      vertex 204.79 14.0999 2.8
      vertex 203.222 12.6855 2.8
    endloop
  endfacet
  facet normal 0 0 -1
    outer loop
      vertex 201.21 14.0999 2.8
      vertex 203 12.7 2.8
      vertex 202.778 12.6855 2.8
    endloop
  endfacet
  facet normal 0 0 -1
    outer loop
      vertex 201.21 14.0999 2.8
      vertex 202.778 12.6855 2.8
      vertex 202.56 12.6421 2.8
    endloop
  endfacet
  facet normal 0 0 -1
    outer loop
      vertex 201.21 14.0999 2.8
      vertex 202.56 12.6421 2.8
      vertex 202.349 12.5706 2.8
    endloop
  endfacet
  facet normal 0 0 -1
    outer loop
      vertex 201.21 14.0999 2.8
      vertex 202.349 12.5706 2.8
      vertex 202.15 12.4722 2.8
    endloop
  endfacet
  facet normal 0 0 -1
    outer loop
      vertex 203 12.7 2.8
      vertex 201.21 14.0999 2.8
      vertex 204.79 14.0999 2.8
    endloop
  endfacet
  facet normal 0 0 -1
    outer loop
      vertex 201.965 12.3487 2.8
      vertex 201.21 14.0999 2.8
      vertex 202.15 12.4722 2.8
    endloop
  endfacet
  facet normal 0 0 -1
    outer loop
      vertex 201.798 12.2021 2.8
      vertex 201.21 14.0999 2.8
      vertex 201.965 12.3487 2.8
    endloop
  endfacet
  facet normal 0 0 -1
    outer loop
      vertex 201.651 12.0349 2.8
      vertex 201.21 14.0999 2.8
      vertex 201.798 12.2021 2.8
    endloop
  endfacet
  facet normal 0 0 -1
    outer loop
      vertex 201.528 11.85 2.8
      vertex 201.21 14.0999 2.8
      vertex 201.651 12.0349 2.8
    endloop
  endfacet
  facet normal 0 0 -1
    outer loop
      vertex 199.421 11 2.8
      vertex 201.528 11.85 2.8
      vertex 201.429 11.6506 2.8
    endloop
  endfacet
  facet normal 0 0 -1
    outer loop
      vertex 199.421 11 2.8
      vertex 201.429 11.6506 2.8
      vertex 201.358 11.44 2.8
    endloop
  endfacet
  facet normal 0 0 -1
    outer loop
      vertex 199.421 11 2.8
      vertex 201.358 11.44 2.8
      vertex 201.315 11.2219 2.8
    endloop
  endfacet
  facet normal 0 0 -1
    outer loop
      vertex 199.421 11 2.8
      vertex 201.315 11.2219 2.8
      vertex 201.3 11 2.8
    endloop
  endfacet
  facet normal 0 0 -1
    outer loop
      vertex 201.315 10.7781 2.8
      vertex 199.421 11 2.8
      vertex 201.3 11 2.8
    endloop
  endfacet
  facet normal -0 0 -1
    outer loop
      vertex 201.528 11.85 2.8
      vertex 199.421 11 2.8
      vertex 201.21 14.0999 2.8
    endloop
  endfacet
  facet normal -0.866116 0.499843 0
    outer loop
      vertex 204.79 7.90006 0
      vertex 206.579 11 2.8
      vertex 206.579 11 0
    endloop
  endfacet
  facet normal -0.866116 0.499843 0
    outer loop
      vertex 206.579 11 2.8
      vertex 204.79 7.90006 0
      vertex 204.79 7.90006 2.8
    endloop
  endfacet
  facet normal 0 1 -0
    outer loop
      vertex 204.79 7.90006 0
      vertex 201.21 7.90006 2.8
      vertex 204.79 7.90006 2.8
    endloop
  endfacet
  facet normal 0 1 0
    outer loop
      vertex 201.21 7.90006 2.8
      vertex 204.79 7.90006 0
      vertex 201.21 7.90006 0
    endloop
  endfacet
  facet normal -0.981113 -0.193434 0
    outer loop
      vertex 204.685 11.2219 2.8
      vertex 204.642 11.44 5
      vertex 204.642 11.44 2.8
    endloop
  endfacet
  facet normal -0.981113 -0.193434 0
    outer loop
      vertex 204.642 11.44 5
      vertex 204.685 11.2219 2.8
      vertex 204.685 11.2219 5
    endloop
  endfacet
  facet normal -0.997723 -0.0674441 0
    outer loop
      vertex 204.7 11 2.8
      vertex 204.685 11.2219 5
      vertex 204.685 11.2219 2.8
    endloop
  endfacet
  facet normal -0.997723 -0.0674441 0
    outer loop
      vertex 204.685 11.2219 5
      vertex 204.7 11 2.8
      vertex 204.7 11 5
    endloop
  endfacet
  facet normal 0.443245 -0.8964 0
    outer loop
      vertex 202.15 12.4722 2.8
      vertex 202.349 12.5706 5
      vertex 202.15 12.4722 5
    endloop
  endfacet
  facet normal 0.443245 -0.8964 0
    outer loop
      vertex 202.349 12.5706 5
      vertex 202.15 12.4722 2.8
      vertex 202.349 12.5706 2.8
    endloop
  endfacet
  facet normal -0.555219 -0.831704 0
    outer loop
      vertex 203.85 12.4722 2.8
      vertex 204.035 12.3487 5
      vertex 203.85 12.4722 5
    endloop
  endfacet
  facet normal -0.555219 -0.831704 -0
    outer loop
      vertex 204.035 12.3487 5
      vertex 203.85 12.4722 2.8
      vertex 204.035 12.3487 2.8
    endloop
  endfacet
  facet normal 0.659714 -0.751516 0
    outer loop
      vertex 201.798 12.2021 2.8
      vertex 201.965 12.3487 5
      vertex 201.798 12.2021 5
    endloop
  endfacet
  facet normal 0.659714 -0.751516 0
    outer loop
      vertex 201.965 12.3487 5
      vertex 201.798 12.2021 2.8
      vertex 201.965 12.3487 2.8
    endloop
  endfacet
  facet normal -0.320816 0.947141 0
    outer loop
      vertex 203.651 9.4294 2.8
      vertex 203.44 9.35793 5
      vertex 203.651 9.4294 5
    endloop
  endfacet
  facet normal -0.320816 0.947141 0
    outer loop
      vertex 203.44 9.35793 5
      vertex 203.651 9.4294 2.8
      vertex 203.44 9.35793 2.8
    endloop
  endfacet
  facet normal -0.947598 0.319466 0
    outer loop
      vertex 204.571 10.3494 2.8
      vertex 204.642 10.56 5
      vertex 204.642 10.56 2.8
    endloop
  endfacet
  facet normal -0.947598 0.319466 0
    outer loop
      vertex 204.642 10.56 5
      vertex 204.571 10.3494 2.8
      vertex 204.571 10.3494 5
    endloop
  endfacet
  facet normal -0.320937 -0.947101 0
    outer loop
      vertex 203.44 12.6421 2.8
      vertex 203.651 12.5706 5
      vertex 203.44 12.6421 5
    endloop
  endfacet
  facet normal -0.320937 -0.947101 -0
    outer loop
      vertex 203.651 12.5706 5
      vertex 203.44 12.6421 2.8
      vertex 203.651 12.5706 2.8
    endloop
  endfacet
  facet normal 0.555219 -0.831704 0
    outer loop
      vertex 201.965 12.3487 2.8
      vertex 202.15 12.4722 5
      vertex 201.965 12.3487 5
    endloop
  endfacet
  facet normal 0.555219 -0.831704 0
    outer loop
      vertex 202.15 12.4722 5
      vertex 201.965 12.3487 2.8
      vertex 202.15 12.4722 2.8
    endloop
  endfacet
  facet normal -0.895681 0.444696 0
    outer loop
      vertex 204.472 10.15 2.8
      vertex 204.571 10.3494 5
      vertex 204.571 10.3494 2.8
    endloop
  endfacet
  facet normal -0.895681 0.444696 0
    outer loop
      vertex 204.571 10.3494 5
      vertex 204.472 10.15 2.8
      vertex 204.472 10.15 5
    endloop
  endfacet
  facet normal -0.659714 -0.751516 0
    outer loop
      vertex 204.035 12.3487 2.8
      vertex 204.202 12.2021 5
      vertex 204.035 12.3487 5
    endloop
  endfacet
  facet normal -0.659714 -0.751516 -0
    outer loop
      vertex 204.202 12.2021 5
      vertex 204.035 12.3487 2.8
      vertex 204.202 12.2021 2.8
    endloop
  endfacet
  facet normal -0.555343 0.831621 0
    outer loop
      vertex 204.035 9.6513 2.8
      vertex 203.85 9.52776 5
      vertex 204.035 9.6513 5
    endloop
  endfacet
  facet normal -0.555343 0.831621 0
    outer loop
      vertex 203.85 9.52776 5
      vertex 204.035 9.6513 2.8
      vertex 203.85 9.52776 2.8
    endloop
  endfacet
  facet normal -0.443245 -0.8964 0
    outer loop
      vertex 203.651 12.5706 2.8
      vertex 203.85 12.4722 5
      vertex 203.651 12.5706 5
    endloop
  endfacet
  facet normal -0.443245 -0.8964 -0
    outer loop
      vertex 203.85 12.4722 5
      vertex 203.651 12.5706 2.8
      vertex 203.85 12.4722 2.8
    endloop
  endfacet
  facet normal 0.997723 -0.0674441 0
    outer loop
      vertex 201.3 11 5
      vertex 201.315 11.2219 2.8
      vertex 201.315 11.2219 5
    endloop
  endfacet
  facet normal 0.997723 -0.0674441 0
    outer loop
      vertex 201.315 11.2219 2.8
      vertex 201.3 11 5
      vertex 201.3 11 2.8
    endloop
  endfacet
  facet normal 0.659765 0.751472 -0
    outer loop
      vertex 201.965 9.6513 2.8
      vertex 201.798 9.79792 5
      vertex 201.965 9.6513 5
    endloop
  endfacet
  facet normal 0.659765 0.751472 0
    outer loop
      vertex 201.798 9.79792 5
      vertex 201.965 9.6513 2.8
      vertex 201.798 9.79792 2.8
    endloop
  endfacet
  facet normal 0.750997 0.660306 0
    outer loop
      vertex 201.798 9.79792 5
      vertex 201.651 9.96511 2.8
      vertex 201.651 9.96511 5
    endloop
  endfacet
  facet normal 0.750997 0.660306 0
    outer loop
      vertex 201.651 9.96511 2.8
      vertex 201.798 9.79792 5
      vertex 201.798 9.79792 2.8
    endloop
  endfacet
  facet normal 0.83259 0.553889 0
    outer loop
      vertex 201.651 9.96511 5
      vertex 201.528 10.15 2.8
      vertex 201.528 10.15 5
    endloop
  endfacet
  facet normal 0.83259 0.553889 0
    outer loop
      vertex 201.528 10.15 2.8
      vertex 201.651 9.96511 5
      vertex 201.651 9.96511 2.8
    endloop
  endfacet
  facet normal -0.832604 -0.553869 0
    outer loop
      vertex 204.472 11.85 2.8
      vertex 204.349 12.0349 5
      vertex 204.349 12.0349 2.8
    endloop
  endfacet
  facet normal -0.832604 -0.553869 0
    outer loop
      vertex 204.349 12.0349 5
      vertex 204.472 11.85 2.8
      vertex 204.472 11.85 5
    endloop
  endfacet
  facet normal -0.195208 0.980762 0
    outer loop
      vertex 203.44 9.35793 2.8
      vertex 203.222 9.31454 5
      vertex 203.44 9.35793 5
    endloop
  endfacet
  facet normal -0.195208 0.980762 0
    outer loop
      vertex 203.222 9.31454 5
      vertex 203.44 9.35793 2.8
      vertex 203.222 9.31454 2.8
    endloop
  endfacet
  facet normal -0.981113 0.193434 0
    outer loop
      vertex 204.642 10.56 2.8
      vertex 204.685 10.7781 5
      vertex 204.685 10.7781 2.8
    endloop
  endfacet
  facet normal -0.981113 0.193434 0
    outer loop
      vertex 204.685 10.7781 5
      vertex 204.642 10.56 2.8
      vertex 204.642 10.56 5
    endloop
  endfacet
  facet normal 0.947598 0.319466 0
    outer loop
      vertex 201.429 10.3494 5
      vertex 201.358 10.56 2.8
      vertex 201.358 10.56 5
    endloop
  endfacet
  facet normal 0.947598 0.319466 0
    outer loop
      vertex 201.358 10.56 2.8
      vertex 201.429 10.3494 5
      vertex 201.429 10.3494 2.8
    endloop
  endfacet
  facet normal -0.4431 0.896472 0
    outer loop
      vertex 203.85 9.52776 2.8
      vertex 203.651 9.4294 5
      vertex 203.85 9.52776 5
    endloop
  endfacet
  facet normal -0.4431 0.896472 0
    outer loop
      vertex 203.651 9.4294 5
      vertex 203.85 9.52776 2.8
      vertex 203.651 9.4294 2.8
    endloop
  endfacet
  facet normal -0.0651764 -0.997874 0
    outer loop
      vertex 203 12.7 2.8
      vertex 203.222 12.6855 5
      vertex 203 12.7 5
    endloop
  endfacet
  facet normal -0.0651764 -0.997874 -0
    outer loop
      vertex 203.222 12.6855 5
      vertex 203 12.7 2.8
      vertex 203.222 12.6855 2.8
    endloop
  endfacet
  facet normal 0.320937 -0.947101 0
    outer loop
      vertex 202.349 12.5706 2.8
      vertex 202.56 12.6421 5
      vertex 202.349 12.5706 5
    endloop
  endfacet
  facet normal 0.320937 -0.947101 0
    outer loop
      vertex 202.56 12.6421 5
      vertex 202.349 12.5706 2.8
      vertex 202.56 12.6421 2.8
    endloop
  endfacet
  facet normal 0.195251 -0.980753 0
    outer loop
      vertex 202.56 12.6421 2.8
      vertex 202.778 12.6855 5
      vertex 202.56 12.6421 5
    endloop
  endfacet
  facet normal 0.195251 -0.980753 0
    outer loop
      vertex 202.778 12.6855 5
      vertex 202.56 12.6421 2.8
      vertex 202.778 12.6855 2.8
    endloop
  endfacet
  facet normal -0.895681 -0.444696 0
    outer loop
      vertex 204.571 11.6506 2.8
      vertex 204.472 11.85 5
      vertex 204.472 11.85 2.8
    endloop
  endfacet
  facet normal -0.895681 -0.444696 0
    outer loop
      vertex 204.472 11.85 5
      vertex 204.571 11.6506 2.8
      vertex 204.571 11.6506 5
    endloop
  endfacet
  facet normal -0.997723 0.0674441 0
    outer loop
      vertex 204.685 10.7781 2.8
      vertex 204.7 11 5
      vertex 204.7 11 2.8
    endloop
  endfacet
  facet normal -0.997723 0.0674441 0
    outer loop
      vertex 204.7 11 5
      vertex 204.685 10.7781 2.8
      vertex 204.685 10.7781 5
    endloop
  endfacet
  facet normal -0.0653555 0.997862 0
    outer loop
      vertex 203.222 9.31454 2.8
      vertex 203 9.3 5
      vertex 203.222 9.31454 5
    endloop
  endfacet
  facet normal -0.0653555 0.997862 0
    outer loop
      vertex 203 9.3 5
      vertex 203.222 9.31454 2.8
      vertex 203 9.3 2.8
    endloop
  endfacet
  facet normal -0.751016 -0.660284 0
    outer loop
      vertex 204.349 12.0349 2.8
      vertex 204.202 12.2021 5
      vertex 204.202 12.2021 2.8
    endloop
  endfacet
  facet normal -0.751016 -0.660284 0
    outer loop
      vertex 204.202 12.2021 5
      vertex 204.349 12.0349 2.8
      vertex 204.349 12.0349 5
    endloop
  endfacet
  facet normal 0.997723 0.0674441 0
    outer loop
      vertex 201.315 10.7781 5
      vertex 201.3 11 2.8
      vertex 201.3 11 5
    endloop
  endfacet
  facet normal 0.997723 0.0674441 0
    outer loop
      vertex 201.3 11 2.8
      vertex 201.315 10.7781 5
      vertex 201.315 10.7781 2.8
    endloop
  endfacet
  facet normal -0.750997 0.660306 0
    outer loop
      vertex 204.202 9.79792 2.8
      vertex 204.349 9.96511 5
      vertex 204.349 9.96511 2.8
    endloop
  endfacet
  facet normal -0.750997 0.660306 0
    outer loop
      vertex 204.349 9.96511 5
      vertex 204.202 9.79792 2.8
      vertex 204.202 9.79792 5
    endloop
  endfacet
  facet normal 0.751016 -0.660284 0
    outer loop
      vertex 201.651 12.0349 5
      vertex 201.798 12.2021 2.8
      vertex 201.798 12.2021 5
    endloop
  endfacet
  facet normal 0.751016 -0.660284 0
    outer loop
      vertex 201.798 12.2021 2.8
      vertex 201.651 12.0349 5
      vertex 201.651 12.0349 2.8
    endloop
  endfacet
  facet normal 0.832604 -0.553869 0
    outer loop
      vertex 201.528 11.85 5
      vertex 201.651 12.0349 2.8
      vertex 201.651 12.0349 5
    endloop
  endfacet
  facet normal 0.832604 -0.553869 0
    outer loop
      vertex 201.651 12.0349 2.8
      vertex 201.528 11.85 5
      vertex 201.528 11.85 2.8
    endloop
  endfacet
  facet normal 0.0651764 -0.997874 0
    outer loop
      vertex 202.778 12.6855 2.8
      vertex 203 12.7 5
      vertex 202.778 12.6855 5
    endloop
  endfacet
  facet normal 0.0651764 -0.997874 0
    outer loop
      vertex 203 12.7 5
      vertex 202.778 12.6855 2.8
      vertex 203 12.7 2.8
    endloop
  endfacet
  facet normal 0.981113 0.193434 0
    outer loop
      vertex 201.358 10.56 5
      vertex 201.315 10.7781 2.8
      vertex 201.315 10.7781 5
    endloop
  endfacet
  facet normal 0.981113 0.193434 0
    outer loop
      vertex 201.315 10.7781 2.8
      vertex 201.358 10.56 5
      vertex 201.358 10.56 2.8
    endloop
  endfacet
  facet normal 0.320816 0.947141 -0
    outer loop
      vertex 202.56 9.35793 2.8
      vertex 202.349 9.4294 5
      vertex 202.56 9.35793 5
    endloop
  endfacet
  facet normal 0.320816 0.947141 0
    outer loop
      vertex 202.349 9.4294 5
      vertex 202.56 9.35793 2.8
      vertex 202.349 9.4294 2.8
    endloop
  endfacet
  facet normal -0.947598 -0.319466 0
    outer loop
      vertex 204.642 11.44 2.8
      vertex 204.571 11.6506 5
      vertex 204.571 11.6506 2.8
    endloop
  endfacet
  facet normal -0.947598 -0.319466 0
    outer loop
      vertex 204.571 11.6506 5
      vertex 204.642 11.44 2.8
      vertex 204.642 11.44 5
    endloop
  endfacet
  facet normal 0.4431 0.896472 -0
    outer loop
      vertex 202.349 9.4294 2.8
      vertex 202.15 9.52776 5
      vertex 202.349 9.4294 5
    endloop
  endfacet
  facet normal 0.4431 0.896472 0
    outer loop
      vertex 202.15 9.52776 5
      vertex 202.349 9.4294 2.8
      vertex 202.15 9.52776 2.8
    endloop
  endfacet
  facet normal -0.83259 0.553889 0
    outer loop
      vertex 204.349 9.96511 2.8
      vertex 204.472 10.15 5
      vertex 204.472 10.15 2.8
    endloop
  endfacet
  facet normal -0.83259 0.553889 0
    outer loop
      vertex 204.472 10.15 5
      vertex 204.349 9.96511 2.8
      vertex 204.349 9.96511 5
    endloop
  endfacet
  facet normal 0.555343 0.831621 -0
    outer loop
      vertex 202.15 9.52776 2.8
      vertex 201.965 9.6513 5
      vertex 202.15 9.52776 5
    endloop
  endfacet
  facet normal 0.555343 0.831621 0
    outer loop
      vertex 201.965 9.6513 5
      vertex 202.15 9.52776 2.8
      vertex 201.965 9.6513 2.8
    endloop
  endfacet
  facet normal 0.0653555 0.997862 -0
    outer loop
      vertex 203 9.3 2.8
      vertex 202.778 9.31454 5
      vertex 203 9.3 5
    endloop
  endfacet
  facet normal 0.0653555 0.997862 0
    outer loop
      vertex 202.778 9.31454 5
      vertex 203 9.3 2.8
      vertex 202.778 9.31454 2.8
    endloop
  endfacet
  facet normal 0.195208 0.980762 -0
    outer loop
      vertex 202.778 9.31454 2.8
      vertex 202.56 9.35793 5
      vertex 202.778 9.31454 5
    endloop
  endfacet
  facet normal 0.195208 0.980762 0
    outer loop
      vertex 202.56 9.35793 5
      vertex 202.778 9.31454 2.8
      vertex 202.56 9.35793 2.8
    endloop
  endfacet
  facet normal 0.895681 -0.444696 0
    outer loop
      vertex 201.429 11.6506 5
      vertex 201.528 11.85 2.8
      vertex 201.528 11.85 5
    endloop
  endfacet
  facet normal 0.895681 -0.444696 0
    outer loop
      vertex 201.528 11.85 2.8
      vertex 201.429 11.6506 5
      vertex 201.429 11.6506 2.8
    endloop
  endfacet
  facet normal 0.895681 0.444696 0
    outer loop
      vertex 201.528 10.15 5
      vertex 201.429 10.3494 2.8
      vertex 201.429 10.3494 5
    endloop
  endfacet
  facet normal 0.895681 0.444696 0
    outer loop
      vertex 201.429 10.3494 2.8
      vertex 201.528 10.15 5
      vertex 201.528 10.15 2.8
    endloop
  endfacet
  facet normal 0.981113 -0.193434 0
    outer loop
      vertex 201.315 11.2219 5
      vertex 201.358 11.44 2.8
      vertex 201.358 11.44 5
    endloop
  endfacet
  facet normal 0.981113 -0.193434 0
    outer loop
      vertex 201.358 11.44 2.8
      vertex 201.315 11.2219 5
      vertex 201.315 11.2219 2.8
    endloop
  endfacet
  facet normal 0.947598 -0.319466 0
    outer loop
      vertex 201.358 11.44 5
      vertex 201.429 11.6506 2.8
      vertex 201.429 11.6506 5
    endloop
  endfacet
  facet normal 0.947598 -0.319466 0
    outer loop
      vertex 201.429 11.6506 2.8
      vertex 201.358 11.44 5
      vertex 201.358 11.44 2.8
    endloop
  endfacet
  facet normal -0.195251 -0.980753 0
    outer loop
      vertex 203.222 12.6855 2.8
      vertex 203.44 12.6421 5
      vertex 203.222 12.6855 5
    endloop
  endfacet
  facet normal -0.195251 -0.980753 -0
    outer loop
      vertex 203.44 12.6421 5
      vertex 203.222 12.6855 2.8
      vertex 203.44 12.6421 2.8
    endloop
  endfacet
  facet normal -0.659765 0.751472 0
    outer loop
      vertex 204.202 9.79792 2.8
      vertex 204.035 9.6513 5
      vertex 204.202 9.79792 5
    endloop
  endfacet
  facet normal -0.659765 0.751472 0
    outer loop
      vertex 204.035 9.6513 5
      vertex 204.202 9.79792 2.8
      vertex 204.035 9.6513 2.8
    endloop
  endfacet
  facet normal 0 -1 0
    outer loop
      vertex 201.21 72.0999 0
      vertex 204.79 72.0999 2.8
      vertex 201.21 72.0999 2.8
    endloop
  endfacet
  facet normal 0 -1 -0
    outer loop
      vertex 204.79 72.0999 2.8
      vertex 201.21 72.0999 0
      vertex 204.79 72.0999 0
    endloop
  endfacet
  facet normal -0.866113 -0.499847 0
    outer loop
      vertex 206.579 69 0
      vertex 204.79 72.0999 2.8
      vertex 204.79 72.0999 0
    endloop
  endfacet
  facet normal -0.866113 -0.499847 0
    outer loop
      vertex 204.79 72.0999 2.8
      vertex 206.579 69 0
      vertex 206.579 69 2.8
    endloop
  endfacet
  facet normal 0.866113 -0.499847 0
    outer loop
      vertex 199.421 69 2.8
      vertex 201.21 72.0999 0
      vertex 201.21 72.0999 2.8
    endloop
  endfacet
  facet normal 0.866113 -0.499847 0
    outer loop
      vertex 201.21 72.0999 0
      vertex 199.421 69 2.8
      vertex 199.421 69 0
    endloop
  endfacet
  facet normal 0.866113 0.499847 0
    outer loop
      vertex 201.21 65.9001 2.8
      vertex 199.421 69 0
      vertex 199.421 69 2.8
    endloop
  endfacet
  facet normal 0.866113 0.499847 0
    outer loop
      vertex 199.421 69 0
      vertex 201.21 65.9001 2.8
      vertex 201.21 65.9001 0
    endloop
  endfacet
  facet normal 0 0 -1
    outer loop
      vertex 204.472 68.15 2.8
      vertex 206.579 69 2.8
      vertex 204.79 65.9001 2.8
    endloop
  endfacet
  facet normal 0 0 -1
    outer loop
      vertex 204.685 69.2219 2.8
      vertex 206.579 69 2.8
      vertex 204.7 69 2.8
    endloop
  endfacet
  facet normal -0 0 -1
    outer loop
      vertex 206.579 69 2.8
      vertex 204.685 68.7781 2.8
      vertex 204.7 69 2.8
    endloop
  endfacet
  facet normal 0 0 -1
    outer loop
      vertex 206.579 69 2.8
      vertex 204.642 68.56 2.8
      vertex 204.685 68.7781 2.8
    endloop
  endfacet
  facet normal 0 0 -1
    outer loop
      vertex 206.579 69 2.8
      vertex 204.571 68.3494 2.8
      vertex 204.642 68.56 2.8
    endloop
  endfacet
  facet normal 0 0 -1
    outer loop
      vertex 206.579 69 2.8
      vertex 204.472 68.15 2.8
      vertex 204.571 68.3494 2.8
    endloop
  endfacet
  facet normal 0 0 -1
    outer loop
      vertex 204.79 65.9001 2.8
      vertex 204.349 67.9651 2.8
      vertex 204.472 68.15 2.8
    endloop
  endfacet
  facet normal 0 0 -1
    outer loop
      vertex 204.79 65.9001 2.8
      vertex 204.202 67.7979 2.8
      vertex 204.349 67.9651 2.8
    endloop
  endfacet
  facet normal 0 0 -1
    outer loop
      vertex 204.79 65.9001 2.8
      vertex 204.035 67.6513 2.8
      vertex 204.202 67.7979 2.8
    endloop
  endfacet
  facet normal 0 0 -1
    outer loop
      vertex 204.79 65.9001 2.8
      vertex 203.85 67.5278 2.8
      vertex 204.035 67.6513 2.8
    endloop
  endfacet
  facet normal 0 0 -1
    outer loop
      vertex 204.79 65.9001 2.8
      vertex 203.651 67.4294 2.8
      vertex 203.85 67.5278 2.8
    endloop
  endfacet
  facet normal 0 0 -1
    outer loop
      vertex 204.79 65.9001 2.8
      vertex 203.44 67.3579 2.8
      vertex 203.651 67.4294 2.8
    endloop
  endfacet
  facet normal 0 0 -1
    outer loop
      vertex 204.79 65.9001 2.8
      vertex 203.222 67.3145 2.8
      vertex 203.44 67.3579 2.8
    endloop
  endfacet
  facet normal 0 0 -1
    outer loop
      vertex 204.79 65.9001 2.8
      vertex 203 67.3 2.8
      vertex 203.222 67.3145 2.8
    endloop
  endfacet
  facet normal 0 0 -1
    outer loop
      vertex 201.21 65.9001 2.8
      vertex 203 67.3 2.8
      vertex 204.79 65.9001 2.8
    endloop
  endfacet
  facet normal -0 0 -1
    outer loop
      vertex 203 67.3 2.8
      vertex 201.21 65.9001 2.8
      vertex 202.778 67.3145 2.8
    endloop
  endfacet
  facet normal -0 0 -1
    outer loop
      vertex 202.778 67.3145 2.8
      vertex 201.21 65.9001 2.8
      vertex 202.56 67.3579 2.8
    endloop
  endfacet
  facet normal -0 0 -1
    outer loop
      vertex 202.56 67.3579 2.8
      vertex 201.21 65.9001 2.8
      vertex 202.349 67.4294 2.8
    endloop
  endfacet
  facet normal 0 0 -1
    outer loop
      vertex 201.358 68.56 2.8
      vertex 199.421 69 2.8
      vertex 201.315 68.7781 2.8
    endloop
  endfacet
  facet normal 0 0 -1
    outer loop
      vertex 201.429 68.3494 2.8
      vertex 199.421 69 2.8
      vertex 201.358 68.56 2.8
    endloop
  endfacet
  facet normal 0 0 -1
    outer loop
      vertex 201.528 68.15 2.8
      vertex 199.421 69 2.8
      vertex 201.429 68.3494 2.8
    endloop
  endfacet
  facet normal 0 0 -1
    outer loop
      vertex 199.421 69 2.8
      vertex 201.528 68.15 2.8
      vertex 201.21 65.9001 2.8
    endloop
  endfacet
  facet normal -0 0 -1
    outer loop
      vertex 201.651 67.9651 2.8
      vertex 201.21 65.9001 2.8
      vertex 201.528 68.15 2.8
    endloop
  endfacet
  facet normal -0 0 -1
    outer loop
      vertex 201.798 67.7979 2.8
      vertex 201.21 65.9001 2.8
      vertex 201.651 67.9651 2.8
    endloop
  endfacet
  facet normal -0 0 -1
    outer loop
      vertex 201.965 67.6513 2.8
      vertex 201.21 65.9001 2.8
      vertex 201.798 67.7979 2.8
    endloop
  endfacet
  facet normal -0 0 -1
    outer loop
      vertex 202.15 67.5278 2.8
      vertex 201.21 65.9001 2.8
      vertex 201.965 67.6513 2.8
    endloop
  endfacet
  facet normal -0 0 -1
    outer loop
      vertex 202.349 67.4294 2.8
      vertex 201.21 65.9001 2.8
      vertex 202.15 67.5278 2.8
    endloop
  endfacet
  facet normal 0 0 -1
    outer loop
      vertex 204.642 69.44 2.8
      vertex 206.579 69 2.8
      vertex 204.685 69.2219 2.8
    endloop
  endfacet
  facet normal 0 0 -1
    outer loop
      vertex 204.571 69.6506 2.8
      vertex 206.579 69 2.8
      vertex 204.642 69.44 2.8
    endloop
  endfacet
  facet normal 0 0 -1
    outer loop
      vertex 204.472 69.85 2.8
      vertex 206.579 69 2.8
      vertex 204.571 69.6506 2.8
    endloop
  endfacet
  facet normal 0 0 -1
    outer loop
      vertex 206.579 69 2.8
      vertex 204.472 69.85 2.8
      vertex 204.79 72.0999 2.8
    endloop
  endfacet
  facet normal 0 0 -1
    outer loop
      vertex 204.349 70.0349 2.8
      vertex 204.79 72.0999 2.8
      vertex 204.472 69.85 2.8
    endloop
  endfacet
  facet normal 0 0 -1
    outer loop
      vertex 204.202 70.2021 2.8
      vertex 204.79 72.0999 2.8
      vertex 204.349 70.0349 2.8
    endloop
  endfacet
  facet normal 0 0 -1
    outer loop
      vertex 204.035 70.3487 2.8
      vertex 204.79 72.0999 2.8
      vertex 204.202 70.2021 2.8
    endloop
  endfacet
  facet normal 0 0 -1
    outer loop
      vertex 203.85 70.4722 2.8
      vertex 204.79 72.0999 2.8
      vertex 204.035 70.3487 2.8
    endloop
  endfacet
  facet normal 0 0 -1
    outer loop
      vertex 203.651 70.5706 2.8
      vertex 204.79 72.0999 2.8
      vertex 203.85 70.4722 2.8
    endloop
  endfacet
  facet normal 0 0 -1
    outer loop
      vertex 203.44 70.6421 2.8
      vertex 204.79 72.0999 2.8
      vertex 203.651 70.5706 2.8
    endloop
  endfacet
  facet normal 0 0 -1
    outer loop
      vertex 203.222 70.6855 2.8
      vertex 204.79 72.0999 2.8
      vertex 203.44 70.6421 2.8
    endloop
  endfacet
  facet normal 0 0 -1
    outer loop
      vertex 203 70.7 2.8
      vertex 204.79 72.0999 2.8
      vertex 203.222 70.6855 2.8
    endloop
  endfacet
  facet normal 0 0 -1
    outer loop
      vertex 201.21 72.0999 2.8
      vertex 203 70.7 2.8
      vertex 202.778 70.6855 2.8
    endloop
  endfacet
  facet normal 0 0 -1
    outer loop
      vertex 201.21 72.0999 2.8
      vertex 202.778 70.6855 2.8
      vertex 202.56 70.6421 2.8
    endloop
  endfacet
  facet normal 0 0 -1
    outer loop
      vertex 201.21 72.0999 2.8
      vertex 202.56 70.6421 2.8
      vertex 202.349 70.5706 2.8
    endloop
  endfacet
  facet normal 0 0 -1
    outer loop
      vertex 201.21 72.0999 2.8
      vertex 202.349 70.5706 2.8
      vertex 202.15 70.4722 2.8
    endloop
  endfacet
  facet normal 0 0 -1
    outer loop
      vertex 203 70.7 2.8
      vertex 201.21 72.0999 2.8
      vertex 204.79 72.0999 2.8
    endloop
  endfacet
  facet normal 0 0 -1
    outer loop
      vertex 201.965 70.3487 2.8
      vertex 201.21 72.0999 2.8
      vertex 202.15 70.4722 2.8
    endloop
  endfacet
  facet normal 0 0 -1
    outer loop
      vertex 201.798 70.2021 2.8
      vertex 201.21 72.0999 2.8
      vertex 201.965 70.3487 2.8
    endloop
  endfacet
  facet normal 0 0 -1
    outer loop
      vertex 201.651 70.0349 2.8
      vertex 201.21 72.0999 2.8
      vertex 201.798 70.2021 2.8
    endloop
  endfacet
  facet normal 0 0 -1
    outer loop
      vertex 201.528 69.85 2.8
      vertex 201.21 72.0999 2.8
      vertex 201.651 70.0349 2.8
    endloop
  endfacet
  facet normal 0 0 -1
    outer loop
      vertex 199.421 69 2.8
      vertex 201.528 69.85 2.8
      vertex 201.429 69.6506 2.8
    endloop
  endfacet
  facet normal 0 0 -1
    outer loop
      vertex 199.421 69 2.8
      vertex 201.429 69.6506 2.8
      vertex 201.358 69.44 2.8
    endloop
  endfacet
  facet normal 0 0 -1
    outer loop
      vertex 199.421 69 2.8
      vertex 201.358 69.44 2.8
      vertex 201.315 69.2219 2.8
    endloop
  endfacet
  facet normal 0 0 -1
    outer loop
      vertex 199.421 69 2.8
      vertex 201.315 69.2219 2.8
      vertex 201.3 69 2.8
    endloop
  endfacet
  facet normal 0 0 -1
    outer loop
      vertex 201.315 68.7781 2.8
      vertex 199.421 69 2.8
      vertex 201.3 69 2.8
    endloop
  endfacet
  facet normal -0 0 -1
    outer loop
      vertex 201.528 69.85 2.8
      vertex 199.421 69 2.8
      vertex 201.21 72.0999 2.8
    endloop
  endfacet
  facet normal -0.866113 0.499847 0
    outer loop
      vertex 204.79 65.9001 0
      vertex 206.579 69 2.8
      vertex 206.579 69 0
    endloop
  endfacet
  facet normal -0.866113 0.499847 0
    outer loop
      vertex 206.579 69 2.8
      vertex 204.79 65.9001 0
      vertex 204.79 65.9001 2.8
    endloop
  endfacet
  facet normal 0 1 -0
    outer loop
      vertex 204.79 65.9001 0
      vertex 201.21 65.9001 2.8
      vertex 204.79 65.9001 2.8
    endloop
  endfacet
  facet normal 0 1 0
    outer loop
      vertex 201.21 65.9001 2.8
      vertex 204.79 65.9001 0
      vertex 201.21 65.9001 0
    endloop
  endfacet
  facet normal -0.555219 -0.831704 0
    outer loop
      vertex 203.85 70.4722 2.8
      vertex 204.035 70.3487 5
      vertex 203.85 70.4722 5
    endloop
  endfacet
  facet normal -0.555219 -0.831704 -0
    outer loop
      vertex 204.035 70.3487 5
      vertex 203.85 70.4722 2.8
      vertex 204.035 70.3487 2.8
    endloop
  endfacet
  facet normal -0.320937 -0.947101 0
    outer loop
      vertex 203.44 70.6421 2.8
      vertex 203.651 70.5706 5
      vertex 203.44 70.6421 5
    endloop
  endfacet
  facet normal -0.320937 -0.947101 -0
    outer loop
      vertex 203.651 70.5706 5
      vertex 203.44 70.6421 2.8
      vertex 203.651 70.5706 2.8
    endloop
  endfacet
  facet normal -0.832604 -0.553869 0
    outer loop
      vertex 204.472 69.85 2.8
      vertex 204.349 70.0349 5
      vertex 204.349 70.0349 2.8
    endloop
  endfacet
  facet normal -0.832604 -0.553869 0
    outer loop
      vertex 204.349 70.0349 5
      vertex 204.472 69.85 2.8
      vertex 204.472 69.85 5
    endloop
  endfacet
  facet normal -0.947598 -0.319466 0
    outer loop
      vertex 204.642 69.44 2.8
      vertex 204.571 69.6506 5
      vertex 204.571 69.6506 2.8
    endloop
  endfacet
  facet normal -0.947598 -0.319466 0
    outer loop
      vertex 204.571 69.6506 5
      vertex 204.642 69.44 2.8
      vertex 204.642 69.44 5
    endloop
  endfacet
  facet normal -0.0651764 0.997874 0
    outer loop
      vertex 203.222 67.3145 2.8
      vertex 203 67.3 5
      vertex 203.222 67.3145 5
    endloop
  endfacet
  facet normal -0.0651764 0.997874 0
    outer loop
      vertex 203 67.3 5
      vertex 203.222 67.3145 2.8
      vertex 203 67.3 2.8
    endloop
  endfacet
  facet normal 0.997723 -0.0674441 0
    outer loop
      vertex 201.3 69 5
      vertex 201.315 69.2219 2.8
      vertex 201.315 69.2219 5
    endloop
  endfacet
  facet normal 0.997723 -0.0674441 0
    outer loop
      vertex 201.315 69.2219 2.8
      vertex 201.3 69 5
      vertex 201.3 69 2.8
    endloop
  endfacet
  facet normal -0.997723 -0.0674441 0
    outer loop
      vertex 204.7 69 2.8
      vertex 204.685 69.2219 5
      vertex 204.685 69.2219 2.8
    endloop
  endfacet
  facet normal -0.997723 -0.0674441 0
    outer loop
      vertex 204.685 69.2219 5
      vertex 204.7 69 2.8
      vertex 204.7 69 5
    endloop
  endfacet
  facet normal 0.981113 0.193434 0
    outer loop
      vertex 201.358 68.56 5
      vertex 201.315 68.7781 2.8
      vertex 201.315 68.7781 5
    endloop
  endfacet
  facet normal 0.981113 0.193434 0
    outer loop
      vertex 201.315 68.7781 2.8
      vertex 201.358 68.56 5
      vertex 201.358 68.56 2.8
    endloop
  endfacet
  facet normal -0.659714 0.751516 0
    outer loop
      vertex 204.202 67.7979 2.8
      vertex 204.035 67.6513 5
      vertex 204.202 67.7979 5
    endloop
  endfacet
  facet normal -0.659714 0.751516 0
    outer loop
      vertex 204.035 67.6513 5
      vertex 204.202 67.7979 2.8
      vertex 204.035 67.6513 2.8
    endloop
  endfacet
  facet normal -0.0651764 -0.997874 0
    outer loop
      vertex 203 70.7 2.8
      vertex 203.222 70.6855 5
      vertex 203 70.7 5
    endloop
  endfacet
  facet normal -0.0651764 -0.997874 -0
    outer loop
      vertex 203.222 70.6855 5
      vertex 203 70.7 2.8
      vertex 203.222 70.6855 2.8
    endloop
  endfacet
  facet normal -0.832604 0.553869 0
    outer loop
      vertex 204.349 67.9651 2.8
      vertex 204.472 68.15 5
      vertex 204.472 68.15 2.8
    endloop
  endfacet
  facet normal -0.832604 0.553869 0
    outer loop
      vertex 204.472 68.15 5
      vertex 204.349 67.9651 2.8
      vertex 204.349 67.9651 5
    endloop
  endfacet
  facet normal -0.981113 -0.193434 0
    outer loop
      vertex 204.685 69.2219 2.8
      vertex 204.642 69.44 5
      vertex 204.642 69.44 2.8
    endloop
  endfacet
  facet normal -0.981113 -0.193434 0
    outer loop
      vertex 204.642 69.44 5
      vertex 204.685 69.2219 2.8
      vertex 204.685 69.2219 5
    endloop
  endfacet
  facet normal 0.947598 -0.319466 0
    outer loop
      vertex 201.358 69.44 5
      vertex 201.429 69.6506 2.8
      vertex 201.429 69.6506 5
    endloop
  endfacet
  facet normal 0.947598 -0.319466 0
    outer loop
      vertex 201.429 69.6506 2.8
      vertex 201.358 69.44 5
      vertex 201.358 69.44 2.8
    endloop
  endfacet
  facet normal 0.895681 -0.444696 0
    outer loop
      vertex 201.429 69.6506 5
      vertex 201.528 69.85 2.8
      vertex 201.528 69.85 5
    endloop
  endfacet
  facet normal 0.895681 -0.444696 0
    outer loop
      vertex 201.528 69.85 2.8
      vertex 201.429 69.6506 5
      vertex 201.429 69.6506 2.8
    endloop
  endfacet
  facet normal 0.320937 -0.947101 0
    outer loop
      vertex 202.349 70.5706 2.8
      vertex 202.56 70.6421 5
      vertex 202.349 70.5706 5
    endloop
  endfacet
  facet normal 0.320937 -0.947101 0
    outer loop
      vertex 202.56 70.6421 5
      vertex 202.349 70.5706 2.8
      vertex 202.56 70.6421 2.8
    endloop
  endfacet
  facet normal 0.751016 -0.660284 0
    outer loop
      vertex 201.651 70.0349 5
      vertex 201.798 70.2021 2.8
      vertex 201.798 70.2021 5
    endloop
  endfacet
  facet normal 0.751016 -0.660284 0
    outer loop
      vertex 201.798 70.2021 2.8
      vertex 201.651 70.0349 5
      vertex 201.651 70.0349 2.8
    endloop
  endfacet
  facet normal -0.895681 -0.444696 0
    outer loop
      vertex 204.571 69.6506 2.8
      vertex 204.472 69.85 5
      vertex 204.472 69.85 2.8
    endloop
  endfacet
  facet normal -0.895681 -0.444696 0
    outer loop
      vertex 204.472 69.85 5
      vertex 204.571 69.6506 2.8
      vertex 204.571 69.6506 5
    endloop
  endfacet
  facet normal 0.443245 -0.8964 0
    outer loop
      vertex 202.15 70.4722 2.8
      vertex 202.349 70.5706 5
      vertex 202.15 70.4722 5
    endloop
  endfacet
  facet normal 0.443245 -0.8964 0
    outer loop
      vertex 202.349 70.5706 5
      vertex 202.15 70.4722 2.8
      vertex 202.349 70.5706 2.8
    endloop
  endfacet
  facet normal -0.195251 0.980753 0
    outer loop
      vertex 203.44 67.3579 2.8
      vertex 203.222 67.3145 5
      vertex 203.44 67.3579 5
    endloop
  endfacet
  facet normal -0.195251 0.980753 0
    outer loop
      vertex 203.222 67.3145 5
      vertex 203.44 67.3579 2.8
      vertex 203.222 67.3145 2.8
    endloop
  endfacet
  facet normal -0.751016 -0.660284 0
    outer loop
      vertex 204.349 70.0349 2.8
      vertex 204.202 70.2021 5
      vertex 204.202 70.2021 2.8
    endloop
  endfacet
  facet normal -0.751016 -0.660284 0
    outer loop
      vertex 204.202 70.2021 5
      vertex 204.349 70.0349 2.8
      vertex 204.349 70.0349 5
    endloop
  endfacet
  facet normal 0.0651764 -0.997874 0
    outer loop
      vertex 202.778 70.6855 2.8
      vertex 203 70.7 5
      vertex 202.778 70.6855 5
    endloop
  endfacet
  facet normal 0.0651764 -0.997874 0
    outer loop
      vertex 203 70.7 5
      vertex 202.778 70.6855 2.8
      vertex 203 70.7 2.8
    endloop
  endfacet
  facet normal 0.659714 -0.751516 0
    outer loop
      vertex 201.798 70.2021 2.8
      vertex 201.965 70.3487 5
      vertex 201.798 70.2021 5
    endloop
  endfacet
  facet normal 0.659714 -0.751516 0
    outer loop
      vertex 201.965 70.3487 5
      vertex 201.798 70.2021 2.8
      vertex 201.965 70.3487 2.8
    endloop
  endfacet
  facet normal -0.981113 0.193434 0
    outer loop
      vertex 204.642 68.56 2.8
      vertex 204.685 68.7781 5
      vertex 204.685 68.7781 2.8
    endloop
  endfacet
  facet normal -0.981113 0.193434 0
    outer loop
      vertex 204.685 68.7781 5
      vertex 204.642 68.56 2.8
      vertex 204.642 68.56 5
    endloop
  endfacet
  facet normal -0.997723 0.0674441 0
    outer loop
      vertex 204.685 68.7781 2.8
      vertex 204.7 69 5
      vertex 204.7 69 2.8
    endloop
  endfacet
  facet normal -0.997723 0.0674441 0
    outer loop
      vertex 204.7 69 5
      vertex 204.685 68.7781 2.8
      vertex 204.685 68.7781 5
    endloop
  endfacet
  facet normal -0.947598 0.319466 0
    outer loop
      vertex 204.571 68.3494 2.8
      vertex 204.642 68.56 5
      vertex 204.642 68.56 2.8
    endloop
  endfacet
  facet normal -0.947598 0.319466 0
    outer loop
      vertex 204.642 68.56 5
      vertex 204.571 68.3494 2.8
      vertex 204.571 68.3494 5
    endloop
  endfacet
  facet normal 0.555219 -0.831704 0
    outer loop
      vertex 201.965 70.3487 2.8
      vertex 202.15 70.4722 5
      vertex 201.965 70.3487 5
    endloop
  endfacet
  facet normal 0.555219 -0.831704 0
    outer loop
      vertex 202.15 70.4722 5
      vertex 201.965 70.3487 2.8
      vertex 202.15 70.4722 2.8
    endloop
  endfacet
  facet normal -0.195251 -0.980753 0
    outer loop
      vertex 203.222 70.6855 2.8
      vertex 203.44 70.6421 5
      vertex 203.222 70.6855 5
    endloop
  endfacet
  facet normal -0.195251 -0.980753 -0
    outer loop
      vertex 203.44 70.6421 5
      vertex 203.222 70.6855 2.8
      vertex 203.44 70.6421 2.8
    endloop
  endfacet
  facet normal -0.895681 0.444696 0
    outer loop
      vertex 204.472 68.15 2.8
      vertex 204.571 68.3494 5
      vertex 204.571 68.3494 2.8
    endloop
  endfacet
  facet normal -0.895681 0.444696 0
    outer loop
      vertex 204.571 68.3494 5
      vertex 204.472 68.15 2.8
      vertex 204.472 68.15 5
    endloop
  endfacet
  facet normal 0.195251 -0.980753 0
    outer loop
      vertex 202.56 70.6421 2.8
      vertex 202.778 70.6855 5
      vertex 202.56 70.6421 5
    endloop
  endfacet
  facet normal 0.195251 -0.980753 0
    outer loop
      vertex 202.778 70.6855 5
      vertex 202.56 70.6421 2.8
      vertex 202.778 70.6855 2.8
    endloop
  endfacet
  facet normal 0.947598 0.319466 0
    outer loop
      vertex 201.429 68.3494 5
      vertex 201.358 68.56 2.8
      vertex 201.358 68.56 5
    endloop
  endfacet
  facet normal 0.947598 0.319466 0
    outer loop
      vertex 201.358 68.56 2.8
      vertex 201.429 68.3494 5
      vertex 201.429 68.3494 2.8
    endloop
  endfacet
  facet normal 0.443245 0.8964 -0
    outer loop
      vertex 202.349 67.4294 2.8
      vertex 202.15 67.5278 5
      vertex 202.349 67.4294 5
    endloop
  endfacet
  facet normal 0.443245 0.8964 0
    outer loop
      vertex 202.15 67.5278 5
      vertex 202.349 67.4294 2.8
      vertex 202.15 67.5278 2.8
    endloop
  endfacet
  facet normal 0.832604 -0.553869 0
    outer loop
      vertex 201.528 69.85 5
      vertex 201.651 70.0349 2.8
      vertex 201.651 70.0349 5
    endloop
  endfacet
  facet normal 0.832604 -0.553869 0
    outer loop
      vertex 201.651 70.0349 2.8
      vertex 201.528 69.85 5
      vertex 201.528 69.85 2.8
    endloop
  endfacet
  facet normal 0.751016 0.660284 0
    outer loop
      vertex 201.798 67.7979 5
      vertex 201.651 67.9651 2.8
      vertex 201.651 67.9651 5
    endloop
  endfacet
  facet normal 0.751016 0.660284 0
    outer loop
      vertex 201.651 67.9651 2.8
      vertex 201.798 67.7979 5
      vertex 201.798 67.7979 2.8
    endloop
  endfacet
  facet normal 0.195251 0.980753 -0
    outer loop
      vertex 202.778 67.3145 2.8
      vertex 202.56 67.3579 5
      vertex 202.778 67.3145 5
    endloop
  endfacet
  facet normal 0.195251 0.980753 0
    outer loop
      vertex 202.56 67.3579 5
      vertex 202.778 67.3145 2.8
      vertex 202.56 67.3579 2.8
    endloop
  endfacet
  facet normal 0.555219 0.831704 -0
    outer loop
      vertex 202.15 67.5278 2.8
      vertex 201.965 67.6513 5
      vertex 202.15 67.5278 5
    endloop
  endfacet
  facet normal 0.555219 0.831704 0
    outer loop
      vertex 201.965 67.6513 5
      vertex 202.15 67.5278 2.8
      vertex 201.965 67.6513 2.8
    endloop
  endfacet
  facet normal -0.443245 -0.8964 0
    outer loop
      vertex 203.651 70.5706 2.8
      vertex 203.85 70.4722 5
      vertex 203.651 70.5706 5
    endloop
  endfacet
  facet normal -0.443245 -0.8964 -0
    outer loop
      vertex 203.85 70.4722 5
      vertex 203.651 70.5706 2.8
      vertex 203.85 70.4722 2.8
    endloop
  endfacet
  facet normal -0.443245 0.8964 0
    outer loop
      vertex 203.85 67.5278 2.8
      vertex 203.651 67.4294 5
      vertex 203.85 67.5278 5
    endloop
  endfacet
  facet normal -0.443245 0.8964 0
    outer loop
      vertex 203.651 67.4294 5
      vertex 203.85 67.5278 2.8
      vertex 203.651 67.4294 2.8
    endloop
  endfacet
  facet normal 0.832604 0.553869 0
    outer loop
      vertex 201.651 67.9651 5
      vertex 201.528 68.15 2.8
      vertex 201.528 68.15 5
    endloop
  endfacet
  facet normal 0.832604 0.553869 0
    outer loop
      vertex 201.528 68.15 2.8
      vertex 201.651 67.9651 5
      vertex 201.651 67.9651 2.8
    endloop
  endfacet
  facet normal 0.981113 -0.193434 0
    outer loop
      vertex 201.315 69.2219 5
      vertex 201.358 69.44 2.8
      vertex 201.358 69.44 5
    endloop
  endfacet
  facet normal 0.981113 -0.193434 0
    outer loop
      vertex 201.358 69.44 2.8
      vertex 201.315 69.2219 5
      vertex 201.315 69.2219 2.8
    endloop
  endfacet
  facet normal 0.0651764 0.997874 -0
    outer loop
      vertex 203 67.3 2.8
      vertex 202.778 67.3145 5
      vertex 203 67.3 5
    endloop
  endfacet
  facet normal 0.0651764 0.997874 0
    outer loop
      vertex 202.778 67.3145 5
      vertex 203 67.3 2.8
      vertex 202.778 67.3145 2.8
    endloop
  endfacet
  facet normal -0.659714 -0.751516 0
    outer loop
      vertex 204.035 70.3487 2.8
      vertex 204.202 70.2021 5
      vertex 204.035 70.3487 5
    endloop
  endfacet
  facet normal -0.659714 -0.751516 -0
    outer loop
      vertex 204.202 70.2021 5
      vertex 204.035 70.3487 2.8
      vertex 204.202 70.2021 2.8
    endloop
  endfacet
  facet normal -0.320937 0.947101 0
    outer loop
      vertex 203.651 67.4294 2.8
      vertex 203.44 67.3579 5
      vertex 203.651 67.4294 5
    endloop
  endfacet
  facet normal -0.320937 0.947101 0
    outer loop
      vertex 203.44 67.3579 5
      vertex 203.651 67.4294 2.8
      vertex 203.44 67.3579 2.8
    endloop
  endfacet
  facet normal 0.997723 0.0674441 0
    outer loop
      vertex 201.315 68.7781 5
      vertex 201.3 69 2.8
      vertex 201.3 69 5
    endloop
  endfacet
  facet normal 0.997723 0.0674441 0
    outer loop
      vertex 201.3 69 2.8
      vertex 201.315 68.7781 5
      vertex 201.315 68.7781 2.8
    endloop
  endfacet
  facet normal 0.659714 0.751516 -0
    outer loop
      vertex 201.965 67.6513 2.8
      vertex 201.798 67.7979 5
      vertex 201.965 67.6513 5
    endloop
  endfacet
  facet normal 0.659714 0.751516 0
    outer loop
      vertex 201.798 67.7979 5
      vertex 201.965 67.6513 2.8
      vertex 201.798 67.7979 2.8
    endloop
  endfacet
  facet normal -0.555219 0.831704 0
    outer loop
      vertex 204.035 67.6513 2.8
      vertex 203.85 67.5278 5
      vertex 204.035 67.6513 5
    endloop
  endfacet
  facet normal -0.555219 0.831704 0
    outer loop
      vertex 203.85 67.5278 5
      vertex 204.035 67.6513 2.8
      vertex 203.85 67.5278 2.8
    endloop
  endfacet
  facet normal 0.895681 0.444696 0
    outer loop
      vertex 201.528 68.15 5
      vertex 201.429 68.3494 2.8
      vertex 201.429 68.3494 5
    endloop
  endfacet
  facet normal 0.895681 0.444696 0
    outer loop
      vertex 201.429 68.3494 2.8
      vertex 201.528 68.15 5
      vertex 201.528 68.15 2.8
    endloop
  endfacet
  facet normal 0.320937 0.947101 -0
    outer loop
      vertex 202.56 67.3579 2.8
      vertex 202.349 67.4294 5
      vertex 202.56 67.3579 5
    endloop
  endfacet
  facet normal 0.320937 0.947101 0
    outer loop
      vertex 202.349 67.4294 5
      vertex 202.56 67.3579 2.8
      vertex 202.349 67.4294 2.8
    endloop
  endfacet
  facet normal -0.751016 0.660284 0
    outer loop
      vertex 204.202 67.7979 2.8
      vertex 204.349 67.9651 5
      vertex 204.349 67.9651 2.8
    endloop
  endfacet
  facet normal -0.751016 0.660284 0
    outer loop
      vertex 204.349 67.9651 5
      vertex 204.202 67.7979 2.8
      vertex 204.202 67.7979 5
    endloop
  endfacet
  facet normal -0.131093 0.99137 0
    outer loop
      vertex 45.5823 128.827 0
      vertex 45 128.75 5
      vertex 45.5823 128.827 5
    endloop
  endfacet
  facet normal -0.131093 0.99137 0
    outer loop
      vertex 45 128.75 5
      vertex 45.5823 128.827 0
      vertex 45 128.75 0
    endloop
  endfacet
  facet normal -0.924011 -0.382367 0
    outer loop
      vertex 47.1733 131.582 0
      vertex 46.9486 132.125 5
      vertex 46.9486 132.125 0
    endloop
  endfacet
  facet normal -0.924011 -0.382367 0
    outer loop
      vertex 46.9486 132.125 5
      vertex 47.1733 131.582 0
      vertex 47.1733 131.582 5
    endloop
  endfacet
  facet normal -0.991428 -0.130657 0
    outer loop
      vertex 47.25 131 0
      vertex 47.1733 131.582 5
      vertex 47.1733 131.582 0
    endloop
  endfacet
  facet normal -0.991428 -0.130657 0
    outer loop
      vertex 47.1733 131.582 5
      vertex 47.25 131 0
      vertex 47.25 131 5
    endloop
  endfacet
  facet normal -0.924011 0.382367 0
    outer loop
      vertex 46.9486 129.875 0
      vertex 47.1733 130.418 5
      vertex 47.1733 130.418 0
    endloop
  endfacet
  facet normal -0.924011 0.382367 0
    outer loop
      vertex 47.1733 130.418 5
      vertex 46.9486 129.875 0
      vertex 46.9486 129.875 5
    endloop
  endfacet
  facet normal 0.991428 0.130657 0
    outer loop
      vertex 42.8267 130.418 5
      vertex 42.75 131 0
      vertex 42.75 131 5
    endloop
  endfacet
  facet normal 0.991428 0.130657 0
    outer loop
      vertex 42.75 131 0
      vertex 42.8267 130.418 5
      vertex 42.8267 130.418 0
    endloop
  endfacet
  facet normal -0.381529 0.924357 0
    outer loop
      vertex 46.125 129.051 0
      vertex 45.5823 128.827 5
      vertex 46.125 129.051 5
    endloop
  endfacet
  facet normal -0.381529 0.924357 0
    outer loop
      vertex 45.5823 128.827 5
      vertex 46.125 129.051 0
      vertex 45.5823 128.827 0
    endloop
  endfacet
  facet normal 0.793332 -0.608789 0
    outer loop
      vertex 43.0514 132.125 5
      vertex 43.409 132.591 0
      vertex 43.409 132.591 5
    endloop
  endfacet
  facet normal 0.793332 -0.608789 0
    outer loop
      vertex 43.409 132.591 0
      vertex 43.0514 132.125 5
      vertex 43.0514 132.125 0
    endloop
  endfacet
  facet normal -0.609217 0.793003 0
    outer loop
      vertex 46.591 129.409 0
      vertex 46.125 129.051 5
      vertex 46.591 129.409 5
    endloop
  endfacet
  facet normal -0.609217 0.793003 0
    outer loop
      vertex 46.125 129.051 5
      vertex 46.591 129.409 0
      vertex 46.125 129.051 0
    endloop
  endfacet
  facet normal 0.924011 0.382367 0
    outer loop
      vertex 43.0514 129.875 5
      vertex 42.8267 130.418 0
      vertex 42.8267 130.418 5
    endloop
  endfacet
  facet normal 0.924011 0.382367 0
    outer loop
      vertex 42.8267 130.418 0
      vertex 43.0514 129.875 5
      vertex 43.0514 129.875 0
    endloop
  endfacet
  facet normal 0.131093 0.99137 -0
    outer loop
      vertex 45 128.75 0
      vertex 44.4177 128.827 5
      vertex 45 128.75 5
    endloop
  endfacet
  facet normal 0.131093 0.99137 0
    outer loop
      vertex 44.4177 128.827 5
      vertex 45 128.75 0
      vertex 44.4177 128.827 0
    endloop
  endfacet
  facet normal -0.609217 -0.793003 0
    outer loop
      vertex 46.125 132.949 0
      vertex 46.591 132.591 5
      vertex 46.125 132.949 5
    endloop
  endfacet
  facet normal -0.609217 -0.793003 -0
    outer loop
      vertex 46.591 132.591 5
      vertex 46.125 132.949 0
      vertex 46.591 132.591 0
    endloop
  endfacet
  facet normal 0.131093 -0.99137 0
    outer loop
      vertex 44.4177 133.173 0
      vertex 45 133.25 5
      vertex 44.4177 133.173 5
    endloop
  endfacet
  facet normal 0.131093 -0.99137 0
    outer loop
      vertex 45 133.25 5
      vertex 44.4177 133.173 0
      vertex 45 133.25 0
    endloop
  endfacet
  facet normal -0.381529 -0.924357 0
    outer loop
      vertex 45.5823 133.173 0
      vertex 46.125 132.949 5
      vertex 45.5823 133.173 5
    endloop
  endfacet
  facet normal -0.381529 -0.924357 -0
    outer loop
      vertex 46.125 132.949 5
      vertex 45.5823 133.173 0
      vertex 46.125 132.949 0
    endloop
  endfacet
  facet normal 0.609217 -0.793003 0
    outer loop
      vertex 43.409 132.591 0
      vertex 43.875 132.949 5
      vertex 43.409 132.591 5
    endloop
  endfacet
  facet normal 0.609217 -0.793003 0
    outer loop
      vertex 43.875 132.949 5
      vertex 43.409 132.591 0
      vertex 43.875 132.949 0
    endloop
  endfacet
  facet normal -0.991428 0.130657 0
    outer loop
      vertex 47.1733 130.418 0
      vertex 47.25 131 5
      vertex 47.25 131 0
    endloop
  endfacet
  facet normal -0.991428 0.130657 0
    outer loop
      vertex 47.25 131 5
      vertex 47.1733 130.418 0
      vertex 47.1733 130.418 5
    endloop
  endfacet
  facet normal 0.991428 -0.130657 0
    outer loop
      vertex 42.75 131 5
      vertex 42.8267 131.582 0
      vertex 42.8267 131.582 5
    endloop
  endfacet
  facet normal 0.991428 -0.130657 0
    outer loop
      vertex 42.8267 131.582 0
      vertex 42.75 131 5
      vertex 42.75 131 0
    endloop
  endfacet
  facet normal 0.381529 -0.924357 0
    outer loop
      vertex 43.875 132.949 0
      vertex 44.4177 133.173 5
      vertex 43.875 132.949 5
    endloop
  endfacet
  facet normal 0.381529 -0.924357 0
    outer loop
      vertex 44.4177 133.173 5
      vertex 43.875 132.949 0
      vertex 44.4177 133.173 0
    endloop
  endfacet
  facet normal 0.793332 0.608789 0
    outer loop
      vertex 43.409 129.409 5
      vertex 43.0514 129.875 0
      vertex 43.0514 129.875 5
    endloop
  endfacet
  facet normal 0.793332 0.608789 0
    outer loop
      vertex 43.0514 129.875 0
      vertex 43.409 129.409 5
      vertex 43.409 129.409 0
    endloop
  endfacet
  facet normal 0.609217 0.793003 -0
    outer loop
      vertex 43.875 129.051 0
      vertex 43.409 129.409 5
      vertex 43.875 129.051 5
    endloop
  endfacet
  facet normal 0.609217 0.793003 0
    outer loop
      vertex 43.409 129.409 5
      vertex 43.875 129.051 0
      vertex 43.409 129.409 0
    endloop
  endfacet
  facet normal -0.793332 0.608789 0
    outer loop
      vertex 46.591 129.409 0
      vertex 46.9486 129.875 5
      vertex 46.9486 129.875 0
    endloop
  endfacet
  facet normal -0.793332 0.608789 0
    outer loop
      vertex 46.9486 129.875 5
      vertex 46.591 129.409 0
      vertex 46.591 129.409 5
    endloop
  endfacet
  facet normal -0.131093 -0.99137 0
    outer loop
      vertex 45 133.25 0
      vertex 45.5823 133.173 5
      vertex 45 133.25 5
    endloop
  endfacet
  facet normal -0.131093 -0.99137 -0
    outer loop
      vertex 45.5823 133.173 5
      vertex 45 133.25 0
      vertex 45.5823 133.173 0
    endloop
  endfacet
  facet normal -0.793332 -0.608789 0
    outer loop
      vertex 46.9486 132.125 0
      vertex 46.591 132.591 5
      vertex 46.591 132.591 0
    endloop
  endfacet
  facet normal -0.793332 -0.608789 0
    outer loop
      vertex 46.591 132.591 5
      vertex 46.9486 132.125 0
      vertex 46.9486 132.125 5
    endloop
  endfacet
  facet normal 0.381529 0.924357 -0
    outer loop
      vertex 44.4177 128.827 0
      vertex 43.875 129.051 5
      vertex 44.4177 128.827 5
    endloop
  endfacet
  facet normal 0.381529 0.924357 0
    outer loop
      vertex 43.875 129.051 5
      vertex 44.4177 128.827 0
      vertex 43.875 129.051 0
    endloop
  endfacet
  facet normal 0.924011 -0.382367 0
    outer loop
      vertex 42.8267 131.582 5
      vertex 43.0514 132.125 0
      vertex 43.0514 132.125 5
    endloop
  endfacet
  facet normal 0.924011 -0.382367 0
    outer loop
      vertex 43.0514 132.125 0
      vertex 42.8267 131.582 5
      vertex 42.8267 131.582 0
    endloop
  endfacet
  facet normal -0.131159 0.991361 0
    outer loop
      vertex 175.582 107.827 0
      vertex 175 107.75 5
      vertex 175.582 107.827 5
    endloop
  endfacet
  facet normal -0.131159 0.991361 0
    outer loop
      vertex 175 107.75 5
      vertex 175.582 107.827 0
      vertex 175 107.75 0
    endloop
  endfacet
  facet normal -0.924431 -0.381349 0
    outer loop
      vertex 177.173 110.582 0
      vertex 176.949 111.125 5
      vertex 176.949 111.125 0
    endloop
  endfacet
  facet normal -0.924431 -0.381349 0
    outer loop
      vertex 176.949 111.125 5
      vertex 177.173 110.582 0
      vertex 177.173 110.582 5
    endloop
  endfacet
  facet normal -0.991361 -0.131159 0
    outer loop
      vertex 177.25 110 0
      vertex 177.173 110.582 5
      vertex 177.173 110.582 0
    endloop
  endfacet
  facet normal -0.991361 -0.131159 0
    outer loop
      vertex 177.173 110.582 5
      vertex 177.25 110 0
      vertex 177.25 110 5
    endloop
  endfacet
  facet normal -0.924431 0.381349 0
    outer loop
      vertex 176.949 108.875 0
      vertex 177.173 109.418 5
      vertex 177.173 109.418 0
    endloop
  endfacet
  facet normal -0.924431 0.381349 0
    outer loop
      vertex 177.173 109.418 5
      vertex 176.949 108.875 0
      vertex 176.949 108.875 5
    endloop
  endfacet
  facet normal 0.991361 0.131159 0
    outer loop
      vertex 172.827 109.418 5
      vertex 172.75 110 0
      vertex 172.75 110 5
    endloop
  endfacet
  facet normal 0.991361 0.131159 0
    outer loop
      vertex 172.75 110 0
      vertex 172.827 109.418 5
      vertex 172.827 109.418 0
    endloop
  endfacet
  facet normal -0.381349 0.924431 0
    outer loop
      vertex 176.125 108.051 0
      vertex 175.582 107.827 5
      vertex 176.125 108.051 5
    endloop
  endfacet
  facet normal -0.381349 0.924431 0
    outer loop
      vertex 175.582 107.827 5
      vertex 176.125 108.051 0
      vertex 175.582 107.827 0
    endloop
  endfacet
  facet normal 0.793003 -0.609217 0
    outer loop
      vertex 173.051 111.125 5
      vertex 173.409 111.591 0
      vertex 173.409 111.591 5
    endloop
  endfacet
  facet normal 0.793003 -0.609217 0
    outer loop
      vertex 173.409 111.591 0
      vertex 173.051 111.125 5
      vertex 173.051 111.125 0
    endloop
  endfacet
  facet normal -0.609217 0.793003 0
    outer loop
      vertex 176.591 108.409 0
      vertex 176.125 108.051 5
      vertex 176.591 108.409 5
    endloop
  endfacet
  facet normal -0.609217 0.793003 0
    outer loop
      vertex 176.125 108.051 5
      vertex 176.591 108.409 0
      vertex 176.125 108.051 0
    endloop
  endfacet
  facet normal 0.924431 0.381349 0
    outer loop
      vertex 173.051 108.875 5
      vertex 172.827 109.418 0
      vertex 172.827 109.418 5
    endloop
  endfacet
  facet normal 0.924431 0.381349 0
    outer loop
      vertex 172.827 109.418 0
      vertex 173.051 108.875 5
      vertex 173.051 108.875 0
    endloop
  endfacet
  facet normal 0.131159 0.991361 -0
    outer loop
      vertex 175 107.75 0
      vertex 174.418 107.827 5
      vertex 175 107.75 5
    endloop
  endfacet
  facet normal 0.131159 0.991361 0
    outer loop
      vertex 174.418 107.827 5
      vertex 175 107.75 0
      vertex 174.418 107.827 0
    endloop
  endfacet
  facet normal -0.609217 -0.793003 0
    outer loop
      vertex 176.125 111.949 0
      vertex 176.591 111.591 5
      vertex 176.125 111.949 5
    endloop
  endfacet
  facet normal -0.609217 -0.793003 -0
    outer loop
      vertex 176.591 111.591 5
      vertex 176.125 111.949 0
      vertex 176.591 111.591 0
    endloop
  endfacet
  facet normal 0.131159 -0.991361 0
    outer loop
      vertex 174.418 112.173 0
      vertex 175 112.25 5
      vertex 174.418 112.173 5
    endloop
  endfacet
  facet normal 0.131159 -0.991361 0
    outer loop
      vertex 175 112.25 5
      vertex 174.418 112.173 0
      vertex 175 112.25 0
    endloop
  endfacet
  facet normal -0.381349 -0.924431 0
    outer loop
      vertex 175.582 112.173 0
      vertex 176.125 111.949 5
      vertex 175.582 112.173 5
    endloop
  endfacet
  facet normal -0.381349 -0.924431 -0
    outer loop
      vertex 176.125 111.949 5
      vertex 175.582 112.173 0
      vertex 176.125 111.949 0
    endloop
  endfacet
  facet normal 0.609217 -0.793003 0
    outer loop
      vertex 173.409 111.591 0
      vertex 173.875 111.949 5
      vertex 173.409 111.591 5
    endloop
  endfacet
  facet normal 0.609217 -0.793003 0
    outer loop
      vertex 173.875 111.949 5
      vertex 173.409 111.591 0
      vertex 173.875 111.949 0
    endloop
  endfacet
  facet normal -0.991361 0.131159 0
    outer loop
      vertex 177.173 109.418 0
      vertex 177.25 110 5
      vertex 177.25 110 0
    endloop
  endfacet
  facet normal -0.991361 0.131159 0
    outer loop
      vertex 177.25 110 5
      vertex 177.173 109.418 0
      vertex 177.173 109.418 5
    endloop
  endfacet
  facet normal 0.991361 -0.131159 0
    outer loop
      vertex 172.75 110 5
      vertex 172.827 110.582 0
      vertex 172.827 110.582 5
    endloop
  endfacet
  facet normal 0.991361 -0.131159 0
    outer loop
      vertex 172.827 110.582 0
      vertex 172.75 110 5
      vertex 172.75 110 0
    endloop
  endfacet
  facet normal 0.381349 -0.924431 0
    outer loop
      vertex 173.875 111.949 0
      vertex 174.418 112.173 5
      vertex 173.875 111.949 5
    endloop
  endfacet
  facet normal 0.381349 -0.924431 0
    outer loop
      vertex 174.418 112.173 5
      vertex 173.875 111.949 0
      vertex 174.418 112.173 0
    endloop
  endfacet
  facet normal 0.793003 0.609217 0
    outer loop
      vertex 173.409 108.409 5
      vertex 173.051 108.875 0
      vertex 173.051 108.875 5
    endloop
  endfacet
  facet normal 0.793003 0.609217 0
    outer loop
      vertex 173.051 108.875 0
      vertex 173.409 108.409 5
      vertex 173.409 108.409 0
    endloop
  endfacet
  facet normal 0.609217 0.793003 -0
    outer loop
      vertex 173.875 108.051 0
      vertex 173.409 108.409 5
      vertex 173.875 108.051 5
    endloop
  endfacet
  facet normal 0.609217 0.793003 0
    outer loop
      vertex 173.409 108.409 5
      vertex 173.875 108.051 0
      vertex 173.409 108.409 0
    endloop
  endfacet
  facet normal -0.793003 0.609217 0
    outer loop
      vertex 176.591 108.409 0
      vertex 176.949 108.875 5
      vertex 176.949 108.875 0
    endloop
  endfacet
  facet normal -0.793003 0.609217 0
    outer loop
      vertex 176.949 108.875 5
      vertex 176.591 108.409 0
      vertex 176.591 108.409 5
    endloop
  endfacet
  facet normal -0.793003 -0.609217 0
    outer loop
      vertex 176.949 111.125 0
      vertex 176.591 111.591 5
      vertex 176.591 111.591 0
    endloop
  endfacet
  facet normal -0.793003 -0.609217 0
    outer loop
      vertex 176.591 111.591 5
      vertex 176.949 111.125 0
      vertex 176.949 111.125 5
    endloop
  endfacet
  facet normal -0.131159 -0.991361 0
    outer loop
      vertex 175 112.25 0
      vertex 175.582 112.173 5
      vertex 175 112.25 5
    endloop
  endfacet
  facet normal -0.131159 -0.991361 -0
    outer loop
      vertex 175.582 112.173 5
      vertex 175 112.25 0
      vertex 175.582 112.173 0
    endloop
  endfacet
  facet normal 0.381349 0.924431 -0
    outer loop
      vertex 174.418 107.827 0
      vertex 173.875 108.051 5
      vertex 174.418 107.827 5
    endloop
  endfacet
  facet normal 0.381349 0.924431 0
    outer loop
      vertex 173.875 108.051 5
      vertex 174.418 107.827 0
      vertex 173.875 108.051 0
    endloop
  endfacet
  facet normal 0.924431 -0.381349 0
    outer loop
      vertex 172.827 110.582 5
      vertex 173.051 111.125 0
      vertex 173.051 111.125 5
    endloop
  endfacet
  facet normal 0.924431 -0.381349 0
    outer loop
      vertex 173.051 111.125 0
      vertex 172.827 110.582 5
      vertex 172.827 110.582 0
    endloop
  endfacet
endsolid OpenSCAD_Model
