solid OpenSCAD_Model
  facet normal 1 -0 0
    outer loop
      vertex 112 0 5
      vertex 112 96 0
      vertex 112 96 5
    endloop
  endfacet
  facet normal 1 0 0
    outer loop
      vertex 112 96 0
      vertex 112 0 5
      vertex 112 0 0
    endloop
  endfacet
  facet normal -0 0 1
    outer loop
      vertex 12.4722 84.15 5
      vertex 24 76 5
      vertex 12.5706 84.3494 5
    endloop
  endfacet
  facet normal 0 0 1
    outer loop
      vertex 24 46 5
      vertex 12.6855 11.2219 5
      vertex 12.7 11 5
    endloop
  endfacet
  facet normal -0 0 1
    outer loop
      vertex 12.3487 83.9651 5
      vertex 24 76 5
      vertex 12.4722 84.15 5
    endloop
  endfacet
  facet normal 0 0 1
    outer loop
      vertex 24 46 5
      vertex 12.6421 11.44 5
      vertex 12.6855 11.2219 5
    endloop
  endfacet
  facet normal -0 0 1
    outer loop
      vertex 12.2021 83.7979 5
      vertex 24 76 5
      vertex 12.3487 83.9651 5
    endloop
  endfacet
  facet normal 0 0 1
    outer loop
      vertex 24 46 5
      vertex 12.5706 11.6506 5
      vertex 12.6421 11.44 5
    endloop
  endfacet
  facet normal -0 0 1
    outer loop
      vertex 12.0349 83.6513 5
      vertex 24 76 5
      vertex 12.2021 83.7979 5
    endloop
  endfacet
  facet normal 0 0 1
    outer loop
      vertex 24 46 5
      vertex 12.4722 11.85 5
      vertex 12.5706 11.6506 5
    endloop
  endfacet
  facet normal -0 0 1
    outer loop
      vertex 11.85 83.5278 5
      vertex 24 76 5
      vertex 12.0349 83.6513 5
    endloop
  endfacet
  facet normal 0 0 1
    outer loop
      vertex 24 46 5
      vertex 12.3487 12.0349 5
      vertex 12.4722 11.85 5
    endloop
  endfacet
  facet normal -0 0 1
    outer loop
      vertex 11.6506 83.4294 5
      vertex 24 76 5
      vertex 11.85 83.5278 5
    endloop
  endfacet
  facet normal 0 0 1
    outer loop
      vertex 24 46 5
      vertex 12.2021 12.2021 5
      vertex 12.3487 12.0349 5
    endloop
  endfacet
  facet normal -0 0 1
    outer loop
      vertex 11.44 83.3579 5
      vertex 24 76 5
      vertex 11.6506 83.4294 5
    endloop
  endfacet
  facet normal 0 0 1
    outer loop
      vertex 24 46 5
      vertex 12.0349 12.3487 5
      vertex 12.2021 12.2021 5
    endloop
  endfacet
  facet normal -0 0 1
    outer loop
      vertex 11.2219 83.3145 5
      vertex 24 76 5
      vertex 11.44 83.3579 5
    endloop
  endfacet
  facet normal 0 0 1
    outer loop
      vertex 24 46 5
      vertex 11.85 12.4722 5
      vertex 12.0349 12.3487 5
    endloop
  endfacet
  facet normal -0 0 1
    outer loop
      vertex 11 83.3 5
      vertex 24 76 5
      vertex 11.2219 83.3145 5
    endloop
  endfacet
  facet normal 0 0 1
    outer loop
      vertex 24 46 5
      vertex 11.6506 12.5706 5
      vertex 11.85 12.4722 5
    endloop
  endfacet
  facet normal 0 0 1
    outer loop
      vertex 24 76 5
      vertex 11 83.3 5
      vertex 24 56 5
    endloop
  endfacet
  facet normal 0 0 1
    outer loop
      vertex 24 46 5
      vertex 11.44 12.6421 5
      vertex 11.6506 12.5706 5
    endloop
  endfacet
  facet normal 0 0 1
    outer loop
      vertex 10.7781 83.3145 5
      vertex 24 56 5
      vertex 11 83.3 5
    endloop
  endfacet
  facet normal 0 0 1
    outer loop
      vertex 24 46 5
      vertex 11.2219 12.6855 5
      vertex 11.44 12.6421 5
    endloop
  endfacet
  facet normal 0 0 1
    outer loop
      vertex 10.56 83.3579 5
      vertex 24 56 5
      vertex 10.7781 83.3145 5
    endloop
  endfacet
  facet normal 0 0 1
    outer loop
      vertex 24 46 5
      vertex 11 12.7 5
      vertex 11.2219 12.6855 5
    endloop
  endfacet
  facet normal 0 0 1
    outer loop
      vertex 10.3494 83.4294 5
      vertex 24 56 5
      vertex 10.56 83.3579 5
    endloop
  endfacet
  facet normal 0 0 1
    outer loop
      vertex 24 46 5
      vertex 10.7781 12.6855 5
      vertex 11 12.7 5
    endloop
  endfacet
  facet normal 0 0 1
    outer loop
      vertex 10.15 83.5278 5
      vertex 24 56 5
      vertex 10.3494 83.4294 5
    endloop
  endfacet
  facet normal 0 0 1
    outer loop
      vertex 24 46 5
      vertex 10.56 12.6421 5
      vertex 10.7781 12.6855 5
    endloop
  endfacet
  facet normal 0 0 1
    outer loop
      vertex 9.96511 83.6513 5
      vertex 24 56 5
      vertex 10.15 83.5278 5
    endloop
  endfacet
  facet normal 0 0 1
    outer loop
      vertex 24 46 5
      vertex 10.3494 12.5706 5
      vertex 10.56 12.6421 5
    endloop
  endfacet
  facet normal 0 0 1
    outer loop
      vertex 9.79792 83.7979 5
      vertex 24 56 5
      vertex 9.96511 83.6513 5
    endloop
  endfacet
  facet normal 0 0 1
    outer loop
      vertex 24 46 5
      vertex 10.15 12.4722 5
      vertex 10.3494 12.5706 5
    endloop
  endfacet
  facet normal 0 0 1
    outer loop
      vertex 24 56 5
      vertex 9.79792 83.7979 5
      vertex 24 46 5
    endloop
  endfacet
  facet normal 0 0 1
    outer loop
      vertex 24 46 5
      vertex 9.96511 12.3487 5
      vertex 10.15 12.4722 5
    endloop
  endfacet
  facet normal 0 0 1
    outer loop
      vertex 9.79792 12.2021 5
      vertex 24 46 5
      vertex 9.79792 83.7979 5
    endloop
  endfacet
  facet normal 0 0 1
    outer loop
      vertex 24 46 5
      vertex 9.79792 12.2021 5
      vertex 9.96511 12.3487 5
    endloop
  endfacet
  facet normal 0 0 1
    outer loop
      vertex 9.6513 83.9651 5
      vertex 9.79792 12.2021 5
      vertex 9.79792 83.7979 5
    endloop
  endfacet
  facet normal 0 0 1
    outer loop
      vertex 9.6513 83.9651 5
      vertex 9.6513 12.0349 5
      vertex 9.79792 12.2021 5
    endloop
  endfacet
  facet normal 0 0 1
    outer loop
      vertex 9.52776 84.15 5
      vertex 9.6513 12.0349 5
      vertex 9.6513 83.9651 5
    endloop
  endfacet
  facet normal 0 0 1
    outer loop
      vertex 9.52776 84.15 5
      vertex 9.52776 11.85 5
      vertex 9.6513 12.0349 5
    endloop
  endfacet
  facet normal 0 0 1
    outer loop
      vertex 0 96 5
      vertex 9.52776 84.15 5
      vertex 9.4294 84.3494 5
    endloop
  endfacet
  facet normal 0 0 1
    outer loop
      vertex 9.52776 84.15 5
      vertex 0 96 5
      vertex 9.52776 11.85 5
    endloop
  endfacet
  facet normal 0 0 1
    outer loop
      vertex 0 96 5
      vertex 9.4294 84.3494 5
      vertex 9.35793 84.56 5
    endloop
  endfacet
  facet normal 0 0 1
    outer loop
      vertex 0 0 5
      vertex 9.52776 11.85 5
      vertex 0 96 5
    endloop
  endfacet
  facet normal 0 0 1
    outer loop
      vertex 0 96 5
      vertex 9.35793 84.56 5
      vertex 9.31454 84.7781 5
    endloop
  endfacet
  facet normal 0 0 1
    outer loop
      vertex 9.52776 11.85 5
      vertex 0 0 5
      vertex 9.4294 11.6506 5
    endloop
  endfacet
  facet normal 0 0 1
    outer loop
      vertex 0 96 5
      vertex 9.31454 84.7781 5
      vertex 9.3 85 5
    endloop
  endfacet
  facet normal 0 0 1
    outer loop
      vertex 9.4294 11.6506 5
      vertex 0 0 5
      vertex 9.35793 11.44 5
    endloop
  endfacet
  facet normal -0 0 1
    outer loop
      vertex 24 56 5
      vertex 42 46 5
      vertex 42 56 5
    endloop
  endfacet
  facet normal 0 0 1
    outer loop
      vertex 42 46 5
      vertex 24 56 5
      vertex 24 46 5
    endloop
  endfacet
  facet normal 0 0 1
    outer loop
      vertex 42 96 5
      vertex 24 76 5
      vertex 42 76 5
    endloop
  endfacet
  facet normal -0 0 1
    outer loop
      vertex 12.6855 84.7781 5
      vertex 24 76 5
      vertex 12.7 85 5
    endloop
  endfacet
  facet normal -0 0 1
    outer loop
      vertex 12.6421 84.56 5
      vertex 24 76 5
      vertex 12.6855 84.7781 5
    endloop
  endfacet
  facet normal -0 0 1
    outer loop
      vertex 12.5706 84.3494 5
      vertex 24 76 5
      vertex 12.6421 84.56 5
    endloop
  endfacet
  facet normal -0 0 1
    outer loop
      vertex 12.5706 85.6506 5
      vertex 24 76 5
      vertex 42 96 5
    endloop
  endfacet
  facet normal 0 0 1
    outer loop
      vertex 24 76 5
      vertex 12.6855 85.2219 5
      vertex 12.7 85 5
    endloop
  endfacet
  facet normal 0 0 1
    outer loop
      vertex 24 76 5
      vertex 12.6421 85.44 5
      vertex 12.6855 85.2219 5
    endloop
  endfacet
  facet normal 0 0 1
    outer loop
      vertex 24 76 5
      vertex 12.5706 85.6506 5
      vertex 12.6421 85.44 5
    endloop
  endfacet
  facet normal 0 0 1
    outer loop
      vertex 42 96 5
      vertex 12.4722 85.85 5
      vertex 12.5706 85.6506 5
    endloop
  endfacet
  facet normal 0 0 1
    outer loop
      vertex 42 96 5
      vertex 12.3487 86.0349 5
      vertex 12.4722 85.85 5
    endloop
  endfacet
  facet normal 0 0 1
    outer loop
      vertex 42 96 5
      vertex 12.2021 86.2021 5
      vertex 12.3487 86.0349 5
    endloop
  endfacet
  facet normal 0 0 1
    outer loop
      vertex 42 96 5
      vertex 12.0349 86.3487 5
      vertex 12.2021 86.2021 5
    endloop
  endfacet
  facet normal 0 0 1
    outer loop
      vertex 42 96 5
      vertex 11.85 86.4722 5
      vertex 12.0349 86.3487 5
    endloop
  endfacet
  facet normal 0 0 1
    outer loop
      vertex 42 96 5
      vertex 11.6506 86.5706 5
      vertex 11.85 86.4722 5
    endloop
  endfacet
  facet normal -0 0 1
    outer loop
      vertex 0 96 5
      vertex 11.6506 86.5706 5
      vertex 42 96 5
    endloop
  endfacet
  facet normal 0 0 1
    outer loop
      vertex 11.6506 86.5706 5
      vertex 0 96 5
      vertex 11.44 86.6421 5
    endloop
  endfacet
  facet normal 0 0 1
    outer loop
      vertex 11.44 86.6421 5
      vertex 0 96 5
      vertex 11.2219 86.6855 5
    endloop
  endfacet
  facet normal 0 0 1
    outer loop
      vertex 11.2219 86.6855 5
      vertex 0 96 5
      vertex 11 86.7 5
    endloop
  endfacet
  facet normal 0 0 1
    outer loop
      vertex 11 86.7 5
      vertex 0 96 5
      vertex 10.7781 86.6855 5
    endloop
  endfacet
  facet normal 0 0 1
    outer loop
      vertex 9.35793 11.44 5
      vertex 0 0 5
      vertex 9.31454 11.2219 5
    endloop
  endfacet
  facet normal 0 0 1
    outer loop
      vertex 9.31454 85.2219 5
      vertex 0 96 5
      vertex 9.3 85 5
    endloop
  endfacet
  facet normal 0 0 1
    outer loop
      vertex 9.35793 85.44 5
      vertex 0 96 5
      vertex 9.31454 85.2219 5
    endloop
  endfacet
  facet normal 0 0 1
    outer loop
      vertex 9.4294 85.6506 5
      vertex 0 96 5
      vertex 9.35793 85.44 5
    endloop
  endfacet
  facet normal 0 0 1
    outer loop
      vertex 9.52776 85.85 5
      vertex 0 96 5
      vertex 9.4294 85.6506 5
    endloop
  endfacet
  facet normal 0 0 1
    outer loop
      vertex 9.6513 86.0349 5
      vertex 0 96 5
      vertex 9.52776 85.85 5
    endloop
  endfacet
  facet normal 0 0 1
    outer loop
      vertex 9.79792 86.2021 5
      vertex 0 96 5
      vertex 9.6513 86.0349 5
    endloop
  endfacet
  facet normal 0 0 1
    outer loop
      vertex 9.96511 86.3487 5
      vertex 0 96 5
      vertex 9.79792 86.2021 5
    endloop
  endfacet
  facet normal 0 0 1
    outer loop
      vertex 10.15 86.4722 5
      vertex 0 96 5
      vertex 9.96511 86.3487 5
    endloop
  endfacet
  facet normal 0 0 1
    outer loop
      vertex 10.3494 86.5706 5
      vertex 0 96 5
      vertex 10.15 86.4722 5
    endloop
  endfacet
  facet normal 0 0 1
    outer loop
      vertex 10.56 86.6421 5
      vertex 0 96 5
      vertex 10.3494 86.5706 5
    endloop
  endfacet
  facet normal 0 0 1
    outer loop
      vertex 10.7781 86.6855 5
      vertex 0 96 5
      vertex 10.56 86.6421 5
    endloop
  endfacet
  facet normal -0 0 1
    outer loop
      vertex 44.0706 67.3494 5
      vertex 54 56 5
      vertex 44.1421 67.56 5
    endloop
  endfacet
  facet normal 0 0 1
    outer loop
      vertex 54 46 5
      vertex 44.1855 28.2219 5
      vertex 44.2 28 5
    endloop
  endfacet
  facet normal -0 0 1
    outer loop
      vertex 43.9722 67.15 5
      vertex 54 56 5
      vertex 44.0706 67.3494 5
    endloop
  endfacet
  facet normal 0 0 1
    outer loop
      vertex 54 46 5
      vertex 44.1421 28.44 5
      vertex 44.1855 28.2219 5
    endloop
  endfacet
  facet normal -0 0 1
    outer loop
      vertex 43.8487 66.9651 5
      vertex 54 56 5
      vertex 43.9722 67.15 5
    endloop
  endfacet
  facet normal 0 -0 1
    outer loop
      vertex 43.35 29.4722 5
      vertex 54 46 5
      vertex 42 46 5
    endloop
  endfacet
  facet normal -0 0 1
    outer loop
      vertex 43.7021 66.7979 5
      vertex 54 56 5
      vertex 43.8487 66.9651 5
    endloop
  endfacet
  facet normal 0 0 1
    outer loop
      vertex 54 46 5
      vertex 44.0706 28.6506 5
      vertex 44.1421 28.44 5
    endloop
  endfacet
  facet normal 0 0 1
    outer loop
      vertex 54 56 5
      vertex 42 56 5
      vertex 54 46 5
    endloop
  endfacet
  facet normal 0 0 1
    outer loop
      vertex 54 46 5
      vertex 43.9722 28.85 5
      vertex 44.0706 28.6506 5
    endloop
  endfacet
  facet normal -0 0 1
    outer loop
      vertex 43.5349 66.6513 5
      vertex 54 56 5
      vertex 43.7021 66.7979 5
    endloop
  endfacet
  facet normal 0 0 1
    outer loop
      vertex 54 46 5
      vertex 43.8487 29.0349 5
      vertex 43.9722 28.85 5
    endloop
  endfacet
  facet normal 0 0 1
    outer loop
      vertex 54 56 5
      vertex 43.5349 66.6513 5
      vertex 42 56 5
    endloop
  endfacet
  facet normal 0 0 1
    outer loop
      vertex 54 46 5
      vertex 43.7021 29.2021 5
      vertex 43.8487 29.0349 5
    endloop
  endfacet
  facet normal 0 0 1
    outer loop
      vertex 42 56 5
      vertex 43.5349 66.6513 5
      vertex 43.35 66.5278 5
    endloop
  endfacet
  facet normal 0 0 1
    outer loop
      vertex 54 46 5
      vertex 43.5349 29.3487 5
      vertex 43.7021 29.2021 5
    endloop
  endfacet
  facet normal 0 0 1
    outer loop
      vertex 42 56 5
      vertex 43.35 66.5278 5
      vertex 43.1506 66.4294 5
    endloop
  endfacet
  facet normal 0 0 1
    outer loop
      vertex 54 46 5
      vertex 43.35 29.4722 5
      vertex 43.5349 29.3487 5
    endloop
  endfacet
  facet normal 0 0 1
    outer loop
      vertex 42 56 5
      vertex 43.1506 66.4294 5
      vertex 42.94 66.3579 5
    endloop
  endfacet
  facet normal 0 0 1
    outer loop
      vertex 43.35 29.4722 5
      vertex 42 46 5
      vertex 43.1506 29.5706 5
    endloop
  endfacet
  facet normal 0 0 1
    outer loop
      vertex 42 56 5
      vertex 42.94 66.3579 5
      vertex 42.7219 66.3145 5
    endloop
  endfacet
  facet normal 0 0 1
    outer loop
      vertex 43.1506 29.5706 5
      vertex 42 46 5
      vertex 42.94 29.6421 5
    endloop
  endfacet
  facet normal 0 0 1
    outer loop
      vertex 42 56 5
      vertex 42.7219 66.3145 5
      vertex 42.5 66.3 5
    endloop
  endfacet
  facet normal 0 0 1
    outer loop
      vertex 42.94 29.6421 5
      vertex 42 46 5
      vertex 42.7219 29.6855 5
    endloop
  endfacet
  facet normal 0 0 1
    outer loop
      vertex 42 56 5
      vertex 42.5 66.3 5
      vertex 42.2781 66.3145 5
    endloop
  endfacet
  facet normal 0 0 1
    outer loop
      vertex 54 46 5
      vertex 42 56 5
      vertex 42 46 5
    endloop
  endfacet
  facet normal 0 0 1
    outer loop
      vertex 42 56 5
      vertex 42.2781 66.3145 5
      vertex 42.06 66.3579 5
    endloop
  endfacet
  facet normal 0 0 1
    outer loop
      vertex 42.7219 29.6855 5
      vertex 42 46 5
      vertex 42.5 29.7 5
    endloop
  endfacet
  facet normal 0 0 1
    outer loop
      vertex 42 56 5
      vertex 42.06 66.3579 5
      vertex 42 66.3783 5
    endloop
  endfacet
  facet normal 0 0 1
    outer loop
      vertex 42.5 29.7 5
      vertex 42 46 5
      vertex 42.2781 29.6855 5
    endloop
  endfacet
  facet normal 0 0 1
    outer loop
      vertex 42.2781 29.6855 5
      vertex 42 46 5
      vertex 42.06 29.6421 5
    endloop
  endfacet
  facet normal 0 0 1
    outer loop
      vertex 42.06 29.6421 5
      vertex 42 46 5
      vertex 42 29.6217 5
    endloop
  endfacet
  facet normal 0 0 1
    outer loop
      vertex 45.8267 97.0823 5
      vertex 42 96 5
      vertex 45.75 96.5 5
    endloop
  endfacet
  facet normal 0 0 1
    outer loop
      vertex 45.75 96.5 5
      vertex 44.1855 68.2219 5
      vertex 44.2 68 5
    endloop
  endfacet
  facet normal 0 0 1
    outer loop
      vertex 45.75 96.5 5
      vertex 44.1421 68.44 5
      vertex 44.1855 68.2219 5
    endloop
  endfacet
  facet normal 0 0 1
    outer loop
      vertex 42 76 5
      vertex 45.75 96.5 5
      vertex 42 96 5
    endloop
  endfacet
  facet normal 0 0 1
    outer loop
      vertex 45.75 96.5 5
      vertex 44.0706 68.6506 5
      vertex 44.1421 68.44 5
    endloop
  endfacet
  facet normal 0 0 1
    outer loop
      vertex 45.75 96.5 5
      vertex 42 76 5
      vertex 44.0706 68.6506 5
    endloop
  endfacet
  facet normal 0 0 1
    outer loop
      vertex 44.0706 68.6506 5
      vertex 42 76 5
      vertex 43.9722 68.85 5
    endloop
  endfacet
  facet normal 0 0 1
    outer loop
      vertex 43.9722 68.85 5
      vertex 42 76 5
      vertex 43.8487 69.0349 5
    endloop
  endfacet
  facet normal 0 0 1
    outer loop
      vertex 43.8487 69.0349 5
      vertex 42 76 5
      vertex 43.7021 69.2021 5
    endloop
  endfacet
  facet normal 0 0 1
    outer loop
      vertex 43.5349 69.3487 5
      vertex 42 76 5
      vertex 43.35 69.4722 5
    endloop
  endfacet
  facet normal 0 0 1
    outer loop
      vertex 43.35 69.4722 5
      vertex 42 76 5
      vertex 43.1506 69.5706 5
    endloop
  endfacet
  facet normal 0 0 1
    outer loop
      vertex 43.1506 69.5706 5
      vertex 42 76 5
      vertex 42.94 69.6421 5
    endloop
  endfacet
  facet normal 0 0 1
    outer loop
      vertex 42.94 69.6421 5
      vertex 42 76 5
      vertex 42.7219 69.6855 5
    endloop
  endfacet
  facet normal 0 0 1
    outer loop
      vertex 42.7219 69.6855 5
      vertex 42 76 5
      vertex 42.5 69.7 5
    endloop
  endfacet
  facet normal 0 0 1
    outer loop
      vertex 42.5 69.7 5
      vertex 42 76 5
      vertex 42.2781 69.6855 5
    endloop
  endfacet
  facet normal -0 0 1
    outer loop
      vertex 42 111 5
      vertex 46.0514 110.625 5
      vertex 46.3392 111 5
    endloop
  endfacet
  facet normal 0 0 1
    outer loop
      vertex 42 111 5
      vertex 45.8267 110.082 5
      vertex 46.0514 110.625 5
    endloop
  endfacet
  facet normal 0 0 1
    outer loop
      vertex 42 111 5
      vertex 45.75 109.5 5
      vertex 45.8267 110.082 5
    endloop
  endfacet
  facet normal 0 0 1
    outer loop
      vertex 42 96 5
      vertex 45.75 109.5 5
      vertex 42 111 5
    endloop
  endfacet
  facet normal 0 0 1
    outer loop
      vertex 43.7021 69.2021 5
      vertex 42 76 5
      vertex 43.5349 69.3487 5
    endloop
  endfacet
  facet normal 0 0 1
    outer loop
      vertex 42.2781 69.6855 5
      vertex 42 76 5
      vertex 42.06 69.6421 5
    endloop
  endfacet
  facet normal 0 0 1
    outer loop
      vertex 42.06 69.6421 5
      vertex 42 76 5
      vertex 42 69.6217 5
    endloop
  endfacet
  facet normal 0 0 1
    outer loop
      vertex 62.409 107.909 5
      vertex 49.591 107.909 5
      vertex 62.409 98.091 5
    endloop
  endfacet
  facet normal 0 0 1
    outer loop
      vertex 62.0514 97.625 5
      vertex 50.1733 97.0823 5
      vertex 50.25 96.5 5
    endloop
  endfacet
  facet normal 0 0 1
    outer loop
      vertex 49.591 98.091 5
      vertex 62.409 98.091 5
      vertex 49.591 107.909 5
    endloop
  endfacet
  facet normal 0 0 1
    outer loop
      vertex 62.0514 97.625 5
      vertex 49.9486 97.625 5
      vertex 50.1733 97.0823 5
    endloop
  endfacet
  facet normal 0 0 1
    outer loop
      vertex 62.409 98.091 5
      vertex 49.591 98.091 5
      vertex 62.0514 97.625 5
    endloop
  endfacet
  facet normal 0 0 1
    outer loop
      vertex 62.0514 97.625 5
      vertex 49.591 98.091 5
      vertex 49.9486 97.625 5
    endloop
  endfacet
  facet normal -0 0 1
    outer loop
      vertex 49.125 107.551 5
      vertex 49.591 98.091 5
      vertex 49.591 107.909 5
    endloop
  endfacet
  facet normal 0 0 1
    outer loop
      vertex 49.125 107.551 5
      vertex 49.125 98.4486 5
      vertex 49.591 98.091 5
    endloop
  endfacet
  facet normal -0 0 1
    outer loop
      vertex 48.5823 107.327 5
      vertex 49.125 98.4486 5
      vertex 49.125 107.551 5
    endloop
  endfacet
  facet normal 0 0 1
    outer loop
      vertex 48.5823 107.327 5
      vertex 48.5823 98.6733 5
      vertex 49.125 98.4486 5
    endloop
  endfacet
  facet normal -0 0 1
    outer loop
      vertex 48 107.25 5
      vertex 48.5823 98.6733 5
      vertex 48.5823 107.327 5
    endloop
  endfacet
  facet normal 0 0 1
    outer loop
      vertex 48 107.25 5
      vertex 48 98.75 5
      vertex 48.5823 98.6733 5
    endloop
  endfacet
  facet normal 0 0 1
    outer loop
      vertex 47.4177 107.327 5
      vertex 48 98.75 5
      vertex 48 107.25 5
    endloop
  endfacet
  facet normal 0 0 1
    outer loop
      vertex 47.4177 107.327 5
      vertex 47.4177 98.6733 5
      vertex 48 98.75 5
    endloop
  endfacet
  facet normal 0 0 1
    outer loop
      vertex 46.875 107.551 5
      vertex 47.4177 98.6733 5
      vertex 47.4177 107.327 5
    endloop
  endfacet
  facet normal 0 0 1
    outer loop
      vertex 46.875 107.551 5
      vertex 46.875 98.4486 5
      vertex 47.4177 98.6733 5
    endloop
  endfacet
  facet normal 0 0 1
    outer loop
      vertex 46.409 107.909 5
      vertex 46.875 98.4486 5
      vertex 46.875 107.551 5
    endloop
  endfacet
  facet normal 0 0 1
    outer loop
      vertex 46.409 107.909 5
      vertex 46.409 98.091 5
      vertex 46.875 98.4486 5
    endloop
  endfacet
  facet normal 0 0 1
    outer loop
      vertex 42 96 5
      vertex 46.409 107.909 5
      vertex 46.0514 108.375 5
    endloop
  endfacet
  facet normal 0 0 1
    outer loop
      vertex 46.409 107.909 5
      vertex 42 96 5
      vertex 46.409 98.091 5
    endloop
  endfacet
  facet normal 0 0 1
    outer loop
      vertex 42 96 5
      vertex 46.0514 108.375 5
      vertex 45.8267 108.918 5
    endloop
  endfacet
  facet normal 0 0 1
    outer loop
      vertex 46.409 98.091 5
      vertex 42 96 5
      vertex 46.0514 97.625 5
    endloop
  endfacet
  facet normal 0 0 1
    outer loop
      vertex 42 96 5
      vertex 45.8267 108.918 5
      vertex 45.75 109.5 5
    endloop
  endfacet
  facet normal 0 0 1
    outer loop
      vertex 46.0514 97.625 5
      vertex 42 96 5
      vertex 45.8267 97.0823 5
    endloop
  endfacet
  facet normal 0 0 1
    outer loop
      vertex 61.8267 97.0823 5
      vertex 50.25 96.5 5
      vertex 61.75 96.5 5
    endloop
  endfacet
  facet normal 0 0 1
    outer loop
      vertex 50.25 109.5 5
      vertex 61.75 109.5 5
      vertex 61.8267 110.082 5
    endloop
  endfacet
  facet normal 0 0 1
    outer loop
      vertex 44.1855 67.7781 5
      vertex 54 76 5
      vertex 44.2 68 5
    endloop
  endfacet
  facet normal 0 0 1
    outer loop
      vertex 54 76 5
      vertex 44.1855 67.7781 5
      vertex 54 56 5
    endloop
  endfacet
  facet normal 0 0 1
    outer loop
      vertex 61.75 96.5 5
      vertex 50.25 96.5 5
      vertex 50.1733 95.9177 5
    endloop
  endfacet
  facet normal 0 0 1
    outer loop
      vertex 50.1733 108.918 5
      vertex 61.75 109.5 5
      vertex 50.25 109.5 5
    endloop
  endfacet
  facet normal 0 0 1
    outer loop
      vertex 50.1733 110.082 5
      vertex 61.8267 110.082 5
      vertex 62.0514 110.625 5
    endloop
  endfacet
  facet normal 0 0 1
    outer loop
      vertex 49.9486 110.625 5
      vertex 62.0514 110.625 5
      vertex 62.3392 111 5
    endloop
  endfacet
  facet normal 0 0 1
    outer loop
      vertex 61.8267 110.082 5
      vertex 50.1733 110.082 5
      vertex 50.25 109.5 5
    endloop
  endfacet
  facet normal 0 0 1
    outer loop
      vertex 62.0514 110.625 5
      vertex 49.9486 110.625 5
      vertex 50.1733 110.082 5
    endloop
  endfacet
  facet normal 0 -0 1
    outer loop
      vertex 49.9486 110.625 5
      vertex 62.3392 111 5
      vertex 49.6608 111 5
    endloop
  endfacet
  facet normal 0 0 1
    outer loop
      vertex 70 111 5
      vertex 65.9486 108.375 5
      vertex 70 96 5
    endloop
  endfacet
  facet normal 0 0 1
    outer loop
      vertex 70 96 5
      vertex 66.1733 97.0823 5
      vertex 66.25 96.5 5
    endloop
  endfacet
  facet normal -0 0 1
    outer loop
      vertex 65.591 107.909 5
      vertex 70 96 5
      vertex 65.9486 108.375 5
    endloop
  endfacet
  facet normal 0 0 1
    outer loop
      vertex 70 96 5
      vertex 65.9486 97.625 5
      vertex 66.1733 97.0823 5
    endloop
  endfacet
  facet normal -0 0 1
    outer loop
      vertex 65.591 98.091 5
      vertex 70 96 5
      vertex 65.591 107.909 5
    endloop
  endfacet
  facet normal 0 0 1
    outer loop
      vertex 70 96 5
      vertex 65.591 98.091 5
      vertex 65.9486 97.625 5
    endloop
  endfacet
  facet normal -0 0 1
    outer loop
      vertex 65.125 107.551 5
      vertex 65.591 98.091 5
      vertex 65.591 107.909 5
    endloop
  endfacet
  facet normal 0 0 1
    outer loop
      vertex 65.125 107.551 5
      vertex 65.125 98.4486 5
      vertex 65.591 98.091 5
    endloop
  endfacet
  facet normal -0 0 1
    outer loop
      vertex 64.5823 107.327 5
      vertex 65.125 98.4486 5
      vertex 65.125 107.551 5
    endloop
  endfacet
  facet normal 0 0 1
    outer loop
      vertex 64.5823 107.327 5
      vertex 64.5823 98.6733 5
      vertex 65.125 98.4486 5
    endloop
  endfacet
  facet normal -0 0 1
    outer loop
      vertex 64 107.25 5
      vertex 64.5823 98.6733 5
      vertex 64.5823 107.327 5
    endloop
  endfacet
  facet normal 0 0 1
    outer loop
      vertex 64 107.25 5
      vertex 64 98.75 5
      vertex 64.5823 98.6733 5
    endloop
  endfacet
  facet normal 0 0 1
    outer loop
      vertex 63.4177 107.327 5
      vertex 64 98.75 5
      vertex 64 107.25 5
    endloop
  endfacet
  facet normal 0 0 1
    outer loop
      vertex 63.4177 107.327 5
      vertex 63.4177 98.6733 5
      vertex 64 98.75 5
    endloop
  endfacet
  facet normal 0 0 1
    outer loop
      vertex 62.875 107.551 5
      vertex 63.4177 98.6733 5
      vertex 63.4177 107.327 5
    endloop
  endfacet
  facet normal 0 0 1
    outer loop
      vertex 62.875 107.551 5
      vertex 62.875 98.4486 5
      vertex 63.4177 98.6733 5
    endloop
  endfacet
  facet normal 0 0 1
    outer loop
      vertex 62.409 107.909 5
      vertex 62.875 98.4486 5
      vertex 62.875 107.551 5
    endloop
  endfacet
  facet normal 0 0 1
    outer loop
      vertex 62.409 107.909 5
      vertex 62.409 98.091 5
      vertex 62.875 98.4486 5
    endloop
  endfacet
  facet normal 0 0 1
    outer loop
      vertex 49.9486 108.375 5
      vertex 62.0514 108.375 5
      vertex 50.1733 108.918 5
    endloop
  endfacet
  facet normal 0 0 1
    outer loop
      vertex 62.0514 108.375 5
      vertex 49.9486 108.375 5
      vertex 62.409 107.909 5
    endloop
  endfacet
  facet normal -0 0 1
    outer loop
      vertex 50.1733 108.918 5
      vertex 62.0514 108.375 5
      vertex 61.8267 108.918 5
    endloop
  endfacet
  facet normal 0 0 1
    outer loop
      vertex 49.591 107.909 5
      vertex 62.409 107.909 5
      vertex 49.9486 108.375 5
    endloop
  endfacet
  facet normal 0 0 1
    outer loop
      vertex 50.1733 108.918 5
      vertex 61.8267 108.918 5
      vertex 61.75 109.5 5
    endloop
  endfacet
  facet normal 0 0 1
    outer loop
      vertex 62.0514 97.625 5
      vertex 50.25 96.5 5
      vertex 61.8267 97.0823 5
    endloop
  endfacet
  facet normal 0 0 1
    outer loop
      vertex 66.1733 108.918 5
      vertex 70 111 5
      vertex 66.25 109.5 5
    endloop
  endfacet
  facet normal 0 0 1
    outer loop
      vertex 70 111 5
      vertex 66.1733 110.082 5
      vertex 66.25 109.5 5
    endloop
  endfacet
  facet normal 0 0 1
    outer loop
      vertex 70 111 5
      vertex 65.9486 110.625 5
      vertex 66.1733 110.082 5
    endloop
  endfacet
  facet normal 0 -0 1
    outer loop
      vertex 65.9486 110.625 5
      vertex 70 111 5
      vertex 65.6608 111 5
    endloop
  endfacet
  facet normal -0 0 1
    outer loop
      vertex 54 56 5
      vertex 72 46 5
      vertex 72 56 5
    endloop
  endfacet
  facet normal 0 0 1
    outer loop
      vertex 72 46 5
      vertex 54 56 5
      vertex 54 46 5
    endloop
  endfacet
  facet normal -0 0 1
    outer loop
      vertex 84 56 5
      vertex 102 46 5
      vertex 102 56 5
    endloop
  endfacet
  facet normal 0 0 1
    outer loop
      vertex 102 46 5
      vertex 84 56 5
      vertex 84 46 5
    endloop
  endfacet
  facet normal 0 0 1
    outer loop
      vertex 102 46 5
      vertex 112 96 5
      vertex 102 56 5
    endloop
  endfacet
  facet normal 0 0 1
    outer loop
      vertex 112 96 5
      vertex 102 46 5
      vertex 112 0 5
    endloop
  endfacet
  facet normal 0 0 1
    outer loop
      vertex 102 76 5
      vertex 102.685 84.7781 5
      vertex 102.642 84.56 5
    endloop
  endfacet
  facet normal -0 0 1
    outer loop
      vertex 102 26 5
      vertex 112 0 5
      vertex 102 46 5
    endloop
  endfacet
  facet normal 0 0 1
    outer loop
      vertex 102 76 5
      vertex 102.642 84.56 5
      vertex 102.571 84.3494 5
    endloop
  endfacet
  facet normal 0 0 1
    outer loop
      vertex 112 0 5
      vertex 102.685 11.2219 5
      vertex 102.7 11 5
    endloop
  endfacet
  facet normal 0 0 1
    outer loop
      vertex 102 76 5
      vertex 102.571 84.3494 5
      vertex 102.472 84.15 5
    endloop
  endfacet
  facet normal -0 -0 1
    outer loop
      vertex 102.571 11.6506 5
      vertex 112 0 5
      vertex 102 26 5
    endloop
  endfacet
  facet normal 0 0 1
    outer loop
      vertex 102 76 5
      vertex 102.472 84.15 5
      vertex 102.349 83.9651 5
    endloop
  endfacet
  facet normal 0 0 1
    outer loop
      vertex 112 0 5
      vertex 102.642 11.44 5
      vertex 102.685 11.2219 5
    endloop
  endfacet
  facet normal 0 0 1
    outer loop
      vertex 102 76 5
      vertex 102.349 83.9651 5
      vertex 102.202 83.7979 5
    endloop
  endfacet
  facet normal 0 0 1
    outer loop
      vertex 112 0 5
      vertex 102.571 11.6506 5
      vertex 102.642 11.44 5
    endloop
  endfacet
  facet normal 0 0 1
    outer loop
      vertex 102 76 5
      vertex 102.202 83.7979 5
      vertex 102.035 83.6513 5
    endloop
  endfacet
  facet normal 0 0 1
    outer loop
      vertex 102.685 84.7781 5
      vertex 102 76 5
      vertex 102 56 5
    endloop
  endfacet
  facet normal 0 0 1
    outer loop
      vertex 102.571 11.6506 5
      vertex 102 26 5
      vertex 102.472 11.85 5
    endloop
  endfacet
  facet normal -0 0 1
    outer loop
      vertex 101.85 83.5278 5
      vertex 102 76 5
      vertex 102.035 83.6513 5
    endloop
  endfacet
  facet normal -0 0 1
    outer loop
      vertex 101.651 83.4294 5
      vertex 102 76 5
      vertex 101.85 83.5278 5
    endloop
  endfacet
  facet normal -0 0 1
    outer loop
      vertex 101.44 83.3579 5
      vertex 102 76 5
      vertex 101.651 83.4294 5
    endloop
  endfacet
  facet normal -0 0 1
    outer loop
      vertex 101.222 83.3145 5
      vertex 102 76 5
      vertex 101.44 83.3579 5
    endloop
  endfacet
  facet normal -0 0 1
    outer loop
      vertex 101 83.3 5
      vertex 102 76 5
      vertex 101.222 83.3145 5
    endloop
  endfacet
  facet normal 0 0 1
    outer loop
      vertex 100.778 83.3145 5
      vertex 102 76 5
      vertex 101 83.3 5
    endloop
  endfacet
  facet normal 0 0 1
    outer loop
      vertex 100.56 83.3579 5
      vertex 102 76 5
      vertex 100.778 83.3145 5
    endloop
  endfacet
  facet normal 0 0 1
    outer loop
      vertex 100.349 83.4294 5
      vertex 102 76 5
      vertex 100.56 83.3579 5
    endloop
  endfacet
  facet normal 0 0 1
    outer loop
      vertex 100.15 83.5278 5
      vertex 102 76 5
      vertex 100.349 83.4294 5
    endloop
  endfacet
  facet normal 0 0 1
    outer loop
      vertex 99.9651 83.6513 5
      vertex 102 76 5
      vertex 100.15 83.5278 5
    endloop
  endfacet
  facet normal 0 0 1
    outer loop
      vertex 99.7979 83.7979 5
      vertex 102 76 5
      vertex 99.9651 83.6513 5
    endloop
  endfacet
  facet normal 0 0 1
    outer loop
      vertex 84 76 5
      vertex 99.7979 83.7979 5
      vertex 99.6513 83.9651 5
    endloop
  endfacet
  facet normal 0 0 1
    outer loop
      vertex 84 76 5
      vertex 99.6513 83.9651 5
      vertex 99.5278 84.15 5
    endloop
  endfacet
  facet normal 0 0 1
    outer loop
      vertex 84 76 5
      vertex 99.5278 84.15 5
      vertex 99.4294 84.3494 5
    endloop
  endfacet
  facet normal 0 0 1
    outer loop
      vertex 84 76 5
      vertex 99.4294 84.3494 5
      vertex 99.3579 84.56 5
    endloop
  endfacet
  facet normal 0 0 1
    outer loop
      vertex 99.7979 83.7979 5
      vertex 84 76 5
      vertex 102 76 5
    endloop
  endfacet
  facet normal 0 0 1
    outer loop
      vertex 99.3145 84.7781 5
      vertex 84 76 5
      vertex 99.3579 84.56 5
    endloop
  endfacet
  facet normal 0 0 1
    outer loop
      vertex 84 76 5
      vertex 99.3145 84.7781 5
      vertex 99.3 85 5
    endloop
  endfacet
  facet normal 0 0 1
    outer loop
      vertex 102.685 84.7781 5
      vertex 112 96 5
      vertex 102.7 85 5
    endloop
  endfacet
  facet normal 0 0 1
    outer loop
      vertex 112 96 5
      vertex 102.685 85.2219 5
      vertex 102.7 85 5
    endloop
  endfacet
  facet normal 0 0 1
    outer loop
      vertex 112 96 5
      vertex 102.642 85.44 5
      vertex 102.685 85.2219 5
    endloop
  endfacet
  facet normal 0 0 1
    outer loop
      vertex 112 96 5
      vertex 102.571 85.6506 5
      vertex 102.642 85.44 5
    endloop
  endfacet
  facet normal 0 0 1
    outer loop
      vertex 112 96 5
      vertex 102.472 85.85 5
      vertex 102.571 85.6506 5
    endloop
  endfacet
  facet normal 0 0 1
    outer loop
      vertex 112 96 5
      vertex 102.349 86.0349 5
      vertex 102.472 85.85 5
    endloop
  endfacet
  facet normal 0 0 1
    outer loop
      vertex 112 96 5
      vertex 102.202 86.2021 5
      vertex 102.349 86.0349 5
    endloop
  endfacet
  facet normal 0 0 1
    outer loop
      vertex 112 96 5
      vertex 102.035 86.3487 5
      vertex 102.202 86.2021 5
    endloop
  endfacet
  facet normal 0 0 1
    outer loop
      vertex 112 96 5
      vertex 101.85 86.4722 5
      vertex 102.035 86.3487 5
    endloop
  endfacet
  facet normal 0 0 1
    outer loop
      vertex 112 96 5
      vertex 101.651 86.5706 5
      vertex 101.85 86.4722 5
    endloop
  endfacet
  facet normal 0 0 1
    outer loop
      vertex 112 96 5
      vertex 101.44 86.6421 5
      vertex 101.651 86.5706 5
    endloop
  endfacet
  facet normal 0 0 1
    outer loop
      vertex 112 96 5
      vertex 101.222 86.6855 5
      vertex 101.44 86.6421 5
    endloop
  endfacet
  facet normal 0 0 1
    outer loop
      vertex 112 96 5
      vertex 101 86.7 5
      vertex 101.222 86.6855 5
    endloop
  endfacet
  facet normal 0 0 1
    outer loop
      vertex 112 96 5
      vertex 100.778 86.6855 5
      vertex 101 86.7 5
    endloop
  endfacet
  facet normal 0 0 1
    outer loop
      vertex 112 96 5
      vertex 100.56 86.6421 5
      vertex 100.778 86.6855 5
    endloop
  endfacet
  facet normal 0 0 1
    outer loop
      vertex 112 96 5
      vertex 100.349 86.5706 5
      vertex 100.56 86.6421 5
    endloop
  endfacet
  facet normal -0 0 1
    outer loop
      vertex 70 96 5
      vertex 100.349 86.5706 5
      vertex 112 96 5
    endloop
  endfacet
  facet normal 0 0 1
    outer loop
      vertex 100.349 86.5706 5
      vertex 70 96 5
      vertex 100.15 86.4722 5
    endloop
  endfacet
  facet normal 0 0 1
    outer loop
      vertex 99.3145 85.2219 5
      vertex 84 76 5
      vertex 99.3 85 5
    endloop
  endfacet
  facet normal 0 0 1
    outer loop
      vertex 99.3579 85.44 5
      vertex 84 76 5
      vertex 99.3145 85.2219 5
    endloop
  endfacet
  facet normal 0 0 1
    outer loop
      vertex 99.4294 85.6506 5
      vertex 84 76 5
      vertex 99.3579 85.44 5
    endloop
  endfacet
  facet normal 0 0 1
    outer loop
      vertex 70 96 5
      vertex 99.4294 85.6506 5
      vertex 99.5278 85.85 5
    endloop
  endfacet
  facet normal 0 0 1
    outer loop
      vertex 70 96 5
      vertex 99.5278 85.85 5
      vertex 99.6513 86.0349 5
    endloop
  endfacet
  facet normal 0 0 1
    outer loop
      vertex 70 96 5
      vertex 99.6513 86.0349 5
      vertex 99.7979 86.2021 5
    endloop
  endfacet
  facet normal 0 0 1
    outer loop
      vertex 70 96 5
      vertex 99.7979 86.2021 5
      vertex 99.9651 86.3487 5
    endloop
  endfacet
  facet normal 0 0 1
    outer loop
      vertex 100.15 86.4722 5
      vertex 70 96 5
      vertex 99.9651 86.3487 5
    endloop
  endfacet
  facet normal 0 0 1
    outer loop
      vertex 72 56 5
      vertex 84 56 5
      vertex 84 76 5
    endloop
  endfacet
  facet normal 0 0 1
    outer loop
      vertex 84 56 5
      vertex 72 56 5
      vertex 84 46 5
    endloop
  endfacet
  facet normal 0 0 1
    outer loop
      vertex 72 56 5
      vertex 84 76 5
      vertex 72 76 5
    endloop
  endfacet
  facet normal 0 0 1
    outer loop
      vertex 99.4294 85.6506 5
      vertex 70 96 5
      vertex 84 76 5
    endloop
  endfacet
  facet normal 0 0 1
    outer loop
      vertex 84 76 5
      vertex 70 96 5
      vertex 72 76 5
    endloop
  endfacet
  facet normal 0 0 1
    outer loop
      vertex 65.9486 108.375 5
      vertex 70 111 5
      vertex 66.1733 108.918 5
    endloop
  endfacet
  facet normal 0 0 1
    outer loop
      vertex 66.1733 95.9177 5
      vertex 70 96 5
      vertex 66.25 96.5 5
    endloop
  endfacet
  facet normal 0 0 1
    outer loop
      vertex 65.9486 95.375 5
      vertex 70 96 5
      vertex 66.1733 95.9177 5
    endloop
  endfacet
  facet normal 0 0 1
    outer loop
      vertex 65.591 94.909 5
      vertex 70 96 5
      vertex 65.9486 95.375 5
    endloop
  endfacet
  facet normal 0 0 1
    outer loop
      vertex 65.125 94.5514 5
      vertex 70 96 5
      vertex 65.591 94.909 5
    endloop
  endfacet
  facet normal 0 0 1
    outer loop
      vertex 70 96 5
      vertex 65.125 94.5514 5
      vertex 72 76 5
    endloop
  endfacet
  facet normal -0 0 1
    outer loop
      vertex 64.5823 94.3267 5
      vertex 72 76 5
      vertex 65.125 94.5514 5
    endloop
  endfacet
  facet normal -0 0 1
    outer loop
      vertex 64 94.25 5
      vertex 72 76 5
      vertex 64.5823 94.3267 5
    endloop
  endfacet
  facet normal 0 0 1
    outer loop
      vertex 54 76 5
      vertex 64 94.25 5
      vertex 63.4177 94.3267 5
    endloop
  endfacet
  facet normal 0 0 1
    outer loop
      vertex 54 76 5
      vertex 63.4177 94.3267 5
      vertex 62.875 94.5514 5
    endloop
  endfacet
  facet normal 0 0 1
    outer loop
      vertex 54 76 5
      vertex 62.875 94.5514 5
      vertex 62.409 94.909 5
    endloop
  endfacet
  facet normal 0 0 1
    outer loop
      vertex 54 76 5
      vertex 62.409 94.909 5
      vertex 62.0514 95.375 5
    endloop
  endfacet
  facet normal 0 0 1
    outer loop
      vertex 64 94.25 5
      vertex 54 76 5
      vertex 72 76 5
    endloop
  endfacet
  facet normal 0 0 1
    outer loop
      vertex 61.8267 95.9177 5
      vertex 54 76 5
      vertex 62.0514 95.375 5
    endloop
  endfacet
  facet normal 0 0 1
    outer loop
      vertex 54 76 5
      vertex 61.8267 95.9177 5
      vertex 61.75 96.5 5
    endloop
  endfacet
  facet normal 0 0 1
    outer loop
      vertex 102 56 5
      vertex 112 96 5
      vertex 102.685 84.7781 5
    endloop
  endfacet
  facet normal -0 0 1
    outer loop
      vertex 102.685 10.7781 5
      vertex 112 0 5
      vertex 102.7 11 5
    endloop
  endfacet
  facet normal -0 0 1
    outer loop
      vertex 102.642 10.56 5
      vertex 112 0 5
      vertex 102.685 10.7781 5
    endloop
  endfacet
  facet normal -0 0 1
    outer loop
      vertex 102.571 10.3494 5
      vertex 112 0 5
      vertex 102.642 10.56 5
    endloop
  endfacet
  facet normal -0 0 1
    outer loop
      vertex 102.472 10.15 5
      vertex 112 0 5
      vertex 102.571 10.3494 5
    endloop
  endfacet
  facet normal -0 0 1
    outer loop
      vertex 102.349 9.96511 5
      vertex 112 0 5
      vertex 102.472 10.15 5
    endloop
  endfacet
  facet normal -0 0 1
    outer loop
      vertex 102.202 9.79792 5
      vertex 112 0 5
      vertex 102.349 9.96511 5
    endloop
  endfacet
  facet normal -0 0 1
    outer loop
      vertex 102.035 9.6513 5
      vertex 112 0 5
      vertex 102.202 9.79792 5
    endloop
  endfacet
  facet normal -0 0 1
    outer loop
      vertex 101.85 9.52776 5
      vertex 112 0 5
      vertex 102.035 9.6513 5
    endloop
  endfacet
  facet normal -0 0 1
    outer loop
      vertex 101.651 9.4294 5
      vertex 112 0 5
      vertex 101.85 9.52776 5
    endloop
  endfacet
  facet normal -0 0 1
    outer loop
      vertex 101.44 9.35793 5
      vertex 112 0 5
      vertex 101.651 9.4294 5
    endloop
  endfacet
  facet normal -0 0 1
    outer loop
      vertex 101.222 9.31454 5
      vertex 112 0 5
      vertex 101.44 9.35793 5
    endloop
  endfacet
  facet normal -0 0 1
    outer loop
      vertex 101 9.3 5
      vertex 112 0 5
      vertex 101.222 9.31454 5
    endloop
  endfacet
  facet normal 0 0 1
    outer loop
      vertex 100.778 9.31454 5
      vertex 112 0 5
      vertex 101 9.3 5
    endloop
  endfacet
  facet normal 0 0 1
    outer loop
      vertex 100.56 9.35793 5
      vertex 112 0 5
      vertex 100.778 9.31454 5
    endloop
  endfacet
  facet normal 0 0 1
    outer loop
      vertex 100.349 9.4294 5
      vertex 112 0 5
      vertex 100.56 9.35793 5
    endloop
  endfacet
  facet normal 0 0 1
    outer loop
      vertex 100.15 9.52776 5
      vertex 112 0 5
      vertex 100.349 9.4294 5
    endloop
  endfacet
  facet normal 0 0 1
    outer loop
      vertex 99.9651 9.6513 5
      vertex 112 0 5
      vertex 100.15 9.52776 5
    endloop
  endfacet
  facet normal 0 0 1
    outer loop
      vertex 84 26 5
      vertex 99.3145 10.7781 5
      vertex 99.3 11 5
    endloop
  endfacet
  facet normal 0 0 1
    outer loop
      vertex 84 26 5
      vertex 99.3579 10.56 5
      vertex 99.3145 10.7781 5
    endloop
  endfacet
  facet normal -0 0 1
    outer loop
      vertex 72 26 5
      vertex 99.3579 10.56 5
      vertex 84 26 5
    endloop
  endfacet
  facet normal 0 0 1
    outer loop
      vertex 99.3579 10.56 5
      vertex 72 26 5
      vertex 99.4294 10.3494 5
    endloop
  endfacet
  facet normal 0 0 1
    outer loop
      vertex 99.4294 10.3494 5
      vertex 72 26 5
      vertex 99.5278 10.15 5
    endloop
  endfacet
  facet normal 0 0 1
    outer loop
      vertex 99.5278 10.15 5
      vertex 72 26 5
      vertex 99.6513 9.96511 5
    endloop
  endfacet
  facet normal 0 0 1
    outer loop
      vertex 72 46 5
      vertex 84 46 5
      vertex 72 56 5
    endloop
  endfacet
  facet normal 0 0 1
    outer loop
      vertex 84 46 5
      vertex 72 46 5
      vertex 84 26 5
    endloop
  endfacet
  facet normal 0 0 1
    outer loop
      vertex 72 26 5
      vertex 84 26 5
      vertex 72 46 5
    endloop
  endfacet
  facet normal -0 0 1
    outer loop
      vertex 54 26 5
      vertex 99.6513 9.96511 5
      vertex 72 26 5
    endloop
  endfacet
  facet normal 0 0 1
    outer loop
      vertex 99.6513 9.96511 5
      vertex 54 26 5
      vertex 99.7979 9.79792 5
    endloop
  endfacet
  facet normal 0 0 1
    outer loop
      vertex 99.7979 9.79792 5
      vertex 54 26 5
      vertex 99.9651 9.6513 5
    endloop
  endfacet
  facet normal 0 0 1
    outer loop
      vertex 12.0349 9.6513 5
      vertex 99.9651 9.6513 5
      vertex 54 26 5
    endloop
  endfacet
  facet normal 0 0 1
    outer loop
      vertex 49.9486 95.375 5
      vertex 61.75 96.5 5
      vertex 50.1733 95.9177 5
    endloop
  endfacet
  facet normal 0 0 1
    outer loop
      vertex 49.591 94.909 5
      vertex 61.75 96.5 5
      vertex 49.9486 95.375 5
    endloop
  endfacet
  facet normal 0 0 1
    outer loop
      vertex 61.75 96.5 5
      vertex 49.591 94.909 5
      vertex 54 76 5
    endloop
  endfacet
  facet normal -0 0 1
    outer loop
      vertex 49.125 94.5514 5
      vertex 54 76 5
      vertex 49.591 94.909 5
    endloop
  endfacet
  facet normal -0 0 1
    outer loop
      vertex 48.5823 94.3267 5
      vertex 54 76 5
      vertex 49.125 94.5514 5
    endloop
  endfacet
  facet normal -0 0 1
    outer loop
      vertex 48 94.25 5
      vertex 54 76 5
      vertex 48.5823 94.3267 5
    endloop
  endfacet
  facet normal 0 0 1
    outer loop
      vertex 47.4177 94.3267 5
      vertex 54 76 5
      vertex 48 94.25 5
    endloop
  endfacet
  facet normal 0 0 1
    outer loop
      vertex 46.875 94.5514 5
      vertex 54 76 5
      vertex 47.4177 94.3267 5
    endloop
  endfacet
  facet normal 0 0 1
    outer loop
      vertex 54 76 5
      vertex 46.875 94.5514 5
      vertex 44.2 68 5
    endloop
  endfacet
  facet normal 0 0 1
    outer loop
      vertex 44.2 68 5
      vertex 46.875 94.5514 5
      vertex 46.409 94.909 5
    endloop
  endfacet
  facet normal 0 0 1
    outer loop
      vertex 44.2 68 5
      vertex 46.409 94.909 5
      vertex 46.0514 95.375 5
    endloop
  endfacet
  facet normal 0 0 1
    outer loop
      vertex 44.2 68 5
      vertex 46.0514 95.375 5
      vertex 45.8267 95.9177 5
    endloop
  endfacet
  facet normal 0 0 1
    outer loop
      vertex 44.2 68 5
      vertex 45.8267 95.9177 5
      vertex 45.75 96.5 5
    endloop
  endfacet
  facet normal -0 0 1
    outer loop
      vertex 44.1421 67.56 5
      vertex 54 56 5
      vertex 44.1855 67.7781 5
    endloop
  endfacet
  facet normal 0 0 1
    outer loop
      vertex 54 46 5
      vertex 44.2 28 5
      vertex 54 26 5
    endloop
  endfacet
  facet normal -0 0 1
    outer loop
      vertex 44.1855 27.7781 5
      vertex 54 26 5
      vertex 44.2 28 5
    endloop
  endfacet
  facet normal -0 0 1
    outer loop
      vertex 44.1421 27.56 5
      vertex 54 26 5
      vertex 44.1855 27.7781 5
    endloop
  endfacet
  facet normal -0 0 1
    outer loop
      vertex 44.0706 27.3494 5
      vertex 54 26 5
      vertex 44.1421 27.56 5
    endloop
  endfacet
  facet normal -0 0 1
    outer loop
      vertex 43.9722 27.15 5
      vertex 54 26 5
      vertex 44.0706 27.3494 5
    endloop
  endfacet
  facet normal -0 0 1
    outer loop
      vertex 43.8487 26.9651 5
      vertex 54 26 5
      vertex 43.9722 27.15 5
    endloop
  endfacet
  facet normal -0 0 1
    outer loop
      vertex 43.7021 26.7979 5
      vertex 54 26 5
      vertex 43.8487 26.9651 5
    endloop
  endfacet
  facet normal -0 0 1
    outer loop
      vertex 43.5349 26.6513 5
      vertex 54 26 5
      vertex 43.7021 26.7979 5
    endloop
  endfacet
  facet normal -0 0 1
    outer loop
      vertex 43.35 26.5278 5
      vertex 54 26 5
      vertex 43.5349 26.6513 5
    endloop
  endfacet
  facet normal -0 0 1
    outer loop
      vertex 43.1506 26.4294 5
      vertex 54 26 5
      vertex 43.35 26.5278 5
    endloop
  endfacet
  facet normal 0 0 1
    outer loop
      vertex 42 26 5
      vertex 54 26 5
      vertex 43.1506 26.4294 5
    endloop
  endfacet
  facet normal 0 0 1
    outer loop
      vertex 42 26 5
      vertex 43.1506 26.4294 5
      vertex 42.94 26.3579 5
    endloop
  endfacet
  facet normal 0 0 1
    outer loop
      vertex 42 26 5
      vertex 42.94 26.3579 5
      vertex 42.7219 26.3145 5
    endloop
  endfacet
  facet normal 0 0 1
    outer loop
      vertex 42 26 5
      vertex 42.7219 26.3145 5
      vertex 42.5 26.3 5
    endloop
  endfacet
  facet normal 0 0 1
    outer loop
      vertex 42 26 5
      vertex 42.5 26.3 5
      vertex 42.2781 26.3145 5
    endloop
  endfacet
  facet normal 0 0 1
    outer loop
      vertex 42 26 5
      vertex 42.2781 26.3145 5
      vertex 42.06 26.3579 5
    endloop
  endfacet
  facet normal 0 0 1
    outer loop
      vertex 42 26 5
      vertex 42.06 26.3579 5
      vertex 42 26.3783 5
    endloop
  endfacet
  facet normal 0 0 1
    outer loop
      vertex 12.3487 9.96511 5
      vertex 54 26 5
      vertex 42 26 5
    endloop
  endfacet
  facet normal 0 0 1
    outer loop
      vertex 12.6855 10.7781 5
      vertex 42 26 5
      vertex 24 26 5
    endloop
  endfacet
  facet normal 0 0 1
    outer loop
      vertex 24 46 5
      vertex 12.7 11 5
      vertex 24 26 5
    endloop
  endfacet
  facet normal 0 0 1
    outer loop
      vertex 12.6855 10.7781 5
      vertex 24 26 5
      vertex 12.7 11 5
    endloop
  endfacet
  facet normal 0 0 1
    outer loop
      vertex 42 26 5
      vertex 12.6855 10.7781 5
      vertex 12.6421 10.56 5
    endloop
  endfacet
  facet normal 0 0 1
    outer loop
      vertex 42 26 5
      vertex 12.6421 10.56 5
      vertex 12.5706 10.3494 5
    endloop
  endfacet
  facet normal 0 0 1
    outer loop
      vertex 12.4722 10.15 5
      vertex 42 26 5
      vertex 12.5706 10.3494 5
    endloop
  endfacet
  facet normal 0 0 1
    outer loop
      vertex 12.3487 9.96511 5
      vertex 42 26 5
      vertex 12.4722 10.15 5
    endloop
  endfacet
  facet normal 0 0 1
    outer loop
      vertex 54 26 5
      vertex 12.3487 9.96511 5
      vertex 12.2021 9.79792 5
    endloop
  endfacet
  facet normal 0 0 1
    outer loop
      vertex 12.0349 9.6513 5
      vertex 54 26 5
      vertex 12.2021 9.79792 5
    endloop
  endfacet
  facet normal 0 0 1
    outer loop
      vertex 99.9651 9.6513 5
      vertex 12.0349 9.6513 5
      vertex 112 0 5
    endloop
  endfacet
  facet normal -0 0 1
    outer loop
      vertex 11.85 9.52776 5
      vertex 112 0 5
      vertex 12.0349 9.6513 5
    endloop
  endfacet
  facet normal 0 0 1
    outer loop
      vertex 0 0 5
      vertex 11.85 9.52776 5
      vertex 11.6506 9.4294 5
    endloop
  endfacet
  facet normal 0 0 1
    outer loop
      vertex 0 0 5
      vertex 11.6506 9.4294 5
      vertex 11.44 9.35793 5
    endloop
  endfacet
  facet normal 0 0 1
    outer loop
      vertex 0 0 5
      vertex 11.44 9.35793 5
      vertex 11.2219 9.31454 5
    endloop
  endfacet
  facet normal 0 0 1
    outer loop
      vertex 0 0 5
      vertex 11.2219 9.31454 5
      vertex 11 9.3 5
    endloop
  endfacet
  facet normal 0 0 1
    outer loop
      vertex 0 0 5
      vertex 11 9.3 5
      vertex 10.7781 9.31454 5
    endloop
  endfacet
  facet normal 0 0 1
    outer loop
      vertex 9.31454 11.2219 5
      vertex 0 0 5
      vertex 9.3 11 5
    endloop
  endfacet
  facet normal 0 0 1
    outer loop
      vertex 11.85 9.52776 5
      vertex 0 0 5
      vertex 112 0 5
    endloop
  endfacet
  facet normal 0 0 1
    outer loop
      vertex 10.56 9.35793 5
      vertex 0 0 5
      vertex 10.7781 9.31454 5
    endloop
  endfacet
  facet normal 0 0 1
    outer loop
      vertex 10.3494 9.4294 5
      vertex 0 0 5
      vertex 10.56 9.35793 5
    endloop
  endfacet
  facet normal 0 0 1
    outer loop
      vertex 10.15 9.52776 5
      vertex 0 0 5
      vertex 10.3494 9.4294 5
    endloop
  endfacet
  facet normal 0 0 1
    outer loop
      vertex 9.96511 9.6513 5
      vertex 0 0 5
      vertex 10.15 9.52776 5
    endloop
  endfacet
  facet normal 0 0 1
    outer loop
      vertex 9.79792 9.79792 5
      vertex 0 0 5
      vertex 9.96511 9.6513 5
    endloop
  endfacet
  facet normal 0 0 1
    outer loop
      vertex 9.6513 9.96511 5
      vertex 0 0 5
      vertex 9.79792 9.79792 5
    endloop
  endfacet
  facet normal 0 0 1
    outer loop
      vertex 9.52776 10.15 5
      vertex 0 0 5
      vertex 9.6513 9.96511 5
    endloop
  endfacet
  facet normal 0 0 1
    outer loop
      vertex 9.4294 10.3494 5
      vertex 0 0 5
      vertex 9.52776 10.15 5
    endloop
  endfacet
  facet normal 0 0 1
    outer loop
      vertex 9.35793 10.56 5
      vertex 0 0 5
      vertex 9.4294 10.3494 5
    endloop
  endfacet
  facet normal 0 0 1
    outer loop
      vertex 9.31454 10.7781 5
      vertex 0 0 5
      vertex 9.35793 10.56 5
    endloop
  endfacet
  facet normal 0 0 1
    outer loop
      vertex 9.3 11 5
      vertex 0 0 5
      vertex 9.31454 10.7781 5
    endloop
  endfacet
  facet normal 0 0 1
    outer loop
      vertex 102.472 11.85 5
      vertex 102 26 5
      vertex 102.349 12.0349 5
    endloop
  endfacet
  facet normal 0 0 1
    outer loop
      vertex 102.349 12.0349 5
      vertex 102 26 5
      vertex 102.202 12.2021 5
    endloop
  endfacet
  facet normal 0 0 1
    outer loop
      vertex 102.202 12.2021 5
      vertex 102 26 5
      vertex 102.035 12.3487 5
    endloop
  endfacet
  facet normal 0 0 1
    outer loop
      vertex 102 26 5
      vertex 101.85 12.4722 5
      vertex 102.035 12.3487 5
    endloop
  endfacet
  facet normal 0 0 1
    outer loop
      vertex 102 26 5
      vertex 101.651 12.5706 5
      vertex 101.85 12.4722 5
    endloop
  endfacet
  facet normal 0 0 1
    outer loop
      vertex 102 26 5
      vertex 101.44 12.6421 5
      vertex 101.651 12.5706 5
    endloop
  endfacet
  facet normal 0 0 1
    outer loop
      vertex 102 26 5
      vertex 101.222 12.6855 5
      vertex 101.44 12.6421 5
    endloop
  endfacet
  facet normal 0 0 1
    outer loop
      vertex 102 26 5
      vertex 101 12.7 5
      vertex 101.222 12.6855 5
    endloop
  endfacet
  facet normal 0 0 1
    outer loop
      vertex 102 26 5
      vertex 100.778 12.6855 5
      vertex 101 12.7 5
    endloop
  endfacet
  facet normal 0 0 1
    outer loop
      vertex 102 26 5
      vertex 100.56 12.6421 5
      vertex 100.778 12.6855 5
    endloop
  endfacet
  facet normal 0 0 1
    outer loop
      vertex 102 26 5
      vertex 100.349 12.5706 5
      vertex 100.56 12.6421 5
    endloop
  endfacet
  facet normal 0 0 1
    outer loop
      vertex 102 26 5
      vertex 100.15 12.4722 5
      vertex 100.349 12.5706 5
    endloop
  endfacet
  facet normal 0 0 1
    outer loop
      vertex 102 26 5
      vertex 99.9651 12.3487 5
      vertex 100.15 12.4722 5
    endloop
  endfacet
  facet normal -0 0 1
    outer loop
      vertex 84 26 5
      vertex 99.9651 12.3487 5
      vertex 102 26 5
    endloop
  endfacet
  facet normal 0 0 1
    outer loop
      vertex 99.9651 12.3487 5
      vertex 84 26 5
      vertex 99.7979 12.2021 5
    endloop
  endfacet
  facet normal 0 0 1
    outer loop
      vertex 99.7979 12.2021 5
      vertex 84 26 5
      vertex 99.6513 12.0349 5
    endloop
  endfacet
  facet normal 0 0 1
    outer loop
      vertex 99.6513 12.0349 5
      vertex 84 26 5
      vertex 99.5278 11.85 5
    endloop
  endfacet
  facet normal 0 0 1
    outer loop
      vertex 99.5278 11.85 5
      vertex 84 26 5
      vertex 99.4294 11.6506 5
    endloop
  endfacet
  facet normal 0 0 1
    outer loop
      vertex 99.4294 11.6506 5
      vertex 84 26 5
      vertex 99.3579 11.44 5
    endloop
  endfacet
  facet normal 0 0 1
    outer loop
      vertex 99.3145 11.2219 5
      vertex 84 26 5
      vertex 99.3 11 5
    endloop
  endfacet
  facet normal 0 0 1
    outer loop
      vertex 99.3579 11.44 5
      vertex 84 26 5
      vertex 99.3145 11.2219 5
    endloop
  endfacet
  facet normal 0 0 -1
    outer loop
      vertex 42 46 0
      vertex 54 46 0
      vertex 44.2897 31.0999 0
    endloop
  endfacet
  facet normal 0 0 -1
    outer loop
      vertex 42 56 0
      vertex 54 46 0
      vertex 42 46 0
    endloop
  endfacet
  facet normal 0 0 -1
    outer loop
      vertex 42 46 0
      vertex 44.2897 31.0999 0
      vertex 42 31.0999 0
    endloop
  endfacet
  facet normal 0 -0 -1
    outer loop
      vertex 44.2897 64.9001 0
      vertex 54 46 0
      vertex 42 56 0
    endloop
  endfacet
  facet normal 0 0 -1
    outer loop
      vertex 54 46 0
      vertex 44.2897 64.9001 0
      vertex 46.0795 68 0
    endloop
  endfacet
  facet normal -0 0 -1
    outer loop
      vertex 44.2897 64.9001 0
      vertex 42 56 0
      vertex 42 64.9001 0
    endloop
  endfacet
  facet normal 0 0 -1
    outer loop
      vertex 62.409 98.091 0
      vertex 49.591 98.091 0
      vertex 62.409 107.909 0
    endloop
  endfacet
  facet normal 0 0 -1
    outer loop
      vertex 62.0514 108.375 0
      vertex 50.1733 108.918 0
      vertex 50.25 109.5 0
    endloop
  endfacet
  facet normal 0 0 -1
    outer loop
      vertex 49.591 107.909 0
      vertex 62.409 107.909 0
      vertex 49.591 98.091 0
    endloop
  endfacet
  facet normal 0 0 -1
    outer loop
      vertex 62.0514 108.375 0
      vertex 49.9486 108.375 0
      vertex 50.1733 108.918 0
    endloop
  endfacet
  facet normal 0 0 -1
    outer loop
      vertex 62.409 107.909 0
      vertex 49.591 107.909 0
      vertex 62.0514 108.375 0
    endloop
  endfacet
  facet normal -0 0 -1
    outer loop
      vertex 62.0514 108.375 0
      vertex 49.591 107.909 0
      vertex 49.9486 108.375 0
    endloop
  endfacet
  facet normal 0 0 -1
    outer loop
      vertex 49.125 98.4486 0
      vertex 49.591 107.909 0
      vertex 49.591 98.091 0
    endloop
  endfacet
  facet normal 0 0 -1
    outer loop
      vertex 49.125 98.4486 0
      vertex 49.125 107.551 0
      vertex 49.591 107.909 0
    endloop
  endfacet
  facet normal 0 0 -1
    outer loop
      vertex 48.5823 98.6733 0
      vertex 49.125 107.551 0
      vertex 49.125 98.4486 0
    endloop
  endfacet
  facet normal 0 0 -1
    outer loop
      vertex 48.5823 98.6733 0
      vertex 48.5823 107.327 0
      vertex 49.125 107.551 0
    endloop
  endfacet
  facet normal 0 0 -1
    outer loop
      vertex 48 98.75 0
      vertex 48.5823 107.327 0
      vertex 48.5823 98.6733 0
    endloop
  endfacet
  facet normal 0 0 -1
    outer loop
      vertex 48 98.75 0
      vertex 48 107.25 0
      vertex 48.5823 107.327 0
    endloop
  endfacet
  facet normal 0 0 -1
    outer loop
      vertex 47.4177 98.6733 0
      vertex 48 107.25 0
      vertex 48 98.75 0
    endloop
  endfacet
  facet normal 0 0 -1
    outer loop
      vertex 47.4177 98.6733 0
      vertex 47.4177 107.327 0
      vertex 48 107.25 0
    endloop
  endfacet
  facet normal 0 0 -1
    outer loop
      vertex 46.875 98.4486 0
      vertex 47.4177 107.327 0
      vertex 47.4177 98.6733 0
    endloop
  endfacet
  facet normal 0 0 -1
    outer loop
      vertex 46.875 98.4486 0
      vertex 46.875 107.551 0
      vertex 47.4177 107.327 0
    endloop
  endfacet
  facet normal 0 0 -1
    outer loop
      vertex 46.409 98.091 0
      vertex 46.875 107.551 0
      vertex 46.875 98.4486 0
    endloop
  endfacet
  facet normal 0 0 -1
    outer loop
      vertex 46.409 98.091 0
      vertex 46.409 107.909 0
      vertex 46.875 107.551 0
    endloop
  endfacet
  facet normal 0 0 -1
    outer loop
      vertex 42 96 0
      vertex 46.409 98.091 0
      vertex 46.0514 97.625 0
    endloop
  endfacet
  facet normal -0 0 -1
    outer loop
      vertex 46.409 98.091 0
      vertex 42 96 0
      vertex 46.409 107.909 0
    endloop
  endfacet
  facet normal 0 0 -1
    outer loop
      vertex 42 96 0
      vertex 46.0514 97.625 0
      vertex 45.8267 97.0823 0
    endloop
  endfacet
  facet normal -0 0 -1
    outer loop
      vertex 46.409 107.909 0
      vertex 42 96 0
      vertex 46.0514 108.375 0
    endloop
  endfacet
  facet normal 0 0 -1
    outer loop
      vertex 42 96 0
      vertex 45.8267 97.0823 0
      vertex 45.75 96.5 0
    endloop
  endfacet
  facet normal 0 0 -1
    outer loop
      vertex 42 111 0
      vertex 46.0514 108.375 0
      vertex 42 96 0
    endloop
  endfacet
  facet normal -0 0 -1
    outer loop
      vertex 48 94.25 0
      vertex 42 76 0
      vertex 47.4177 94.3267 0
    endloop
  endfacet
  facet normal -0 0 -1
    outer loop
      vertex 47.4177 94.3267 0
      vertex 42 76 0
      vertex 46.875 94.5514 0
    endloop
  endfacet
  facet normal 0 0 -1
    outer loop
      vertex 42 96 0
      vertex 46.875 94.5514 0
      vertex 42 76 0
    endloop
  endfacet
  facet normal 0 0 -1
    outer loop
      vertex 46.875 94.5514 0
      vertex 42 96 0
      vertex 46.409 94.909 0
    endloop
  endfacet
  facet normal 0 0 -1
    outer loop
      vertex 46.0514 95.375 0
      vertex 42 96 0
      vertex 45.8267 95.9177 0
    endloop
  endfacet
  facet normal 0 0 -1
    outer loop
      vertex 46.409 94.909 0
      vertex 42 96 0
      vertex 46.0514 95.375 0
    endloop
  endfacet
  facet normal 0 0 -1
    outer loop
      vertex 65.9486 97.625 0
      vertex 70 96 0
      vertex 66.1733 97.0823 0
    endloop
  endfacet
  facet normal 0 0 -1
    outer loop
      vertex 70 96 0
      vertex 66.1733 108.918 0
      vertex 66.25 109.5 0
    endloop
  endfacet
  facet normal 0 0 -1
    outer loop
      vertex 65.591 98.091 0
      vertex 70 96 0
      vertex 65.9486 97.625 0
    endloop
  endfacet
  facet normal 0 0 -1
    outer loop
      vertex 70 96 0
      vertex 65.9486 108.375 0
      vertex 66.1733 108.918 0
    endloop
  endfacet
  facet normal 0 0 -1
    outer loop
      vertex 65.591 107.909 0
      vertex 70 96 0
      vertex 65.591 98.091 0
    endloop
  endfacet
  facet normal 0 0 -1
    outer loop
      vertex 70 96 0
      vertex 65.591 107.909 0
      vertex 65.9486 108.375 0
    endloop
  endfacet
  facet normal 0 0 -1
    outer loop
      vertex 65.125 98.4486 0
      vertex 65.591 107.909 0
      vertex 65.591 98.091 0
    endloop
  endfacet
  facet normal 0 0 -1
    outer loop
      vertex 65.125 98.4486 0
      vertex 65.125 107.551 0
      vertex 65.591 107.909 0
    endloop
  endfacet
  facet normal 0 0 -1
    outer loop
      vertex 64.5823 98.6733 0
      vertex 65.125 107.551 0
      vertex 65.125 98.4486 0
    endloop
  endfacet
  facet normal 0 0 -1
    outer loop
      vertex 64.5823 98.6733 0
      vertex 64.5823 107.327 0
      vertex 65.125 107.551 0
    endloop
  endfacet
  facet normal 0 0 -1
    outer loop
      vertex 64 98.75 0
      vertex 64.5823 107.327 0
      vertex 64.5823 98.6733 0
    endloop
  endfacet
  facet normal 0 0 -1
    outer loop
      vertex 64 98.75 0
      vertex 64 107.25 0
      vertex 64.5823 107.327 0
    endloop
  endfacet
  facet normal 0 0 -1
    outer loop
      vertex 63.4177 98.6733 0
      vertex 64 107.25 0
      vertex 64 98.75 0
    endloop
  endfacet
  facet normal 0 0 -1
    outer loop
      vertex 63.4177 98.6733 0
      vertex 63.4177 107.327 0
      vertex 64 107.25 0
    endloop
  endfacet
  facet normal 0 0 -1
    outer loop
      vertex 62.875 98.4486 0
      vertex 63.4177 107.327 0
      vertex 63.4177 98.6733 0
    endloop
  endfacet
  facet normal 0 0 -1
    outer loop
      vertex 62.875 98.4486 0
      vertex 62.875 107.551 0
      vertex 63.4177 107.327 0
    endloop
  endfacet
  facet normal 0 0 -1
    outer loop
      vertex 62.409 98.091 0
      vertex 62.875 107.551 0
      vertex 62.875 98.4486 0
    endloop
  endfacet
  facet normal 0 0 -1
    outer loop
      vertex 62.409 98.091 0
      vertex 62.409 107.909 0
      vertex 62.875 107.551 0
    endloop
  endfacet
  facet normal 0 0 -1
    outer loop
      vertex 49.9486 97.625 0
      vertex 62.0514 97.625 0
      vertex 50.1733 97.0823 0
    endloop
  endfacet
  facet normal 0 0 -1
    outer loop
      vertex 62.0514 97.625 0
      vertex 49.9486 97.625 0
      vertex 62.409 98.091 0
    endloop
  endfacet
  facet normal 0 0 -1
    outer loop
      vertex 50.1733 97.0823 0
      vertex 61.8267 97.0823 0
      vertex 50.25 96.5 0
    endloop
  endfacet
  facet normal 0 0 -1
    outer loop
      vertex 61.8267 97.0823 0
      vertex 50.1733 97.0823 0
      vertex 62.0514 97.625 0
    endloop
  endfacet
  facet normal 0 0 -1
    outer loop
      vertex 50.25 96.5 0
      vertex 61.8267 97.0823 0
      vertex 61.75 96.5 0
    endloop
  endfacet
  facet normal 0 0 -1
    outer loop
      vertex 49.591 98.091 0
      vertex 62.409 98.091 0
      vertex 49.9486 97.625 0
    endloop
  endfacet
  facet normal 0 0 -1
    outer loop
      vertex 54 46 0
      vertex 72 56 0
      vertex 72 46 0
    endloop
  endfacet
  facet normal -0 0 -1
    outer loop
      vertex 72 56 0
      vertex 54 46 0
      vertex 54 56 0
    endloop
  endfacet
  facet normal 0 0 -1
    outer loop
      vertex 70 96 0
      vertex 66.25 109.5 0
      vertex 70 111 0
    endloop
  endfacet
  facet normal 0 0 -1
    outer loop
      vertex 66.1733 110.082 0
      vertex 70 111 0
      vertex 66.25 109.5 0
    endloop
  endfacet
  facet normal 0 0 -1
    outer loop
      vertex 65.9486 110.625 0
      vertex 70 111 0
      vertex 66.1733 110.082 0
    endloop
  endfacet
  facet normal -0 0 -1
    outer loop
      vertex 70 111 0
      vertex 65.9486 110.625 0
      vertex 65.6608 111 0
    endloop
  endfacet
  facet normal 0 -0 -1
    outer loop
      vertex 50.25 96.5 0
      vertex 61.75 96.5 0
      vertex 50.1733 95.9177 0
    endloop
  endfacet
  facet normal 0 0 -1
    outer loop
      vertex 62.0514 108.375 0
      vertex 50.25 109.5 0
      vertex 61.8267 108.918 0
    endloop
  endfacet
  facet normal 0 0 -1
    outer loop
      vertex 61.75 109.5 0
      vertex 50.25 109.5 0
      vertex 61.8267 110.082 0
    endloop
  endfacet
  facet normal 0 0 -1
    outer loop
      vertex 50.1733 110.082 0
      vertex 61.8267 110.082 0
      vertex 50.25 109.5 0
    endloop
  endfacet
  facet normal 0 0 -1
    outer loop
      vertex 61.8267 110.082 0
      vertex 50.1733 110.082 0
      vertex 62.0514 110.625 0
    endloop
  endfacet
  facet normal 0 0 -1
    outer loop
      vertex 49.9486 110.625 0
      vertex 62.0514 110.625 0
      vertex 50.1733 110.082 0
    endloop
  endfacet
  facet normal 0 0 -1
    outer loop
      vertex 62.0514 110.625 0
      vertex 49.9486 110.625 0
      vertex 62.3392 111 0
    endloop
  endfacet
  facet normal -0 0 -1
    outer loop
      vertex 62.3392 111 0
      vertex 49.9486 110.625 0
      vertex 49.6608 111 0
    endloop
  endfacet
  facet normal 0 0 -1
    outer loop
      vertex 42 76 0
      vertex 44.2897 71.0999 0
      vertex 42 71.0999 0
    endloop
  endfacet
  facet normal 0 0 -1
    outer loop
      vertex 45.8267 95.9177 0
      vertex 42 96 0
      vertex 45.75 96.5 0
    endloop
  endfacet
  facet normal 0 0 -1
    outer loop
      vertex 46.0514 108.375 0
      vertex 42 111 0
      vertex 45.8267 108.918 0
    endloop
  endfacet
  facet normal 0 0 -1
    outer loop
      vertex 45.8267 108.918 0
      vertex 42 111 0
      vertex 45.75 109.5 0
    endloop
  endfacet
  facet normal 0 0 -1
    outer loop
      vertex 46.0514 110.625 0
      vertex 42 111 0
      vertex 46.3392 111 0
    endloop
  endfacet
  facet normal 0 0 -1
    outer loop
      vertex 45.8267 110.082 0
      vertex 42 111 0
      vertex 46.0514 110.625 0
    endloop
  endfacet
  facet normal 0 0 -1
    outer loop
      vertex 45.75 109.5 0
      vertex 42 111 0
      vertex 45.8267 110.082 0
    endloop
  endfacet
  facet normal -0 0 -1
    outer loop
      vertex 24 26 0
      vertex 9.21025 14.0999 0
      vertex 24 46 0
    endloop
  endfacet
  facet normal 0 0 -1
    outer loop
      vertex 24 46 0
      vertex 12.7897 81.9001 0
      vertex 14.5795 85 0
    endloop
  endfacet
  facet normal 0 0 -1
    outer loop
      vertex 9.21025 81.9001 0
      vertex 24 46 0
      vertex 9.21025 14.0999 0
    endloop
  endfacet
  facet normal 0 0 -1
    outer loop
      vertex 24 46 0
      vertex 9.21025 81.9001 0
      vertex 12.7897 81.9001 0
    endloop
  endfacet
  facet normal 0 0 -1
    outer loop
      vertex 7.4205 11 0
      vertex 9.21025 81.9001 0
      vertex 9.21025 14.0999 0
    endloop
  endfacet
  facet normal -0 0 -1
    outer loop
      vertex 9.21025 81.9001 0
      vertex 7.4205 11 0
      vertex 7.4205 85 0
    endloop
  endfacet
  facet normal 0 0 -1
    outer loop
      vertex 24 76 0
      vertex 42 96 0
      vertex 42 76 0
    endloop
  endfacet
  facet normal 0 0 -1
    outer loop
      vertex 24 56 0
      vertex 14.5795 85 0
      vertex 24 76 0
    endloop
  endfacet
  facet normal 0 0 -1
    outer loop
      vertex 14.5795 85 0
      vertex 42 96 0
      vertex 24 76 0
    endloop
  endfacet
  facet normal 0 0 -1
    outer loop
      vertex 12.7897 88.0999 0
      vertex 42 96 0
      vertex 14.5795 85 0
    endloop
  endfacet
  facet normal 0 0 -1
    outer loop
      vertex 0 96 0
      vertex 12.7897 88.0999 0
      vertex 9.21025 88.0999 0
    endloop
  endfacet
  facet normal 0 0 -1
    outer loop
      vertex 12.7897 88.0999 0
      vertex 0 96 0
      vertex 42 96 0
    endloop
  endfacet
  facet normal 0 0 -1
    outer loop
      vertex 7.4205 85 0
      vertex 0 96 0
      vertex 9.21025 88.0999 0
    endloop
  endfacet
  facet normal 0 0 -1
    outer loop
      vertex 0 96 0
      vertex 7.4205 85 0
      vertex 0 0 0
    endloop
  endfacet
  facet normal 0 0 -1
    outer loop
      vertex 24 46 0
      vertex 42 56 0
      vertex 42 46 0
    endloop
  endfacet
  facet normal -0 0 -1
    outer loop
      vertex 42 56 0
      vertex 24 46 0
      vertex 24 56 0
    endloop
  endfacet
  facet normal 0 0 -1
    outer loop
      vertex 84 46 0
      vertex 102 56 0
      vertex 102 46 0
    endloop
  endfacet
  facet normal -0 0 -1
    outer loop
      vertex 102 56 0
      vertex 84 46 0
      vertex 84 56 0
    endloop
  endfacet
  facet normal 0 0 -1
    outer loop
      vertex 102 26 0
      vertex 104.579 11 0
      vertex 102.79 14.0999 0
    endloop
  endfacet
  facet normal 0 0 -1
    outer loop
      vertex 104.579 11 0
      vertex 102 46 0
      vertex 104.579 85 0
    endloop
  endfacet
  facet normal 0 0 -1
    outer loop
      vertex 104.579 11 0
      vertex 102 26 0
      vertex 102 46 0
    endloop
  endfacet
  facet normal 0 0 -1
    outer loop
      vertex 99.2103 14.0999 0
      vertex 102 26 0
      vertex 102.79 14.0999 0
    endloop
  endfacet
  facet normal 0 0 -1
    outer loop
      vertex 84 26 0
      vertex 99.2103 14.0999 0
      vertex 97.4205 11 0
    endloop
  endfacet
  facet normal 0 0 -1
    outer loop
      vertex 99.2103 14.0999 0
      vertex 84 26 0
      vertex 102 26 0
    endloop
  endfacet
  facet normal 0 0 -1
    outer loop
      vertex 112 0 0
      vertex 104.579 11 0
      vertex 112 96 0
    endloop
  endfacet
  facet normal 0 0 -1
    outer loop
      vertex 112 0 0
      vertex 102.79 7.90006 0
      vertex 104.579 11 0
    endloop
  endfacet
  facet normal 0 0 -1
    outer loop
      vertex 112 0 0
      vertex 99.2103 7.90006 0
      vertex 102.79 7.90006 0
    endloop
  endfacet
  facet normal 0 0 -1
    outer loop
      vertex 72 26 0
      vertex 97.4205 11 0
      vertex 99.2103 7.90006 0
    endloop
  endfacet
  facet normal 0 0 -1
    outer loop
      vertex 72 46 0
      vertex 84 46 0
      vertex 84 26 0
    endloop
  endfacet
  facet normal 0 0 -1
    outer loop
      vertex 84 46 0
      vertex 72 46 0
      vertex 84 56 0
    endloop
  endfacet
  facet normal 0 0 -1
    outer loop
      vertex 72 46 0
      vertex 84 26 0
      vertex 72 26 0
    endloop
  endfacet
  facet normal 0 0 -1
    outer loop
      vertex 97.4205 11 0
      vertex 72 26 0
      vertex 84 26 0
    endloop
  endfacet
  facet normal 0 0 -1
    outer loop
      vertex 99.2103 7.90006 0
      vertex 54 26 0
      vertex 72 26 0
    endloop
  endfacet
  facet normal 0 0 -1
    outer loop
      vertex 12.7897 7.90006 0
      vertex 99.2103 7.90006 0
      vertex 112 0 0
    endloop
  endfacet
  facet normal 0 0 -1
    outer loop
      vertex 44.2897 31.0999 0
      vertex 54 26 0
      vertex 46.0795 28 0
    endloop
  endfacet
  facet normal 0 0 -1
    outer loop
      vertex 54 26 0
      vertex 44.2897 31.0999 0
      vertex 54 46 0
    endloop
  endfacet
  facet normal 0 0 -1
    outer loop
      vertex 54 46 0
      vertex 46.0795 68 0
      vertex 54 56 0
    endloop
  endfacet
  facet normal 0 0 -1
    outer loop
      vertex 61.8267 108.918 0
      vertex 50.25 109.5 0
      vertex 61.75 109.5 0
    endloop
  endfacet
  facet normal 0 0 -1
    outer loop
      vertex 54 76 0
      vertex 49.9486 95.375 0
      vertex 50.1733 95.9177 0
    endloop
  endfacet
  facet normal 0 0 -1
    outer loop
      vertex 54 76 0
      vertex 49.591 94.909 0
      vertex 49.9486 95.375 0
    endloop
  endfacet
  facet normal 0 0 -1
    outer loop
      vertex 54 76 0
      vertex 49.125 94.5514 0
      vertex 49.591 94.909 0
    endloop
  endfacet
  facet normal 0 0 -1
    outer loop
      vertex 54 76 0
      vertex 48.5823 94.3267 0
      vertex 49.125 94.5514 0
    endloop
  endfacet
  facet normal 0 0 -1
    outer loop
      vertex 46.0795 68 0
      vertex 54 76 0
      vertex 54 56 0
    endloop
  endfacet
  facet normal 0 0 -1
    outer loop
      vertex 54 76 0
      vertex 48 94.25 0
      vertex 48.5823 94.3267 0
    endloop
  endfacet
  facet normal 0 0 -1
    outer loop
      vertex 42 76 0
      vertex 48 94.25 0
      vertex 54 76 0
    endloop
  endfacet
  facet normal 0 0 -1
    outer loop
      vertex 42 76 0
      vertex 54 76 0
      vertex 44.2897 71.0999 0
    endloop
  endfacet
  facet normal 0 0 -1
    outer loop
      vertex 44.2897 71.0999 0
      vertex 54 76 0
      vertex 46.0795 68 0
    endloop
  endfacet
  facet normal 0 0 -1
    outer loop
      vertex 99.2103 7.90006 0
      vertex 12.7897 7.90006 0
      vertex 54 26 0
    endloop
  endfacet
  facet normal -0 0 -1
    outer loop
      vertex 54 26 0
      vertex 44.2897 24.9001 0
      vertex 46.0795 28 0
    endloop
  endfacet
  facet normal 0 0 -1
    outer loop
      vertex 54 26 0
      vertex 12.7897 7.90006 0
      vertex 44.2897 24.9001 0
    endloop
  endfacet
  facet normal 0 0 -1
    outer loop
      vertex 40.7103 24.9001 0
      vertex 24 26 0
      vertex 40.0752 26 0
    endloop
  endfacet
  facet normal -0 0 -1
    outer loop
      vertex 44.2897 24.9001 0
      vertex 12.7897 7.90006 0
      vertex 40.7103 24.9001 0
    endloop
  endfacet
  facet normal 0 0 -1
    outer loop
      vertex 12.7897 14.0999 0
      vertex 24 26 0
      vertex 14.5795 11 0
    endloop
  endfacet
  facet normal 0 0 -1
    outer loop
      vertex 9.21025 14.0999 0
      vertex 24 26 0
      vertex 12.7897 14.0999 0
    endloop
  endfacet
  facet normal 0 0 -1
    outer loop
      vertex 24 46 0
      vertex 14.5795 85 0
      vertex 24 56 0
    endloop
  endfacet
  facet normal -0 0 -1
    outer loop
      vertex 40.7103 24.9001 0
      vertex 14.5795 11 0
      vertex 24 26 0
    endloop
  endfacet
  facet normal 0 0 -1
    outer loop
      vertex 40.7103 24.9001 0
      vertex 12.7897 7.90006 0
      vertex 14.5795 11 0
    endloop
  endfacet
  facet normal 0 0 -1
    outer loop
      vertex 0 0 0
      vertex 12.7897 7.90006 0
      vertex 112 0 0
    endloop
  endfacet
  facet normal -0 0 -1
    outer loop
      vertex 7.4205 11 0
      vertex 0 0 0
      vertex 7.4205 85 0
    endloop
  endfacet
  facet normal -0 0 -1
    outer loop
      vertex 9.21025 7.90006 0
      vertex 0 0 0
      vertex 7.4205 11 0
    endloop
  endfacet
  facet normal -0 0 -1
    outer loop
      vertex 12.7897 7.90006 0
      vertex 0 0 0
      vertex 9.21025 7.90006 0
    endloop
  endfacet
  facet normal 0 0 -1
    outer loop
      vertex 104.579 85 0
      vertex 112 96 0
      vertex 104.579 11 0
    endloop
  endfacet
  facet normal 0 0 -1
    outer loop
      vertex 102.79 88.0999 0
      vertex 112 96 0
      vertex 104.579 85 0
    endloop
  endfacet
  facet normal 0 0 -1
    outer loop
      vertex 99.2103 88.0999 0
      vertex 112 96 0
      vertex 102.79 88.0999 0
    endloop
  endfacet
  facet normal 0 0 -1
    outer loop
      vertex 70 96 0
      vertex 97.4205 85 0
      vertex 84 76 0
    endloop
  endfacet
  facet normal 0 0 -1
    outer loop
      vertex 72 56 0
      vertex 84 56 0
      vertex 72 46 0
    endloop
  endfacet
  facet normal 0 0 -1
    outer loop
      vertex 84 56 0
      vertex 72 56 0
      vertex 84 76 0
    endloop
  endfacet
  facet normal 0 0 -1
    outer loop
      vertex 72 76 0
      vertex 84 76 0
      vertex 72 56 0
    endloop
  endfacet
  facet normal 0 0 -1
    outer loop
      vertex 70 96 0
      vertex 84 76 0
      vertex 72 76 0
    endloop
  endfacet
  facet normal 0 0 -1
    outer loop
      vertex 97.4205 85 0
      vertex 70 96 0
      vertex 99.2103 88.0999 0
    endloop
  endfacet
  facet normal 0 0 -1
    outer loop
      vertex 99.2103 88.0999 0
      vertex 70 96 0
      vertex 112 96 0
    endloop
  endfacet
  facet normal 0 0 -1
    outer loop
      vertex 66.1733 97.0823 0
      vertex 70 96 0
      vertex 66.25 96.5 0
    endloop
  endfacet
  facet normal 0 0 -1
    outer loop
      vertex 65.125 94.5514 0
      vertex 70 96 0
      vertex 72 76 0
    endloop
  endfacet
  facet normal -0 0 -1
    outer loop
      vertex 70 96 0
      vertex 66.1733 95.9177 0
      vertex 66.25 96.5 0
    endloop
  endfacet
  facet normal 0 0 -1
    outer loop
      vertex 70 96 0
      vertex 65.9486 95.375 0
      vertex 66.1733 95.9177 0
    endloop
  endfacet
  facet normal 0 0 -1
    outer loop
      vertex 70 96 0
      vertex 65.591 94.909 0
      vertex 65.9486 95.375 0
    endloop
  endfacet
  facet normal 0 0 -1
    outer loop
      vertex 70 96 0
      vertex 65.125 94.5514 0
      vertex 65.591 94.909 0
    endloop
  endfacet
  facet normal 0 0 -1
    outer loop
      vertex 72 76 0
      vertex 64.5823 94.3267 0
      vertex 65.125 94.5514 0
    endloop
  endfacet
  facet normal 0 0 -1
    outer loop
      vertex 72 76 0
      vertex 64 94.25 0
      vertex 64.5823 94.3267 0
    endloop
  endfacet
  facet normal 0 0 -1
    outer loop
      vertex 54 76 0
      vertex 64 94.25 0
      vertex 72 76 0
    endloop
  endfacet
  facet normal -0 0 -1
    outer loop
      vertex 64 94.25 0
      vertex 54 76 0
      vertex 63.4177 94.3267 0
    endloop
  endfacet
  facet normal -0 0 -1
    outer loop
      vertex 63.4177 94.3267 0
      vertex 54 76 0
      vertex 62.875 94.5514 0
    endloop
  endfacet
  facet normal -0 0 -1
    outer loop
      vertex 62.875 94.5514 0
      vertex 54 76 0
      vertex 62.409 94.909 0
    endloop
  endfacet
  facet normal 0 0 -1
    outer loop
      vertex 61.8267 95.9177 0
      vertex 50.1733 95.9177 0
      vertex 61.75 96.5 0
    endloop
  endfacet
  facet normal 0 0 -1
    outer loop
      vertex 62.0514 95.375 0
      vertex 50.1733 95.9177 0
      vertex 61.8267 95.9177 0
    endloop
  endfacet
  facet normal 0 0 -1
    outer loop
      vertex 62.409 94.909 0
      vertex 50.1733 95.9177 0
      vertex 62.0514 95.375 0
    endloop
  endfacet
  facet normal 0 0 -1
    outer loop
      vertex 50.1733 95.9177 0
      vertex 62.409 94.909 0
      vertex 54 76 0
    endloop
  endfacet
  facet normal 0 0 -1
    outer loop
      vertex 102 56 0
      vertex 104.579 85 0
      vertex 102 46 0
    endloop
  endfacet
  facet normal 0 0 -1
    outer loop
      vertex 102 76 0
      vertex 104.579 85 0
      vertex 102 56 0
    endloop
  endfacet
  facet normal 0 0 -1
    outer loop
      vertex 104.579 85 0
      vertex 102 76 0
      vertex 102.79 81.9001 0
    endloop
  endfacet
  facet normal 0 0 -1
    outer loop
      vertex 102 76 0
      vertex 99.2103 81.9001 0
      vertex 102.79 81.9001 0
    endloop
  endfacet
  facet normal 0 0 -1
    outer loop
      vertex 84 76 0
      vertex 99.2103 81.9001 0
      vertex 102 76 0
    endloop
  endfacet
  facet normal -0 0 -1
    outer loop
      vertex 99.2103 81.9001 0
      vertex 84 76 0
      vertex 97.4205 85 0
    endloop
  endfacet
  facet normal -1 0 0
    outer loop
      vertex 0 0 0
      vertex 0 96 5
      vertex 0 96 0
    endloop
  endfacet
  facet normal -1 -0 0
    outer loop
      vertex 0 96 5
      vertex 0 0 0
      vertex 0 0 5
    endloop
  endfacet
  facet normal 0 1 -0
    outer loop
      vertex 42 96 0
      vertex 0 96 5
      vertex 42 96 5
    endloop
  endfacet
  facet normal 0 1 0
    outer loop
      vertex 0 96 5
      vertex 42 96 0
      vertex 0 96 0
    endloop
  endfacet
  facet normal 0 1 -0
    outer loop
      vertex 112 96 0
      vertex 70 96 5
      vertex 112 96 5
    endloop
  endfacet
  facet normal 0 1 0
    outer loop
      vertex 70 96 5
      vertex 112 96 0
      vertex 70 96 0
    endloop
  endfacet
  facet normal 0 -1 0
    outer loop
      vertex 0 0 0
      vertex 112 0 5
      vertex 0 0 5
    endloop
  endfacet
  facet normal 0 -1 -0
    outer loop
      vertex 112 0 5
      vertex 0 0 0
      vertex 112 0 0
    endloop
  endfacet
  facet normal 1 -0 0
    outer loop
      vertex 70 96 5
      vertex 70 111 0
      vertex 70 111 5
    endloop
  endfacet
  facet normal 1 0 0
    outer loop
      vertex 70 111 0
      vertex 70 96 5
      vertex 70 96 0
    endloop
  endfacet
  facet normal -1 0 0
    outer loop
      vertex 42 96 0
      vertex 42 111 5
      vertex 42 111 0
    endloop
  endfacet
  facet normal -1 -0 0
    outer loop
      vertex 42 111 5
      vertex 42 96 0
      vertex 42 96 5
    endloop
  endfacet
  facet normal 0 1 -0
    outer loop
      vertex 46.3392 111 0
      vertex 42 111 5
      vertex 46.3392 111 5
    endloop
  endfacet
  facet normal 0 1 0
    outer loop
      vertex 42 111 5
      vertex 46.3392 111 0
      vertex 42 111 0
    endloop
  endfacet
  facet normal 0 1 -0
    outer loop
      vertex 70 111 0
      vertex 65.6608 111 5
      vertex 70 111 5
    endloop
  endfacet
  facet normal 0 1 0
    outer loop
      vertex 65.6608 111 5
      vertex 70 111 0
      vertex 65.6608 111 0
    endloop
  endfacet
  facet normal 0 1 -0
    outer loop
      vertex 62.3392 111 0
      vertex 49.6608 111 5
      vertex 62.3392 111 5
    endloop
  endfacet
  facet normal 0 1 0
    outer loop
      vertex 49.6608 111 5
      vertex 62.3392 111 0
      vertex 49.6608 111 0
    endloop
  endfacet
  facet normal -1 0 0
    outer loop
      vertex 42 31.0999 2.8
      vertex 42 46 0
      vertex 42 31.0999 0
    endloop
  endfacet
  facet normal -1 0 0
    outer loop
      vertex 42 46 0
      vertex 42 31.0999 2.8
      vertex 42 46 5
    endloop
  endfacet
  facet normal -1 0 0
    outer loop
      vertex 42 29.6217 5
      vertex 42 31.0999 2.8
      vertex 42 29.6217 2.8
    endloop
  endfacet
  facet normal -1 0 0
    outer loop
      vertex 42 31.0999 2.8
      vertex 42 29.6217 5
      vertex 42 46 5
    endloop
  endfacet
  facet normal -1 0 0
    outer loop
      vertex 42 26 2.8
      vertex 42 26.3783 5
      vertex 42 26.3783 2.8
    endloop
  endfacet
  facet normal -1 -0 0
    outer loop
      vertex 42 26.3783 5
      vertex 42 26 2.8
      vertex 42 26 5
    endloop
  endfacet
  facet normal 1 -0 0
    outer loop
      vertex 24 26 5
      vertex 24 46 0
      vertex 24 46 5
    endloop
  endfacet
  facet normal 1 0 0
    outer loop
      vertex 24 46 0
      vertex 24 26 5
      vertex 24 26 0
    endloop
  endfacet
  facet normal 0 -1 0
    outer loop
      vertex 24 46 0
      vertex 42 46 5
      vertex 24 46 5
    endloop
  endfacet
  facet normal 0 -1 -0
    outer loop
      vertex 42 46 5
      vertex 24 46 0
      vertex 42 46 0
    endloop
  endfacet
  facet normal 0 1 0
    outer loop
      vertex 40.0752 26 2.8
      vertex 42 26 5
      vertex 42 26 2.8
    endloop
  endfacet
  facet normal 0 1 0
    outer loop
      vertex 42 26 5
      vertex 40.0752 26 2.8
      vertex 24 26 5
    endloop
  endfacet
  facet normal 0 1 0
    outer loop
      vertex 24 26 0
      vertex 40.0752 26 2.8
      vertex 40.0752 26 0
    endloop
  endfacet
  facet normal 0 1 0
    outer loop
      vertex 40.0752 26 2.8
      vertex 24 26 0
      vertex 24 26 5
    endloop
  endfacet
  facet normal -1 0 0
    outer loop
      vertex 42 64.9001 0
      vertex 42 56 0
      vertex 42 64.9001 2.8
    endloop
  endfacet
  facet normal -1 0 0
    outer loop
      vertex 42 64.9001 2.8
      vertex 42 66.3783 5
      vertex 42 66.3783 2.8
    endloop
  endfacet
  facet normal -1 0 0
    outer loop
      vertex 42 56 5
      vertex 42 64.9001 2.8
      vertex 42 56 0
    endloop
  endfacet
  facet normal -1 0 0
    outer loop
      vertex 42 64.9001 2.8
      vertex 42 56 5
      vertex 42 66.3783 5
    endloop
  endfacet
  facet normal -1 0 0
    outer loop
      vertex 42 71.0999 2.8
      vertex 42 76 0
      vertex 42 71.0999 0
    endloop
  endfacet
  facet normal -1 0 0
    outer loop
      vertex 42 76 0
      vertex 42 71.0999 2.8
      vertex 42 76 5
    endloop
  endfacet
  facet normal -1 0 0
    outer loop
      vertex 42 69.6217 5
      vertex 42 71.0999 2.8
      vertex 42 69.6217 2.8
    endloop
  endfacet
  facet normal -1 0 0
    outer loop
      vertex 42 71.0999 2.8
      vertex 42 69.6217 5
      vertex 42 76 5
    endloop
  endfacet
  facet normal 1 -0 0
    outer loop
      vertex 24 56 5
      vertex 24 76 0
      vertex 24 76 5
    endloop
  endfacet
  facet normal 1 0 0
    outer loop
      vertex 24 76 0
      vertex 24 56 5
      vertex 24 56 0
    endloop
  endfacet
  facet normal 0 -1 0
    outer loop
      vertex 24 76 0
      vertex 42 76 5
      vertex 24 76 5
    endloop
  endfacet
  facet normal 0 -1 -0
    outer loop
      vertex 42 76 5
      vertex 24 76 0
      vertex 42 76 0
    endloop
  endfacet
  facet normal 0 1 -0
    outer loop
      vertex 42 56 0
      vertex 24 56 5
      vertex 42 56 5
    endloop
  endfacet
  facet normal 0 1 0
    outer loop
      vertex 24 56 5
      vertex 42 56 0
      vertex 24 56 0
    endloop
  endfacet
  facet normal -1 0 0
    outer loop
      vertex 72 26 0
      vertex 72 46 5
      vertex 72 46 0
    endloop
  endfacet
  facet normal -1 -0 0
    outer loop
      vertex 72 46 5
      vertex 72 26 0
      vertex 72 26 5
    endloop
  endfacet
  facet normal 1 -0 0
    outer loop
      vertex 54 26 5
      vertex 54 46 0
      vertex 54 46 5
    endloop
  endfacet
  facet normal 1 0 0
    outer loop
      vertex 54 46 0
      vertex 54 26 5
      vertex 54 26 0
    endloop
  endfacet
  facet normal 0 -1 0
    outer loop
      vertex 54 46 0
      vertex 72 46 5
      vertex 54 46 5
    endloop
  endfacet
  facet normal 0 -1 -0
    outer loop
      vertex 72 46 5
      vertex 54 46 0
      vertex 72 46 0
    endloop
  endfacet
  facet normal 0 1 -0
    outer loop
      vertex 72 26 0
      vertex 54 26 5
      vertex 72 26 5
    endloop
  endfacet
  facet normal 0 1 0
    outer loop
      vertex 54 26 5
      vertex 72 26 0
      vertex 54 26 0
    endloop
  endfacet
  facet normal -1 0 0
    outer loop
      vertex 72 56 0
      vertex 72 76 5
      vertex 72 76 0
    endloop
  endfacet
  facet normal -1 -0 0
    outer loop
      vertex 72 76 5
      vertex 72 56 0
      vertex 72 56 5
    endloop
  endfacet
  facet normal 1 -0 0
    outer loop
      vertex 54 56 5
      vertex 54 76 0
      vertex 54 76 5
    endloop
  endfacet
  facet normal 1 0 0
    outer loop
      vertex 54 76 0
      vertex 54 56 5
      vertex 54 56 0
    endloop
  endfacet
  facet normal 0 -1 0
    outer loop
      vertex 54 76 0
      vertex 72 76 5
      vertex 54 76 5
    endloop
  endfacet
  facet normal 0 -1 -0
    outer loop
      vertex 72 76 5
      vertex 54 76 0
      vertex 72 76 0
    endloop
  endfacet
  facet normal 0 1 -0
    outer loop
      vertex 72 56 0
      vertex 54 56 5
      vertex 72 56 5
    endloop
  endfacet
  facet normal 0 1 0
    outer loop
      vertex 54 56 5
      vertex 72 56 0
      vertex 54 56 0
    endloop
  endfacet
  facet normal -1 0 0
    outer loop
      vertex 102 26 0
      vertex 102 46 5
      vertex 102 46 0
    endloop
  endfacet
  facet normal -1 -0 0
    outer loop
      vertex 102 46 5
      vertex 102 26 0
      vertex 102 26 5
    endloop
  endfacet
  facet normal 1 -0 0
    outer loop
      vertex 84 26 5
      vertex 84 46 0
      vertex 84 46 5
    endloop
  endfacet
  facet normal 1 0 0
    outer loop
      vertex 84 46 0
      vertex 84 26 5
      vertex 84 26 0
    endloop
  endfacet
  facet normal 0 -1 0
    outer loop
      vertex 84 46 0
      vertex 102 46 5
      vertex 84 46 5
    endloop
  endfacet
  facet normal 0 -1 -0
    outer loop
      vertex 102 46 5
      vertex 84 46 0
      vertex 102 46 0
    endloop
  endfacet
  facet normal 0 1 -0
    outer loop
      vertex 102 26 0
      vertex 84 26 5
      vertex 102 26 5
    endloop
  endfacet
  facet normal 0 1 0
    outer loop
      vertex 84 26 5
      vertex 102 26 0
      vertex 84 26 0
    endloop
  endfacet
  facet normal -1 0 0
    outer loop
      vertex 102 56 0
      vertex 102 76 5
      vertex 102 76 0
    endloop
  endfacet
  facet normal -1 -0 0
    outer loop
      vertex 102 76 5
      vertex 102 56 0
      vertex 102 56 5
    endloop
  endfacet
  facet normal 1 -0 0
    outer loop
      vertex 84 56 5
      vertex 84 76 0
      vertex 84 76 5
    endloop
  endfacet
  facet normal 1 0 0
    outer loop
      vertex 84 76 0
      vertex 84 56 5
      vertex 84 56 0
    endloop
  endfacet
  facet normal 0 -1 0
    outer loop
      vertex 84 76 0
      vertex 102 76 5
      vertex 84 76 5
    endloop
  endfacet
  facet normal 0 -1 -0
    outer loop
      vertex 102 76 5
      vertex 84 76 0
      vertex 102 76 0
    endloop
  endfacet
  facet normal 0 1 -0
    outer loop
      vertex 102 56 0
      vertex 84 56 5
      vertex 102 56 5
    endloop
  endfacet
  facet normal 0 1 0
    outer loop
      vertex 84 56 5
      vertex 102 56 0
      vertex 84 56 0
    endloop
  endfacet
  facet normal 0 -1 0
    outer loop
      vertex 9.21025 14.0999 0
      vertex 12.7897 14.0999 2.8
      vertex 9.21025 14.0999 2.8
    endloop
  endfacet
  facet normal 0 -1 -0
    outer loop
      vertex 12.7897 14.0999 2.8
      vertex 9.21025 14.0999 0
      vertex 12.7897 14.0999 0
    endloop
  endfacet
  facet normal -0.866017 -0.500015 0
    outer loop
      vertex 14.5795 11 0
      vertex 12.7897 14.0999 2.8
      vertex 12.7897 14.0999 0
    endloop
  endfacet
  facet normal -0.866017 -0.500015 0
    outer loop
      vertex 12.7897 14.0999 2.8
      vertex 14.5795 11 0
      vertex 14.5795 11 2.8
    endloop
  endfacet
  facet normal 0.866023 -0.500005 0
    outer loop
      vertex 7.4205 11 2.8
      vertex 9.21025 14.0999 0
      vertex 9.21025 14.0999 2.8
    endloop
  endfacet
  facet normal 0.866023 -0.500005 0
    outer loop
      vertex 9.21025 14.0999 0
      vertex 7.4205 11 2.8
      vertex 7.4205 11 0
    endloop
  endfacet
  facet normal 0.866026 0.5 0
    outer loop
      vertex 9.21025 7.90006 2.8
      vertex 7.4205 11 0
      vertex 7.4205 11 2.8
    endloop
  endfacet
  facet normal 0.866026 0.5 0
    outer loop
      vertex 7.4205 11 0
      vertex 9.21025 7.90006 2.8
      vertex 9.21025 7.90006 0
    endloop
  endfacet
  facet normal 0 0 -1
    outer loop
      vertex 12.4722 10.15 2.8
      vertex 14.5795 11 2.8
      vertex 12.7897 7.90006 2.8
    endloop
  endfacet
  facet normal 0 0 -1
    outer loop
      vertex 12.6855 11.2219 2.8
      vertex 14.5795 11 2.8
      vertex 12.7 11 2.8
    endloop
  endfacet
  facet normal -0 0 -1
    outer loop
      vertex 14.5795 11 2.8
      vertex 12.6855 10.7781 2.8
      vertex 12.7 11 2.8
    endloop
  endfacet
  facet normal 0 0 -1
    outer loop
      vertex 14.5795 11 2.8
      vertex 12.6421 10.56 2.8
      vertex 12.6855 10.7781 2.8
    endloop
  endfacet
  facet normal 0 0 -1
    outer loop
      vertex 14.5795 11 2.8
      vertex 12.5706 10.3494 2.8
      vertex 12.6421 10.56 2.8
    endloop
  endfacet
  facet normal 0 0 -1
    outer loop
      vertex 14.5795 11 2.8
      vertex 12.4722 10.15 2.8
      vertex 12.5706 10.3494 2.8
    endloop
  endfacet
  facet normal 0 0 -1
    outer loop
      vertex 12.7897 7.90006 2.8
      vertex 12.3487 9.96511 2.8
      vertex 12.4722 10.15 2.8
    endloop
  endfacet
  facet normal 0 0 -1
    outer loop
      vertex 12.7897 7.90006 2.8
      vertex 12.2021 9.79792 2.8
      vertex 12.3487 9.96511 2.8
    endloop
  endfacet
  facet normal 0 0 -1
    outer loop
      vertex 12.7897 7.90006 2.8
      vertex 12.0349 9.6513 2.8
      vertex 12.2021 9.79792 2.8
    endloop
  endfacet
  facet normal 0 0 -1
    outer loop
      vertex 12.7897 7.90006 2.8
      vertex 11.85 9.52776 2.8
      vertex 12.0349 9.6513 2.8
    endloop
  endfacet
  facet normal 0 0 -1
    outer loop
      vertex 12.7897 7.90006 2.8
      vertex 11.6506 9.4294 2.8
      vertex 11.85 9.52776 2.8
    endloop
  endfacet
  facet normal 0 0 -1
    outer loop
      vertex 12.7897 7.90006 2.8
      vertex 11.44 9.35793 2.8
      vertex 11.6506 9.4294 2.8
    endloop
  endfacet
  facet normal 0 0 -1
    outer loop
      vertex 12.7897 7.90006 2.8
      vertex 11.2219 9.31454 2.8
      vertex 11.44 9.35793 2.8
    endloop
  endfacet
  facet normal 0 0 -1
    outer loop
      vertex 12.7897 7.90006 2.8
      vertex 11 9.3 2.8
      vertex 11.2219 9.31454 2.8
    endloop
  endfacet
  facet normal 0 0 -1
    outer loop
      vertex 9.21025 7.90006 2.8
      vertex 11 9.3 2.8
      vertex 12.7897 7.90006 2.8
    endloop
  endfacet
  facet normal -0 0 -1
    outer loop
      vertex 11 9.3 2.8
      vertex 9.21025 7.90006 2.8
      vertex 10.7781 9.31454 2.8
    endloop
  endfacet
  facet normal -0 0 -1
    outer loop
      vertex 10.7781 9.31454 2.8
      vertex 9.21025 7.90006 2.8
      vertex 10.56 9.35793 2.8
    endloop
  endfacet
  facet normal -0 0 -1
    outer loop
      vertex 10.56 9.35793 2.8
      vertex 9.21025 7.90006 2.8
      vertex 10.3494 9.4294 2.8
    endloop
  endfacet
  facet normal 0 0 -1
    outer loop
      vertex 9.35793 10.56 2.8
      vertex 7.4205 11 2.8
      vertex 9.31454 10.7781 2.8
    endloop
  endfacet
  facet normal 0 0 -1
    outer loop
      vertex 9.4294 10.3494 2.8
      vertex 7.4205 11 2.8
      vertex 9.35793 10.56 2.8
    endloop
  endfacet
  facet normal 0 0 -1
    outer loop
      vertex 9.52776 10.15 2.8
      vertex 7.4205 11 2.8
      vertex 9.4294 10.3494 2.8
    endloop
  endfacet
  facet normal 0 0 -1
    outer loop
      vertex 7.4205 11 2.8
      vertex 9.52776 10.15 2.8
      vertex 9.21025 7.90006 2.8
    endloop
  endfacet
  facet normal -0 0 -1
    outer loop
      vertex 9.6513 9.96511 2.8
      vertex 9.21025 7.90006 2.8
      vertex 9.52776 10.15 2.8
    endloop
  endfacet
  facet normal -0 0 -1
    outer loop
      vertex 9.79792 9.79792 2.8
      vertex 9.21025 7.90006 2.8
      vertex 9.6513 9.96511 2.8
    endloop
  endfacet
  facet normal -0 0 -1
    outer loop
      vertex 9.96511 9.6513 2.8
      vertex 9.21025 7.90006 2.8
      vertex 9.79792 9.79792 2.8
    endloop
  endfacet
  facet normal -0 0 -1
    outer loop
      vertex 10.15 9.52776 2.8
      vertex 9.21025 7.90006 2.8
      vertex 9.96511 9.6513 2.8
    endloop
  endfacet
  facet normal -0 0 -1
    outer loop
      vertex 10.3494 9.4294 2.8
      vertex 9.21025 7.90006 2.8
      vertex 10.15 9.52776 2.8
    endloop
  endfacet
  facet normal 0 0 -1
    outer loop
      vertex 12.6421 11.44 2.8
      vertex 14.5795 11 2.8
      vertex 12.6855 11.2219 2.8
    endloop
  endfacet
  facet normal 0 0 -1
    outer loop
      vertex 12.5706 11.6506 2.8
      vertex 14.5795 11 2.8
      vertex 12.6421 11.44 2.8
    endloop
  endfacet
  facet normal 0 0 -1
    outer loop
      vertex 12.4722 11.85 2.8
      vertex 14.5795 11 2.8
      vertex 12.5706 11.6506 2.8
    endloop
  endfacet
  facet normal 0 0 -1
    outer loop
      vertex 14.5795 11 2.8
      vertex 12.4722 11.85 2.8
      vertex 12.7897 14.0999 2.8
    endloop
  endfacet
  facet normal 0 0 -1
    outer loop
      vertex 12.3487 12.0349 2.8
      vertex 12.7897 14.0999 2.8
      vertex 12.4722 11.85 2.8
    endloop
  endfacet
  facet normal 0 0 -1
    outer loop
      vertex 12.2021 12.2021 2.8
      vertex 12.7897 14.0999 2.8
      vertex 12.3487 12.0349 2.8
    endloop
  endfacet
  facet normal 0 0 -1
    outer loop
      vertex 12.0349 12.3487 2.8
      vertex 12.7897 14.0999 2.8
      vertex 12.2021 12.2021 2.8
    endloop
  endfacet
  facet normal 0 0 -1
    outer loop
      vertex 11.85 12.4722 2.8
      vertex 12.7897 14.0999 2.8
      vertex 12.0349 12.3487 2.8
    endloop
  endfacet
  facet normal 0 0 -1
    outer loop
      vertex 11.6506 12.5706 2.8
      vertex 12.7897 14.0999 2.8
      vertex 11.85 12.4722 2.8
    endloop
  endfacet
  facet normal 0 0 -1
    outer loop
      vertex 11.44 12.6421 2.8
      vertex 12.7897 14.0999 2.8
      vertex 11.6506 12.5706 2.8
    endloop
  endfacet
  facet normal 0 0 -1
    outer loop
      vertex 11.2219 12.6855 2.8
      vertex 12.7897 14.0999 2.8
      vertex 11.44 12.6421 2.8
    endloop
  endfacet
  facet normal 0 0 -1
    outer loop
      vertex 11 12.7 2.8
      vertex 12.7897 14.0999 2.8
      vertex 11.2219 12.6855 2.8
    endloop
  endfacet
  facet normal 0 0 -1
    outer loop
      vertex 9.21025 14.0999 2.8
      vertex 11 12.7 2.8
      vertex 10.7781 12.6855 2.8
    endloop
  endfacet
  facet normal 0 0 -1
    outer loop
      vertex 9.21025 14.0999 2.8
      vertex 10.7781 12.6855 2.8
      vertex 10.56 12.6421 2.8
    endloop
  endfacet
  facet normal 0 0 -1
    outer loop
      vertex 9.21025 14.0999 2.8
      vertex 10.56 12.6421 2.8
      vertex 10.3494 12.5706 2.8
    endloop
  endfacet
  facet normal 0 0 -1
    outer loop
      vertex 9.21025 14.0999 2.8
      vertex 10.3494 12.5706 2.8
      vertex 10.15 12.4722 2.8
    endloop
  endfacet
  facet normal 0 0 -1
    outer loop
      vertex 11 12.7 2.8
      vertex 9.21025 14.0999 2.8
      vertex 12.7897 14.0999 2.8
    endloop
  endfacet
  facet normal 0 0 -1
    outer loop
      vertex 9.96511 12.3487 2.8
      vertex 9.21025 14.0999 2.8
      vertex 10.15 12.4722 2.8
    endloop
  endfacet
  facet normal 0 0 -1
    outer loop
      vertex 9.79792 12.2021 2.8
      vertex 9.21025 14.0999 2.8
      vertex 9.96511 12.3487 2.8
    endloop
  endfacet
  facet normal 0 0 -1
    outer loop
      vertex 9.6513 12.0349 2.8
      vertex 9.21025 14.0999 2.8
      vertex 9.79792 12.2021 2.8
    endloop
  endfacet
  facet normal 0 0 -1
    outer loop
      vertex 9.52776 11.85 2.8
      vertex 9.21025 14.0999 2.8
      vertex 9.6513 12.0349 2.8
    endloop
  endfacet
  facet normal 0 0 -1
    outer loop
      vertex 7.4205 11 2.8
      vertex 9.52776 11.85 2.8
      vertex 9.4294 11.6506 2.8
    endloop
  endfacet
  facet normal 0 0 -1
    outer loop
      vertex 7.4205 11 2.8
      vertex 9.4294 11.6506 2.8
      vertex 9.35793 11.44 2.8
    endloop
  endfacet
  facet normal 0 0 -1
    outer loop
      vertex 7.4205 11 2.8
      vertex 9.35793 11.44 2.8
      vertex 9.31454 11.2219 2.8
    endloop
  endfacet
  facet normal 0 0 -1
    outer loop
      vertex 7.4205 11 2.8
      vertex 9.31454 11.2219 2.8
      vertex 9.3 11 2.8
    endloop
  endfacet
  facet normal 0 0 -1
    outer loop
      vertex 9.31454 10.7781 2.8
      vertex 7.4205 11 2.8
      vertex 9.3 11 2.8
    endloop
  endfacet
  facet normal -0 0 -1
    outer loop
      vertex 9.52776 11.85 2.8
      vertex 7.4205 11 2.8
      vertex 9.21025 14.0999 2.8
    endloop
  endfacet
  facet normal -0.866019 0.50001 0
    outer loop
      vertex 12.7897 7.90006 0
      vertex 14.5795 11 2.8
      vertex 14.5795 11 0
    endloop
  endfacet
  facet normal -0.866019 0.50001 0
    outer loop
      vertex 14.5795 11 2.8
      vertex 12.7897 7.90006 0
      vertex 12.7897 7.90006 2.8
    endloop
  endfacet
  facet normal 0 1 -0
    outer loop
      vertex 12.7897 7.90006 0
      vertex 9.21025 7.90006 2.8
      vertex 12.7897 7.90006 2.8
    endloop
  endfacet
  facet normal 0 1 0
    outer loop
      vertex 9.21025 7.90006 2.8
      vertex 12.7897 7.90006 0
      vertex 9.21025 7.90006 0
    endloop
  endfacet
  facet normal -0.98077 -0.195165 0
    outer loop
      vertex 12.6855 11.2219 2.8
      vertex 12.6421 11.44 5
      vertex 12.6421 11.44 2.8
    endloop
  endfacet
  facet normal -0.98077 -0.195165 0
    outer loop
      vertex 12.6421 11.44 5
      vertex 12.6855 11.2219 2.8
      vertex 12.6855 11.2219 5
    endloop
  endfacet
  facet normal -0.997872 -0.0652057 0
    outer loop
      vertex 12.7 11 2.8
      vertex 12.6855 11.2219 5
      vertex 12.6855 11.2219 2.8
    endloop
  endfacet
  facet normal -0.997872 -0.0652057 0
    outer loop
      vertex 12.6855 11.2219 5
      vertex 12.7 11 2.8
      vertex 12.7 11 5
    endloop
  endfacet
  facet normal 0.44253 -0.896754 0
    outer loop
      vertex 10.15 12.4722 2.8
      vertex 10.3494 12.5706 5
      vertex 10.15 12.4722 5
    endloop
  endfacet
  facet normal 0.44253 -0.896754 0
    outer loop
      vertex 10.3494 12.5706 5
      vertex 10.15 12.4722 2.8
      vertex 10.3494 12.5706 2.8
    endloop
  endfacet
  facet normal -0.555426 -0.831566 0
    outer loop
      vertex 11.85 12.4722 2.8
      vertex 12.0349 12.3487 5
      vertex 11.85 12.4722 5
    endloop
  endfacet
  facet normal -0.555426 -0.831566 -0
    outer loop
      vertex 12.0349 12.3487 5
      vertex 11.85 12.4722 2.8
      vertex 12.0349 12.3487 2.8
    endloop
  endfacet
  facet normal 0.659291 -0.751888 0
    outer loop
      vertex 9.79792 12.2021 2.8
      vertex 9.96511 12.3487 5
      vertex 9.79792 12.2021 5
    endloop
  endfacet
  facet normal 0.659291 -0.751888 0
    outer loop
      vertex 9.96511 12.3487 5
      vertex 9.79792 12.2021 2.8
      vertex 9.96511 12.3487 2.8
    endloop
  endfacet
  facet normal -0.321363 0.946956 0
    outer loop
      vertex 11.6506 9.4294 2.8
      vertex 11.44 9.35793 5
      vertex 11.6506 9.4294 5
    endloop
  endfacet
  facet normal -0.321363 0.946956 0
    outer loop
      vertex 11.44 9.35793 5
      vertex 11.6506 9.4294 2.8
      vertex 11.44 9.35793 2.8
    endloop
  endfacet
  facet normal -0.831552 0.555447 0
    outer loop
      vertex 12.3487 9.96511 2.8
      vertex 12.4722 10.15 5
      vertex 12.4722 10.15 2.8
    endloop
  endfacet
  facet normal -0.831552 0.555447 0
    outer loop
      vertex 12.4722 10.15 5
      vertex 12.3487 9.96511 2.8
      vertex 12.3487 9.96511 5
    endloop
  endfacet
  facet normal -0.946915 0.321484 0
    outer loop
      vertex 12.5706 10.3494 2.8
      vertex 12.6421 10.56 5
      vertex 12.6421 10.56 2.8
    endloop
  endfacet
  facet normal -0.946915 0.321484 0
    outer loop
      vertex 12.6421 10.56 5
      vertex 12.5706 10.3494 2.8
      vertex 12.5706 10.3494 5
    endloop
  endfacet
  facet normal -0.321484 -0.946915 0
    outer loop
      vertex 11.44 12.6421 2.8
      vertex 11.6506 12.5706 5
      vertex 11.44 12.6421 5
    endloop
  endfacet
  facet normal -0.321484 -0.946915 -0
    outer loop
      vertex 11.6506 12.5706 5
      vertex 11.44 12.6421 2.8
      vertex 11.6506 12.5706 2.8
    endloop
  endfacet
  facet normal -0.195165 -0.98077 0
    outer loop
      vertex 11.2219 12.6855 2.8
      vertex 11.44 12.6421 5
      vertex 11.2219 12.6855 5
    endloop
  endfacet
  facet normal -0.195165 -0.98077 -0
    outer loop
      vertex 11.44 12.6421 5
      vertex 11.2219 12.6855 2.8
      vertex 11.44 12.6421 2.8
    endloop
  endfacet
  facet normal 0.555447 -0.831552 0
    outer loop
      vertex 9.96511 12.3487 2.8
      vertex 10.15 12.4722 5
      vertex 9.96511 12.3487 5
    endloop
  endfacet
  facet normal 0.555447 -0.831552 0
    outer loop
      vertex 10.15 12.4722 5
      vertex 9.96511 12.3487 2.8
      vertex 10.15 12.4722 2.8
    endloop
  endfacet
  facet normal -0.896754 0.44253 0
    outer loop
      vertex 12.4722 10.15 2.8
      vertex 12.5706 10.3494 5
      vertex 12.5706 10.3494 2.8
    endloop
  endfacet
  facet normal -0.896754 0.44253 0
    outer loop
      vertex 12.5706 10.3494 5
      vertex 12.4722 10.15 2.8
      vertex 12.4722 10.15 5
    endloop
  endfacet
  facet normal -0.659268 -0.751908 0
    outer loop
      vertex 12.0349 12.3487 2.8
      vertex 12.2021 12.2021 5
      vertex 12.0349 12.3487 5
    endloop
  endfacet
  facet normal -0.659268 -0.751908 -0
    outer loop
      vertex 12.2021 12.2021 5
      vertex 12.0349 12.3487 2.8
      vertex 12.2021 12.2021 2.8
    endloop
  endfacet
  facet normal -0.555551 0.831483 0
    outer loop
      vertex 12.0349 9.6513 2.8
      vertex 11.85 9.52776 5
      vertex 12.0349 9.6513 5
    endloop
  endfacet
  facet normal -0.555551 0.831483 0
    outer loop
      vertex 11.85 9.52776 5
      vertex 12.0349 9.6513 2.8
      vertex 11.85 9.52776 2.8
    endloop
  endfacet
  facet normal -0.44253 -0.896754 0
    outer loop
      vertex 11.6506 12.5706 2.8
      vertex 11.85 12.4722 5
      vertex 11.6506 12.5706 5
    endloop
  endfacet
  facet normal -0.44253 -0.896754 -0
    outer loop
      vertex 11.85 12.4722 5
      vertex 11.6506 12.5706 2.8
      vertex 11.85 12.4722 2.8
    endloop
  endfacet
  facet normal 0.99786 -0.0653848 0
    outer loop
      vertex 9.3 11 5
      vertex 9.31454 11.2219 2.8
      vertex 9.31454 11.2219 5
    endloop
  endfacet
  facet normal 0.99786 -0.0653848 0
    outer loop
      vertex 9.31454 11.2219 2.8
      vertex 9.3 11 5
      vertex 9.3 11 2.8
    endloop
  endfacet
  facet normal 0.659342 0.751844 -0
    outer loop
      vertex 9.96511 9.6513 2.8
      vertex 9.79792 9.79792 5
      vertex 9.96511 9.6513 5
    endloop
  endfacet
  facet normal 0.659342 0.751844 0
    outer loop
      vertex 9.79792 9.79792 5
      vertex 9.96511 9.6513 2.8
      vertex 9.79792 9.79792 2.8
    endloop
  endfacet
  facet normal 0.751844 0.659342 0
    outer loop
      vertex 9.79792 9.79792 5
      vertex 9.6513 9.96511 2.8
      vertex 9.6513 9.96511 5
    endloop
  endfacet
  facet normal 0.751844 0.659342 0
    outer loop
      vertex 9.6513 9.96511 2.8
      vertex 9.79792 9.79792 5
      vertex 9.79792 9.79792 2.8
    endloop
  endfacet
  facet normal 0.831469 0.555572 0
    outer loop
      vertex 9.6513 9.96511 5
      vertex 9.52776 10.15 2.8
      vertex 9.52776 10.15 5
    endloop
  endfacet
  facet normal 0.831469 0.555572 0
    outer loop
      vertex 9.52776 10.15 2.8
      vertex 9.6513 9.96511 5
      vertex 9.6513 9.96511 2.8
    endloop
  endfacet
  facet normal -0.831566 -0.555426 0
    outer loop
      vertex 12.4722 11.85 2.8
      vertex 12.3487 12.0349 5
      vertex 12.3487 12.0349 2.8
    endloop
  endfacet
  facet normal -0.831566 -0.555426 0
    outer loop
      vertex 12.3487 12.0349 5
      vertex 12.4722 11.85 2.8
      vertex 12.4722 11.85 5
    endloop
  endfacet
  facet normal -0.195122 0.980779 0
    outer loop
      vertex 11.44 9.35793 2.8
      vertex 11.2219 9.31454 5
      vertex 11.44 9.35793 5
    endloop
  endfacet
  facet normal -0.195122 0.980779 0
    outer loop
      vertex 11.2219 9.31454 5
      vertex 11.44 9.35793 2.8
      vertex 11.2219 9.31454 2.8
    endloop
  endfacet
  facet normal -0.98077 0.195165 0
    outer loop
      vertex 12.6421 10.56 2.8
      vertex 12.6855 10.7781 5
      vertex 12.6855 10.7781 2.8
    endloop
  endfacet
  facet normal -0.98077 0.195165 0
    outer loop
      vertex 12.6855 10.7781 5
      vertex 12.6421 10.56 2.8
      vertex 12.6421 10.56 5
    endloop
  endfacet
  facet normal 0.946956 0.321363 0
    outer loop
      vertex 9.4294 10.3494 5
      vertex 9.35793 10.56 2.8
      vertex 9.35793 10.56 5
    endloop
  endfacet
  facet normal 0.946956 0.321363 0
    outer loop
      vertex 9.35793 10.56 2.8
      vertex 9.4294 10.3494 5
      vertex 9.4294 10.3494 2.8
    endloop
  endfacet
  facet normal -0.442386 0.896825 0
    outer loop
      vertex 11.85 9.52776 2.8
      vertex 11.6506 9.4294 5
      vertex 11.85 9.52776 5
    endloop
  endfacet
  facet normal -0.442386 0.896825 0
    outer loop
      vertex 11.6506 9.4294 5
      vertex 11.85 9.52776 2.8
      vertex 11.6506 9.4294 2.8
    endloop
  endfacet
  facet normal -0.0652057 -0.997872 0
    outer loop
      vertex 11 12.7 2.8
      vertex 11.2219 12.6855 5
      vertex 11 12.7 5
    endloop
  endfacet
  facet normal -0.0652057 -0.997872 -0
    outer loop
      vertex 11.2219 12.6855 5
      vertex 11 12.7 2.8
      vertex 11.2219 12.6855 2.8
    endloop
  endfacet
  facet normal 0.321484 -0.946915 0
    outer loop
      vertex 10.3494 12.5706 2.8
      vertex 10.56 12.6421 5
      vertex 10.3494 12.5706 5
    endloop
  endfacet
  facet normal 0.321484 -0.946915 0
    outer loop
      vertex 10.56 12.6421 5
      vertex 10.3494 12.5706 2.8
      vertex 10.56 12.6421 2.8
    endloop
  endfacet
  facet normal 0.195165 -0.98077 0
    outer loop
      vertex 10.56 12.6421 2.8
      vertex 10.7781 12.6855 5
      vertex 10.56 12.6421 5
    endloop
  endfacet
  facet normal 0.195165 -0.98077 0
    outer loop
      vertex 10.7781 12.6855 5
      vertex 10.56 12.6421 2.8
      vertex 10.7781 12.6855 2.8
    endloop
  endfacet
  facet normal -0.896754 -0.44253 0
    outer loop
      vertex 12.5706 11.6506 2.8
      vertex 12.4722 11.85 5
      vertex 12.4722 11.85 2.8
    endloop
  endfacet
  facet normal -0.896754 -0.44253 0
    outer loop
      vertex 12.4722 11.85 5
      vertex 12.5706 11.6506 2.8
      vertex 12.5706 11.6506 5
    endloop
  endfacet
  facet normal -0.997872 0.0652057 0
    outer loop
      vertex 12.6855 10.7781 2.8
      vertex 12.7 11 5
      vertex 12.7 11 2.8
    endloop
  endfacet
  facet normal -0.997872 0.0652057 0
    outer loop
      vertex 12.7 11 5
      vertex 12.6855 10.7781 2.8
      vertex 12.6855 10.7781 5
    endloop
  endfacet
  facet normal -0.0653848 0.99786 0
    outer loop
      vertex 11.2219 9.31454 2.8
      vertex 11 9.3 5
      vertex 11.2219 9.31454 5
    endloop
  endfacet
  facet normal -0.0653848 0.99786 0
    outer loop
      vertex 11 9.3 5
      vertex 11.2219 9.31454 2.8
      vertex 11 9.3 2.8
    endloop
  endfacet
  facet normal -0.751908 -0.659268 0
    outer loop
      vertex 12.3487 12.0349 2.8
      vertex 12.2021 12.2021 5
      vertex 12.2021 12.2021 2.8
    endloop
  endfacet
  facet normal -0.751908 -0.659268 0
    outer loop
      vertex 12.2021 12.2021 5
      vertex 12.3487 12.0349 2.8
      vertex 12.3487 12.0349 5
    endloop
  endfacet
  facet normal 0.99786 0.0653848 0
    outer loop
      vertex 9.31454 10.7781 5
      vertex 9.3 11 2.8
      vertex 9.3 11 5
    endloop
  endfacet
  facet normal 0.99786 0.0653848 0
    outer loop
      vertex 9.3 11 2.8
      vertex 9.31454 10.7781 5
      vertex 9.31454 10.7781 2.8
    endloop
  endfacet
  facet normal -0.751888 0.659291 0
    outer loop
      vertex 12.2021 9.79792 2.8
      vertex 12.3487 9.96511 5
      vertex 12.3487 9.96511 2.8
    endloop
  endfacet
  facet normal -0.751888 0.659291 0
    outer loop
      vertex 12.3487 9.96511 5
      vertex 12.2021 9.79792 2.8
      vertex 12.2021 9.79792 5
    endloop
  endfacet
  facet normal 0.751863 -0.659319 0
    outer loop
      vertex 9.6513 12.0349 5
      vertex 9.79792 12.2021 2.8
      vertex 9.79792 12.2021 5
    endloop
  endfacet
  facet normal 0.751863 -0.659319 0
    outer loop
      vertex 9.79792 12.2021 2.8
      vertex 9.6513 12.0349 5
      vertex 9.6513 12.0349 2.8
    endloop
  endfacet
  facet normal 0.831483 -0.555551 0
    outer loop
      vertex 9.52776 11.85 5
      vertex 9.6513 12.0349 2.8
      vertex 9.6513 12.0349 5
    endloop
  endfacet
  facet normal 0.831483 -0.555551 0
    outer loop
      vertex 9.6513 12.0349 2.8
      vertex 9.52776 11.85 5
      vertex 9.52776 11.85 2.8
    endloop
  endfacet
  facet normal 0.0652057 -0.997872 0
    outer loop
      vertex 10.7781 12.6855 2.8
      vertex 11 12.7 5
      vertex 10.7781 12.6855 5
    endloop
  endfacet
  facet normal 0.0652057 -0.997872 0
    outer loop
      vertex 11 12.7 5
      vertex 10.7781 12.6855 2.8
      vertex 11 12.7 2.8
    endloop
  endfacet
  facet normal 0.980779 0.195122 0
    outer loop
      vertex 9.35793 10.56 5
      vertex 9.31454 10.7781 2.8
      vertex 9.31454 10.7781 5
    endloop
  endfacet
  facet normal 0.980779 0.195122 0
    outer loop
      vertex 9.31454 10.7781 2.8
      vertex 9.35793 10.56 5
      vertex 9.35793 10.56 2.8
    endloop
  endfacet
  facet normal 0.321363 0.946956 -0
    outer loop
      vertex 10.56 9.35793 2.8
      vertex 10.3494 9.4294 5
      vertex 10.56 9.35793 5
    endloop
  endfacet
  facet normal 0.321363 0.946956 0
    outer loop
      vertex 10.3494 9.4294 5
      vertex 10.56 9.35793 2.8
      vertex 10.3494 9.4294 2.8
    endloop
  endfacet
  facet normal -0.946915 -0.321484 0
    outer loop
      vertex 12.6421 11.44 2.8
      vertex 12.5706 11.6506 5
      vertex 12.5706 11.6506 2.8
    endloop
  endfacet
  facet normal -0.946915 -0.321484 0
    outer loop
      vertex 12.5706 11.6506 5
      vertex 12.6421 11.44 2.8
      vertex 12.6421 11.44 5
    endloop
  endfacet
  facet normal 0.442386 0.896825 -0
    outer loop
      vertex 10.3494 9.4294 2.8
      vertex 10.15 9.52776 5
      vertex 10.3494 9.4294 5
    endloop
  endfacet
  facet normal 0.442386 0.896825 0
    outer loop
      vertex 10.15 9.52776 5
      vertex 10.3494 9.4294 2.8
      vertex 10.15 9.52776 2.8
    endloop
  endfacet
  facet normal 0.555572 0.831469 -0
    outer loop
      vertex 10.15 9.52776 2.8
      vertex 9.96511 9.6513 5
      vertex 10.15 9.52776 5
    endloop
  endfacet
  facet normal 0.555572 0.831469 0
    outer loop
      vertex 9.96511 9.6513 5
      vertex 10.15 9.52776 2.8
      vertex 9.96511 9.6513 2.8
    endloop
  endfacet
  facet normal 0.0653848 0.99786 -0
    outer loop
      vertex 11 9.3 2.8
      vertex 10.7781 9.31454 5
      vertex 11 9.3 5
    endloop
  endfacet
  facet normal 0.0653848 0.99786 0
    outer loop
      vertex 10.7781 9.31454 5
      vertex 11 9.3 2.8
      vertex 10.7781 9.31454 2.8
    endloop
  endfacet
  facet normal 0.195122 0.980779 -0
    outer loop
      vertex 10.7781 9.31454 2.8
      vertex 10.56 9.35793 5
      vertex 10.7781 9.31454 5
    endloop
  endfacet
  facet normal 0.195122 0.980779 0
    outer loop
      vertex 10.56 9.35793 5
      vertex 10.7781 9.31454 2.8
      vertex 10.56 9.35793 2.8
    endloop
  endfacet
  facet normal 0.896825 -0.442386 0
    outer loop
      vertex 9.4294 11.6506 5
      vertex 9.52776 11.85 2.8
      vertex 9.52776 11.85 5
    endloop
  endfacet
  facet normal 0.896825 -0.442386 0
    outer loop
      vertex 9.52776 11.85 2.8
      vertex 9.4294 11.6506 5
      vertex 9.4294 11.6506 2.8
    endloop
  endfacet
  facet normal 0.896825 0.442386 0
    outer loop
      vertex 9.52776 10.15 5
      vertex 9.4294 10.3494 2.8
      vertex 9.4294 10.3494 5
    endloop
  endfacet
  facet normal 0.896825 0.442386 0
    outer loop
      vertex 9.4294 10.3494 2.8
      vertex 9.52776 10.15 5
      vertex 9.52776 10.15 2.8
    endloop
  endfacet
  facet normal 0.980779 -0.195122 0
    outer loop
      vertex 9.31454 11.2219 5
      vertex 9.35793 11.44 2.8
      vertex 9.35793 11.44 5
    endloop
  endfacet
  facet normal 0.980779 -0.195122 0
    outer loop
      vertex 9.35793 11.44 2.8
      vertex 9.31454 11.2219 5
      vertex 9.31454 11.2219 2.8
    endloop
  endfacet
  facet normal 0.946956 -0.321363 0
    outer loop
      vertex 9.35793 11.44 5
      vertex 9.4294 11.6506 2.8
      vertex 9.4294 11.6506 5
    endloop
  endfacet
  facet normal 0.946956 -0.321363 0
    outer loop
      vertex 9.4294 11.6506 2.8
      vertex 9.35793 11.44 5
      vertex 9.35793 11.44 2.8
    endloop
  endfacet
  facet normal -0.659319 0.751863 0
    outer loop
      vertex 12.2021 9.79792 2.8
      vertex 12.0349 9.6513 5
      vertex 12.2021 9.79792 5
    endloop
  endfacet
  facet normal -0.659319 0.751863 0
    outer loop
      vertex 12.0349 9.6513 5
      vertex 12.2021 9.79792 2.8
      vertex 12.0349 9.6513 2.8
    endloop
  endfacet
  facet normal 0 -1 0
    outer loop
      vertex 9.21025 88.0999 0
      vertex 12.7897 88.0999 2.8
      vertex 9.21025 88.0999 2.8
    endloop
  endfacet
  facet normal 0 -1 -0
    outer loop
      vertex 12.7897 88.0999 2.8
      vertex 9.21025 88.0999 0
      vertex 12.7897 88.0999 0
    endloop
  endfacet
  facet normal -0.866017 -0.500015 0
    outer loop
      vertex 14.5795 85 0
      vertex 12.7897 88.0999 2.8
      vertex 12.7897 88.0999 0
    endloop
  endfacet
  facet normal -0.866017 -0.500015 0
    outer loop
      vertex 12.7897 88.0999 2.8
      vertex 14.5795 85 0
      vertex 14.5795 85 2.8
    endloop
  endfacet
  facet normal 0.866023 -0.500005 0
    outer loop
      vertex 7.4205 85 2.8
      vertex 9.21025 88.0999 0
      vertex 9.21025 88.0999 2.8
    endloop
  endfacet
  facet normal 0.866023 -0.500005 0
    outer loop
      vertex 9.21025 88.0999 0
      vertex 7.4205 85 2.8
      vertex 7.4205 85 0
    endloop
  endfacet
  facet normal 0.866023 0.500005 0
    outer loop
      vertex 9.21025 81.9001 2.8
      vertex 7.4205 85 0
      vertex 7.4205 85 2.8
    endloop
  endfacet
  facet normal 0.866023 0.500005 0
    outer loop
      vertex 7.4205 85 0
      vertex 9.21025 81.9001 2.8
      vertex 9.21025 81.9001 0
    endloop
  endfacet
  facet normal 0 0 -1
    outer loop
      vertex 12.4722 84.15 2.8
      vertex 14.5795 85 2.8
      vertex 12.7897 81.9001 2.8
    endloop
  endfacet
  facet normal 0 0 -1
    outer loop
      vertex 12.6855 85.2219 2.8
      vertex 14.5795 85 2.8
      vertex 12.7 85 2.8
    endloop
  endfacet
  facet normal -0 0 -1
    outer loop
      vertex 14.5795 85 2.8
      vertex 12.6855 84.7781 2.8
      vertex 12.7 85 2.8
    endloop
  endfacet
  facet normal 0 0 -1
    outer loop
      vertex 14.5795 85 2.8
      vertex 12.6421 84.56 2.8
      vertex 12.6855 84.7781 2.8
    endloop
  endfacet
  facet normal 0 0 -1
    outer loop
      vertex 14.5795 85 2.8
      vertex 12.5706 84.3494 2.8
      vertex 12.6421 84.56 2.8
    endloop
  endfacet
  facet normal 0 0 -1
    outer loop
      vertex 14.5795 85 2.8
      vertex 12.4722 84.15 2.8
      vertex 12.5706 84.3494 2.8
    endloop
  endfacet
  facet normal 0 0 -1
    outer loop
      vertex 12.7897 81.9001 2.8
      vertex 12.3487 83.9651 2.8
      vertex 12.4722 84.15 2.8
    endloop
  endfacet
  facet normal 0 0 -1
    outer loop
      vertex 12.7897 81.9001 2.8
      vertex 12.2021 83.7979 2.8
      vertex 12.3487 83.9651 2.8
    endloop
  endfacet
  facet normal 0 0 -1
    outer loop
      vertex 12.7897 81.9001 2.8
      vertex 12.0349 83.6513 2.8
      vertex 12.2021 83.7979 2.8
    endloop
  endfacet
  facet normal 0 0 -1
    outer loop
      vertex 12.7897 81.9001 2.8
      vertex 11.85 83.5278 2.8
      vertex 12.0349 83.6513 2.8
    endloop
  endfacet
  facet normal 0 0 -1
    outer loop
      vertex 12.7897 81.9001 2.8
      vertex 11.6506 83.4294 2.8
      vertex 11.85 83.5278 2.8
    endloop
  endfacet
  facet normal 0 0 -1
    outer loop
      vertex 12.7897 81.9001 2.8
      vertex 11.44 83.3579 2.8
      vertex 11.6506 83.4294 2.8
    endloop
  endfacet
  facet normal 0 0 -1
    outer loop
      vertex 12.7897 81.9001 2.8
      vertex 11.2219 83.3145 2.8
      vertex 11.44 83.3579 2.8
    endloop
  endfacet
  facet normal 0 0 -1
    outer loop
      vertex 12.7897 81.9001 2.8
      vertex 11 83.3 2.8
      vertex 11.2219 83.3145 2.8
    endloop
  endfacet
  facet normal 0 0 -1
    outer loop
      vertex 9.21025 81.9001 2.8
      vertex 11 83.3 2.8
      vertex 12.7897 81.9001 2.8
    endloop
  endfacet
  facet normal -0 0 -1
    outer loop
      vertex 11 83.3 2.8
      vertex 9.21025 81.9001 2.8
      vertex 10.7781 83.3145 2.8
    endloop
  endfacet
  facet normal -0 0 -1
    outer loop
      vertex 10.7781 83.3145 2.8
      vertex 9.21025 81.9001 2.8
      vertex 10.56 83.3579 2.8
    endloop
  endfacet
  facet normal -0 0 -1
    outer loop
      vertex 10.56 83.3579 2.8
      vertex 9.21025 81.9001 2.8
      vertex 10.3494 83.4294 2.8
    endloop
  endfacet
  facet normal 0 0 -1
    outer loop
      vertex 9.35793 84.56 2.8
      vertex 7.4205 85 2.8
      vertex 9.31454 84.7781 2.8
    endloop
  endfacet
  facet normal 0 0 -1
    outer loop
      vertex 9.4294 84.3494 2.8
      vertex 7.4205 85 2.8
      vertex 9.35793 84.56 2.8
    endloop
  endfacet
  facet normal 0 0 -1
    outer loop
      vertex 9.52776 84.15 2.8
      vertex 7.4205 85 2.8
      vertex 9.4294 84.3494 2.8
    endloop
  endfacet
  facet normal 0 0 -1
    outer loop
      vertex 7.4205 85 2.8
      vertex 9.52776 84.15 2.8
      vertex 9.21025 81.9001 2.8
    endloop
  endfacet
  facet normal -0 0 -1
    outer loop
      vertex 9.6513 83.9651 2.8
      vertex 9.21025 81.9001 2.8
      vertex 9.52776 84.15 2.8
    endloop
  endfacet
  facet normal -0 0 -1
    outer loop
      vertex 9.79792 83.7979 2.8
      vertex 9.21025 81.9001 2.8
      vertex 9.6513 83.9651 2.8
    endloop
  endfacet
  facet normal -0 0 -1
    outer loop
      vertex 9.96511 83.6513 2.8
      vertex 9.21025 81.9001 2.8
      vertex 9.79792 83.7979 2.8
    endloop
  endfacet
  facet normal -0 0 -1
    outer loop
      vertex 10.15 83.5278 2.8
      vertex 9.21025 81.9001 2.8
      vertex 9.96511 83.6513 2.8
    endloop
  endfacet
  facet normal -0 0 -1
    outer loop
      vertex 10.3494 83.4294 2.8
      vertex 9.21025 81.9001 2.8
      vertex 10.15 83.5278 2.8
    endloop
  endfacet
  facet normal 0 0 -1
    outer loop
      vertex 12.6421 85.44 2.8
      vertex 14.5795 85 2.8
      vertex 12.6855 85.2219 2.8
    endloop
  endfacet
  facet normal 0 0 -1
    outer loop
      vertex 12.5706 85.6506 2.8
      vertex 14.5795 85 2.8
      vertex 12.6421 85.44 2.8
    endloop
  endfacet
  facet normal 0 0 -1
    outer loop
      vertex 12.4722 85.85 2.8
      vertex 14.5795 85 2.8
      vertex 12.5706 85.6506 2.8
    endloop
  endfacet
  facet normal 0 0 -1
    outer loop
      vertex 14.5795 85 2.8
      vertex 12.4722 85.85 2.8
      vertex 12.7897 88.0999 2.8
    endloop
  endfacet
  facet normal 0 0 -1
    outer loop
      vertex 12.3487 86.0349 2.8
      vertex 12.7897 88.0999 2.8
      vertex 12.4722 85.85 2.8
    endloop
  endfacet
  facet normal 0 0 -1
    outer loop
      vertex 12.2021 86.2021 2.8
      vertex 12.7897 88.0999 2.8
      vertex 12.3487 86.0349 2.8
    endloop
  endfacet
  facet normal 0 0 -1
    outer loop
      vertex 12.0349 86.3487 2.8
      vertex 12.7897 88.0999 2.8
      vertex 12.2021 86.2021 2.8
    endloop
  endfacet
  facet normal 0 0 -1
    outer loop
      vertex 11.85 86.4722 2.8
      vertex 12.7897 88.0999 2.8
      vertex 12.0349 86.3487 2.8
    endloop
  endfacet
  facet normal 0 0 -1
    outer loop
      vertex 11.6506 86.5706 2.8
      vertex 12.7897 88.0999 2.8
      vertex 11.85 86.4722 2.8
    endloop
  endfacet
  facet normal 0 0 -1
    outer loop
      vertex 11.44 86.6421 2.8
      vertex 12.7897 88.0999 2.8
      vertex 11.6506 86.5706 2.8
    endloop
  endfacet
  facet normal 0 0 -1
    outer loop
      vertex 11.2219 86.6855 2.8
      vertex 12.7897 88.0999 2.8
      vertex 11.44 86.6421 2.8
    endloop
  endfacet
  facet normal 0 0 -1
    outer loop
      vertex 11 86.7 2.8
      vertex 12.7897 88.0999 2.8
      vertex 11.2219 86.6855 2.8
    endloop
  endfacet
  facet normal 0 0 -1
    outer loop
      vertex 9.21025 88.0999 2.8
      vertex 11 86.7 2.8
      vertex 10.7781 86.6855 2.8
    endloop
  endfacet
  facet normal 0 0 -1
    outer loop
      vertex 9.21025 88.0999 2.8
      vertex 10.7781 86.6855 2.8
      vertex 10.56 86.6421 2.8
    endloop
  endfacet
  facet normal 0 0 -1
    outer loop
      vertex 9.21025 88.0999 2.8
      vertex 10.56 86.6421 2.8
      vertex 10.3494 86.5706 2.8
    endloop
  endfacet
  facet normal 0 0 -1
    outer loop
      vertex 9.21025 88.0999 2.8
      vertex 10.3494 86.5706 2.8
      vertex 10.15 86.4722 2.8
    endloop
  endfacet
  facet normal 0 0 -1
    outer loop
      vertex 11 86.7 2.8
      vertex 9.21025 88.0999 2.8
      vertex 12.7897 88.0999 2.8
    endloop
  endfacet
  facet normal 0 0 -1
    outer loop
      vertex 9.96511 86.3487 2.8
      vertex 9.21025 88.0999 2.8
      vertex 10.15 86.4722 2.8
    endloop
  endfacet
  facet normal 0 0 -1
    outer loop
      vertex 9.79792 86.2021 2.8
      vertex 9.21025 88.0999 2.8
      vertex 9.96511 86.3487 2.8
    endloop
  endfacet
  facet normal 0 0 -1
    outer loop
      vertex 9.6513 86.0349 2.8
      vertex 9.21025 88.0999 2.8
      vertex 9.79792 86.2021 2.8
    endloop
  endfacet
  facet normal 0 0 -1
    outer loop
      vertex 9.52776 85.85 2.8
      vertex 9.21025 88.0999 2.8
      vertex 9.6513 86.0349 2.8
    endloop
  endfacet
  facet normal 0 0 -1
    outer loop
      vertex 7.4205 85 2.8
      vertex 9.52776 85.85 2.8
      vertex 9.4294 85.6506 2.8
    endloop
  endfacet
  facet normal 0 0 -1
    outer loop
      vertex 7.4205 85 2.8
      vertex 9.4294 85.6506 2.8
      vertex 9.35793 85.44 2.8
    endloop
  endfacet
  facet normal 0 0 -1
    outer loop
      vertex 7.4205 85 2.8
      vertex 9.35793 85.44 2.8
      vertex 9.31454 85.2219 2.8
    endloop
  endfacet
  facet normal 0 0 -1
    outer loop
      vertex 7.4205 85 2.8
      vertex 9.31454 85.2219 2.8
      vertex 9.3 85 2.8
    endloop
  endfacet
  facet normal 0 0 -1
    outer loop
      vertex 9.31454 84.7781 2.8
      vertex 7.4205 85 2.8
      vertex 9.3 85 2.8
    endloop
  endfacet
  facet normal -0 0 -1
    outer loop
      vertex 9.52776 85.85 2.8
      vertex 7.4205 85 2.8
      vertex 9.21025 88.0999 2.8
    endloop
  endfacet
  facet normal -0.866017 0.500015 0
    outer loop
      vertex 12.7897 81.9001 0
      vertex 14.5795 85 2.8
      vertex 14.5795 85 0
    endloop
  endfacet
  facet normal -0.866017 0.500015 0
    outer loop
      vertex 14.5795 85 2.8
      vertex 12.7897 81.9001 0
      vertex 12.7897 81.9001 2.8
    endloop
  endfacet
  facet normal 0 1 -0
    outer loop
      vertex 12.7897 81.9001 0
      vertex 9.21025 81.9001 2.8
      vertex 12.7897 81.9001 2.8
    endloop
  endfacet
  facet normal 0 1 0
    outer loop
      vertex 9.21025 81.9001 2.8
      vertex 12.7897 81.9001 0
      vertex 9.21025 81.9001 0
    endloop
  endfacet
  facet normal -0.98077 -0.195165 0
    outer loop
      vertex 12.6855 85.2219 2.8
      vertex 12.6421 85.44 5
      vertex 12.6421 85.44 2.8
    endloop
  endfacet
  facet normal -0.98077 -0.195165 0
    outer loop
      vertex 12.6421 85.44 5
      vertex 12.6855 85.2219 2.8
      vertex 12.6855 85.2219 5
    endloop
  endfacet
  facet normal -0.997872 -0.0652057 0
    outer loop
      vertex 12.7 85 2.8
      vertex 12.6855 85.2219 5
      vertex 12.6855 85.2219 2.8
    endloop
  endfacet
  facet normal -0.997872 -0.0652057 0
    outer loop
      vertex 12.6855 85.2219 5
      vertex 12.7 85 2.8
      vertex 12.7 85 5
    endloop
  endfacet
  facet normal 0.44253 -0.896754 0
    outer loop
      vertex 10.15 86.4722 2.8
      vertex 10.3494 86.5706 5
      vertex 10.15 86.4722 5
    endloop
  endfacet
  facet normal 0.44253 -0.896754 0
    outer loop
      vertex 10.3494 86.5706 5
      vertex 10.15 86.4722 2.8
      vertex 10.3494 86.5706 2.8
    endloop
  endfacet
  facet normal 0.0652057 0.997872 -0
    outer loop
      vertex 11 83.3 2.8
      vertex 10.7781 83.3145 5
      vertex 11 83.3 5
    endloop
  endfacet
  facet normal 0.0652057 0.997872 0
    outer loop
      vertex 10.7781 83.3145 5
      vertex 11 83.3 2.8
      vertex 10.7781 83.3145 2.8
    endloop
  endfacet
  facet normal -0.555426 -0.831566 0
    outer loop
      vertex 11.85 86.4722 2.8
      vertex 12.0349 86.3487 5
      vertex 11.85 86.4722 5
    endloop
  endfacet
  facet normal -0.555426 -0.831566 -0
    outer loop
      vertex 12.0349 86.3487 5
      vertex 11.85 86.4722 2.8
      vertex 12.0349 86.3487 2.8
    endloop
  endfacet
  facet normal 0.659291 -0.751888 0
    outer loop
      vertex 9.79792 86.2021 2.8
      vertex 9.96511 86.3487 5
      vertex 9.79792 86.2021 5
    endloop
  endfacet
  facet normal 0.659291 -0.751888 0
    outer loop
      vertex 9.96511 86.3487 5
      vertex 9.79792 86.2021 2.8
      vertex 9.96511 86.3487 2.8
    endloop
  endfacet
  facet normal -0.321484 0.946915 0
    outer loop
      vertex 11.6506 83.4294 2.8
      vertex 11.44 83.3579 5
      vertex 11.6506 83.4294 5
    endloop
  endfacet
  facet normal -0.321484 0.946915 0
    outer loop
      vertex 11.44 83.3579 5
      vertex 11.6506 83.4294 2.8
      vertex 11.44 83.3579 2.8
    endloop
  endfacet
  facet normal -0.831566 0.555426 0
    outer loop
      vertex 12.3487 83.9651 2.8
      vertex 12.4722 84.15 5
      vertex 12.4722 84.15 2.8
    endloop
  endfacet
  facet normal -0.831566 0.555426 0
    outer loop
      vertex 12.4722 84.15 5
      vertex 12.3487 83.9651 2.8
      vertex 12.3487 83.9651 5
    endloop
  endfacet
  facet normal -0.946915 0.321484 0
    outer loop
      vertex 12.5706 84.3494 2.8
      vertex 12.6421 84.56 5
      vertex 12.6421 84.56 2.8
    endloop
  endfacet
  facet normal -0.946915 0.321484 0
    outer loop
      vertex 12.6421 84.56 5
      vertex 12.5706 84.3494 2.8
      vertex 12.5706 84.3494 5
    endloop
  endfacet
  facet normal -0.321484 -0.946915 0
    outer loop
      vertex 11.44 86.6421 2.8
      vertex 11.6506 86.5706 5
      vertex 11.44 86.6421 5
    endloop
  endfacet
  facet normal -0.321484 -0.946915 -0
    outer loop
      vertex 11.6506 86.5706 5
      vertex 11.44 86.6421 2.8
      vertex 11.6506 86.5706 2.8
    endloop
  endfacet
  facet normal 0.555447 -0.831552 0
    outer loop
      vertex 9.96511 86.3487 2.8
      vertex 10.15 86.4722 5
      vertex 9.96511 86.3487 5
    endloop
  endfacet
  facet normal 0.555447 -0.831552 0
    outer loop
      vertex 10.15 86.4722 5
      vertex 9.96511 86.3487 2.8
      vertex 10.15 86.4722 2.8
    endloop
  endfacet
  facet normal -0.896754 0.44253 0
    outer loop
      vertex 12.4722 84.15 2.8
      vertex 12.5706 84.3494 5
      vertex 12.5706 84.3494 2.8
    endloop
  endfacet
  facet normal -0.896754 0.44253 0
    outer loop
      vertex 12.5706 84.3494 5
      vertex 12.4722 84.15 2.8
      vertex 12.4722 84.15 5
    endloop
  endfacet
  facet normal -0.659268 -0.751908 0
    outer loop
      vertex 12.0349 86.3487 2.8
      vertex 12.2021 86.2021 5
      vertex 12.0349 86.3487 5
    endloop
  endfacet
  facet normal -0.659268 -0.751908 -0
    outer loop
      vertex 12.2021 86.2021 5
      vertex 12.0349 86.3487 2.8
      vertex 12.2021 86.2021 2.8
    endloop
  endfacet
  facet normal -0.555426 0.831566 0
    outer loop
      vertex 12.0349 83.6513 2.8
      vertex 11.85 83.5278 5
      vertex 12.0349 83.6513 5
    endloop
  endfacet
  facet normal -0.555426 0.831566 0
    outer loop
      vertex 11.85 83.5278 5
      vertex 12.0349 83.6513 2.8
      vertex 11.85 83.5278 2.8
    endloop
  endfacet
  facet normal -0.44253 -0.896754 0
    outer loop
      vertex 11.6506 86.5706 2.8
      vertex 11.85 86.4722 5
      vertex 11.6506 86.5706 5
    endloop
  endfacet
  facet normal -0.44253 -0.896754 -0
    outer loop
      vertex 11.85 86.4722 5
      vertex 11.6506 86.5706 2.8
      vertex 11.85 86.4722 2.8
    endloop
  endfacet
  facet normal 0.659291 0.751888 -0
    outer loop
      vertex 9.96511 83.6513 2.8
      vertex 9.79792 83.7979 5
      vertex 9.96511 83.6513 5
    endloop
  endfacet
  facet normal 0.659291 0.751888 0
    outer loop
      vertex 9.79792 83.7979 5
      vertex 9.96511 83.6513 2.8
      vertex 9.79792 83.7979 2.8
    endloop
  endfacet
  facet normal 0.751863 0.659319 0
    outer loop
      vertex 9.79792 83.7979 5
      vertex 9.6513 83.9651 2.8
      vertex 9.6513 83.9651 5
    endloop
  endfacet
  facet normal 0.751863 0.659319 0
    outer loop
      vertex 9.6513 83.9651 2.8
      vertex 9.79792 83.7979 5
      vertex 9.79792 83.7979 2.8
    endloop
  endfacet
  facet normal 0.831483 0.555551 0
    outer loop
      vertex 9.6513 83.9651 5
      vertex 9.52776 84.15 2.8
      vertex 9.52776 84.15 5
    endloop
  endfacet
  facet normal 0.831483 0.555551 0
    outer loop
      vertex 9.52776 84.15 2.8
      vertex 9.6513 83.9651 5
      vertex 9.6513 83.9651 2.8
    endloop
  endfacet
  facet normal -0.831566 -0.555426 0
    outer loop
      vertex 12.4722 85.85 2.8
      vertex 12.3487 86.0349 5
      vertex 12.3487 86.0349 2.8
    endloop
  endfacet
  facet normal -0.831566 -0.555426 0
    outer loop
      vertex 12.3487 86.0349 5
      vertex 12.4722 85.85 2.8
      vertex 12.4722 85.85 5
    endloop
  endfacet
  facet normal -0.195165 0.98077 0
    outer loop
      vertex 11.44 83.3579 2.8
      vertex 11.2219 83.3145 5
      vertex 11.44 83.3579 5
    endloop
  endfacet
  facet normal -0.195165 0.98077 0
    outer loop
      vertex 11.2219 83.3145 5
      vertex 11.44 83.3579 2.8
      vertex 11.2219 83.3145 2.8
    endloop
  endfacet
  facet normal -0.98077 0.195165 0
    outer loop
      vertex 12.6421 84.56 2.8
      vertex 12.6855 84.7781 5
      vertex 12.6855 84.7781 2.8
    endloop
  endfacet
  facet normal -0.98077 0.195165 0
    outer loop
      vertex 12.6855 84.7781 5
      vertex 12.6421 84.56 2.8
      vertex 12.6421 84.56 5
    endloop
  endfacet
  facet normal 0.946956 0.321363 0
    outer loop
      vertex 9.4294 84.3494 5
      vertex 9.35793 84.56 2.8
      vertex 9.35793 84.56 5
    endloop
  endfacet
  facet normal 0.946956 0.321363 0
    outer loop
      vertex 9.35793 84.56 2.8
      vertex 9.4294 84.3494 5
      vertex 9.4294 84.3494 2.8
    endloop
  endfacet
  facet normal -0.44253 0.896754 0
    outer loop
      vertex 11.85 83.5278 2.8
      vertex 11.6506 83.4294 5
      vertex 11.85 83.5278 5
    endloop
  endfacet
  facet normal -0.44253 0.896754 0
    outer loop
      vertex 11.6506 83.4294 5
      vertex 11.85 83.5278 2.8
      vertex 11.6506 83.4294 2.8
    endloop
  endfacet
  facet normal 0.555447 0.831552 -0
    outer loop
      vertex 10.15 83.5278 2.8
      vertex 9.96511 83.6513 5
      vertex 10.15 83.5278 5
    endloop
  endfacet
  facet normal 0.555447 0.831552 0
    outer loop
      vertex 9.96511 83.6513 5
      vertex 10.15 83.5278 2.8
      vertex 9.96511 83.6513 2.8
    endloop
  endfacet
  facet normal 0.321484 -0.946915 0
    outer loop
      vertex 10.3494 86.5706 2.8
      vertex 10.56 86.6421 5
      vertex 10.3494 86.5706 5
    endloop
  endfacet
  facet normal 0.321484 -0.946915 0
    outer loop
      vertex 10.56 86.6421 5
      vertex 10.3494 86.5706 2.8
      vertex 10.56 86.6421 2.8
    endloop
  endfacet
  facet normal 0.195165 -0.98077 0
    outer loop
      vertex 10.56 86.6421 2.8
      vertex 10.7781 86.6855 5
      vertex 10.56 86.6421 5
    endloop
  endfacet
  facet normal 0.195165 -0.98077 0
    outer loop
      vertex 10.7781 86.6855 5
      vertex 10.56 86.6421 2.8
      vertex 10.7781 86.6855 2.8
    endloop
  endfacet
  facet normal -0.896754 -0.44253 0
    outer loop
      vertex 12.5706 85.6506 2.8
      vertex 12.4722 85.85 5
      vertex 12.4722 85.85 2.8
    endloop
  endfacet
  facet normal -0.896754 -0.44253 0
    outer loop
      vertex 12.4722 85.85 5
      vertex 12.5706 85.6506 2.8
      vertex 12.5706 85.6506 5
    endloop
  endfacet
  facet normal -0.997872 0.0652057 0
    outer loop
      vertex 12.6855 84.7781 2.8
      vertex 12.7 85 5
      vertex 12.7 85 2.8
    endloop
  endfacet
  facet normal -0.997872 0.0652057 0
    outer loop
      vertex 12.7 85 5
      vertex 12.6855 84.7781 2.8
      vertex 12.6855 84.7781 5
    endloop
  endfacet
  facet normal 0.44253 0.896754 -0
    outer loop
      vertex 10.3494 83.4294 2.8
      vertex 10.15 83.5278 5
      vertex 10.3494 83.4294 5
    endloop
  endfacet
  facet normal 0.44253 0.896754 0
    outer loop
      vertex 10.15 83.5278 5
      vertex 10.3494 83.4294 2.8
      vertex 10.15 83.5278 2.8
    endloop
  endfacet
  facet normal -0.0652057 0.997872 0
    outer loop
      vertex 11.2219 83.3145 2.8
      vertex 11 83.3 5
      vertex 11.2219 83.3145 5
    endloop
  endfacet
  facet normal -0.0652057 0.997872 0
    outer loop
      vertex 11 83.3 5
      vertex 11.2219 83.3145 2.8
      vertex 11 83.3 2.8
    endloop
  endfacet
  facet normal -0.0652057 -0.997872 0
    outer loop
      vertex 11 86.7 2.8
      vertex 11.2219 86.6855 5
      vertex 11 86.7 5
    endloop
  endfacet
  facet normal -0.0652057 -0.997872 -0
    outer loop
      vertex 11.2219 86.6855 5
      vertex 11 86.7 2.8
      vertex 11.2219 86.6855 2.8
    endloop
  endfacet
  facet normal -0.751908 -0.659268 0
    outer loop
      vertex 12.3487 86.0349 2.8
      vertex 12.2021 86.2021 5
      vertex 12.2021 86.2021 2.8
    endloop
  endfacet
  facet normal -0.751908 -0.659268 0
    outer loop
      vertex 12.2021 86.2021 5
      vertex 12.3487 86.0349 2.8
      vertex 12.3487 86.0349 5
    endloop
  endfacet
  facet normal 0.99786 0.0653848 0
    outer loop
      vertex 9.31454 84.7781 5
      vertex 9.3 85 2.8
      vertex 9.3 85 5
    endloop
  endfacet
  facet normal 0.99786 0.0653848 0
    outer loop
      vertex 9.3 85 2.8
      vertex 9.31454 84.7781 5
      vertex 9.31454 84.7781 2.8
    endloop
  endfacet
  facet normal -0.751908 0.659268 0
    outer loop
      vertex 12.2021 83.7979 2.8
      vertex 12.3487 83.9651 5
      vertex 12.3487 83.9651 2.8
    endloop
  endfacet
  facet normal -0.751908 0.659268 0
    outer loop
      vertex 12.3487 83.9651 5
      vertex 12.2021 83.7979 2.8
      vertex 12.2021 83.7979 5
    endloop
  endfacet
  facet normal 0.751863 -0.659319 0
    outer loop
      vertex 9.6513 86.0349 5
      vertex 9.79792 86.2021 2.8
      vertex 9.79792 86.2021 5
    endloop
  endfacet
  facet normal 0.751863 -0.659319 0
    outer loop
      vertex 9.79792 86.2021 2.8
      vertex 9.6513 86.0349 5
      vertex 9.6513 86.0349 2.8
    endloop
  endfacet
  facet normal 0.0652057 -0.997872 0
    outer loop
      vertex 10.7781 86.6855 2.8
      vertex 11 86.7 5
      vertex 10.7781 86.6855 5
    endloop
  endfacet
  facet normal 0.0652057 -0.997872 0
    outer loop
      vertex 11 86.7 5
      vertex 10.7781 86.6855 2.8
      vertex 11 86.7 2.8
    endloop
  endfacet
  facet normal 0.980779 0.195122 0
    outer loop
      vertex 9.35793 84.56 5
      vertex 9.31454 84.7781 2.8
      vertex 9.31454 84.7781 5
    endloop
  endfacet
  facet normal 0.980779 0.195122 0
    outer loop
      vertex 9.31454 84.7781 2.8
      vertex 9.35793 84.56 5
      vertex 9.35793 84.56 2.8
    endloop
  endfacet
  facet normal 0.321484 0.946915 -0
    outer loop
      vertex 10.56 83.3579 2.8
      vertex 10.3494 83.4294 5
      vertex 10.56 83.3579 5
    endloop
  endfacet
  facet normal 0.321484 0.946915 0
    outer loop
      vertex 10.3494 83.4294 5
      vertex 10.56 83.3579 2.8
      vertex 10.3494 83.4294 2.8
    endloop
  endfacet
  facet normal -0.946915 -0.321484 0
    outer loop
      vertex 12.6421 85.44 2.8
      vertex 12.5706 85.6506 5
      vertex 12.5706 85.6506 2.8
    endloop
  endfacet
  facet normal -0.946915 -0.321484 0
    outer loop
      vertex 12.5706 85.6506 5
      vertex 12.6421 85.44 2.8
      vertex 12.6421 85.44 5
    endloop
  endfacet
  facet normal -0.195165 -0.98077 0
    outer loop
      vertex 11.2219 86.6855 2.8
      vertex 11.44 86.6421 5
      vertex 11.2219 86.6855 5
    endloop
  endfacet
  facet normal -0.195165 -0.98077 -0
    outer loop
      vertex 11.44 86.6421 5
      vertex 11.2219 86.6855 2.8
      vertex 11.44 86.6421 2.8
    endloop
  endfacet
  facet normal 0.896825 0.442386 0
    outer loop
      vertex 9.52776 84.15 5
      vertex 9.4294 84.3494 2.8
      vertex 9.4294 84.3494 5
    endloop
  endfacet
  facet normal 0.896825 0.442386 0
    outer loop
      vertex 9.4294 84.3494 2.8
      vertex 9.52776 84.15 5
      vertex 9.52776 84.15 2.8
    endloop
  endfacet
  facet normal 0.99786 -0.0653848 0
    outer loop
      vertex 9.3 85 5
      vertex 9.31454 85.2219 2.8
      vertex 9.31454 85.2219 5
    endloop
  endfacet
  facet normal 0.99786 -0.0653848 0
    outer loop
      vertex 9.31454 85.2219 2.8
      vertex 9.3 85 5
      vertex 9.3 85 2.8
    endloop
  endfacet
  facet normal 0.980779 -0.195122 0
    outer loop
      vertex 9.31454 85.2219 5
      vertex 9.35793 85.44 2.8
      vertex 9.35793 85.44 5
    endloop
  endfacet
  facet normal 0.980779 -0.195122 0
    outer loop
      vertex 9.35793 85.44 2.8
      vertex 9.31454 85.2219 5
      vertex 9.31454 85.2219 2.8
    endloop
  endfacet
  facet normal 0.946956 -0.321363 0
    outer loop
      vertex 9.35793 85.44 5
      vertex 9.4294 85.6506 2.8
      vertex 9.4294 85.6506 5
    endloop
  endfacet
  facet normal 0.946956 -0.321363 0
    outer loop
      vertex 9.4294 85.6506 2.8
      vertex 9.35793 85.44 5
      vertex 9.35793 85.44 2.8
    endloop
  endfacet
  facet normal 0.831483 -0.555551 0
    outer loop
      vertex 9.52776 85.85 5
      vertex 9.6513 86.0349 2.8
      vertex 9.6513 86.0349 5
    endloop
  endfacet
  facet normal 0.831483 -0.555551 0
    outer loop
      vertex 9.6513 86.0349 2.8
      vertex 9.52776 85.85 5
      vertex 9.52776 85.85 2.8
    endloop
  endfacet
  facet normal -0.659268 0.751908 0
    outer loop
      vertex 12.2021 83.7979 2.8
      vertex 12.0349 83.6513 5
      vertex 12.2021 83.7979 5
    endloop
  endfacet
  facet normal -0.659268 0.751908 0
    outer loop
      vertex 12.0349 83.6513 5
      vertex 12.2021 83.7979 2.8
      vertex 12.0349 83.6513 2.8
    endloop
  endfacet
  facet normal 0.896825 -0.442386 0
    outer loop
      vertex 9.4294 85.6506 5
      vertex 9.52776 85.85 2.8
      vertex 9.52776 85.85 5
    endloop
  endfacet
  facet normal 0.896825 -0.442386 0
    outer loop
      vertex 9.52776 85.85 2.8
      vertex 9.4294 85.6506 5
      vertex 9.4294 85.6506 2.8
    endloop
  endfacet
  facet normal 0.195165 0.98077 -0
    outer loop
      vertex 10.7781 83.3145 2.8
      vertex 10.56 83.3579 5
      vertex 10.7781 83.3145 5
    endloop
  endfacet
  facet normal 0.195165 0.98077 0
    outer loop
      vertex 10.56 83.3579 5
      vertex 10.7781 83.3145 2.8
      vertex 10.56 83.3579 2.8
    endloop
  endfacet
  facet normal 0 -1 0
    outer loop
      vertex 42 31.0999 0
      vertex 44.2897 31.0999 2.8
      vertex 42 31.0999 2.8
    endloop
  endfacet
  facet normal 0 -1 -0
    outer loop
      vertex 44.2897 31.0999 2.8
      vertex 42 31.0999 0
      vertex 44.2897 31.0999 0
    endloop
  endfacet
  facet normal -0.866017 -0.500015 0
    outer loop
      vertex 46.0795 28 0
      vertex 44.2897 31.0999 2.8
      vertex 44.2897 31.0999 0
    endloop
  endfacet
  facet normal -0.866017 -0.500015 0
    outer loop
      vertex 44.2897 31.0999 2.8
      vertex 46.0795 28 0
      vertex 46.0795 28 2.8
    endloop
  endfacet
  facet normal 0.866001 0.500043 0
    outer loop
      vertex 40.7103 24.9001 2.8
      vertex 40.0752 26 0
      vertex 40.0752 26 2.8
    endloop
  endfacet
  facet normal 0.866001 0.500043 0
    outer loop
      vertex 40.0752 26 0
      vertex 40.7103 24.9001 2.8
      vertex 40.7103 24.9001 0
    endloop
  endfacet
  facet normal 0 0 -1
    outer loop
      vertex 43.9722 27.15 2.8
      vertex 46.0795 28 2.8
      vertex 44.2897 24.9001 2.8
    endloop
  endfacet
  facet normal 0 0 -1
    outer loop
      vertex 44.1855 28.2219 2.8
      vertex 46.0795 28 2.8
      vertex 44.2 28 2.8
    endloop
  endfacet
  facet normal -0 0 -1
    outer loop
      vertex 46.0795 28 2.8
      vertex 44.1855 27.7781 2.8
      vertex 44.2 28 2.8
    endloop
  endfacet
  facet normal 0 0 -1
    outer loop
      vertex 46.0795 28 2.8
      vertex 44.1421 27.56 2.8
      vertex 44.1855 27.7781 2.8
    endloop
  endfacet
  facet normal 0 0 -1
    outer loop
      vertex 46.0795 28 2.8
      vertex 44.0706 27.3494 2.8
      vertex 44.1421 27.56 2.8
    endloop
  endfacet
  facet normal 0 0 -1
    outer loop
      vertex 46.0795 28 2.8
      vertex 43.9722 27.15 2.8
      vertex 44.0706 27.3494 2.8
    endloop
  endfacet
  facet normal 0 0 -1
    outer loop
      vertex 44.2897 24.9001 2.8
      vertex 43.8487 26.9651 2.8
      vertex 43.9722 27.15 2.8
    endloop
  endfacet
  facet normal 0 0 -1
    outer loop
      vertex 44.2897 24.9001 2.8
      vertex 43.7021 26.7979 2.8
      vertex 43.8487 26.9651 2.8
    endloop
  endfacet
  facet normal 0 0 -1
    outer loop
      vertex 44.2897 24.9001 2.8
      vertex 43.5349 26.6513 2.8
      vertex 43.7021 26.7979 2.8
    endloop
  endfacet
  facet normal 0 0 -1
    outer loop
      vertex 44.2897 24.9001 2.8
      vertex 43.35 26.5278 2.8
      vertex 43.5349 26.6513 2.8
    endloop
  endfacet
  facet normal 0 0 -1
    outer loop
      vertex 44.2897 24.9001 2.8
      vertex 43.1506 26.4294 2.8
      vertex 43.35 26.5278 2.8
    endloop
  endfacet
  facet normal 0 0 -1
    outer loop
      vertex 44.2897 24.9001 2.8
      vertex 42.94 26.3579 2.8
      vertex 43.1506 26.4294 2.8
    endloop
  endfacet
  facet normal 0 0 -1
    outer loop
      vertex 44.2897 24.9001 2.8
      vertex 42.7219 26.3145 2.8
      vertex 42.94 26.3579 2.8
    endloop
  endfacet
  facet normal 0 0 -1
    outer loop
      vertex 42 26 2.8
      vertex 42.7219 26.3145 2.8
      vertex 44.2897 24.9001 2.8
    endloop
  endfacet
  facet normal 0 0 -1
    outer loop
      vertex 42.7219 26.3145 2.8
      vertex 42 26 2.8
      vertex 42.5 26.3 2.8
    endloop
  endfacet
  facet normal -0 0 -1
    outer loop
      vertex 42.5 26.3 2.8
      vertex 42 26 2.8
      vertex 42.2781 26.3145 2.8
    endloop
  endfacet
  facet normal -0 0 -1
    outer loop
      vertex 42.2781 26.3145 2.8
      vertex 42 26 2.8
      vertex 42.06 26.3579 2.8
    endloop
  endfacet
  facet normal 0 0 -1
    outer loop
      vertex 40.7103 24.9001 2.8
      vertex 42 26 2.8
      vertex 44.2897 24.9001 2.8
    endloop
  endfacet
  facet normal -0 0 -1
    outer loop
      vertex 42 26 2.8
      vertex 40.7103 24.9001 2.8
      vertex 40.0752 26 2.8
    endloop
  endfacet
  facet normal 0 0 -1
    outer loop
      vertex 44.1421 28.44 2.8
      vertex 46.0795 28 2.8
      vertex 44.1855 28.2219 2.8
    endloop
  endfacet
  facet normal 0 0 -1
    outer loop
      vertex 44.0706 28.6506 2.8
      vertex 46.0795 28 2.8
      vertex 44.1421 28.44 2.8
    endloop
  endfacet
  facet normal 0 0 -1
    outer loop
      vertex 43.9722 28.85 2.8
      vertex 46.0795 28 2.8
      vertex 44.0706 28.6506 2.8
    endloop
  endfacet
  facet normal 0 0 -1
    outer loop
      vertex 46.0795 28 2.8
      vertex 43.9722 28.85 2.8
      vertex 44.2897 31.0999 2.8
    endloop
  endfacet
  facet normal 0 0 -1
    outer loop
      vertex 43.8487 29.0349 2.8
      vertex 44.2897 31.0999 2.8
      vertex 43.9722 28.85 2.8
    endloop
  endfacet
  facet normal 0 0 -1
    outer loop
      vertex 43.7021 29.2021 2.8
      vertex 44.2897 31.0999 2.8
      vertex 43.8487 29.0349 2.8
    endloop
  endfacet
  facet normal 0 0 -1
    outer loop
      vertex 43.5349 29.3487 2.8
      vertex 44.2897 31.0999 2.8
      vertex 43.7021 29.2021 2.8
    endloop
  endfacet
  facet normal 0 0 -1
    outer loop
      vertex 43.35 29.4722 2.8
      vertex 44.2897 31.0999 2.8
      vertex 43.5349 29.3487 2.8
    endloop
  endfacet
  facet normal 0 0 -1
    outer loop
      vertex 43.1506 29.5706 2.8
      vertex 44.2897 31.0999 2.8
      vertex 43.35 29.4722 2.8
    endloop
  endfacet
  facet normal 0 0 -1
    outer loop
      vertex 42.94 29.6421 2.8
      vertex 44.2897 31.0999 2.8
      vertex 43.1506 29.5706 2.8
    endloop
  endfacet
  facet normal 0 0 -1
    outer loop
      vertex 42 31.0999 2.8
      vertex 42.94 29.6421 2.8
      vertex 42.7219 29.6855 2.8
    endloop
  endfacet
  facet normal 0 0 -1
    outer loop
      vertex 42 31.0999 2.8
      vertex 42.7219 29.6855 2.8
      vertex 42.5 29.7 2.8
    endloop
  endfacet
  facet normal 0 0 -1
    outer loop
      vertex 42 31.0999 2.8
      vertex 42.5 29.7 2.8
      vertex 42.2781 29.6855 2.8
    endloop
  endfacet
  facet normal 0 0 -1
    outer loop
      vertex 42 31.0999 2.8
      vertex 42.2781 29.6855 2.8
      vertex 42.06 29.6421 2.8
    endloop
  endfacet
  facet normal 0 0 -1
    outer loop
      vertex 42 31.0999 2.8
      vertex 42.06 29.6421 2.8
      vertex 42 29.6217 2.8
    endloop
  endfacet
  facet normal 0 0 -1
    outer loop
      vertex 42.94 29.6421 2.8
      vertex 42 31.0999 2.8
      vertex 44.2897 31.0999 2.8
    endloop
  endfacet
  facet normal -0 0 -1
    outer loop
      vertex 42.06 26.3579 2.8
      vertex 42 26 2.8
      vertex 42 26.3783 2.8
    endloop
  endfacet
  facet normal -0.866017 0.500015 0
    outer loop
      vertex 44.2897 24.9001 0
      vertex 46.0795 28 2.8
      vertex 46.0795 28 0
    endloop
  endfacet
  facet normal -0.866017 0.500015 0
    outer loop
      vertex 46.0795 28 2.8
      vertex 44.2897 24.9001 0
      vertex 44.2897 24.9001 2.8
    endloop
  endfacet
  facet normal 0 1 -0
    outer loop
      vertex 44.2897 24.9001 0
      vertex 40.7103 24.9001 2.8
      vertex 44.2897 24.9001 2.8
    endloop
  endfacet
  facet normal 0 1 0
    outer loop
      vertex 40.7103 24.9001 2.8
      vertex 44.2897 24.9001 0
      vertex 40.7103 24.9001 0
    endloop
  endfacet
  facet normal -0.98077 -0.195165 0
    outer loop
      vertex 44.1855 28.2219 2.8
      vertex 44.1421 28.44 5
      vertex 44.1421 28.44 2.8
    endloop
  endfacet
  facet normal -0.98077 -0.195165 0
    outer loop
      vertex 44.1421 28.44 5
      vertex 44.1855 28.2219 2.8
      vertex 44.1855 28.2219 5
    endloop
  endfacet
  facet normal -0.997872 -0.0652057 0
    outer loop
      vertex 44.2 28 2.8
      vertex 44.1855 28.2219 5
      vertex 44.1855 28.2219 2.8
    endloop
  endfacet
  facet normal -0.997872 -0.0652057 0
    outer loop
      vertex 44.1855 28.2219 5
      vertex 44.2 28 2.8
      vertex 44.2 28 5
    endloop
  endfacet
  facet normal -0.555426 -0.831566 0
    outer loop
      vertex 43.35 29.4722 2.8
      vertex 43.5349 29.3487 5
      vertex 43.35 29.4722 5
    endloop
  endfacet
  facet normal -0.555426 -0.831566 -0
    outer loop
      vertex 43.5349 29.3487 5
      vertex 43.35 29.4722 2.8
      vertex 43.5349 29.3487 2.8
    endloop
  endfacet
  facet normal -0.321484 0.946915 0
    outer loop
      vertex 43.1506 26.4294 2.8
      vertex 42.94 26.3579 5
      vertex 43.1506 26.4294 5
    endloop
  endfacet
  facet normal -0.321484 0.946915 0
    outer loop
      vertex 42.94 26.3579 5
      vertex 43.1506 26.4294 2.8
      vertex 42.94 26.3579 2.8
    endloop
  endfacet
  facet normal -0.831566 0.555426 0
    outer loop
      vertex 43.8487 26.9651 2.8
      vertex 43.9722 27.15 5
      vertex 43.9722 27.15 2.8
    endloop
  endfacet
  facet normal -0.831566 0.555426 0
    outer loop
      vertex 43.9722 27.15 5
      vertex 43.8487 26.9651 2.8
      vertex 43.8487 26.9651 5
    endloop
  endfacet
  facet normal -0.946915 0.321484 0
    outer loop
      vertex 44.0706 27.3494 2.8
      vertex 44.1421 27.56 5
      vertex 44.1421 27.56 2.8
    endloop
  endfacet
  facet normal -0.946915 0.321484 0
    outer loop
      vertex 44.1421 27.56 5
      vertex 44.0706 27.3494 2.8
      vertex 44.0706 27.3494 5
    endloop
  endfacet
  facet normal -0.321484 -0.946915 0
    outer loop
      vertex 42.94 29.6421 2.8
      vertex 43.1506 29.5706 5
      vertex 42.94 29.6421 5
    endloop
  endfacet
  facet normal -0.321484 -0.946915 -0
    outer loop
      vertex 43.1506 29.5706 5
      vertex 42.94 29.6421 2.8
      vertex 43.1506 29.5706 2.8
    endloop
  endfacet
  facet normal -0.195165 -0.98077 0
    outer loop
      vertex 42.7219 29.6855 2.8
      vertex 42.94 29.6421 5
      vertex 42.7219 29.6855 5
    endloop
  endfacet
  facet normal -0.195165 -0.98077 -0
    outer loop
      vertex 42.94 29.6421 5
      vertex 42.7219 29.6855 2.8
      vertex 42.94 29.6421 2.8
    endloop
  endfacet
  facet normal -0.896754 0.44253 0
    outer loop
      vertex 43.9722 27.15 2.8
      vertex 44.0706 27.3494 5
      vertex 44.0706 27.3494 2.8
    endloop
  endfacet
  facet normal -0.896754 0.44253 0
    outer loop
      vertex 44.0706 27.3494 5
      vertex 43.9722 27.15 2.8
      vertex 43.9722 27.15 5
    endloop
  endfacet
  facet normal -0.659268 -0.751908 0
    outer loop
      vertex 43.5349 29.3487 2.8
      vertex 43.7021 29.2021 5
      vertex 43.5349 29.3487 5
    endloop
  endfacet
  facet normal -0.659268 -0.751908 -0
    outer loop
      vertex 43.7021 29.2021 5
      vertex 43.5349 29.3487 2.8
      vertex 43.7021 29.2021 2.8
    endloop
  endfacet
  facet normal -0.555426 0.831566 0
    outer loop
      vertex 43.5349 26.6513 2.8
      vertex 43.35 26.5278 5
      vertex 43.5349 26.6513 5
    endloop
  endfacet
  facet normal -0.555426 0.831566 0
    outer loop
      vertex 43.35 26.5278 5
      vertex 43.5349 26.6513 2.8
      vertex 43.35 26.5278 2.8
    endloop
  endfacet
  facet normal -0.44253 -0.896754 0
    outer loop
      vertex 43.1506 29.5706 2.8
      vertex 43.35 29.4722 5
      vertex 43.1506 29.5706 5
    endloop
  endfacet
  facet normal -0.44253 -0.896754 -0
    outer loop
      vertex 43.35 29.4722 5
      vertex 43.1506 29.5706 2.8
      vertex 43.35 29.4722 2.8
    endloop
  endfacet
  facet normal -0.831566 -0.555426 0
    outer loop
      vertex 43.9722 28.85 2.8
      vertex 43.8487 29.0349 5
      vertex 43.8487 29.0349 2.8
    endloop
  endfacet
  facet normal -0.831566 -0.555426 0
    outer loop
      vertex 43.8487 29.0349 5
      vertex 43.9722 28.85 2.8
      vertex 43.9722 28.85 5
    endloop
  endfacet
  facet normal -0.195165 0.98077 0
    outer loop
      vertex 42.94 26.3579 2.8
      vertex 42.7219 26.3145 5
      vertex 42.94 26.3579 5
    endloop
  endfacet
  facet normal -0.195165 0.98077 0
    outer loop
      vertex 42.7219 26.3145 5
      vertex 42.94 26.3579 2.8
      vertex 42.7219 26.3145 2.8
    endloop
  endfacet
  facet normal -0.98077 0.195165 0
    outer loop
      vertex 44.1421 27.56 2.8
      vertex 44.1855 27.7781 5
      vertex 44.1855 27.7781 2.8
    endloop
  endfacet
  facet normal -0.98077 0.195165 0
    outer loop
      vertex 44.1855 27.7781 5
      vertex 44.1421 27.56 2.8
      vertex 44.1421 27.56 5
    endloop
  endfacet
  facet normal -0.44253 0.896754 0
    outer loop
      vertex 43.35 26.5278 2.8
      vertex 43.1506 26.4294 5
      vertex 43.35 26.5278 5
    endloop
  endfacet
  facet normal -0.44253 0.896754 0
    outer loop
      vertex 43.1506 26.4294 5
      vertex 43.35 26.5278 2.8
      vertex 43.1506 26.4294 2.8
    endloop
  endfacet
  facet normal -0.0652057 -0.997872 0
    outer loop
      vertex 42.5 29.7 2.8
      vertex 42.7219 29.6855 5
      vertex 42.5 29.7 5
    endloop
  endfacet
  facet normal -0.0652057 -0.997872 -0
    outer loop
      vertex 42.7219 29.6855 5
      vertex 42.5 29.7 2.8
      vertex 42.7219 29.6855 2.8
    endloop
  endfacet
  facet normal 0.321903 -0.946773 0
    outer loop
      vertex 42 29.6217 2.8
      vertex 42.06 29.6421 5
      vertex 42 29.6217 5
    endloop
  endfacet
  facet normal 0.321903 -0.946773 0
    outer loop
      vertex 42.06 29.6421 5
      vertex 42 29.6217 2.8
      vertex 42.06 29.6421 2.8
    endloop
  endfacet
  facet normal 0.195165 -0.98077 0
    outer loop
      vertex 42.06 29.6421 2.8
      vertex 42.2781 29.6855 5
      vertex 42.06 29.6421 5
    endloop
  endfacet
  facet normal 0.195165 -0.98077 0
    outer loop
      vertex 42.2781 29.6855 5
      vertex 42.06 29.6421 2.8
      vertex 42.2781 29.6855 2.8
    endloop
  endfacet
  facet normal -0.896754 -0.44253 0
    outer loop
      vertex 44.0706 28.6506 2.8
      vertex 43.9722 28.85 5
      vertex 43.9722 28.85 2.8
    endloop
  endfacet
  facet normal -0.896754 -0.44253 0
    outer loop
      vertex 43.9722 28.85 5
      vertex 44.0706 28.6506 2.8
      vertex 44.0706 28.6506 5
    endloop
  endfacet
  facet normal -0.997872 0.0652057 0
    outer loop
      vertex 44.1855 27.7781 2.8
      vertex 44.2 28 5
      vertex 44.2 28 2.8
    endloop
  endfacet
  facet normal -0.997872 0.0652057 0
    outer loop
      vertex 44.2 28 5
      vertex 44.1855 27.7781 2.8
      vertex 44.1855 27.7781 5
    endloop
  endfacet
  facet normal -0.0652057 0.997872 0
    outer loop
      vertex 42.7219 26.3145 2.8
      vertex 42.5 26.3 5
      vertex 42.7219 26.3145 5
    endloop
  endfacet
  facet normal -0.0652057 0.997872 0
    outer loop
      vertex 42.5 26.3 5
      vertex 42.7219 26.3145 2.8
      vertex 42.5 26.3 2.8
    endloop
  endfacet
  facet normal -0.751908 -0.659268 0
    outer loop
      vertex 43.8487 29.0349 2.8
      vertex 43.7021 29.2021 5
      vertex 43.7021 29.2021 2.8
    endloop
  endfacet
  facet normal -0.751908 -0.659268 0
    outer loop
      vertex 43.7021 29.2021 5
      vertex 43.8487 29.0349 2.8
      vertex 43.8487 29.0349 5
    endloop
  endfacet
  facet normal -0.751908 0.659268 0
    outer loop
      vertex 43.7021 26.7979 2.8
      vertex 43.8487 26.9651 5
      vertex 43.8487 26.9651 2.8
    endloop
  endfacet
  facet normal -0.751908 0.659268 0
    outer loop
      vertex 43.8487 26.9651 5
      vertex 43.7021 26.7979 2.8
      vertex 43.7021 26.7979 5
    endloop
  endfacet
  facet normal 0.0652057 -0.997872 0
    outer loop
      vertex 42.2781 29.6855 2.8
      vertex 42.5 29.7 5
      vertex 42.2781 29.6855 5
    endloop
  endfacet
  facet normal 0.0652057 -0.997872 0
    outer loop
      vertex 42.5 29.7 5
      vertex 42.2781 29.6855 2.8
      vertex 42.5 29.7 2.8
    endloop
  endfacet
  facet normal 0.321903 0.946773 -0
    outer loop
      vertex 42.06 26.3579 2.8
      vertex 42 26.3783 5
      vertex 42.06 26.3579 5
    endloop
  endfacet
  facet normal 0.321903 0.946773 0
    outer loop
      vertex 42 26.3783 5
      vertex 42.06 26.3579 2.8
      vertex 42 26.3783 2.8
    endloop
  endfacet
  facet normal -0.946915 -0.321484 0
    outer loop
      vertex 44.1421 28.44 2.8
      vertex 44.0706 28.6506 5
      vertex 44.0706 28.6506 2.8
    endloop
  endfacet
  facet normal -0.946915 -0.321484 0
    outer loop
      vertex 44.0706 28.6506 5
      vertex 44.1421 28.44 2.8
      vertex 44.1421 28.44 5
    endloop
  endfacet
  facet normal 0.195165 0.98077 -0
    outer loop
      vertex 42.2781 26.3145 2.8
      vertex 42.06 26.3579 5
      vertex 42.2781 26.3145 5
    endloop
  endfacet
  facet normal 0.195165 0.98077 0
    outer loop
      vertex 42.06 26.3579 5
      vertex 42.2781 26.3145 2.8
      vertex 42.06 26.3579 2.8
    endloop
  endfacet
  facet normal 0.0652057 0.997872 -0
    outer loop
      vertex 42.5 26.3 2.8
      vertex 42.2781 26.3145 5
      vertex 42.5 26.3 5
    endloop
  endfacet
  facet normal 0.0652057 0.997872 0
    outer loop
      vertex 42.2781 26.3145 5
      vertex 42.5 26.3 2.8
      vertex 42.2781 26.3145 2.8
    endloop
  endfacet
  facet normal -0.659268 0.751908 0
    outer loop
      vertex 43.7021 26.7979 2.8
      vertex 43.5349 26.6513 5
      vertex 43.7021 26.7979 5
    endloop
  endfacet
  facet normal -0.659268 0.751908 0
    outer loop
      vertex 43.5349 26.6513 5
      vertex 43.7021 26.7979 2.8
      vertex 43.5349 26.6513 2.8
    endloop
  endfacet
  facet normal 0 -1 0
    outer loop
      vertex 42 71.0999 0
      vertex 44.2897 71.0999 2.8
      vertex 42 71.0999 2.8
    endloop
  endfacet
  facet normal 0 -1 -0
    outer loop
      vertex 44.2897 71.0999 2.8
      vertex 42 71.0999 0
      vertex 44.2897 71.0999 0
    endloop
  endfacet
  facet normal -0.866017 -0.500015 0
    outer loop
      vertex 46.0795 68 0
      vertex 44.2897 71.0999 2.8
      vertex 44.2897 71.0999 0
    endloop
  endfacet
  facet normal -0.866017 -0.500015 0
    outer loop
      vertex 44.2897 71.0999 2.8
      vertex 46.0795 68 0
      vertex 46.0795 68 2.8
    endloop
  endfacet
  facet normal 0 0 -1
    outer loop
      vertex 43.9722 67.15 2.8
      vertex 46.0795 68 2.8
      vertex 44.2897 64.9001 2.8
    endloop
  endfacet
  facet normal 0 0 -1
    outer loop
      vertex 44.1855 68.2219 2.8
      vertex 46.0795 68 2.8
      vertex 44.2 68 2.8
    endloop
  endfacet
  facet normal -0 0 -1
    outer loop
      vertex 46.0795 68 2.8
      vertex 44.1855 67.7781 2.8
      vertex 44.2 68 2.8
    endloop
  endfacet
  facet normal 0 0 -1
    outer loop
      vertex 46.0795 68 2.8
      vertex 44.1421 67.56 2.8
      vertex 44.1855 67.7781 2.8
    endloop
  endfacet
  facet normal 0 0 -1
    outer loop
      vertex 46.0795 68 2.8
      vertex 44.0706 67.3494 2.8
      vertex 44.1421 67.56 2.8
    endloop
  endfacet
  facet normal 0 0 -1
    outer loop
      vertex 46.0795 68 2.8
      vertex 43.9722 67.15 2.8
      vertex 44.0706 67.3494 2.8
    endloop
  endfacet
  facet normal 0 0 -1
    outer loop
      vertex 44.2897 64.9001 2.8
      vertex 43.8487 66.9651 2.8
      vertex 43.9722 67.15 2.8
    endloop
  endfacet
  facet normal 0 0 -1
    outer loop
      vertex 44.2897 64.9001 2.8
      vertex 43.7021 66.7979 2.8
      vertex 43.8487 66.9651 2.8
    endloop
  endfacet
  facet normal 0 0 -1
    outer loop
      vertex 44.2897 64.9001 2.8
      vertex 43.5349 66.6513 2.8
      vertex 43.7021 66.7979 2.8
    endloop
  endfacet
  facet normal 0 0 -1
    outer loop
      vertex 44.2897 64.9001 2.8
      vertex 43.35 66.5278 2.8
      vertex 43.5349 66.6513 2.8
    endloop
  endfacet
  facet normal 0 0 -1
    outer loop
      vertex 44.2897 64.9001 2.8
      vertex 43.1506 66.4294 2.8
      vertex 43.35 66.5278 2.8
    endloop
  endfacet
  facet normal 0 0 -1
    outer loop
      vertex 44.2897 64.9001 2.8
      vertex 42.94 66.3579 2.8
      vertex 43.1506 66.4294 2.8
    endloop
  endfacet
  facet normal 0 0 -1
    outer loop
      vertex 42 64.9001 2.8
      vertex 42.94 66.3579 2.8
      vertex 44.2897 64.9001 2.8
    endloop
  endfacet
  facet normal 0 0 -1
    outer loop
      vertex 42.94 66.3579 2.8
      vertex 42 64.9001 2.8
      vertex 42.7219 66.3145 2.8
    endloop
  endfacet
  facet normal 0 0 -1
    outer loop
      vertex 42.7219 66.3145 2.8
      vertex 42 64.9001 2.8
      vertex 42.5 66.3 2.8
    endloop
  endfacet
  facet normal -0 0 -1
    outer loop
      vertex 42.5 66.3 2.8
      vertex 42 64.9001 2.8
      vertex 42.2781 66.3145 2.8
    endloop
  endfacet
  facet normal -0 0 -1
    outer loop
      vertex 42.2781 66.3145 2.8
      vertex 42 64.9001 2.8
      vertex 42.06 66.3579 2.8
    endloop
  endfacet
  facet normal -0 0 -1
    outer loop
      vertex 42.06 66.3579 2.8
      vertex 42 64.9001 2.8
      vertex 42 66.3783 2.8
    endloop
  endfacet
  facet normal 0 0 -1
    outer loop
      vertex 44.1421 68.44 2.8
      vertex 46.0795 68 2.8
      vertex 44.1855 68.2219 2.8
    endloop
  endfacet
  facet normal 0 0 -1
    outer loop
      vertex 44.0706 68.6506 2.8
      vertex 46.0795 68 2.8
      vertex 44.1421 68.44 2.8
    endloop
  endfacet
  facet normal 0 0 -1
    outer loop
      vertex 43.9722 68.85 2.8
      vertex 46.0795 68 2.8
      vertex 44.0706 68.6506 2.8
    endloop
  endfacet
  facet normal 0 0 -1
    outer loop
      vertex 46.0795 68 2.8
      vertex 43.9722 68.85 2.8
      vertex 44.2897 71.0999 2.8
    endloop
  endfacet
  facet normal 0 0 -1
    outer loop
      vertex 43.8487 69.0349 2.8
      vertex 44.2897 71.0999 2.8
      vertex 43.9722 68.85 2.8
    endloop
  endfacet
  facet normal 0 0 -1
    outer loop
      vertex 43.7021 69.2021 2.8
      vertex 44.2897 71.0999 2.8
      vertex 43.8487 69.0349 2.8
    endloop
  endfacet
  facet normal 0 0 -1
    outer loop
      vertex 43.5349 69.3487 2.8
      vertex 44.2897 71.0999 2.8
      vertex 43.7021 69.2021 2.8
    endloop
  endfacet
  facet normal 0 0 -1
    outer loop
      vertex 43.35 69.4722 2.8
      vertex 44.2897 71.0999 2.8
      vertex 43.5349 69.3487 2.8
    endloop
  endfacet
  facet normal 0 0 -1
    outer loop
      vertex 43.1506 69.5706 2.8
      vertex 44.2897 71.0999 2.8
      vertex 43.35 69.4722 2.8
    endloop
  endfacet
  facet normal 0 0 -1
    outer loop
      vertex 42.94 69.6421 2.8
      vertex 44.2897 71.0999 2.8
      vertex 43.1506 69.5706 2.8
    endloop
  endfacet
  facet normal 0 0 -1
    outer loop
      vertex 42 71.0999 2.8
      vertex 42.94 69.6421 2.8
      vertex 42.7219 69.6855 2.8
    endloop
  endfacet
  facet normal 0 0 -1
    outer loop
      vertex 42 71.0999 2.8
      vertex 42.7219 69.6855 2.8
      vertex 42.5 69.7 2.8
    endloop
  endfacet
  facet normal 0 0 -1
    outer loop
      vertex 42 71.0999 2.8
      vertex 42.5 69.7 2.8
      vertex 42.2781 69.6855 2.8
    endloop
  endfacet
  facet normal 0 0 -1
    outer loop
      vertex 42 71.0999 2.8
      vertex 42.2781 69.6855 2.8
      vertex 42.06 69.6421 2.8
    endloop
  endfacet
  facet normal 0 0 -1
    outer loop
      vertex 42 71.0999 2.8
      vertex 42.06 69.6421 2.8
      vertex 42 69.6217 2.8
    endloop
  endfacet
  facet normal 0 0 -1
    outer loop
      vertex 42.94 69.6421 2.8
      vertex 42 71.0999 2.8
      vertex 44.2897 71.0999 2.8
    endloop
  endfacet
  facet normal -0.866017 0.500015 0
    outer loop
      vertex 44.2897 64.9001 0
      vertex 46.0795 68 2.8
      vertex 46.0795 68 0
    endloop
  endfacet
  facet normal -0.866017 0.500015 0
    outer loop
      vertex 46.0795 68 2.8
      vertex 44.2897 64.9001 0
      vertex 44.2897 64.9001 2.8
    endloop
  endfacet
  facet normal 0 1 -0
    outer loop
      vertex 44.2897 64.9001 0
      vertex 42 64.9001 2.8
      vertex 44.2897 64.9001 2.8
    endloop
  endfacet
  facet normal 0 1 0
    outer loop
      vertex 42 64.9001 2.8
      vertex 44.2897 64.9001 0
      vertex 42 64.9001 0
    endloop
  endfacet
  facet normal -0.98077 -0.195165 0
    outer loop
      vertex 44.1855 68.2219 2.8
      vertex 44.1421 68.44 5
      vertex 44.1421 68.44 2.8
    endloop
  endfacet
  facet normal -0.98077 -0.195165 0
    outer loop
      vertex 44.1421 68.44 5
      vertex 44.1855 68.2219 2.8
      vertex 44.1855 68.2219 5
    endloop
  endfacet
  facet normal -0.997872 -0.0652057 0
    outer loop
      vertex 44.2 68 2.8
      vertex 44.1855 68.2219 5
      vertex 44.1855 68.2219 2.8
    endloop
  endfacet
  facet normal -0.997872 -0.0652057 0
    outer loop
      vertex 44.1855 68.2219 5
      vertex 44.2 68 2.8
      vertex 44.2 68 5
    endloop
  endfacet
  facet normal -0.555426 -0.831566 0
    outer loop
      vertex 43.35 69.4722 2.8
      vertex 43.5349 69.3487 5
      vertex 43.35 69.4722 5
    endloop
  endfacet
  facet normal -0.555426 -0.831566 -0
    outer loop
      vertex 43.5349 69.3487 5
      vertex 43.35 69.4722 2.8
      vertex 43.5349 69.3487 2.8
    endloop
  endfacet
  facet normal -0.321484 0.946915 0
    outer loop
      vertex 43.1506 66.4294 2.8
      vertex 42.94 66.3579 5
      vertex 43.1506 66.4294 5
    endloop
  endfacet
  facet normal -0.321484 0.946915 0
    outer loop
      vertex 42.94 66.3579 5
      vertex 43.1506 66.4294 2.8
      vertex 42.94 66.3579 2.8
    endloop
  endfacet
  facet normal -0.831566 0.555426 0
    outer loop
      vertex 43.8487 66.9651 2.8
      vertex 43.9722 67.15 5
      vertex 43.9722 67.15 2.8
    endloop
  endfacet
  facet normal -0.831566 0.555426 0
    outer loop
      vertex 43.9722 67.15 5
      vertex 43.8487 66.9651 2.8
      vertex 43.8487 66.9651 5
    endloop
  endfacet
  facet normal -0.946915 0.321484 0
    outer loop
      vertex 44.0706 67.3494 2.8
      vertex 44.1421 67.56 5
      vertex 44.1421 67.56 2.8
    endloop
  endfacet
  facet normal -0.946915 0.321484 0
    outer loop
      vertex 44.1421 67.56 5
      vertex 44.0706 67.3494 2.8
      vertex 44.0706 67.3494 5
    endloop
  endfacet
  facet normal -0.321484 -0.946915 0
    outer loop
      vertex 42.94 69.6421 2.8
      vertex 43.1506 69.5706 5
      vertex 42.94 69.6421 5
    endloop
  endfacet
  facet normal -0.321484 -0.946915 -0
    outer loop
      vertex 43.1506 69.5706 5
      vertex 42.94 69.6421 2.8
      vertex 43.1506 69.5706 2.8
    endloop
  endfacet
  facet normal -0.195165 -0.98077 0
    outer loop
      vertex 42.7219 69.6855 2.8
      vertex 42.94 69.6421 5
      vertex 42.7219 69.6855 5
    endloop
  endfacet
  facet normal -0.195165 -0.98077 -0
    outer loop
      vertex 42.94 69.6421 5
      vertex 42.7219 69.6855 2.8
      vertex 42.94 69.6421 2.8
    endloop
  endfacet
  facet normal -0.896754 0.44253 0
    outer loop
      vertex 43.9722 67.15 2.8
      vertex 44.0706 67.3494 5
      vertex 44.0706 67.3494 2.8
    endloop
  endfacet
  facet normal -0.896754 0.44253 0
    outer loop
      vertex 44.0706 67.3494 5
      vertex 43.9722 67.15 2.8
      vertex 43.9722 67.15 5
    endloop
  endfacet
  facet normal -0.659268 -0.751908 0
    outer loop
      vertex 43.5349 69.3487 2.8
      vertex 43.7021 69.2021 5
      vertex 43.5349 69.3487 5
    endloop
  endfacet
  facet normal -0.659268 -0.751908 -0
    outer loop
      vertex 43.7021 69.2021 5
      vertex 43.5349 69.3487 2.8
      vertex 43.7021 69.2021 2.8
    endloop
  endfacet
  facet normal -0.555426 0.831566 0
    outer loop
      vertex 43.5349 66.6513 2.8
      vertex 43.35 66.5278 5
      vertex 43.5349 66.6513 5
    endloop
  endfacet
  facet normal -0.555426 0.831566 0
    outer loop
      vertex 43.35 66.5278 5
      vertex 43.5349 66.6513 2.8
      vertex 43.35 66.5278 2.8
    endloop
  endfacet
  facet normal -0.44253 -0.896754 0
    outer loop
      vertex 43.1506 69.5706 2.8
      vertex 43.35 69.4722 5
      vertex 43.1506 69.5706 5
    endloop
  endfacet
  facet normal -0.44253 -0.896754 -0
    outer loop
      vertex 43.35 69.4722 5
      vertex 43.1506 69.5706 2.8
      vertex 43.35 69.4722 2.8
    endloop
  endfacet
  facet normal -0.831566 -0.555426 0
    outer loop
      vertex 43.9722 68.85 2.8
      vertex 43.8487 69.0349 5
      vertex 43.8487 69.0349 2.8
    endloop
  endfacet
  facet normal -0.831566 -0.555426 0
    outer loop
      vertex 43.8487 69.0349 5
      vertex 43.9722 68.85 2.8
      vertex 43.9722 68.85 5
    endloop
  endfacet
  facet normal -0.195165 0.98077 0
    outer loop
      vertex 42.94 66.3579 2.8
      vertex 42.7219 66.3145 5
      vertex 42.94 66.3579 5
    endloop
  endfacet
  facet normal -0.195165 0.98077 0
    outer loop
      vertex 42.7219 66.3145 5
      vertex 42.94 66.3579 2.8
      vertex 42.7219 66.3145 2.8
    endloop
  endfacet
  facet normal -0.98077 0.195165 0
    outer loop
      vertex 44.1421 67.56 2.8
      vertex 44.1855 67.7781 5
      vertex 44.1855 67.7781 2.8
    endloop
  endfacet
  facet normal -0.98077 0.195165 0
    outer loop
      vertex 44.1855 67.7781 5
      vertex 44.1421 67.56 2.8
      vertex 44.1421 67.56 5
    endloop
  endfacet
  facet normal -0.44253 0.896754 0
    outer loop
      vertex 43.35 66.5278 2.8
      vertex 43.1506 66.4294 5
      vertex 43.35 66.5278 5
    endloop
  endfacet
  facet normal -0.44253 0.896754 0
    outer loop
      vertex 43.1506 66.4294 5
      vertex 43.35 66.5278 2.8
      vertex 43.1506 66.4294 2.8
    endloop
  endfacet
  facet normal -0.0652057 -0.997872 0
    outer loop
      vertex 42.5 69.7 2.8
      vertex 42.7219 69.6855 5
      vertex 42.5 69.7 5
    endloop
  endfacet
  facet normal -0.0652057 -0.997872 -0
    outer loop
      vertex 42.7219 69.6855 5
      vertex 42.5 69.7 2.8
      vertex 42.7219 69.6855 2.8
    endloop
  endfacet
  facet normal 0.321903 -0.946773 0
    outer loop
      vertex 42 69.6217 2.8
      vertex 42.06 69.6421 5
      vertex 42 69.6217 5
    endloop
  endfacet
  facet normal 0.321903 -0.946773 0
    outer loop
      vertex 42.06 69.6421 5
      vertex 42 69.6217 2.8
      vertex 42.06 69.6421 2.8
    endloop
  endfacet
  facet normal 0.195165 -0.98077 0
    outer loop
      vertex 42.06 69.6421 2.8
      vertex 42.2781 69.6855 5
      vertex 42.06 69.6421 5
    endloop
  endfacet
  facet normal 0.195165 -0.98077 0
    outer loop
      vertex 42.2781 69.6855 5
      vertex 42.06 69.6421 2.8
      vertex 42.2781 69.6855 2.8
    endloop
  endfacet
  facet normal -0.896754 -0.44253 0
    outer loop
      vertex 44.0706 68.6506 2.8
      vertex 43.9722 68.85 5
      vertex 43.9722 68.85 2.8
    endloop
  endfacet
  facet normal -0.896754 -0.44253 0
    outer loop
      vertex 43.9722 68.85 5
      vertex 44.0706 68.6506 2.8
      vertex 44.0706 68.6506 5
    endloop
  endfacet
  facet normal -0.997872 0.0652057 0
    outer loop
      vertex 44.1855 67.7781 2.8
      vertex 44.2 68 5
      vertex 44.2 68 2.8
    endloop
  endfacet
  facet normal -0.997872 0.0652057 0
    outer loop
      vertex 44.2 68 5
      vertex 44.1855 67.7781 2.8
      vertex 44.1855 67.7781 5
    endloop
  endfacet
  facet normal -0.0652057 0.997872 0
    outer loop
      vertex 42.7219 66.3145 2.8
      vertex 42.5 66.3 5
      vertex 42.7219 66.3145 5
    endloop
  endfacet
  facet normal -0.0652057 0.997872 0
    outer loop
      vertex 42.5 66.3 5
      vertex 42.7219 66.3145 2.8
      vertex 42.5 66.3 2.8
    endloop
  endfacet
  facet normal -0.751908 -0.659268 0
    outer loop
      vertex 43.8487 69.0349 2.8
      vertex 43.7021 69.2021 5
      vertex 43.7021 69.2021 2.8
    endloop
  endfacet
  facet normal -0.751908 -0.659268 0
    outer loop
      vertex 43.7021 69.2021 5
      vertex 43.8487 69.0349 2.8
      vertex 43.8487 69.0349 5
    endloop
  endfacet
  facet normal -0.751908 0.659268 0
    outer loop
      vertex 43.7021 66.7979 2.8
      vertex 43.8487 66.9651 5
      vertex 43.8487 66.9651 2.8
    endloop
  endfacet
  facet normal -0.751908 0.659268 0
    outer loop
      vertex 43.8487 66.9651 5
      vertex 43.7021 66.7979 2.8
      vertex 43.7021 66.7979 5
    endloop
  endfacet
  facet normal 0.0652057 -0.997872 0
    outer loop
      vertex 42.2781 69.6855 2.8
      vertex 42.5 69.7 5
      vertex 42.2781 69.6855 5
    endloop
  endfacet
  facet normal 0.0652057 -0.997872 0
    outer loop
      vertex 42.5 69.7 5
      vertex 42.2781 69.6855 2.8
      vertex 42.5 69.7 2.8
    endloop
  endfacet
  facet normal 0.321903 0.946773 -0
    outer loop
      vertex 42.06 66.3579 2.8
      vertex 42 66.3783 5
      vertex 42.06 66.3579 5
    endloop
  endfacet
  facet normal 0.321903 0.946773 0
    outer loop
      vertex 42 66.3783 5
      vertex 42.06 66.3579 2.8
      vertex 42 66.3783 2.8
    endloop
  endfacet
  facet normal -0.946915 -0.321484 0
    outer loop
      vertex 44.1421 68.44 2.8
      vertex 44.0706 68.6506 5
      vertex 44.0706 68.6506 2.8
    endloop
  endfacet
  facet normal -0.946915 -0.321484 0
    outer loop
      vertex 44.0706 68.6506 5
      vertex 44.1421 68.44 2.8
      vertex 44.1421 68.44 5
    endloop
  endfacet
  facet normal 0.195165 0.98077 -0
    outer loop
      vertex 42.2781 66.3145 2.8
      vertex 42.06 66.3579 5
      vertex 42.2781 66.3145 5
    endloop
  endfacet
  facet normal 0.195165 0.98077 0
    outer loop
      vertex 42.06 66.3579 5
      vertex 42.2781 66.3145 2.8
      vertex 42.06 66.3579 2.8
    endloop
  endfacet
  facet normal 0.0652057 0.997872 -0
    outer loop
      vertex 42.5 66.3 2.8
      vertex 42.2781 66.3145 5
      vertex 42.5 66.3 5
    endloop
  endfacet
  facet normal 0.0652057 0.997872 0
    outer loop
      vertex 42.2781 66.3145 5
      vertex 42.5 66.3 2.8
      vertex 42.2781 66.3145 2.8
    endloop
  endfacet
  facet normal -0.659268 0.751908 0
    outer loop
      vertex 43.7021 66.7979 2.8
      vertex 43.5349 66.6513 5
      vertex 43.7021 66.7979 5
    endloop
  endfacet
  facet normal -0.659268 0.751908 0
    outer loop
      vertex 43.5349 66.6513 5
      vertex 43.7021 66.7979 2.8
      vertex 43.5349 66.6513 2.8
    endloop
  endfacet
  facet normal 0 -1 0
    outer loop
      vertex 99.2103 14.0999 0
      vertex 102.79 14.0999 2.8
      vertex 99.2103 14.0999 2.8
    endloop
  endfacet
  facet normal 0 -1 -0
    outer loop
      vertex 102.79 14.0999 2.8
      vertex 99.2103 14.0999 0
      vertex 102.79 14.0999 0
    endloop
  endfacet
  facet normal -0.866113 -0.499847 0
    outer loop
      vertex 104.579 11 0
      vertex 102.79 14.0999 2.8
      vertex 102.79 14.0999 0
    endloop
  endfacet
  facet normal -0.866113 -0.499847 0
    outer loop
      vertex 102.79 14.0999 2.8
      vertex 104.579 11 0
      vertex 104.579 11 2.8
    endloop
  endfacet
  facet normal 0.866017 -0.500015 0
    outer loop
      vertex 97.4205 11 2.8
      vertex 99.2103 14.0999 0
      vertex 99.2103 14.0999 2.8
    endloop
  endfacet
  facet normal 0.866017 -0.500015 0
    outer loop
      vertex 99.2103 14.0999 0
      vertex 97.4205 11 2.8
      vertex 97.4205 11 0
    endloop
  endfacet
  facet normal 0.866019 0.50001 0
    outer loop
      vertex 99.2103 7.90006 2.8
      vertex 97.4205 11 0
      vertex 97.4205 11 2.8
    endloop
  endfacet
  facet normal 0.866019 0.50001 0
    outer loop
      vertex 97.4205 11 0
      vertex 99.2103 7.90006 2.8
      vertex 99.2103 7.90006 0
    endloop
  endfacet
  facet normal 0 0 -1
    outer loop
      vertex 102.472 10.15 2.8
      vertex 104.579 11 2.8
      vertex 102.79 7.90006 2.8
    endloop
  endfacet
  facet normal 0 0 -1
    outer loop
      vertex 102.685 11.2219 2.8
      vertex 104.579 11 2.8
      vertex 102.7 11 2.8
    endloop
  endfacet
  facet normal -0 0 -1
    outer loop
      vertex 104.579 11 2.8
      vertex 102.685 10.7781 2.8
      vertex 102.7 11 2.8
    endloop
  endfacet
  facet normal 0 0 -1
    outer loop
      vertex 104.579 11 2.8
      vertex 102.642 10.56 2.8
      vertex 102.685 10.7781 2.8
    endloop
  endfacet
  facet normal 0 0 -1
    outer loop
      vertex 104.579 11 2.8
      vertex 102.571 10.3494 2.8
      vertex 102.642 10.56 2.8
    endloop
  endfacet
  facet normal 0 0 -1
    outer loop
      vertex 104.579 11 2.8
      vertex 102.472 10.15 2.8
      vertex 102.571 10.3494 2.8
    endloop
  endfacet
  facet normal 0 0 -1
    outer loop
      vertex 102.79 7.90006 2.8
      vertex 102.349 9.96511 2.8
      vertex 102.472 10.15 2.8
    endloop
  endfacet
  facet normal 0 0 -1
    outer loop
      vertex 102.79 7.90006 2.8
      vertex 102.202 9.79792 2.8
      vertex 102.349 9.96511 2.8
    endloop
  endfacet
  facet normal 0 0 -1
    outer loop
      vertex 102.79 7.90006 2.8
      vertex 102.035 9.6513 2.8
      vertex 102.202 9.79792 2.8
    endloop
  endfacet
  facet normal 0 0 -1
    outer loop
      vertex 102.79 7.90006 2.8
      vertex 101.85 9.52776 2.8
      vertex 102.035 9.6513 2.8
    endloop
  endfacet
  facet normal 0 0 -1
    outer loop
      vertex 102.79 7.90006 2.8
      vertex 101.651 9.4294 2.8
      vertex 101.85 9.52776 2.8
    endloop
  endfacet
  facet normal 0 0 -1
    outer loop
      vertex 102.79 7.90006 2.8
      vertex 101.44 9.35793 2.8
      vertex 101.651 9.4294 2.8
    endloop
  endfacet
  facet normal 0 0 -1
    outer loop
      vertex 102.79 7.90006 2.8
      vertex 101.222 9.31454 2.8
      vertex 101.44 9.35793 2.8
    endloop
  endfacet
  facet normal 0 0 -1
    outer loop
      vertex 102.79 7.90006 2.8
      vertex 101 9.3 2.8
      vertex 101.222 9.31454 2.8
    endloop
  endfacet
  facet normal 0 0 -1
    outer loop
      vertex 99.2103 7.90006 2.8
      vertex 101 9.3 2.8
      vertex 102.79 7.90006 2.8
    endloop
  endfacet
  facet normal -0 0 -1
    outer loop
      vertex 101 9.3 2.8
      vertex 99.2103 7.90006 2.8
      vertex 100.778 9.31454 2.8
    endloop
  endfacet
  facet normal -0 0 -1
    outer loop
      vertex 100.778 9.31454 2.8
      vertex 99.2103 7.90006 2.8
      vertex 100.56 9.35793 2.8
    endloop
  endfacet
  facet normal -0 0 -1
    outer loop
      vertex 100.56 9.35793 2.8
      vertex 99.2103 7.90006 2.8
      vertex 100.349 9.4294 2.8
    endloop
  endfacet
  facet normal 0 0 -1
    outer loop
      vertex 99.3579 10.56 2.8
      vertex 97.4205 11 2.8
      vertex 99.3145 10.7781 2.8
    endloop
  endfacet
  facet normal 0 0 -1
    outer loop
      vertex 99.4294 10.3494 2.8
      vertex 97.4205 11 2.8
      vertex 99.3579 10.56 2.8
    endloop
  endfacet
  facet normal 0 0 -1
    outer loop
      vertex 99.5278 10.15 2.8
      vertex 97.4205 11 2.8
      vertex 99.4294 10.3494 2.8
    endloop
  endfacet
  facet normal 0 0 -1
    outer loop
      vertex 97.4205 11 2.8
      vertex 99.5278 10.15 2.8
      vertex 99.2103 7.90006 2.8
    endloop
  endfacet
  facet normal -0 0 -1
    outer loop
      vertex 99.6513 9.96511 2.8
      vertex 99.2103 7.90006 2.8
      vertex 99.5278 10.15 2.8
    endloop
  endfacet
  facet normal -0 0 -1
    outer loop
      vertex 99.7979 9.79792 2.8
      vertex 99.2103 7.90006 2.8
      vertex 99.6513 9.96511 2.8
    endloop
  endfacet
  facet normal -0 0 -1
    outer loop
      vertex 99.9651 9.6513 2.8
      vertex 99.2103 7.90006 2.8
      vertex 99.7979 9.79792 2.8
    endloop
  endfacet
  facet normal -0 0 -1
    outer loop
      vertex 100.15 9.52776 2.8
      vertex 99.2103 7.90006 2.8
      vertex 99.9651 9.6513 2.8
    endloop
  endfacet
  facet normal -0 0 -1
    outer loop
      vertex 100.349 9.4294 2.8
      vertex 99.2103 7.90006 2.8
      vertex 100.15 9.52776 2.8
    endloop
  endfacet
  facet normal 0 0 -1
    outer loop
      vertex 102.642 11.44 2.8
      vertex 104.579 11 2.8
      vertex 102.685 11.2219 2.8
    endloop
  endfacet
  facet normal 0 0 -1
    outer loop
      vertex 102.571 11.6506 2.8
      vertex 104.579 11 2.8
      vertex 102.642 11.44 2.8
    endloop
  endfacet
  facet normal 0 0 -1
    outer loop
      vertex 102.472 11.85 2.8
      vertex 104.579 11 2.8
      vertex 102.571 11.6506 2.8
    endloop
  endfacet
  facet normal 0 0 -1
    outer loop
      vertex 104.579 11 2.8
      vertex 102.472 11.85 2.8
      vertex 102.79 14.0999 2.8
    endloop
  endfacet
  facet normal 0 0 -1
    outer loop
      vertex 102.349 12.0349 2.8
      vertex 102.79 14.0999 2.8
      vertex 102.472 11.85 2.8
    endloop
  endfacet
  facet normal 0 0 -1
    outer loop
      vertex 102.202 12.2021 2.8
      vertex 102.79 14.0999 2.8
      vertex 102.349 12.0349 2.8
    endloop
  endfacet
  facet normal 0 0 -1
    outer loop
      vertex 102.035 12.3487 2.8
      vertex 102.79 14.0999 2.8
      vertex 102.202 12.2021 2.8
    endloop
  endfacet
  facet normal 0 0 -1
    outer loop
      vertex 101.85 12.4722 2.8
      vertex 102.79 14.0999 2.8
      vertex 102.035 12.3487 2.8
    endloop
  endfacet
  facet normal 0 0 -1
    outer loop
      vertex 101.651 12.5706 2.8
      vertex 102.79 14.0999 2.8
      vertex 101.85 12.4722 2.8
    endloop
  endfacet
  facet normal 0 0 -1
    outer loop
      vertex 101.44 12.6421 2.8
      vertex 102.79 14.0999 2.8
      vertex 101.651 12.5706 2.8
    endloop
  endfacet
  facet normal 0 0 -1
    outer loop
      vertex 101.222 12.6855 2.8
      vertex 102.79 14.0999 2.8
      vertex 101.44 12.6421 2.8
    endloop
  endfacet
  facet normal 0 0 -1
    outer loop
      vertex 101 12.7 2.8
      vertex 102.79 14.0999 2.8
      vertex 101.222 12.6855 2.8
    endloop
  endfacet
  facet normal 0 0 -1
    outer loop
      vertex 99.2103 14.0999 2.8
      vertex 101 12.7 2.8
      vertex 100.778 12.6855 2.8
    endloop
  endfacet
  facet normal 0 0 -1
    outer loop
      vertex 99.2103 14.0999 2.8
      vertex 100.778 12.6855 2.8
      vertex 100.56 12.6421 2.8
    endloop
  endfacet
  facet normal 0 0 -1
    outer loop
      vertex 99.2103 14.0999 2.8
      vertex 100.56 12.6421 2.8
      vertex 100.349 12.5706 2.8
    endloop
  endfacet
  facet normal 0 0 -1
    outer loop
      vertex 99.2103 14.0999 2.8
      vertex 100.349 12.5706 2.8
      vertex 100.15 12.4722 2.8
    endloop
  endfacet
  facet normal 0 0 -1
    outer loop
      vertex 101 12.7 2.8
      vertex 99.2103 14.0999 2.8
      vertex 102.79 14.0999 2.8
    endloop
  endfacet
  facet normal 0 0 -1
    outer loop
      vertex 99.9651 12.3487 2.8
      vertex 99.2103 14.0999 2.8
      vertex 100.15 12.4722 2.8
    endloop
  endfacet
  facet normal 0 0 -1
    outer loop
      vertex 99.7979 12.2021 2.8
      vertex 99.2103 14.0999 2.8
      vertex 99.9651 12.3487 2.8
    endloop
  endfacet
  facet normal 0 0 -1
    outer loop
      vertex 99.6513 12.0349 2.8
      vertex 99.2103 14.0999 2.8
      vertex 99.7979 12.2021 2.8
    endloop
  endfacet
  facet normal 0 0 -1
    outer loop
      vertex 99.5278 11.85 2.8
      vertex 99.2103 14.0999 2.8
      vertex 99.6513 12.0349 2.8
    endloop
  endfacet
  facet normal 0 0 -1
    outer loop
      vertex 97.4205 11 2.8
      vertex 99.5278 11.85 2.8
      vertex 99.4294 11.6506 2.8
    endloop
  endfacet
  facet normal 0 0 -1
    outer loop
      vertex 97.4205 11 2.8
      vertex 99.4294 11.6506 2.8
      vertex 99.3579 11.44 2.8
    endloop
  endfacet
  facet normal 0 0 -1
    outer loop
      vertex 97.4205 11 2.8
      vertex 99.3579 11.44 2.8
      vertex 99.3145 11.2219 2.8
    endloop
  endfacet
  facet normal 0 0 -1
    outer loop
      vertex 97.4205 11 2.8
      vertex 99.3145 11.2219 2.8
      vertex 99.3 11 2.8
    endloop
  endfacet
  facet normal 0 0 -1
    outer loop
      vertex 99.3145 10.7781 2.8
      vertex 97.4205 11 2.8
      vertex 99.3 11 2.8
    endloop
  endfacet
  facet normal -0 0 -1
    outer loop
      vertex 99.5278 11.85 2.8
      vertex 97.4205 11 2.8
      vertex 99.2103 14.0999 2.8
    endloop
  endfacet
  facet normal -0.866116 0.499843 0
    outer loop
      vertex 102.79 7.90006 0
      vertex 104.579 11 2.8
      vertex 104.579 11 0
    endloop
  endfacet
  facet normal -0.866116 0.499843 0
    outer loop
      vertex 104.579 11 2.8
      vertex 102.79 7.90006 0
      vertex 102.79 7.90006 2.8
    endloop
  endfacet
  facet normal 0 1 -0
    outer loop
      vertex 102.79 7.90006 0
      vertex 99.2103 7.90006 2.8
      vertex 102.79 7.90006 2.8
    endloop
  endfacet
  facet normal 0 1 0
    outer loop
      vertex 99.2103 7.90006 2.8
      vertex 102.79 7.90006 0
      vertex 99.2103 7.90006 0
    endloop
  endfacet
  facet normal -0.320937 -0.947101 0
    outer loop
      vertex 101.44 12.6421 2.8
      vertex 101.651 12.5706 5
      vertex 101.44 12.6421 5
    endloop
  endfacet
  facet normal -0.320937 -0.947101 -0
    outer loop
      vertex 101.651 12.5706 5
      vertex 101.44 12.6421 2.8
      vertex 101.651 12.5706 2.8
    endloop
  endfacet
  facet normal -0.895681 -0.444696 0
    outer loop
      vertex 102.571 11.6506 2.8
      vertex 102.472 11.85 5
      vertex 102.472 11.85 2.8
    endloop
  endfacet
  facet normal -0.895681 -0.444696 0
    outer loop
      vertex 102.472 11.85 5
      vertex 102.571 11.6506 2.8
      vertex 102.571 11.6506 5
    endloop
  endfacet
  facet normal -0.981113 -0.193434 0
    outer loop
      vertex 102.685 11.2219 2.8
      vertex 102.642 11.44 5
      vertex 102.642 11.44 2.8
    endloop
  endfacet
  facet normal -0.981113 -0.193434 0
    outer loop
      vertex 102.642 11.44 5
      vertex 102.685 11.2219 2.8
      vertex 102.685 11.2219 5
    endloop
  endfacet
  facet normal -0.997723 -0.0674441 0
    outer loop
      vertex 102.7 11 2.8
      vertex 102.685 11.2219 5
      vertex 102.685 11.2219 2.8
    endloop
  endfacet
  facet normal -0.997723 -0.0674441 0
    outer loop
      vertex 102.685 11.2219 5
      vertex 102.7 11 2.8
      vertex 102.7 11 5
    endloop
  endfacet
  facet normal 0.896754 0.44253 0
    outer loop
      vertex 99.5278 10.15 5
      vertex 99.4294 10.3494 2.8
      vertex 99.4294 10.3494 5
    endloop
  endfacet
  facet normal 0.896754 0.44253 0
    outer loop
      vertex 99.4294 10.3494 2.8
      vertex 99.5278 10.15 5
      vertex 99.5278 10.15 2.8
    endloop
  endfacet
  facet normal 0.320937 -0.947101 0
    outer loop
      vertex 100.349 12.5706 2.8
      vertex 100.56 12.6421 5
      vertex 100.349 12.5706 5
    endloop
  endfacet
  facet normal 0.320937 -0.947101 0
    outer loop
      vertex 100.56 12.6421 5
      vertex 100.349 12.5706 2.8
      vertex 100.56 12.6421 2.8
    endloop
  endfacet
  facet normal -0.195208 0.980762 0
    outer loop
      vertex 101.44 9.35793 2.8
      vertex 101.222 9.31454 5
      vertex 101.44 9.35793 5
    endloop
  endfacet
  facet normal -0.195208 0.980762 0
    outer loop
      vertex 101.222 9.31454 5
      vertex 101.44 9.35793 2.8
      vertex 101.222 9.31454 2.8
    endloop
  endfacet
  facet normal 0.443245 -0.8964 0
    outer loop
      vertex 100.15 12.4722 2.8
      vertex 100.349 12.5706 5
      vertex 100.15 12.4722 5
    endloop
  endfacet
  facet normal 0.443245 -0.8964 0
    outer loop
      vertex 100.349 12.5706 5
      vertex 100.15 12.4722 2.8
      vertex 100.349 12.5706 2.8
    endloop
  endfacet
  facet normal -0.981113 0.193434 0
    outer loop
      vertex 102.642 10.56 2.8
      vertex 102.685 10.7781 5
      vertex 102.685 10.7781 2.8
    endloop
  endfacet
  facet normal -0.981113 0.193434 0
    outer loop
      vertex 102.685 10.7781 5
      vertex 102.642 10.56 2.8
      vertex 102.642 10.56 5
    endloop
  endfacet
  facet normal 0.751908 -0.659268 0
    outer loop
      vertex 99.6513 12.0349 5
      vertex 99.7979 12.2021 2.8
      vertex 99.7979 12.2021 5
    endloop
  endfacet
  facet normal 0.751908 -0.659268 0
    outer loop
      vertex 99.7979 12.2021 2.8
      vertex 99.6513 12.0349 5
      vertex 99.6513 12.0349 2.8
    endloop
  endfacet
  facet normal -0.947598 0.319466 0
    outer loop
      vertex 102.571 10.3494 2.8
      vertex 102.642 10.56 5
      vertex 102.642 10.56 2.8
    endloop
  endfacet
  facet normal -0.947598 0.319466 0
    outer loop
      vertex 102.642 10.56 5
      vertex 102.571 10.3494 2.8
      vertex 102.571 10.3494 5
    endloop
  endfacet
  facet normal 0.946915 -0.321484 0
    outer loop
      vertex 99.3579 11.44 5
      vertex 99.4294 11.6506 2.8
      vertex 99.4294 11.6506 5
    endloop
  endfacet
  facet normal 0.946915 -0.321484 0
    outer loop
      vertex 99.4294 11.6506 2.8
      vertex 99.3579 11.44 5
      vertex 99.3579 11.44 2.8
    endloop
  endfacet
  facet normal 0.555426 -0.831566 0
    outer loop
      vertex 99.9651 12.3487 2.8
      vertex 100.15 12.4722 5
      vertex 99.9651 12.3487 5
    endloop
  endfacet
  facet normal 0.555426 -0.831566 0
    outer loop
      vertex 100.15 12.4722 5
      vertex 99.9651 12.3487 2.8
      vertex 100.15 12.4722 2.8
    endloop
  endfacet
  facet normal -0.895681 0.444696 0
    outer loop
      vertex 102.472 10.15 2.8
      vertex 102.571 10.3494 5
      vertex 102.571 10.3494 2.8
    endloop
  endfacet
  facet normal -0.895681 0.444696 0
    outer loop
      vertex 102.571 10.3494 5
      vertex 102.472 10.15 2.8
      vertex 102.472 10.15 5
    endloop
  endfacet
  facet normal -0.659765 0.751472 0
    outer loop
      vertex 102.202 9.79792 2.8
      vertex 102.035 9.6513 5
      vertex 102.202 9.79792 5
    endloop
  endfacet
  facet normal -0.659765 0.751472 0
    outer loop
      vertex 102.035 9.6513 5
      vertex 102.202 9.79792 2.8
      vertex 102.035 9.6513 2.8
    endloop
  endfacet
  facet normal -0.0651764 -0.997874 0
    outer loop
      vertex 101 12.7 2.8
      vertex 101.222 12.6855 5
      vertex 101 12.7 5
    endloop
  endfacet
  facet normal -0.0651764 -0.997874 -0
    outer loop
      vertex 101.222 12.6855 5
      vertex 101 12.7 2.8
      vertex 101.222 12.6855 2.8
    endloop
  endfacet
  facet normal 0.997872 -0.0652057 0
    outer loop
      vertex 99.3 11 5
      vertex 99.3145 11.2219 2.8
      vertex 99.3145 11.2219 5
    endloop
  endfacet
  facet normal 0.997872 -0.0652057 0
    outer loop
      vertex 99.3145 11.2219 2.8
      vertex 99.3 11 5
      vertex 99.3 11 2.8
    endloop
  endfacet
  facet normal 0.896754 -0.44253 0
    outer loop
      vertex 99.4294 11.6506 5
      vertex 99.5278 11.85 2.8
      vertex 99.5278 11.85 5
    endloop
  endfacet
  facet normal 0.896754 -0.44253 0
    outer loop
      vertex 99.5278 11.85 2.8
      vertex 99.4294 11.6506 5
      vertex 99.4294 11.6506 2.8
    endloop
  endfacet
  facet normal -0.947598 -0.319466 0
    outer loop
      vertex 102.642 11.44 2.8
      vertex 102.571 11.6506 5
      vertex 102.571 11.6506 2.8
    endloop
  endfacet
  facet normal -0.947598 -0.319466 0
    outer loop
      vertex 102.571 11.6506 5
      vertex 102.642 11.44 2.8
      vertex 102.642 11.44 5
    endloop
  endfacet
  facet normal -0.555219 -0.831704 0
    outer loop
      vertex 101.85 12.4722 2.8
      vertex 102.035 12.3487 5
      vertex 101.85 12.4722 5
    endloop
  endfacet
  facet normal -0.555219 -0.831704 -0
    outer loop
      vertex 102.035 12.3487 5
      vertex 101.85 12.4722 2.8
      vertex 102.035 12.3487 2.8
    endloop
  endfacet
  facet normal 0.555551 0.831483 -0
    outer loop
      vertex 100.15 9.52776 2.8
      vertex 99.9651 9.6513 5
      vertex 100.15 9.52776 5
    endloop
  endfacet
  facet normal 0.555551 0.831483 0
    outer loop
      vertex 99.9651 9.6513 5
      vertex 100.15 9.52776 2.8
      vertex 99.9651 9.6513 2.8
    endloop
  endfacet
  facet normal -0.0653555 0.997862 0
    outer loop
      vertex 101.222 9.31454 2.8
      vertex 101 9.3 5
      vertex 101.222 9.31454 5
    endloop
  endfacet
  facet normal -0.0653555 0.997862 0
    outer loop
      vertex 101 9.3 5
      vertex 101.222 9.31454 2.8
      vertex 101 9.3 2.8
    endloop
  endfacet
  facet normal -0.195251 -0.980753 0
    outer loop
      vertex 101.222 12.6855 2.8
      vertex 101.44 12.6421 5
      vertex 101.222 12.6855 5
    endloop
  endfacet
  facet normal -0.195251 -0.980753 -0
    outer loop
      vertex 101.44 12.6421 5
      vertex 101.222 12.6855 2.8
      vertex 101.44 12.6421 2.8
    endloop
  endfacet
  facet normal -0.751016 -0.660284 0
    outer loop
      vertex 102.349 12.0349 2.8
      vertex 102.202 12.2021 5
      vertex 102.202 12.2021 2.8
    endloop
  endfacet
  facet normal -0.751016 -0.660284 0
    outer loop
      vertex 102.202 12.2021 5
      vertex 102.349 12.0349 2.8
      vertex 102.349 12.0349 5
    endloop
  endfacet
  facet normal -0.832604 -0.553869 0
    outer loop
      vertex 102.472 11.85 2.8
      vertex 102.349 12.0349 5
      vertex 102.349 12.0349 2.8
    endloop
  endfacet
  facet normal -0.832604 -0.553869 0
    outer loop
      vertex 102.349 12.0349 5
      vertex 102.472 11.85 2.8
      vertex 102.472 11.85 5
    endloop
  endfacet
  facet normal 0.195208 0.980762 -0
    outer loop
      vertex 100.778 9.31454 2.8
      vertex 100.56 9.35793 5
      vertex 100.778 9.31454 5
    endloop
  endfacet
  facet normal 0.195208 0.980762 0
    outer loop
      vertex 100.56 9.35793 5
      vertex 100.778 9.31454 2.8
      vertex 100.56 9.35793 2.8
    endloop
  endfacet
  facet normal 0.659268 -0.751908 0
    outer loop
      vertex 99.7979 12.2021 2.8
      vertex 99.9651 12.3487 5
      vertex 99.7979 12.2021 5
    endloop
  endfacet
  facet normal 0.659268 -0.751908 0
    outer loop
      vertex 99.9651 12.3487 5
      vertex 99.7979 12.2021 2.8
      vertex 99.9651 12.3487 2.8
    endloop
  endfacet
  facet normal 0.98077 0.195165 0
    outer loop
      vertex 99.3579 10.56 5
      vertex 99.3145 10.7781 2.8
      vertex 99.3145 10.7781 5
    endloop
  endfacet
  facet normal 0.98077 0.195165 0
    outer loop
      vertex 99.3145 10.7781 2.8
      vertex 99.3579 10.56 5
      vertex 99.3579 10.56 2.8
    endloop
  endfacet
  facet normal 0.195251 -0.980753 0
    outer loop
      vertex 100.56 12.6421 2.8
      vertex 100.778 12.6855 5
      vertex 100.56 12.6421 5
    endloop
  endfacet
  facet normal 0.195251 -0.980753 0
    outer loop
      vertex 100.778 12.6855 5
      vertex 100.56 12.6421 2.8
      vertex 100.778 12.6855 2.8
    endloop
  endfacet
  facet normal 0.0651764 -0.997874 0
    outer loop
      vertex 100.778 12.6855 2.8
      vertex 101 12.7 5
      vertex 100.778 12.6855 5
    endloop
  endfacet
  facet normal 0.0651764 -0.997874 0
    outer loop
      vertex 101 12.7 5
      vertex 100.778 12.6855 2.8
      vertex 101 12.7 2.8
    endloop
  endfacet
  facet normal 0.946915 0.321484 0
    outer loop
      vertex 99.4294 10.3494 5
      vertex 99.3579 10.56 2.8
      vertex 99.3579 10.56 5
    endloop
  endfacet
  facet normal 0.946915 0.321484 0
    outer loop
      vertex 99.3579 10.56 2.8
      vertex 99.4294 10.3494 5
      vertex 99.4294 10.3494 2.8
    endloop
  endfacet
  facet normal 0.4431 0.896472 -0
    outer loop
      vertex 100.349 9.4294 2.8
      vertex 100.15 9.52776 5
      vertex 100.349 9.4294 5
    endloop
  endfacet
  facet normal 0.4431 0.896472 0
    outer loop
      vertex 100.15 9.52776 5
      vertex 100.349 9.4294 2.8
      vertex 100.15 9.52776 2.8
    endloop
  endfacet
  facet normal 0.831566 -0.555426 0
    outer loop
      vertex 99.5278 11.85 5
      vertex 99.6513 12.0349 2.8
      vertex 99.6513 12.0349 5
    endloop
  endfacet
  facet normal 0.831566 -0.555426 0
    outer loop
      vertex 99.6513 12.0349 2.8
      vertex 99.5278 11.85 5
      vertex 99.5278 11.85 2.8
    endloop
  endfacet
  facet normal 0.751888 0.659291 0
    outer loop
      vertex 99.7979 9.79792 5
      vertex 99.6513 9.96511 2.8
      vertex 99.6513 9.96511 5
    endloop
  endfacet
  facet normal 0.751888 0.659291 0
    outer loop
      vertex 99.6513 9.96511 2.8
      vertex 99.7979 9.79792 5
      vertex 99.7979 9.79792 2.8
    endloop
  endfacet
  facet normal -0.83259 0.553889 0
    outer loop
      vertex 102.349 9.96511 2.8
      vertex 102.472 10.15 5
      vertex 102.472 10.15 2.8
    endloop
  endfacet
  facet normal -0.83259 0.553889 0
    outer loop
      vertex 102.472 10.15 5
      vertex 102.349 9.96511 2.8
      vertex 102.349 9.96511 5
    endloop
  endfacet
  facet normal -0.997723 0.0674441 0
    outer loop
      vertex 102.685 10.7781 2.8
      vertex 102.7 11 5
      vertex 102.7 11 2.8
    endloop
  endfacet
  facet normal -0.997723 0.0674441 0
    outer loop
      vertex 102.7 11 5
      vertex 102.685 10.7781 2.8
      vertex 102.685 10.7781 5
    endloop
  endfacet
  facet normal -0.443245 -0.8964 0
    outer loop
      vertex 101.651 12.5706 2.8
      vertex 101.85 12.4722 5
      vertex 101.651 12.5706 5
    endloop
  endfacet
  facet normal -0.443245 -0.8964 -0
    outer loop
      vertex 101.85 12.4722 5
      vertex 101.651 12.5706 2.8
      vertex 101.85 12.4722 2.8
    endloop
  endfacet
  facet normal 0.831552 0.555447 0
    outer loop
      vertex 99.6513 9.96511 5
      vertex 99.5278 10.15 2.8
      vertex 99.5278 10.15 5
    endloop
  endfacet
  facet normal 0.831552 0.555447 0
    outer loop
      vertex 99.5278 10.15 2.8
      vertex 99.6513 9.96511 5
      vertex 99.6513 9.96511 2.8
    endloop
  endfacet
  facet normal -0.4431 0.896472 0
    outer loop
      vertex 101.85 9.52776 2.8
      vertex 101.651 9.4294 5
      vertex 101.85 9.52776 5
    endloop
  endfacet
  facet normal -0.4431 0.896472 0
    outer loop
      vertex 101.651 9.4294 5
      vertex 101.85 9.52776 2.8
      vertex 101.651 9.4294 2.8
    endloop
  endfacet
  facet normal 0.98077 -0.195165 0
    outer loop
      vertex 99.3145 11.2219 5
      vertex 99.3579 11.44 2.8
      vertex 99.3579 11.44 5
    endloop
  endfacet
  facet normal 0.98077 -0.195165 0
    outer loop
      vertex 99.3579 11.44 2.8
      vertex 99.3145 11.2219 5
      vertex 99.3145 11.2219 2.8
    endloop
  endfacet
  facet normal 0.0653555 0.997862 -0
    outer loop
      vertex 101 9.3 2.8
      vertex 100.778 9.31454 5
      vertex 101 9.3 5
    endloop
  endfacet
  facet normal 0.0653555 0.997862 0
    outer loop
      vertex 100.778 9.31454 5
      vertex 101 9.3 2.8
      vertex 100.778 9.31454 2.8
    endloop
  endfacet
  facet normal -0.659714 -0.751516 0
    outer loop
      vertex 102.035 12.3487 2.8
      vertex 102.202 12.2021 5
      vertex 102.035 12.3487 5
    endloop
  endfacet
  facet normal -0.659714 -0.751516 -0
    outer loop
      vertex 102.202 12.2021 5
      vertex 102.035 12.3487 2.8
      vertex 102.202 12.2021 2.8
    endloop
  endfacet
  facet normal -0.320816 0.947141 0
    outer loop
      vertex 101.651 9.4294 2.8
      vertex 101.44 9.35793 5
      vertex 101.651 9.4294 5
    endloop
  endfacet
  facet normal -0.320816 0.947141 0
    outer loop
      vertex 101.44 9.35793 5
      vertex 101.651 9.4294 2.8
      vertex 101.44 9.35793 2.8
    endloop
  endfacet
  facet normal 0.997872 0.0652057 0
    outer loop
      vertex 99.3145 10.7781 5
      vertex 99.3 11 2.8
      vertex 99.3 11 5
    endloop
  endfacet
  facet normal 0.997872 0.0652057 0
    outer loop
      vertex 99.3 11 2.8
      vertex 99.3145 10.7781 5
      vertex 99.3145 10.7781 2.8
    endloop
  endfacet
  facet normal 0.659319 0.751863 -0
    outer loop
      vertex 99.9651 9.6513 2.8
      vertex 99.7979 9.79792 5
      vertex 99.9651 9.6513 5
    endloop
  endfacet
  facet normal 0.659319 0.751863 0
    outer loop
      vertex 99.7979 9.79792 5
      vertex 99.9651 9.6513 2.8
      vertex 99.7979 9.79792 2.8
    endloop
  endfacet
  facet normal -0.555343 0.831621 0
    outer loop
      vertex 102.035 9.6513 2.8
      vertex 101.85 9.52776 5
      vertex 102.035 9.6513 5
    endloop
  endfacet
  facet normal -0.555343 0.831621 0
    outer loop
      vertex 101.85 9.52776 5
      vertex 102.035 9.6513 2.8
      vertex 101.85 9.52776 2.8
    endloop
  endfacet
  facet normal 0.320816 0.947141 -0
    outer loop
      vertex 100.56 9.35793 2.8
      vertex 100.349 9.4294 5
      vertex 100.56 9.35793 5
    endloop
  endfacet
  facet normal 0.320816 0.947141 0
    outer loop
      vertex 100.349 9.4294 5
      vertex 100.56 9.35793 2.8
      vertex 100.349 9.4294 2.8
    endloop
  endfacet
  facet normal -0.750997 0.660306 0
    outer loop
      vertex 102.202 9.79792 2.8
      vertex 102.349 9.96511 5
      vertex 102.349 9.96511 2.8
    endloop
  endfacet
  facet normal -0.750997 0.660306 0
    outer loop
      vertex 102.349 9.96511 5
      vertex 102.202 9.79792 2.8
      vertex 102.202 9.79792 5
    endloop
  endfacet
  facet normal 0 -1 0
    outer loop
      vertex 99.2103 88.0999 0
      vertex 102.79 88.0999 2.8
      vertex 99.2103 88.0999 2.8
    endloop
  endfacet
  facet normal 0 -1 -0
    outer loop
      vertex 102.79 88.0999 2.8
      vertex 99.2103 88.0999 0
      vertex 102.79 88.0999 0
    endloop
  endfacet
  facet normal -0.866113 -0.499847 0
    outer loop
      vertex 104.579 85 0
      vertex 102.79 88.0999 2.8
      vertex 102.79 88.0999 0
    endloop
  endfacet
  facet normal -0.866113 -0.499847 0
    outer loop
      vertex 102.79 88.0999 2.8
      vertex 104.579 85 0
      vertex 104.579 85 2.8
    endloop
  endfacet
  facet normal 0.866017 -0.500015 0
    outer loop
      vertex 97.4205 85 2.8
      vertex 99.2103 88.0999 0
      vertex 99.2103 88.0999 2.8
    endloop
  endfacet
  facet normal 0.866017 -0.500015 0
    outer loop
      vertex 99.2103 88.0999 0
      vertex 97.4205 85 2.8
      vertex 97.4205 85 0
    endloop
  endfacet
  facet normal 0.866017 0.500015 0
    outer loop
      vertex 99.2103 81.9001 2.8
      vertex 97.4205 85 0
      vertex 97.4205 85 2.8
    endloop
  endfacet
  facet normal 0.866017 0.500015 0
    outer loop
      vertex 97.4205 85 0
      vertex 99.2103 81.9001 2.8
      vertex 99.2103 81.9001 0
    endloop
  endfacet
  facet normal 0 0 -1
    outer loop
      vertex 102.472 84.15 2.8
      vertex 104.579 85 2.8
      vertex 102.79 81.9001 2.8
    endloop
  endfacet
  facet normal 0 0 -1
    outer loop
      vertex 102.685 85.2219 2.8
      vertex 104.579 85 2.8
      vertex 102.7 85 2.8
    endloop
  endfacet
  facet normal -0 0 -1
    outer loop
      vertex 104.579 85 2.8
      vertex 102.685 84.7781 2.8
      vertex 102.7 85 2.8
    endloop
  endfacet
  facet normal 0 0 -1
    outer loop
      vertex 104.579 85 2.8
      vertex 102.642 84.56 2.8
      vertex 102.685 84.7781 2.8
    endloop
  endfacet
  facet normal 0 0 -1
    outer loop
      vertex 104.579 85 2.8
      vertex 102.571 84.3494 2.8
      vertex 102.642 84.56 2.8
    endloop
  endfacet
  facet normal 0 0 -1
    outer loop
      vertex 104.579 85 2.8
      vertex 102.472 84.15 2.8
      vertex 102.571 84.3494 2.8
    endloop
  endfacet
  facet normal 0 0 -1
    outer loop
      vertex 102.79 81.9001 2.8
      vertex 102.349 83.9651 2.8
      vertex 102.472 84.15 2.8
    endloop
  endfacet
  facet normal 0 0 -1
    outer loop
      vertex 102.79 81.9001 2.8
      vertex 102.202 83.7979 2.8
      vertex 102.349 83.9651 2.8
    endloop
  endfacet
  facet normal 0 0 -1
    outer loop
      vertex 102.79 81.9001 2.8
      vertex 102.035 83.6513 2.8
      vertex 102.202 83.7979 2.8
    endloop
  endfacet
  facet normal 0 0 -1
    outer loop
      vertex 102.79 81.9001 2.8
      vertex 101.85 83.5278 2.8
      vertex 102.035 83.6513 2.8
    endloop
  endfacet
  facet normal 0 0 -1
    outer loop
      vertex 102.79 81.9001 2.8
      vertex 101.651 83.4294 2.8
      vertex 101.85 83.5278 2.8
    endloop
  endfacet
  facet normal 0 0 -1
    outer loop
      vertex 102.79 81.9001 2.8
      vertex 101.44 83.3579 2.8
      vertex 101.651 83.4294 2.8
    endloop
  endfacet
  facet normal 0 0 -1
    outer loop
      vertex 102.79 81.9001 2.8
      vertex 101.222 83.3145 2.8
      vertex 101.44 83.3579 2.8
    endloop
  endfacet
  facet normal 0 0 -1
    outer loop
      vertex 102.79 81.9001 2.8
      vertex 101 83.3 2.8
      vertex 101.222 83.3145 2.8
    endloop
  endfacet
  facet normal 0 0 -1
    outer loop
      vertex 99.2103 81.9001 2.8
      vertex 101 83.3 2.8
      vertex 102.79 81.9001 2.8
    endloop
  endfacet
  facet normal -0 0 -1
    outer loop
      vertex 101 83.3 2.8
      vertex 99.2103 81.9001 2.8
      vertex 100.778 83.3145 2.8
    endloop
  endfacet
  facet normal -0 0 -1
    outer loop
      vertex 100.778 83.3145 2.8
      vertex 99.2103 81.9001 2.8
      vertex 100.56 83.3579 2.8
    endloop
  endfacet
  facet normal -0 0 -1
    outer loop
      vertex 100.56 83.3579 2.8
      vertex 99.2103 81.9001 2.8
      vertex 100.349 83.4294 2.8
    endloop
  endfacet
  facet normal 0 0 -1
    outer loop
      vertex 99.3579 84.56 2.8
      vertex 97.4205 85 2.8
      vertex 99.3145 84.7781 2.8
    endloop
  endfacet
  facet normal 0 0 -1
    outer loop
      vertex 99.4294 84.3494 2.8
      vertex 97.4205 85 2.8
      vertex 99.3579 84.56 2.8
    endloop
  endfacet
  facet normal 0 0 -1
    outer loop
      vertex 99.5278 84.15 2.8
      vertex 97.4205 85 2.8
      vertex 99.4294 84.3494 2.8
    endloop
  endfacet
  facet normal 0 0 -1
    outer loop
      vertex 97.4205 85 2.8
      vertex 99.5278 84.15 2.8
      vertex 99.2103 81.9001 2.8
    endloop
  endfacet
  facet normal -0 0 -1
    outer loop
      vertex 99.6513 83.9651 2.8
      vertex 99.2103 81.9001 2.8
      vertex 99.5278 84.15 2.8
    endloop
  endfacet
  facet normal -0 0 -1
    outer loop
      vertex 99.7979 83.7979 2.8
      vertex 99.2103 81.9001 2.8
      vertex 99.6513 83.9651 2.8
    endloop
  endfacet
  facet normal -0 0 -1
    outer loop
      vertex 99.9651 83.6513 2.8
      vertex 99.2103 81.9001 2.8
      vertex 99.7979 83.7979 2.8
    endloop
  endfacet
  facet normal -0 0 -1
    outer loop
      vertex 100.15 83.5278 2.8
      vertex 99.2103 81.9001 2.8
      vertex 99.9651 83.6513 2.8
    endloop
  endfacet
  facet normal -0 0 -1
    outer loop
      vertex 100.349 83.4294 2.8
      vertex 99.2103 81.9001 2.8
      vertex 100.15 83.5278 2.8
    endloop
  endfacet
  facet normal 0 0 -1
    outer loop
      vertex 102.642 85.44 2.8
      vertex 104.579 85 2.8
      vertex 102.685 85.2219 2.8
    endloop
  endfacet
  facet normal 0 0 -1
    outer loop
      vertex 102.571 85.6506 2.8
      vertex 104.579 85 2.8
      vertex 102.642 85.44 2.8
    endloop
  endfacet
  facet normal 0 0 -1
    outer loop
      vertex 102.472 85.85 2.8
      vertex 104.579 85 2.8
      vertex 102.571 85.6506 2.8
    endloop
  endfacet
  facet normal 0 0 -1
    outer loop
      vertex 104.579 85 2.8
      vertex 102.472 85.85 2.8
      vertex 102.79 88.0999 2.8
    endloop
  endfacet
  facet normal 0 0 -1
    outer loop
      vertex 102.349 86.0349 2.8
      vertex 102.79 88.0999 2.8
      vertex 102.472 85.85 2.8
    endloop
  endfacet
  facet normal 0 0 -1
    outer loop
      vertex 102.202 86.2021 2.8
      vertex 102.79 88.0999 2.8
      vertex 102.349 86.0349 2.8
    endloop
  endfacet
  facet normal 0 0 -1
    outer loop
      vertex 102.035 86.3487 2.8
      vertex 102.79 88.0999 2.8
      vertex 102.202 86.2021 2.8
    endloop
  endfacet
  facet normal 0 0 -1
    outer loop
      vertex 101.85 86.4722 2.8
      vertex 102.79 88.0999 2.8
      vertex 102.035 86.3487 2.8
    endloop
  endfacet
  facet normal 0 0 -1
    outer loop
      vertex 101.651 86.5706 2.8
      vertex 102.79 88.0999 2.8
      vertex 101.85 86.4722 2.8
    endloop
  endfacet
  facet normal 0 0 -1
    outer loop
      vertex 101.44 86.6421 2.8
      vertex 102.79 88.0999 2.8
      vertex 101.651 86.5706 2.8
    endloop
  endfacet
  facet normal 0 0 -1
    outer loop
      vertex 101.222 86.6855 2.8
      vertex 102.79 88.0999 2.8
      vertex 101.44 86.6421 2.8
    endloop
  endfacet
  facet normal 0 0 -1
    outer loop
      vertex 101 86.7 2.8
      vertex 102.79 88.0999 2.8
      vertex 101.222 86.6855 2.8
    endloop
  endfacet
  facet normal 0 0 -1
    outer loop
      vertex 99.2103 88.0999 2.8
      vertex 101 86.7 2.8
      vertex 100.778 86.6855 2.8
    endloop
  endfacet
  facet normal 0 0 -1
    outer loop
      vertex 99.2103 88.0999 2.8
      vertex 100.778 86.6855 2.8
      vertex 100.56 86.6421 2.8
    endloop
  endfacet
  facet normal 0 0 -1
    outer loop
      vertex 99.2103 88.0999 2.8
      vertex 100.56 86.6421 2.8
      vertex 100.349 86.5706 2.8
    endloop
  endfacet
  facet normal 0 0 -1
    outer loop
      vertex 99.2103 88.0999 2.8
      vertex 100.349 86.5706 2.8
      vertex 100.15 86.4722 2.8
    endloop
  endfacet
  facet normal 0 0 -1
    outer loop
      vertex 101 86.7 2.8
      vertex 99.2103 88.0999 2.8
      vertex 102.79 88.0999 2.8
    endloop
  endfacet
  facet normal 0 0 -1
    outer loop
      vertex 99.9651 86.3487 2.8
      vertex 99.2103 88.0999 2.8
      vertex 100.15 86.4722 2.8
    endloop
  endfacet
  facet normal 0 0 -1
    outer loop
      vertex 99.7979 86.2021 2.8
      vertex 99.2103 88.0999 2.8
      vertex 99.9651 86.3487 2.8
    endloop
  endfacet
  facet normal 0 0 -1
    outer loop
      vertex 99.6513 86.0349 2.8
      vertex 99.2103 88.0999 2.8
      vertex 99.7979 86.2021 2.8
    endloop
  endfacet
  facet normal 0 0 -1
    outer loop
      vertex 99.5278 85.85 2.8
      vertex 99.2103 88.0999 2.8
      vertex 99.6513 86.0349 2.8
    endloop
  endfacet
  facet normal 0 0 -1
    outer loop
      vertex 97.4205 85 2.8
      vertex 99.5278 85.85 2.8
      vertex 99.4294 85.6506 2.8
    endloop
  endfacet
  facet normal 0 0 -1
    outer loop
      vertex 97.4205 85 2.8
      vertex 99.4294 85.6506 2.8
      vertex 99.3579 85.44 2.8
    endloop
  endfacet
  facet normal 0 0 -1
    outer loop
      vertex 97.4205 85 2.8
      vertex 99.3579 85.44 2.8
      vertex 99.3145 85.2219 2.8
    endloop
  endfacet
  facet normal 0 0 -1
    outer loop
      vertex 97.4205 85 2.8
      vertex 99.3145 85.2219 2.8
      vertex 99.3 85 2.8
    endloop
  endfacet
  facet normal 0 0 -1
    outer loop
      vertex 99.3145 84.7781 2.8
      vertex 97.4205 85 2.8
      vertex 99.3 85 2.8
    endloop
  endfacet
  facet normal -0 0 -1
    outer loop
      vertex 99.5278 85.85 2.8
      vertex 97.4205 85 2.8
      vertex 99.2103 88.0999 2.8
    endloop
  endfacet
  facet normal -0.866113 0.499847 0
    outer loop
      vertex 102.79 81.9001 0
      vertex 104.579 85 2.8
      vertex 104.579 85 0
    endloop
  endfacet
  facet normal -0.866113 0.499847 0
    outer loop
      vertex 104.579 85 2.8
      vertex 102.79 81.9001 0
      vertex 102.79 81.9001 2.8
    endloop
  endfacet
  facet normal 0 1 -0
    outer loop
      vertex 102.79 81.9001 0
      vertex 99.2103 81.9001 2.8
      vertex 102.79 81.9001 2.8
    endloop
  endfacet
  facet normal 0 1 0
    outer loop
      vertex 99.2103 81.9001 2.8
      vertex 102.79 81.9001 0
      vertex 99.2103 81.9001 0
    endloop
  endfacet
  facet normal -0.981113 -0.193434 0
    outer loop
      vertex 102.685 85.2219 2.8
      vertex 102.642 85.44 5
      vertex 102.642 85.44 2.8
    endloop
  endfacet
  facet normal -0.981113 -0.193434 0
    outer loop
      vertex 102.642 85.44 5
      vertex 102.685 85.2219 2.8
      vertex 102.685 85.2219 5
    endloop
  endfacet
  facet normal -0.997723 -0.0674441 0
    outer loop
      vertex 102.7 85 2.8
      vertex 102.685 85.2219 5
      vertex 102.685 85.2219 2.8
    endloop
  endfacet
  facet normal -0.997723 -0.0674441 0
    outer loop
      vertex 102.685 85.2219 5
      vertex 102.7 85 2.8
      vertex 102.7 85 5
    endloop
  endfacet
  facet normal 0.443245 -0.8964 0
    outer loop
      vertex 100.15 86.4722 2.8
      vertex 100.349 86.5706 5
      vertex 100.15 86.4722 5
    endloop
  endfacet
  facet normal 0.443245 -0.8964 0
    outer loop
      vertex 100.349 86.5706 5
      vertex 100.15 86.4722 2.8
      vertex 100.349 86.5706 2.8
    endloop
  endfacet
  facet normal -0.555219 -0.831704 0
    outer loop
      vertex 101.85 86.4722 2.8
      vertex 102.035 86.3487 5
      vertex 101.85 86.4722 5
    endloop
  endfacet
  facet normal -0.555219 -0.831704 -0
    outer loop
      vertex 102.035 86.3487 5
      vertex 101.85 86.4722 2.8
      vertex 102.035 86.3487 2.8
    endloop
  endfacet
  facet normal 0.659268 -0.751908 0
    outer loop
      vertex 99.7979 86.2021 2.8
      vertex 99.9651 86.3487 5
      vertex 99.7979 86.2021 5
    endloop
  endfacet
  facet normal 0.659268 -0.751908 0
    outer loop
      vertex 99.9651 86.3487 5
      vertex 99.7979 86.2021 2.8
      vertex 99.9651 86.3487 2.8
    endloop
  endfacet
  facet normal -0.320937 0.947101 0
    outer loop
      vertex 101.651 83.4294 2.8
      vertex 101.44 83.3579 5
      vertex 101.651 83.4294 5
    endloop
  endfacet
  facet normal -0.320937 0.947101 0
    outer loop
      vertex 101.44 83.3579 5
      vertex 101.651 83.4294 2.8
      vertex 101.44 83.3579 2.8
    endloop
  endfacet
  facet normal -0.832604 0.553869 0
    outer loop
      vertex 102.349 83.9651 2.8
      vertex 102.472 84.15 5
      vertex 102.472 84.15 2.8
    endloop
  endfacet
  facet normal -0.832604 0.553869 0
    outer loop
      vertex 102.472 84.15 5
      vertex 102.349 83.9651 2.8
      vertex 102.349 83.9651 5
    endloop
  endfacet
  facet normal -0.947598 0.319466 0
    outer loop
      vertex 102.571 84.3494 2.8
      vertex 102.642 84.56 5
      vertex 102.642 84.56 2.8
    endloop
  endfacet
  facet normal -0.947598 0.319466 0
    outer loop
      vertex 102.642 84.56 5
      vertex 102.571 84.3494 2.8
      vertex 102.571 84.3494 5
    endloop
  endfacet
  facet normal -0.320937 -0.947101 0
    outer loop
      vertex 101.44 86.6421 2.8
      vertex 101.651 86.5706 5
      vertex 101.44 86.6421 5
    endloop
  endfacet
  facet normal -0.320937 -0.947101 -0
    outer loop
      vertex 101.651 86.5706 5
      vertex 101.44 86.6421 2.8
      vertex 101.651 86.5706 2.8
    endloop
  endfacet
  facet normal -0.195251 -0.980753 0
    outer loop
      vertex 101.222 86.6855 2.8
      vertex 101.44 86.6421 5
      vertex 101.222 86.6855 5
    endloop
  endfacet
  facet normal -0.195251 -0.980753 -0
    outer loop
      vertex 101.44 86.6421 5
      vertex 101.222 86.6855 2.8
      vertex 101.44 86.6421 2.8
    endloop
  endfacet
  facet normal 0.555426 -0.831566 0
    outer loop
      vertex 99.9651 86.3487 2.8
      vertex 100.15 86.4722 5
      vertex 99.9651 86.3487 5
    endloop
  endfacet
  facet normal 0.555426 -0.831566 0
    outer loop
      vertex 100.15 86.4722 5
      vertex 99.9651 86.3487 2.8
      vertex 100.15 86.4722 2.8
    endloop
  endfacet
  facet normal -0.895681 0.444696 0
    outer loop
      vertex 102.472 84.15 2.8
      vertex 102.571 84.3494 5
      vertex 102.571 84.3494 2.8
    endloop
  endfacet
  facet normal -0.895681 0.444696 0
    outer loop
      vertex 102.571 84.3494 5
      vertex 102.472 84.15 2.8
      vertex 102.472 84.15 5
    endloop
  endfacet
  facet normal -0.659714 -0.751516 0
    outer loop
      vertex 102.035 86.3487 2.8
      vertex 102.202 86.2021 5
      vertex 102.035 86.3487 5
    endloop
  endfacet
  facet normal -0.659714 -0.751516 -0
    outer loop
      vertex 102.202 86.2021 5
      vertex 102.035 86.3487 2.8
      vertex 102.202 86.2021 2.8
    endloop
  endfacet
  facet normal -0.555219 0.831704 0
    outer loop
      vertex 102.035 83.6513 2.8
      vertex 101.85 83.5278 5
      vertex 102.035 83.6513 5
    endloop
  endfacet
  facet normal -0.555219 0.831704 0
    outer loop
      vertex 101.85 83.5278 5
      vertex 102.035 83.6513 2.8
      vertex 101.85 83.5278 2.8
    endloop
  endfacet
  facet normal -0.443245 -0.8964 0
    outer loop
      vertex 101.651 86.5706 2.8
      vertex 101.85 86.4722 5
      vertex 101.651 86.5706 5
    endloop
  endfacet
  facet normal -0.443245 -0.8964 -0
    outer loop
      vertex 101.85 86.4722 5
      vertex 101.651 86.5706 2.8
      vertex 101.85 86.4722 2.8
    endloop
  endfacet
  facet normal 0.659268 0.751908 -0
    outer loop
      vertex 99.9651 83.6513 2.8
      vertex 99.7979 83.7979 5
      vertex 99.9651 83.6513 5
    endloop
  endfacet
  facet normal 0.659268 0.751908 0
    outer loop
      vertex 99.7979 83.7979 5
      vertex 99.9651 83.6513 2.8
      vertex 99.7979 83.7979 2.8
    endloop
  endfacet
  facet normal 0.751908 0.659268 0
    outer loop
      vertex 99.7979 83.7979 5
      vertex 99.6513 83.9651 2.8
      vertex 99.6513 83.9651 5
    endloop
  endfacet
  facet normal 0.751908 0.659268 0
    outer loop
      vertex 99.6513 83.9651 2.8
      vertex 99.7979 83.7979 5
      vertex 99.7979 83.7979 2.8
    endloop
  endfacet
  facet normal 0.831566 0.555426 0
    outer loop
      vertex 99.6513 83.9651 5
      vertex 99.5278 84.15 2.8
      vertex 99.5278 84.15 5
    endloop
  endfacet
  facet normal 0.831566 0.555426 0
    outer loop
      vertex 99.5278 84.15 2.8
      vertex 99.6513 83.9651 5
      vertex 99.6513 83.9651 2.8
    endloop
  endfacet
  facet normal -0.832604 -0.553869 0
    outer loop
      vertex 102.472 85.85 2.8
      vertex 102.349 86.0349 5
      vertex 102.349 86.0349 2.8
    endloop
  endfacet
  facet normal -0.832604 -0.553869 0
    outer loop
      vertex 102.349 86.0349 5
      vertex 102.472 85.85 2.8
      vertex 102.472 85.85 5
    endloop
  endfacet
  facet normal -0.195251 0.980753 0
    outer loop
      vertex 101.44 83.3579 2.8
      vertex 101.222 83.3145 5
      vertex 101.44 83.3579 5
    endloop
  endfacet
  facet normal -0.195251 0.980753 0
    outer loop
      vertex 101.222 83.3145 5
      vertex 101.44 83.3579 2.8
      vertex 101.222 83.3145 2.8
    endloop
  endfacet
  facet normal -0.981113 0.193434 0
    outer loop
      vertex 102.642 84.56 2.8
      vertex 102.685 84.7781 5
      vertex 102.685 84.7781 2.8
    endloop
  endfacet
  facet normal -0.981113 0.193434 0
    outer loop
      vertex 102.685 84.7781 5
      vertex 102.642 84.56 2.8
      vertex 102.642 84.56 5
    endloop
  endfacet
  facet normal 0.946915 0.321484 0
    outer loop
      vertex 99.4294 84.3494 5
      vertex 99.3579 84.56 2.8
      vertex 99.3579 84.56 5
    endloop
  endfacet
  facet normal 0.946915 0.321484 0
    outer loop
      vertex 99.3579 84.56 2.8
      vertex 99.4294 84.3494 5
      vertex 99.4294 84.3494 2.8
    endloop
  endfacet
  facet normal -0.443245 0.8964 0
    outer loop
      vertex 101.85 83.5278 2.8
      vertex 101.651 83.4294 5
      vertex 101.85 83.5278 5
    endloop
  endfacet
  facet normal -0.443245 0.8964 0
    outer loop
      vertex 101.651 83.4294 5
      vertex 101.85 83.5278 2.8
      vertex 101.651 83.4294 2.8
    endloop
  endfacet
  facet normal -0.0651764 -0.997874 0
    outer loop
      vertex 101 86.7 2.8
      vertex 101.222 86.6855 5
      vertex 101 86.7 5
    endloop
  endfacet
  facet normal -0.0651764 -0.997874 -0
    outer loop
      vertex 101.222 86.6855 5
      vertex 101 86.7 2.8
      vertex 101.222 86.6855 2.8
    endloop
  endfacet
  facet normal 0.320937 -0.947101 0
    outer loop
      vertex 100.349 86.5706 2.8
      vertex 100.56 86.6421 5
      vertex 100.349 86.5706 5
    endloop
  endfacet
  facet normal 0.320937 -0.947101 0
    outer loop
      vertex 100.56 86.6421 5
      vertex 100.349 86.5706 2.8
      vertex 100.56 86.6421 2.8
    endloop
  endfacet
  facet normal 0.195251 -0.980753 0
    outer loop
      vertex 100.56 86.6421 2.8
      vertex 100.778 86.6855 5
      vertex 100.56 86.6421 5
    endloop
  endfacet
  facet normal 0.195251 -0.980753 0
    outer loop
      vertex 100.778 86.6855 5
      vertex 100.56 86.6421 2.8
      vertex 100.778 86.6855 2.8
    endloop
  endfacet
  facet normal -0.895681 -0.444696 0
    outer loop
      vertex 102.571 85.6506 2.8
      vertex 102.472 85.85 5
      vertex 102.472 85.85 2.8
    endloop
  endfacet
  facet normal -0.895681 -0.444696 0
    outer loop
      vertex 102.472 85.85 5
      vertex 102.571 85.6506 2.8
      vertex 102.571 85.6506 5
    endloop
  endfacet
  facet normal -0.997723 0.0674441 0
    outer loop
      vertex 102.685 84.7781 2.8
      vertex 102.7 85 5
      vertex 102.7 85 2.8
    endloop
  endfacet
  facet normal -0.997723 0.0674441 0
    outer loop
      vertex 102.7 85 5
      vertex 102.685 84.7781 2.8
      vertex 102.685 84.7781 5
    endloop
  endfacet
  facet normal -0.0651764 0.997874 0
    outer loop
      vertex 101.222 83.3145 2.8
      vertex 101 83.3 5
      vertex 101.222 83.3145 5
    endloop
  endfacet
  facet normal -0.0651764 0.997874 0
    outer loop
      vertex 101 83.3 5
      vertex 101.222 83.3145 2.8
      vertex 101 83.3 2.8
    endloop
  endfacet
  facet normal -0.751016 -0.660284 0
    outer loop
      vertex 102.349 86.0349 2.8
      vertex 102.202 86.2021 5
      vertex 102.202 86.2021 2.8
    endloop
  endfacet
  facet normal -0.751016 -0.660284 0
    outer loop
      vertex 102.202 86.2021 5
      vertex 102.349 86.0349 2.8
      vertex 102.349 86.0349 5
    endloop
  endfacet
  facet normal 0.997872 0.0652057 0
    outer loop
      vertex 99.3145 84.7781 5
      vertex 99.3 85 2.8
      vertex 99.3 85 5
    endloop
  endfacet
  facet normal 0.997872 0.0652057 0
    outer loop
      vertex 99.3 85 2.8
      vertex 99.3145 84.7781 5
      vertex 99.3145 84.7781 2.8
    endloop
  endfacet
  facet normal -0.751016 0.660284 0
    outer loop
      vertex 102.202 83.7979 2.8
      vertex 102.349 83.9651 5
      vertex 102.349 83.9651 2.8
    endloop
  endfacet
  facet normal -0.751016 0.660284 0
    outer loop
      vertex 102.349 83.9651 5
      vertex 102.202 83.7979 2.8
      vertex 102.202 83.7979 5
    endloop
  endfacet
  facet normal 0.751908 -0.659268 0
    outer loop
      vertex 99.6513 86.0349 5
      vertex 99.7979 86.2021 2.8
      vertex 99.7979 86.2021 5
    endloop
  endfacet
  facet normal 0.751908 -0.659268 0
    outer loop
      vertex 99.7979 86.2021 2.8
      vertex 99.6513 86.0349 5
      vertex 99.6513 86.0349 2.8
    endloop
  endfacet
  facet normal 0.831566 -0.555426 0
    outer loop
      vertex 99.5278 85.85 5
      vertex 99.6513 86.0349 2.8
      vertex 99.6513 86.0349 5
    endloop
  endfacet
  facet normal 0.831566 -0.555426 0
    outer loop
      vertex 99.6513 86.0349 2.8
      vertex 99.5278 85.85 5
      vertex 99.5278 85.85 2.8
    endloop
  endfacet
  facet normal 0.0651764 -0.997874 0
    outer loop
      vertex 100.778 86.6855 2.8
      vertex 101 86.7 5
      vertex 100.778 86.6855 5
    endloop
  endfacet
  facet normal 0.0651764 -0.997874 0
    outer loop
      vertex 101 86.7 5
      vertex 100.778 86.6855 2.8
      vertex 101 86.7 2.8
    endloop
  endfacet
  facet normal 0.98077 0.195165 0
    outer loop
      vertex 99.3579 84.56 5
      vertex 99.3145 84.7781 2.8
      vertex 99.3145 84.7781 5
    endloop
  endfacet
  facet normal 0.98077 0.195165 0
    outer loop
      vertex 99.3145 84.7781 2.8
      vertex 99.3579 84.56 5
      vertex 99.3579 84.56 2.8
    endloop
  endfacet
  facet normal 0.320937 0.947101 -0
    outer loop
      vertex 100.56 83.3579 2.8
      vertex 100.349 83.4294 5
      vertex 100.56 83.3579 5
    endloop
  endfacet
  facet normal 0.320937 0.947101 0
    outer loop
      vertex 100.349 83.4294 5
      vertex 100.56 83.3579 2.8
      vertex 100.349 83.4294 2.8
    endloop
  endfacet
  facet normal -0.947598 -0.319466 0
    outer loop
      vertex 102.642 85.44 2.8
      vertex 102.571 85.6506 5
      vertex 102.571 85.6506 2.8
    endloop
  endfacet
  facet normal -0.947598 -0.319466 0
    outer loop
      vertex 102.571 85.6506 5
      vertex 102.642 85.44 2.8
      vertex 102.642 85.44 5
    endloop
  endfacet
  facet normal 0.443245 0.8964 -0
    outer loop
      vertex 100.349 83.4294 2.8
      vertex 100.15 83.5278 5
      vertex 100.349 83.4294 5
    endloop
  endfacet
  facet normal 0.443245 0.8964 0
    outer loop
      vertex 100.15 83.5278 5
      vertex 100.349 83.4294 2.8
      vertex 100.15 83.5278 2.8
    endloop
  endfacet
  facet normal 0.555426 0.831566 -0
    outer loop
      vertex 100.15 83.5278 2.8
      vertex 99.9651 83.6513 5
      vertex 100.15 83.5278 5
    endloop
  endfacet
  facet normal 0.555426 0.831566 0
    outer loop
      vertex 99.9651 83.6513 5
      vertex 100.15 83.5278 2.8
      vertex 99.9651 83.6513 2.8
    endloop
  endfacet
  facet normal 0.195251 0.980753 -0
    outer loop
      vertex 100.778 83.3145 2.8
      vertex 100.56 83.3579 5
      vertex 100.778 83.3145 5
    endloop
  endfacet
  facet normal 0.195251 0.980753 0
    outer loop
      vertex 100.56 83.3579 5
      vertex 100.778 83.3145 2.8
      vertex 100.56 83.3579 2.8
    endloop
  endfacet
  facet normal 0.896754 -0.44253 0
    outer loop
      vertex 99.4294 85.6506 5
      vertex 99.5278 85.85 2.8
      vertex 99.5278 85.85 5
    endloop
  endfacet
  facet normal 0.896754 -0.44253 0
    outer loop
      vertex 99.5278 85.85 2.8
      vertex 99.4294 85.6506 5
      vertex 99.4294 85.6506 2.8
    endloop
  endfacet
  facet normal 0.0651764 0.997874 -0
    outer loop
      vertex 101 83.3 2.8
      vertex 100.778 83.3145 5
      vertex 101 83.3 5
    endloop
  endfacet
  facet normal 0.0651764 0.997874 0
    outer loop
      vertex 100.778 83.3145 5
      vertex 101 83.3 2.8
      vertex 100.778 83.3145 2.8
    endloop
  endfacet
  facet normal 0.896754 0.44253 0
    outer loop
      vertex 99.5278 84.15 5
      vertex 99.4294 84.3494 2.8
      vertex 99.4294 84.3494 5
    endloop
  endfacet
  facet normal 0.896754 0.44253 0
    outer loop
      vertex 99.4294 84.3494 2.8
      vertex 99.5278 84.15 5
      vertex 99.5278 84.15 2.8
    endloop
  endfacet
  facet normal 0.997872 -0.0652057 0
    outer loop
      vertex 99.3 85 5
      vertex 99.3145 85.2219 2.8
      vertex 99.3145 85.2219 5
    endloop
  endfacet
  facet normal 0.997872 -0.0652057 0
    outer loop
      vertex 99.3145 85.2219 2.8
      vertex 99.3 85 5
      vertex 99.3 85 2.8
    endloop
  endfacet
  facet normal 0.98077 -0.195165 0
    outer loop
      vertex 99.3145 85.2219 5
      vertex 99.3579 85.44 2.8
      vertex 99.3579 85.44 5
    endloop
  endfacet
  facet normal 0.98077 -0.195165 0
    outer loop
      vertex 99.3579 85.44 2.8
      vertex 99.3145 85.2219 5
      vertex 99.3145 85.2219 2.8
    endloop
  endfacet
  facet normal 0.946915 -0.321484 0
    outer loop
      vertex 99.3579 85.44 5
      vertex 99.4294 85.6506 2.8
      vertex 99.4294 85.6506 5
    endloop
  endfacet
  facet normal 0.946915 -0.321484 0
    outer loop
      vertex 99.4294 85.6506 2.8
      vertex 99.3579 85.44 5
      vertex 99.3579 85.44 2.8
    endloop
  endfacet
  facet normal -0.659714 0.751516 0
    outer loop
      vertex 102.202 83.7979 2.8
      vertex 102.035 83.6513 5
      vertex 102.202 83.7979 5
    endloop
  endfacet
  facet normal -0.659714 0.751516 0
    outer loop
      vertex 102.035 83.6513 5
      vertex 102.202 83.7979 2.8
      vertex 102.035 83.6513 2.8
    endloop
  endfacet
  facet normal -0.130591 0.991436 0
    outer loop
      vertex 48.5823 94.3267 0
      vertex 48 94.25 5
      vertex 48.5823 94.3267 5
    endloop
  endfacet
  facet normal -0.130591 0.991436 0
    outer loop
      vertex 48 94.25 5
      vertex 48.5823 94.3267 0
      vertex 48 94.25 0
    endloop
  endfacet
  facet normal -0.923936 -0.382547 0
    outer loop
      vertex 50.1733 97.0823 0
      vertex 49.9486 97.625 5
      vertex 49.9486 97.625 0
    endloop
  endfacet
  facet normal -0.923936 -0.382547 0
    outer loop
      vertex 49.9486 97.625 5
      vertex 50.1733 97.0823 0
      vertex 50.1733 97.0823 5
    endloop
  endfacet
  facet normal -0.991436 -0.130591 0
    outer loop
      vertex 50.25 96.5 0
      vertex 50.1733 97.0823 5
      vertex 50.1733 97.0823 0
    endloop
  endfacet
  facet normal -0.991436 -0.130591 0
    outer loop
      vertex 50.1733 97.0823 5
      vertex 50.25 96.5 0
      vertex 50.25 96.5 5
    endloop
  endfacet
  facet normal -0.923936 0.382547 0
    outer loop
      vertex 49.9486 95.375 0
      vertex 50.1733 95.9177 5
      vertex 50.1733 95.9177 0
    endloop
  endfacet
  facet normal -0.923936 0.382547 0
    outer loop
      vertex 50.1733 95.9177 5
      vertex 49.9486 95.375 0
      vertex 49.9486 95.375 5
    endloop
  endfacet
  facet normal 0.991436 0.130591 0
    outer loop
      vertex 45.8267 95.9177 5
      vertex 45.75 96.5 0
      vertex 45.75 96.5 5
    endloop
  endfacet
  facet normal 0.991436 0.130591 0
    outer loop
      vertex 45.75 96.5 0
      vertex 45.8267 95.9177 5
      vertex 45.8267 95.9177 0
    endloop
  endfacet
  facet normal -0.382547 0.923936 0
    outer loop
      vertex 49.125 94.5514 0
      vertex 48.5823 94.3267 5
      vertex 49.125 94.5514 5
    endloop
  endfacet
  facet normal -0.382547 0.923936 0
    outer loop
      vertex 48.5823 94.3267 5
      vertex 49.125 94.5514 0
      vertex 48.5823 94.3267 0
    endloop
  endfacet
  facet normal 0.793332 -0.608789 0
    outer loop
      vertex 46.0514 97.625 5
      vertex 46.409 98.091 0
      vertex 46.409 98.091 5
    endloop
  endfacet
  facet normal 0.793332 -0.608789 0
    outer loop
      vertex 46.409 98.091 0
      vertex 46.0514 97.625 5
      vertex 46.0514 97.625 0
    endloop
  endfacet
  facet normal -0.608789 0.793332 0
    outer loop
      vertex 49.591 94.909 0
      vertex 49.125 94.5514 5
      vertex 49.591 94.909 5
    endloop
  endfacet
  facet normal -0.608789 0.793332 0
    outer loop
      vertex 49.125 94.5514 5
      vertex 49.591 94.909 0
      vertex 49.125 94.5514 0
    endloop
  endfacet
  facet normal 0.923936 0.382547 0
    outer loop
      vertex 46.0514 95.375 5
      vertex 45.8267 95.9177 0
      vertex 45.8267 95.9177 5
    endloop
  endfacet
  facet normal 0.923936 0.382547 0
    outer loop
      vertex 45.8267 95.9177 0
      vertex 46.0514 95.375 5
      vertex 46.0514 95.375 0
    endloop
  endfacet
  facet normal 0.130591 0.991436 -0
    outer loop
      vertex 48 94.25 0
      vertex 47.4177 94.3267 5
      vertex 48 94.25 5
    endloop
  endfacet
  facet normal 0.130591 0.991436 0
    outer loop
      vertex 47.4177 94.3267 5
      vertex 48 94.25 0
      vertex 47.4177 94.3267 0
    endloop
  endfacet
  facet normal -0.608789 -0.793332 0
    outer loop
      vertex 49.125 98.4486 0
      vertex 49.591 98.091 5
      vertex 49.125 98.4486 5
    endloop
  endfacet
  facet normal -0.608789 -0.793332 -0
    outer loop
      vertex 49.591 98.091 5
      vertex 49.125 98.4486 0
      vertex 49.591 98.091 0
    endloop
  endfacet
  facet normal 0.130591 -0.991436 0
    outer loop
      vertex 47.4177 98.6733 0
      vertex 48 98.75 5
      vertex 47.4177 98.6733 5
    endloop
  endfacet
  facet normal 0.130591 -0.991436 0
    outer loop
      vertex 48 98.75 5
      vertex 47.4177 98.6733 0
      vertex 48 98.75 0
    endloop
  endfacet
  facet normal -0.382547 -0.923936 0
    outer loop
      vertex 48.5823 98.6733 0
      vertex 49.125 98.4486 5
      vertex 48.5823 98.6733 5
    endloop
  endfacet
  facet normal -0.382547 -0.923936 -0
    outer loop
      vertex 49.125 98.4486 5
      vertex 48.5823 98.6733 0
      vertex 49.125 98.4486 0
    endloop
  endfacet
  facet normal 0.608789 -0.793332 0
    outer loop
      vertex 46.409 98.091 0
      vertex 46.875 98.4486 5
      vertex 46.409 98.091 5
    endloop
  endfacet
  facet normal 0.608789 -0.793332 0
    outer loop
      vertex 46.875 98.4486 5
      vertex 46.409 98.091 0
      vertex 46.875 98.4486 0
    endloop
  endfacet
  facet normal -0.991436 0.130591 0
    outer loop
      vertex 50.1733 95.9177 0
      vertex 50.25 96.5 5
      vertex 50.25 96.5 0
    endloop
  endfacet
  facet normal -0.991436 0.130591 0
    outer loop
      vertex 50.25 96.5 5
      vertex 50.1733 95.9177 0
      vertex 50.1733 95.9177 5
    endloop
  endfacet
  facet normal 0.991436 -0.130591 0
    outer loop
      vertex 45.75 96.5 5
      vertex 45.8267 97.0823 0
      vertex 45.8267 97.0823 5
    endloop
  endfacet
  facet normal 0.991436 -0.130591 0
    outer loop
      vertex 45.8267 97.0823 0
      vertex 45.75 96.5 5
      vertex 45.75 96.5 0
    endloop
  endfacet
  facet normal 0.382547 -0.923936 0
    outer loop
      vertex 46.875 98.4486 0
      vertex 47.4177 98.6733 5
      vertex 46.875 98.4486 5
    endloop
  endfacet
  facet normal 0.382547 -0.923936 0
    outer loop
      vertex 47.4177 98.6733 5
      vertex 46.875 98.4486 0
      vertex 47.4177 98.6733 0
    endloop
  endfacet
  facet normal 0.793332 0.608789 0
    outer loop
      vertex 46.409 94.909 5
      vertex 46.0514 95.375 0
      vertex 46.0514 95.375 5
    endloop
  endfacet
  facet normal 0.793332 0.608789 0
    outer loop
      vertex 46.0514 95.375 0
      vertex 46.409 94.909 5
      vertex 46.409 94.909 0
    endloop
  endfacet
  facet normal 0.608789 0.793332 -0
    outer loop
      vertex 46.875 94.5514 0
      vertex 46.409 94.909 5
      vertex 46.875 94.5514 5
    endloop
  endfacet
  facet normal 0.608789 0.793332 0
    outer loop
      vertex 46.409 94.909 5
      vertex 46.875 94.5514 0
      vertex 46.409 94.909 0
    endloop
  endfacet
  facet normal -0.793332 0.608789 0
    outer loop
      vertex 49.591 94.909 0
      vertex 49.9486 95.375 5
      vertex 49.9486 95.375 0
    endloop
  endfacet
  facet normal -0.793332 0.608789 0
    outer loop
      vertex 49.9486 95.375 5
      vertex 49.591 94.909 0
      vertex 49.591 94.909 5
    endloop
  endfacet
  facet normal -0.130591 -0.991436 0
    outer loop
      vertex 48 98.75 0
      vertex 48.5823 98.6733 5
      vertex 48 98.75 5
    endloop
  endfacet
  facet normal -0.130591 -0.991436 -0
    outer loop
      vertex 48.5823 98.6733 5
      vertex 48 98.75 0
      vertex 48.5823 98.6733 0
    endloop
  endfacet
  facet normal -0.793332 -0.608789 0
    outer loop
      vertex 49.9486 97.625 0
      vertex 49.591 98.091 5
      vertex 49.591 98.091 0
    endloop
  endfacet
  facet normal -0.793332 -0.608789 0
    outer loop
      vertex 49.591 98.091 5
      vertex 49.9486 97.625 0
      vertex 49.9486 97.625 5
    endloop
  endfacet
  facet normal 0.382547 0.923936 -0
    outer loop
      vertex 47.4177 94.3267 0
      vertex 46.875 94.5514 5
      vertex 47.4177 94.3267 5
    endloop
  endfacet
  facet normal 0.382547 0.923936 0
    outer loop
      vertex 46.875 94.5514 5
      vertex 47.4177 94.3267 0
      vertex 46.875 94.5514 0
    endloop
  endfacet
  facet normal 0.923936 -0.382547 0
    outer loop
      vertex 45.8267 97.0823 5
      vertex 46.0514 97.625 0
      vertex 46.0514 97.625 5
    endloop
  endfacet
  facet normal 0.923936 -0.382547 0
    outer loop
      vertex 46.0514 97.625 0
      vertex 45.8267 97.0823 5
      vertex 45.8267 97.0823 0
    endloop
  endfacet
  facet normal -0.131093 0.99137 0
    outer loop
      vertex 48.5823 107.327 0
      vertex 48 107.25 5
      vertex 48.5823 107.327 5
    endloop
  endfacet
  facet normal -0.131093 0.99137 0
    outer loop
      vertex 48 107.25 5
      vertex 48.5823 107.327 0
      vertex 48 107.25 0
    endloop
  endfacet
  facet normal -0.924011 -0.382367 0
    outer loop
      vertex 50.1733 110.082 0
      vertex 49.9486 110.625 5
      vertex 49.9486 110.625 0
    endloop
  endfacet
  facet normal -0.924011 -0.382367 0
    outer loop
      vertex 49.9486 110.625 5
      vertex 50.1733 110.082 0
      vertex 50.1733 110.082 5
    endloop
  endfacet
  facet normal -0.991428 -0.130657 0
    outer loop
      vertex 50.25 109.5 0
      vertex 50.1733 110.082 5
      vertex 50.1733 110.082 0
    endloop
  endfacet
  facet normal -0.991428 -0.130657 0
    outer loop
      vertex 50.1733 110.082 5
      vertex 50.25 109.5 0
      vertex 50.25 109.5 5
    endloop
  endfacet
  facet normal -0.924011 0.382367 0
    outer loop
      vertex 49.9486 108.375 0
      vertex 50.1733 108.918 5
      vertex 50.1733 108.918 0
    endloop
  endfacet
  facet normal -0.924011 0.382367 0
    outer loop
      vertex 50.1733 108.918 5
      vertex 49.9486 108.375 0
      vertex 49.9486 108.375 5
    endloop
  endfacet
  facet normal 0.991428 0.130657 0
    outer loop
      vertex 45.8267 108.918 5
      vertex 45.75 109.5 0
      vertex 45.75 109.5 5
    endloop
  endfacet
  facet normal 0.991428 0.130657 0
    outer loop
      vertex 45.75 109.5 0
      vertex 45.8267 108.918 5
      vertex 45.8267 108.918 0
    endloop
  endfacet
  facet normal -0.381529 0.924357 0
    outer loop
      vertex 49.125 107.551 0
      vertex 48.5823 107.327 5
      vertex 49.125 107.551 5
    endloop
  endfacet
  facet normal -0.381529 0.924357 0
    outer loop
      vertex 48.5823 107.327 5
      vertex 49.125 107.551 0
      vertex 48.5823 107.327 0
    endloop
  endfacet
  facet normal 0.7933 -0.608831 0
    outer loop
      vertex 46.0514 110.625 5
      vertex 46.3392 111 0
      vertex 46.3392 111 5
    endloop
  endfacet
  facet normal 0.7933 -0.608831 0
    outer loop
      vertex 46.3392 111 0
      vertex 46.0514 110.625 5
      vertex 46.0514 110.625 0
    endloop
  endfacet
  facet normal -0.609217 0.793003 0
    outer loop
      vertex 49.591 107.909 0
      vertex 49.125 107.551 5
      vertex 49.591 107.909 5
    endloop
  endfacet
  facet normal -0.609217 0.793003 0
    outer loop
      vertex 49.125 107.551 5
      vertex 49.591 107.909 0
      vertex 49.125 107.551 0
    endloop
  endfacet
  facet normal 0.924011 0.382367 0
    outer loop
      vertex 46.0514 108.375 5
      vertex 45.8267 108.918 0
      vertex 45.8267 108.918 5
    endloop
  endfacet
  facet normal 0.924011 0.382367 0
    outer loop
      vertex 45.8267 108.918 0
      vertex 46.0514 108.375 5
      vertex 46.0514 108.375 0
    endloop
  endfacet
  facet normal 0.131093 0.99137 -0
    outer loop
      vertex 48 107.25 0
      vertex 47.4177 107.327 5
      vertex 48 107.25 5
    endloop
  endfacet
  facet normal 0.131093 0.99137 0
    outer loop
      vertex 47.4177 107.327 5
      vertex 48 107.25 0
      vertex 47.4177 107.327 0
    endloop
  endfacet
  facet normal -0.991428 0.130657 0
    outer loop
      vertex 50.1733 108.918 0
      vertex 50.25 109.5 5
      vertex 50.25 109.5 0
    endloop
  endfacet
  facet normal -0.991428 0.130657 0
    outer loop
      vertex 50.25 109.5 5
      vertex 50.1733 108.918 0
      vertex 50.1733 108.918 5
    endloop
  endfacet
  facet normal 0.991428 -0.130657 0
    outer loop
      vertex 45.75 109.5 5
      vertex 45.8267 110.082 0
      vertex 45.8267 110.082 5
    endloop
  endfacet
  facet normal 0.991428 -0.130657 0
    outer loop
      vertex 45.8267 110.082 0
      vertex 45.75 109.5 5
      vertex 45.75 109.5 0
    endloop
  endfacet
  facet normal 0.793332 0.608789 0
    outer loop
      vertex 46.409 107.909 5
      vertex 46.0514 108.375 0
      vertex 46.0514 108.375 5
    endloop
  endfacet
  facet normal 0.793332 0.608789 0
    outer loop
      vertex 46.0514 108.375 0
      vertex 46.409 107.909 5
      vertex 46.409 107.909 0
    endloop
  endfacet
  facet normal 0.609217 0.793003 -0
    outer loop
      vertex 46.875 107.551 0
      vertex 46.409 107.909 5
      vertex 46.875 107.551 5
    endloop
  endfacet
  facet normal 0.609217 0.793003 0
    outer loop
      vertex 46.409 107.909 5
      vertex 46.875 107.551 0
      vertex 46.409 107.909 0
    endloop
  endfacet
  facet normal -0.793332 0.608789 0
    outer loop
      vertex 49.591 107.909 0
      vertex 49.9486 108.375 5
      vertex 49.9486 108.375 0
    endloop
  endfacet
  facet normal -0.793332 0.608789 0
    outer loop
      vertex 49.9486 108.375 5
      vertex 49.591 107.909 0
      vertex 49.591 107.909 5
    endloop
  endfacet
  facet normal -0.7933 -0.608831 0
    outer loop
      vertex 49.9486 110.625 0
      vertex 49.6608 111 5
      vertex 49.6608 111 0
    endloop
  endfacet
  facet normal -0.7933 -0.608831 0
    outer loop
      vertex 49.6608 111 5
      vertex 49.9486 110.625 0
      vertex 49.9486 110.625 5
    endloop
  endfacet
  facet normal 0.381529 0.924357 -0
    outer loop
      vertex 47.4177 107.327 0
      vertex 46.875 107.551 5
      vertex 47.4177 107.327 5
    endloop
  endfacet
  facet normal 0.381529 0.924357 0
    outer loop
      vertex 46.875 107.551 5
      vertex 47.4177 107.327 0
      vertex 46.875 107.551 0
    endloop
  endfacet
  facet normal 0.924011 -0.382367 0
    outer loop
      vertex 45.8267 110.082 5
      vertex 46.0514 110.625 0
      vertex 46.0514 110.625 5
    endloop
  endfacet
  facet normal 0.924011 -0.382367 0
    outer loop
      vertex 46.0514 110.625 0
      vertex 45.8267 110.082 5
      vertex 45.8267 110.082 0
    endloop
  endfacet
  facet normal -0.130591 0.991436 0
    outer loop
      vertex 64.5823 94.3267 0
      vertex 64 94.25 5
      vertex 64.5823 94.3267 5
    endloop
  endfacet
  facet normal -0.130591 0.991436 0
    outer loop
      vertex 64 94.25 5
      vertex 64.5823 94.3267 0
      vertex 64 94.25 0
    endloop
  endfacet
  facet normal -0.923936 -0.382547 0
    outer loop
      vertex 66.1733 97.0823 0
      vertex 65.9486 97.625 5
      vertex 65.9486 97.625 0
    endloop
  endfacet
  facet normal -0.923936 -0.382547 0
    outer loop
      vertex 65.9486 97.625 5
      vertex 66.1733 97.0823 0
      vertex 66.1733 97.0823 5
    endloop
  endfacet
  facet normal -0.991436 -0.130591 0
    outer loop
      vertex 66.25 96.5 0
      vertex 66.1733 97.0823 5
      vertex 66.1733 97.0823 0
    endloop
  endfacet
  facet normal -0.991436 -0.130591 0
    outer loop
      vertex 66.1733 97.0823 5
      vertex 66.25 96.5 0
      vertex 66.25 96.5 5
    endloop
  endfacet
  facet normal -0.923936 0.382547 0
    outer loop
      vertex 65.9486 95.375 0
      vertex 66.1733 95.9177 5
      vertex 66.1733 95.9177 0
    endloop
  endfacet
  facet normal -0.923936 0.382547 0
    outer loop
      vertex 66.1733 95.9177 5
      vertex 65.9486 95.375 0
      vertex 65.9486 95.375 5
    endloop
  endfacet
  facet normal 0.991436 0.130591 0
    outer loop
      vertex 61.8267 95.9177 5
      vertex 61.75 96.5 0
      vertex 61.75 96.5 5
    endloop
  endfacet
  facet normal 0.991436 0.130591 0
    outer loop
      vertex 61.75 96.5 0
      vertex 61.8267 95.9177 5
      vertex 61.8267 95.9177 0
    endloop
  endfacet
  facet normal -0.382547 0.923936 0
    outer loop
      vertex 65.125 94.5514 0
      vertex 64.5823 94.3267 5
      vertex 65.125 94.5514 5
    endloop
  endfacet
  facet normal -0.382547 0.923936 0
    outer loop
      vertex 64.5823 94.3267 5
      vertex 65.125 94.5514 0
      vertex 64.5823 94.3267 0
    endloop
  endfacet
  facet normal 0.793332 -0.608789 0
    outer loop
      vertex 62.0514 97.625 5
      vertex 62.409 98.091 0
      vertex 62.409 98.091 5
    endloop
  endfacet
  facet normal 0.793332 -0.608789 0
    outer loop
      vertex 62.409 98.091 0
      vertex 62.0514 97.625 5
      vertex 62.0514 97.625 0
    endloop
  endfacet
  facet normal -0.608789 0.793332 0
    outer loop
      vertex 65.591 94.909 0
      vertex 65.125 94.5514 5
      vertex 65.591 94.909 5
    endloop
  endfacet
  facet normal -0.608789 0.793332 0
    outer loop
      vertex 65.125 94.5514 5
      vertex 65.591 94.909 0
      vertex 65.125 94.5514 0
    endloop
  endfacet
  facet normal 0.923936 0.382547 0
    outer loop
      vertex 62.0514 95.375 5
      vertex 61.8267 95.9177 0
      vertex 61.8267 95.9177 5
    endloop
  endfacet
  facet normal 0.923936 0.382547 0
    outer loop
      vertex 61.8267 95.9177 0
      vertex 62.0514 95.375 5
      vertex 62.0514 95.375 0
    endloop
  endfacet
  facet normal 0.130591 0.991436 -0
    outer loop
      vertex 64 94.25 0
      vertex 63.4177 94.3267 5
      vertex 64 94.25 5
    endloop
  endfacet
  facet normal 0.130591 0.991436 0
    outer loop
      vertex 63.4177 94.3267 5
      vertex 64 94.25 0
      vertex 63.4177 94.3267 0
    endloop
  endfacet
  facet normal -0.608789 -0.793332 0
    outer loop
      vertex 65.125 98.4486 0
      vertex 65.591 98.091 5
      vertex 65.125 98.4486 5
    endloop
  endfacet
  facet normal -0.608789 -0.793332 -0
    outer loop
      vertex 65.591 98.091 5
      vertex 65.125 98.4486 0
      vertex 65.591 98.091 0
    endloop
  endfacet
  facet normal 0.130591 -0.991436 0
    outer loop
      vertex 63.4177 98.6733 0
      vertex 64 98.75 5
      vertex 63.4177 98.6733 5
    endloop
  endfacet
  facet normal 0.130591 -0.991436 0
    outer loop
      vertex 64 98.75 5
      vertex 63.4177 98.6733 0
      vertex 64 98.75 0
    endloop
  endfacet
  facet normal -0.382547 -0.923936 0
    outer loop
      vertex 64.5823 98.6733 0
      vertex 65.125 98.4486 5
      vertex 64.5823 98.6733 5
    endloop
  endfacet
  facet normal -0.382547 -0.923936 -0
    outer loop
      vertex 65.125 98.4486 5
      vertex 64.5823 98.6733 0
      vertex 65.125 98.4486 0
    endloop
  endfacet
  facet normal 0.608789 -0.793332 0
    outer loop
      vertex 62.409 98.091 0
      vertex 62.875 98.4486 5
      vertex 62.409 98.091 5
    endloop
  endfacet
  facet normal 0.608789 -0.793332 0
    outer loop
      vertex 62.875 98.4486 5
      vertex 62.409 98.091 0
      vertex 62.875 98.4486 0
    endloop
  endfacet
  facet normal -0.991436 0.130591 0
    outer loop
      vertex 66.1733 95.9177 0
      vertex 66.25 96.5 5
      vertex 66.25 96.5 0
    endloop
  endfacet
  facet normal -0.991436 0.130591 0
    outer loop
      vertex 66.25 96.5 5
      vertex 66.1733 95.9177 0
      vertex 66.1733 95.9177 5
    endloop
  endfacet
  facet normal 0.991436 -0.130591 0
    outer loop
      vertex 61.75 96.5 5
      vertex 61.8267 97.0823 0
      vertex 61.8267 97.0823 5
    endloop
  endfacet
  facet normal 0.991436 -0.130591 0
    outer loop
      vertex 61.8267 97.0823 0
      vertex 61.75 96.5 5
      vertex 61.75 96.5 0
    endloop
  endfacet
  facet normal 0.382547 -0.923936 0
    outer loop
      vertex 62.875 98.4486 0
      vertex 63.4177 98.6733 5
      vertex 62.875 98.4486 5
    endloop
  endfacet
  facet normal 0.382547 -0.923936 0
    outer loop
      vertex 63.4177 98.6733 5
      vertex 62.875 98.4486 0
      vertex 63.4177 98.6733 0
    endloop
  endfacet
  facet normal 0.793332 0.608789 0
    outer loop
      vertex 62.409 94.909 5
      vertex 62.0514 95.375 0
      vertex 62.0514 95.375 5
    endloop
  endfacet
  facet normal 0.793332 0.608789 0
    outer loop
      vertex 62.0514 95.375 0
      vertex 62.409 94.909 5
      vertex 62.409 94.909 0
    endloop
  endfacet
  facet normal 0.608789 0.793332 -0
    outer loop
      vertex 62.875 94.5514 0
      vertex 62.409 94.909 5
      vertex 62.875 94.5514 5
    endloop
  endfacet
  facet normal 0.608789 0.793332 0
    outer loop
      vertex 62.409 94.909 5
      vertex 62.875 94.5514 0
      vertex 62.409 94.909 0
    endloop
  endfacet
  facet normal -0.793332 0.608789 0
    outer loop
      vertex 65.591 94.909 0
      vertex 65.9486 95.375 5
      vertex 65.9486 95.375 0
    endloop
  endfacet
  facet normal -0.793332 0.608789 0
    outer loop
      vertex 65.9486 95.375 5
      vertex 65.591 94.909 0
      vertex 65.591 94.909 5
    endloop
  endfacet
  facet normal -0.130591 -0.991436 0
    outer loop
      vertex 64 98.75 0
      vertex 64.5823 98.6733 5
      vertex 64 98.75 5
    endloop
  endfacet
  facet normal -0.130591 -0.991436 -0
    outer loop
      vertex 64.5823 98.6733 5
      vertex 64 98.75 0
      vertex 64.5823 98.6733 0
    endloop
  endfacet
  facet normal -0.793332 -0.608789 0
    outer loop
      vertex 65.9486 97.625 0
      vertex 65.591 98.091 5
      vertex 65.591 98.091 0
    endloop
  endfacet
  facet normal -0.793332 -0.608789 0
    outer loop
      vertex 65.591 98.091 5
      vertex 65.9486 97.625 0
      vertex 65.9486 97.625 5
    endloop
  endfacet
  facet normal 0.382547 0.923936 -0
    outer loop
      vertex 63.4177 94.3267 0
      vertex 62.875 94.5514 5
      vertex 63.4177 94.3267 5
    endloop
  endfacet
  facet normal 0.382547 0.923936 0
    outer loop
      vertex 62.875 94.5514 5
      vertex 63.4177 94.3267 0
      vertex 62.875 94.5514 0
    endloop
  endfacet
  facet normal 0.923936 -0.382547 0
    outer loop
      vertex 61.8267 97.0823 5
      vertex 62.0514 97.625 0
      vertex 62.0514 97.625 5
    endloop
  endfacet
  facet normal 0.923936 -0.382547 0
    outer loop
      vertex 62.0514 97.625 0
      vertex 61.8267 97.0823 5
      vertex 61.8267 97.0823 0
    endloop
  endfacet
  facet normal -0.131093 0.99137 0
    outer loop
      vertex 64.5823 107.327 0
      vertex 64 107.25 5
      vertex 64.5823 107.327 5
    endloop
  endfacet
  facet normal -0.131093 0.99137 0
    outer loop
      vertex 64 107.25 5
      vertex 64.5823 107.327 0
      vertex 64 107.25 0
    endloop
  endfacet
  facet normal -0.924011 -0.382367 0
    outer loop
      vertex 66.1733 110.082 0
      vertex 65.9486 110.625 5
      vertex 65.9486 110.625 0
    endloop
  endfacet
  facet normal -0.924011 -0.382367 0
    outer loop
      vertex 65.9486 110.625 5
      vertex 66.1733 110.082 0
      vertex 66.1733 110.082 5
    endloop
  endfacet
  facet normal -0.991428 -0.130657 0
    outer loop
      vertex 66.25 109.5 0
      vertex 66.1733 110.082 5
      vertex 66.1733 110.082 0
    endloop
  endfacet
  facet normal -0.991428 -0.130657 0
    outer loop
      vertex 66.1733 110.082 5
      vertex 66.25 109.5 0
      vertex 66.25 109.5 5
    endloop
  endfacet
  facet normal -0.924011 0.382367 0
    outer loop
      vertex 65.9486 108.375 0
      vertex 66.1733 108.918 5
      vertex 66.1733 108.918 0
    endloop
  endfacet
  facet normal -0.924011 0.382367 0
    outer loop
      vertex 66.1733 108.918 5
      vertex 65.9486 108.375 0
      vertex 65.9486 108.375 5
    endloop
  endfacet
  facet normal 0.991428 0.130657 0
    outer loop
      vertex 61.8267 108.918 5
      vertex 61.75 109.5 0
      vertex 61.75 109.5 5
    endloop
  endfacet
  facet normal 0.991428 0.130657 0
    outer loop
      vertex 61.75 109.5 0
      vertex 61.8267 108.918 5
      vertex 61.8267 108.918 0
    endloop
  endfacet
  facet normal -0.381529 0.924357 0
    outer loop
      vertex 65.125 107.551 0
      vertex 64.5823 107.327 5
      vertex 65.125 107.551 5
    endloop
  endfacet
  facet normal -0.381529 0.924357 0
    outer loop
      vertex 64.5823 107.327 5
      vertex 65.125 107.551 0
      vertex 64.5823 107.327 0
    endloop
  endfacet
  facet normal 0.7933 -0.608831 0
    outer loop
      vertex 62.0514 110.625 5
      vertex 62.3392 111 0
      vertex 62.3392 111 5
    endloop
  endfacet
  facet normal 0.7933 -0.608831 0
    outer loop
      vertex 62.3392 111 0
      vertex 62.0514 110.625 5
      vertex 62.0514 110.625 0
    endloop
  endfacet
  facet normal -0.609217 0.793003 0
    outer loop
      vertex 65.591 107.909 0
      vertex 65.125 107.551 5
      vertex 65.591 107.909 5
    endloop
  endfacet
  facet normal -0.609217 0.793003 0
    outer loop
      vertex 65.125 107.551 5
      vertex 65.591 107.909 0
      vertex 65.125 107.551 0
    endloop
  endfacet
  facet normal 0.924011 0.382367 0
    outer loop
      vertex 62.0514 108.375 5
      vertex 61.8267 108.918 0
      vertex 61.8267 108.918 5
    endloop
  endfacet
  facet normal 0.924011 0.382367 0
    outer loop
      vertex 61.8267 108.918 0
      vertex 62.0514 108.375 5
      vertex 62.0514 108.375 0
    endloop
  endfacet
  facet normal 0.131093 0.99137 -0
    outer loop
      vertex 64 107.25 0
      vertex 63.4177 107.327 5
      vertex 64 107.25 5
    endloop
  endfacet
  facet normal 0.131093 0.99137 0
    outer loop
      vertex 63.4177 107.327 5
      vertex 64 107.25 0
      vertex 63.4177 107.327 0
    endloop
  endfacet
  facet normal -0.991428 0.130657 0
    outer loop
      vertex 66.1733 108.918 0
      vertex 66.25 109.5 5
      vertex 66.25 109.5 0
    endloop
  endfacet
  facet normal -0.991428 0.130657 0
    outer loop
      vertex 66.25 109.5 5
      vertex 66.1733 108.918 0
      vertex 66.1733 108.918 5
    endloop
  endfacet
  facet normal 0.991428 -0.130657 0
    outer loop
      vertex 61.75 109.5 5
      vertex 61.8267 110.082 0
      vertex 61.8267 110.082 5
    endloop
  endfacet
  facet normal 0.991428 -0.130657 0
    outer loop
      vertex 61.8267 110.082 0
      vertex 61.75 109.5 5
      vertex 61.75 109.5 0
    endloop
  endfacet
  facet normal 0.793332 0.608789 0
    outer loop
      vertex 62.409 107.909 5
      vertex 62.0514 108.375 0
      vertex 62.0514 108.375 5
    endloop
  endfacet
  facet normal 0.793332 0.608789 0
    outer loop
      vertex 62.0514 108.375 0
      vertex 62.409 107.909 5
      vertex 62.409 107.909 0
    endloop
  endfacet
  facet normal 0.609217 0.793003 -0
    outer loop
      vertex 62.875 107.551 0
      vertex 62.409 107.909 5
      vertex 62.875 107.551 5
    endloop
  endfacet
  facet normal 0.609217 0.793003 0
    outer loop
      vertex 62.409 107.909 5
      vertex 62.875 107.551 0
      vertex 62.409 107.909 0
    endloop
  endfacet
  facet normal -0.793332 0.608789 0
    outer loop
      vertex 65.591 107.909 0
      vertex 65.9486 108.375 5
      vertex 65.9486 108.375 0
    endloop
  endfacet
  facet normal -0.793332 0.608789 0
    outer loop
      vertex 65.9486 108.375 5
      vertex 65.591 107.909 0
      vertex 65.591 107.909 5
    endloop
  endfacet
  facet normal -0.7933 -0.608831 0
    outer loop
      vertex 65.9486 110.625 0
      vertex 65.6608 111 5
      vertex 65.6608 111 0
    endloop
  endfacet
  facet normal -0.7933 -0.608831 0
    outer loop
      vertex 65.6608 111 5
      vertex 65.9486 110.625 0
      vertex 65.9486 110.625 5
    endloop
  endfacet
  facet normal 0.381529 0.924357 -0
    outer loop
      vertex 63.4177 107.327 0
      vertex 62.875 107.551 5
      vertex 63.4177 107.327 5
    endloop
  endfacet
  facet normal 0.381529 0.924357 0
    outer loop
      vertex 62.875 107.551 5
      vertex 63.4177 107.327 0
      vertex 62.875 107.551 0
    endloop
  endfacet
  facet normal 0.924011 -0.382367 0
    outer loop
      vertex 61.8267 110.082 5
      vertex 62.0514 110.625 0
      vertex 62.0514 110.625 5
    endloop
  endfacet
  facet normal 0.924011 -0.382367 0
    outer loop
      vertex 62.0514 110.625 0
      vertex 61.8267 110.082 5
      vertex 61.8267 110.082 0
    endloop
  endfacet
endsolid OpenSCAD_Model
